# Blender 4.5.4 LTS
# www.blender.org
mtllib Signature.mtl
o Text
v 6.206540 0.200864 -0.490631
v 6.215364 0.200864 -0.501001
v 6.224799 0.200864 -0.510598
v 6.234790 0.200864 -0.519396
v 6.245281 0.200864 -0.527371
v 6.256216 0.200864 -0.534499
v 6.267540 0.200864 -0.540756
v 6.279198 0.200864 -0.546116
v 6.291133 0.200864 -0.550557
v 6.303290 0.200864 -0.554052
v 6.315615 0.200864 -0.556580
v 6.328050 0.200864 -0.558114
v 6.340541 0.200864 -0.558631
v 6.361406 0.200864 -0.557418
v 6.381388 0.200864 -0.553765
v 6.400306 0.200864 -0.547646
v 6.417985 0.200864 -0.539038
v 6.434247 0.200864 -0.527916
v 6.448915 0.200864 -0.514256
v 6.461813 0.200864 -0.498033
v 6.472762 0.200864 -0.479223
v 6.481587 0.200864 -0.457802
v 6.488110 0.200864 -0.433746
v 6.492153 0.200864 -0.407030
v 6.493541 0.200864 -0.377631
v 6.493541 0.200864 -0.100631
v 6.404540 0.200864 -0.100631
v 6.404540 0.200864 -0.378631
v 6.403841 0.200864 -0.394640
v 6.401772 0.200864 -0.409621
v 6.398384 0.200864 -0.423506
v 6.393725 0.200864 -0.436223
v 6.387845 0.200864 -0.447705
v 6.380791 0.200864 -0.457881
v 6.372611 0.200864 -0.466681
v 6.363356 0.200864 -0.474038
v 6.353072 0.200864 -0.479881
v 6.341809 0.200864 -0.484140
v 6.329616 0.200864 -0.486746
v 6.316541 0.200864 -0.487631
v 6.306946 0.200864 -0.487249
v 6.297619 0.200864 -0.486080
v 6.288493 0.200864 -0.484084
v 6.279503 0.200864 -0.481223
v 6.270582 0.200864 -0.477460
v 6.261665 0.200864 -0.472756
v 6.252686 0.200864 -0.467072
v 6.243577 0.200864 -0.460371
v 6.234275 0.200864 -0.452615
v 6.224711 0.200864 -0.443765
v 6.214822 0.200864 -0.433783
v 6.204540 0.200864 -0.422631
v 6.204540 0.200864 -0.100631
v 6.115541 0.200864 -0.100631
v 6.115541 0.200864 -0.549631
v 6.204540 0.200864 -0.549631
v 6.204540 0.200864 -0.490631
v 6.016509 0.200864 -0.295118
v 6.010540 0.200864 -0.262695
v 6.000821 0.200864 -0.232537
v 5.987540 0.200864 -0.204816
v 5.970883 0.200864 -0.179706
v 5.951040 0.200864 -0.157381
v 5.928196 0.200864 -0.138014
v 5.902540 0.200864 -0.121779
v 5.874259 0.200864 -0.108849
v 5.843540 0.200864 -0.099399
v 5.810572 0.200864 -0.093602
v 5.775540 0.200864 -0.091631
v 5.741887 0.200864 -0.093678
v 5.710068 0.200864 -0.099677
v 5.680290 0.200864 -0.109412
v 5.652762 0.200864 -0.122668
v 5.627693 0.200864 -0.139229
v 5.605290 0.200864 -0.158881
v 5.585762 0.200864 -0.181407
v 5.569318 0.200864 -0.206594
v 5.556165 0.200864 -0.234224
v 5.546513 0.200864 -0.264084
v 5.540568 0.200864 -0.295958
v 5.538540 0.200864 -0.329631
v 5.540644 0.200864 -0.361235
v 5.546790 0.200864 -0.391385
v 5.556727 0.200864 -0.419834
v 5.570207 0.200864 -0.446334
v 5.586977 0.200864 -0.470640
v 5.606790 0.200864 -0.492506
v 5.629394 0.200864 -0.511683
v 5.654540 0.200864 -0.527927
v 5.681977 0.200864 -0.540990
v 5.711456 0.200864 -0.550626
v 5.742727 0.200864 -0.556588
v 5.775540 0.200864 -0.558631
v 5.809941 0.200864 -0.556665
v 5.842499 0.200864 -0.550904
v 5.872993 0.200864 -0.541553
v 5.901207 0.200864 -0.528816
v 5.926921 0.200864 -0.512899
v 5.949916 0.200864 -0.494006
v 5.969973 0.200864 -0.472342
v 5.986874 0.200864 -0.448112
v 6.000400 0.200864 -0.421521
v 6.010332 0.200864 -0.392774
v 6.016452 0.200864 -0.362076
v 6.018540 0.200864 -0.329631
v 5.630751 0.200864 -0.306565
v 5.634309 0.200864 -0.284941
v 5.640102 0.200864 -0.264865
v 5.648022 0.200864 -0.246445
v 5.657954 0.200864 -0.229790
v 5.669790 0.200864 -0.215006
v 5.683417 0.200864 -0.202201
v 5.698726 0.200864 -0.191482
v 5.715603 0.200864 -0.182959
v 5.733938 0.200864 -0.176737
v 5.753621 0.200864 -0.172925
v 5.774540 0.200864 -0.171631
v 5.797297 0.200864 -0.172867
v 5.818512 0.200864 -0.176524
v 5.838102 0.200864 -0.182521
v 5.855985 0.200864 -0.190779
v 5.872075 0.200864 -0.201217
v 5.886291 0.200864 -0.213756
v 5.898547 0.200864 -0.228315
v 5.908763 0.200864 -0.244816
v 5.916853 0.200864 -0.263177
v 5.922735 0.200864 -0.283320
v 5.926325 0.200864 -0.305165
v 5.927541 0.200864 -0.328631
v 5.926230 0.200864 -0.349858
v 5.922388 0.200864 -0.369950
v 5.916150 0.200864 -0.388771
v 5.907652 0.200864 -0.406186
v 5.897029 0.200864 -0.422059
v 5.884416 0.200864 -0.436256
v 5.869948 0.200864 -0.448639
v 5.853763 0.200864 -0.459075
v 5.835994 0.200864 -0.467427
v 5.816776 0.200864 -0.473561
v 5.796247 0.200864 -0.477341
v 5.774540 0.200864 -0.478631
v 5.754042 0.200864 -0.477341
v 5.734633 0.200864 -0.473566
v 5.716447 0.200864 -0.467443
v 5.699615 0.200864 -0.459112
v 5.684269 0.200864 -0.448712
v 5.670541 0.200864 -0.436381
v 5.658563 0.200864 -0.422258
v 5.648466 0.200864 -0.406482
v 5.640384 0.200864 -0.389193
v 5.634448 0.200864 -0.370529
v 5.630789 0.200864 -0.350628
v 5.629540 0.200864 -0.329631
v 5.429109 0.200864 -0.441488
v 5.416841 0.200864 -0.448570
v 5.404775 0.200864 -0.454896
v 5.392947 0.200864 -0.460482
v 5.381398 0.200864 -0.465346
v 5.370165 0.200864 -0.469506
v 5.359286 0.200864 -0.472977
v 5.348800 0.200864 -0.475779
v 5.338743 0.200864 -0.477927
v 5.329156 0.200864 -0.479441
v 5.320076 0.200864 -0.480336
v 5.311541 0.200864 -0.480631
v 5.302817 0.200864 -0.480282
v 5.294670 0.200864 -0.479260
v 5.287134 0.200864 -0.477599
v 5.280244 0.200864 -0.475334
v 5.274035 0.200864 -0.472500
v 5.268540 0.200864 -0.469131
v 5.263797 0.200864 -0.465261
v 5.259837 0.200864 -0.460927
v 5.256697 0.200864 -0.456162
v 5.254411 0.200864 -0.451001
v 5.253014 0.200864 -0.445479
v 5.252541 0.200864 -0.439631
v 5.253176 0.200864 -0.434537
v 5.255128 0.200864 -0.429214
v 5.258462 0.200864 -0.423599
v 5.263244 0.200864 -0.417631
v 5.269539 0.200864 -0.411245
v 5.277414 0.200864 -0.404381
v 5.286936 0.200864 -0.396974
v 5.298169 0.200864 -0.388964
v 5.311180 0.200864 -0.380287
v 5.326035 0.200864 -0.370881
v 5.342800 0.200864 -0.360683
v 5.361540 0.200864 -0.349631
v 5.379072 0.200864 -0.337736
v 5.394716 0.200864 -0.326478
v 5.408540 0.200864 -0.315740
v 5.420614 0.200864 -0.305408
v 5.431007 0.200864 -0.295368
v 5.439790 0.200864 -0.285506
v 5.447031 0.200864 -0.275705
v 5.452800 0.200864 -0.265853
v 5.457166 0.200864 -0.255834
v 5.460197 0.200864 -0.245533
v 5.461967 0.200864 -0.234837
v 5.462541 0.200864 -0.223631
v 5.461251 0.200864 -0.204438
v 5.457480 0.200864 -0.186422
v 5.451368 0.200864 -0.169677
v 5.443059 0.200864 -0.154297
v 5.432693 0.200864 -0.140375
v 5.420415 0.200864 -0.128006
v 5.406366 0.200864 -0.117282
v 5.390689 0.200864 -0.108297
v 5.373525 0.200864 -0.101146
v 5.355018 0.200864 -0.095922
v 5.335308 0.200864 -0.092719
v 5.314540 0.200864 -0.091631
v 5.301024 0.200864 -0.091864
v 5.287915 0.200864 -0.092584
v 5.275119 0.200864 -0.093818
v 5.262541 0.200864 -0.095594
v 5.250088 0.200864 -0.097938
v 5.237665 0.200864 -0.100881
v 5.225181 0.200864 -0.104448
v 5.212541 0.200864 -0.108668
v 5.199650 0.200864 -0.113568
v 5.186415 0.200864 -0.119177
v 5.172743 0.200864 -0.125522
v 5.158540 0.200864 -0.132631
v 5.158540 0.200864 -0.228631
v 5.172929 0.200864 -0.219067
v 5.187068 0.200864 -0.210371
v 5.200915 0.200864 -0.202537
v 5.214429 0.200864 -0.195556
v 5.227568 0.200864 -0.189423
v 5.240290 0.200864 -0.184131
v 5.252554 0.200864 -0.179671
v 5.264318 0.200864 -0.176038
v 5.275540 0.200864 -0.173224
v 5.286179 0.200864 -0.171223
v 5.296193 0.200864 -0.170028
v 5.305540 0.200864 -0.169631
v 5.314402 0.200864 -0.170443
v 5.322929 0.200864 -0.171881
v 5.331040 0.200864 -0.173943
v 5.338652 0.200864 -0.176631
v 5.345679 0.200864 -0.179943
v 5.352040 0.200864 -0.183881
v 5.357652 0.200864 -0.188443
v 5.362430 0.200864 -0.193631
v 5.366290 0.200864 -0.199443
v 5.369151 0.200864 -0.205881
v 5.370929 0.200864 -0.212943
v 5.371540 0.200864 -0.220631
v 5.367408 0.200864 -0.235594
v 5.355984 0.200864 -0.249756
v 5.338727 0.200864 -0.263521
v 5.317096 0.200864 -0.277297
v 5.292547 0.200864 -0.291490
v 5.266540 0.200864 -0.306506
v 5.240533 0.200864 -0.322750
v 5.215984 0.200864 -0.340631
v 5.194352 0.200864 -0.360552
v 5.177095 0.200864 -0.382922
v 5.165672 0.200864 -0.408146
v 5.161541 0.200864 -0.436631
v 5.162734 0.200864 -0.454996
v 5.166253 0.200864 -0.472056
v 5.172009 0.200864 -0.487756
v 5.179911 0.200864 -0.502038
v 5.189868 0.200864 -0.514848
v 5.201790 0.200864 -0.526131
v 5.215588 0.200864 -0.535830
v 5.231170 0.200864 -0.543890
v 5.248446 0.200864 -0.550256
v 5.267327 0.200864 -0.554871
v 5.287722 0.200864 -0.557682
v 5.309540 0.200864 -0.558631
v 5.320063 0.200864 -0.558380
v 5.330637 0.200864 -0.557626
v 5.341274 0.200864 -0.556365
v 5.351985 0.200864 -0.554594
v 5.362778 0.200864 -0.552308
v 5.373665 0.200864 -0.549506
v 5.384656 0.200864 -0.546182
v 5.395762 0.200864 -0.542334
v 5.406993 0.200864 -0.537959
v 5.418360 0.200864 -0.533052
v 5.429872 0.200864 -0.527610
v 5.441540 0.200864 -0.521631
v 5.441540 0.200864 -0.433631
v 4.674541 0.200864 0.129369
v 4.674541 0.200864 -0.549631
v 4.828540 0.200864 -0.549631
v 4.867970 0.200864 -0.547971
v 4.904226 0.200864 -0.543019
v 4.937259 0.200864 -0.534818
v 4.967022 0.200864 -0.523408
v 4.993465 0.200864 -0.508832
v 5.016541 0.200864 -0.491131
v 5.036199 0.200864 -0.470346
v 5.052392 0.200864 -0.446519
v 5.065072 0.200864 -0.419693
v 5.074189 0.200864 -0.389908
v 5.079695 0.200864 -0.357207
v 5.081541 0.200864 -0.321631
v 5.079595 0.200864 -0.288746
v 5.073888 0.200864 -0.257719
v 5.064619 0.200864 -0.228740
v 5.051985 0.200864 -0.202001
v 5.036185 0.200864 -0.177692
v 5.017416 0.200864 -0.156006
v 4.995875 0.200864 -0.137131
v 4.971763 0.200864 -0.121260
v 4.945275 0.200864 -0.108584
v 4.916610 0.200864 -0.099293
v 4.885966 0.200864 -0.093578
v 4.853540 0.200864 -0.091631
v 4.846327 0.200864 -0.091757
v 4.839166 0.200864 -0.092140
v 4.832025 0.200864 -0.092787
v 4.824874 0.200864 -0.093705
v 4.817681 0.200864 -0.094900
v 4.810416 0.200864 -0.096381
v 4.803046 0.200864 -0.098153
v 4.795540 0.200864 -0.100223
v 4.787868 0.200864 -0.102599
v 4.779999 0.200864 -0.105288
v 4.771900 0.200864 -0.108296
v 4.763540 0.200864 -0.111631
v 4.763540 0.200864 0.129369
v 4.770330 0.200864 -0.188506
v 4.777193 0.200864 -0.185635
v 4.784119 0.200864 -0.183021
v 4.791096 0.200864 -0.180668
v 4.798115 0.200864 -0.178578
v 4.805166 0.200864 -0.176756
v 4.812237 0.200864 -0.175204
v 4.819318 0.200864 -0.173927
v 4.826400 0.200864 -0.172927
v 4.833471 0.200864 -0.172209
v 4.840521 0.200864 -0.171776
v 4.847540 0.200864 -0.171631
v 4.867789 0.200864 -0.172940
v 4.886952 0.200864 -0.176774
v 4.904899 0.200864 -0.182990
v 4.921503 0.200864 -0.191445
v 4.936634 0.200864 -0.201998
v 4.950165 0.200864 -0.214506
v 4.961967 0.200864 -0.228826
v 4.971910 0.200864 -0.244816
v 4.979868 0.200864 -0.262334
v 4.985712 0.200864 -0.281237
v 4.989312 0.200864 -0.301383
v 4.990541 0.200864 -0.322631
v 4.989521 0.200864 -0.345059
v 4.986462 0.200864 -0.365811
v 4.981369 0.200864 -0.384834
v 4.974245 0.200864 -0.402075
v 4.965092 0.200864 -0.417483
v 4.953916 0.200864 -0.431006
v 4.940718 0.200864 -0.442591
v 4.925503 0.200864 -0.452186
v 4.908275 0.200864 -0.459740
v 4.889036 0.200864 -0.465200
v 4.867790 0.200864 -0.468514
v 4.844541 0.200864 -0.469631
v 4.763540 0.200864 -0.469631
v 4.763540 0.200864 -0.191631
v 3.994540 0.200864 -0.490631
v 4.005979 0.200864 -0.501632
v 4.017300 0.200864 -0.511640
v 4.028509 0.200864 -0.520662
v 4.039615 0.200864 -0.528705
v 4.050622 0.200864 -0.535775
v 4.061541 0.200864 -0.541881
v 4.072375 0.200864 -0.547028
v 4.083133 0.200864 -0.551223
v 4.093822 0.200864 -0.554474
v 4.104448 0.200864 -0.556788
v 4.115018 0.200864 -0.558171
v 4.125540 0.200864 -0.558631
v 4.139578 0.200864 -0.558049
v 4.153174 0.200864 -0.556311
v 4.166306 0.200864 -0.553427
v 4.178948 0.200864 -0.549408
v 4.191076 0.200864 -0.544264
v 4.202665 0.200864 -0.538006
v 4.213693 0.200864 -0.530643
v 4.224133 0.200864 -0.522186
v 4.233963 0.200864 -0.512646
v 4.243156 0.200864 -0.502033
v 4.251690 0.200864 -0.490358
v 4.259541 0.200864 -0.477631
v 4.269463 0.200864 -0.488467
v 4.279749 0.200864 -0.498908
v 4.290431 0.200864 -0.508849
v 4.301541 0.200864 -0.518186
v 4.313108 0.200864 -0.526815
v 4.325166 0.200864 -0.534631
v 4.337744 0.200864 -0.541530
v 4.350874 0.200864 -0.547408
v 4.364587 0.200864 -0.552162
v 4.378915 0.200864 -0.555686
v 4.393889 0.200864 -0.557877
v 4.409541 0.200864 -0.558631
v 4.431588 0.200864 -0.557192
v 4.452174 0.200864 -0.552955
v 4.471212 0.200864 -0.546037
v 4.488614 0.200864 -0.536556
v 4.504294 0.200864 -0.524632
v 4.518165 0.200864 -0.510381
v 4.530140 0.200864 -0.493921
v 4.540133 0.200864 -0.475371
v 4.548056 0.200864 -0.454849
v 4.553823 0.200864 -0.432473
v 4.557346 0.200864 -0.408361
v 4.558540 0.200864 -0.382631
v 4.558540 0.200864 -0.100631
v 4.469541 0.200864 -0.100631
v 4.469541 0.200864 -0.378631
v 4.468685 0.200864 -0.394981
v 4.466194 0.200864 -0.410019
v 4.462182 0.200864 -0.423724
v 4.456763 0.200864 -0.436075
v 4.450053 0.200864 -0.447051
v 4.442166 0.200864 -0.456631
v 4.433216 0.200864 -0.464794
v 4.423318 0.200864 -0.471519
v 4.412588 0.200864 -0.476787
v 4.401138 0.200864 -0.480575
v 4.389084 0.200864 -0.482863
v 4.376541 0.200864 -0.483631
v 4.369092 0.200864 -0.483349
v 4.361285 0.200864 -0.482047
v 4.353180 0.200864 -0.479787
v 4.344836 0.200864 -0.476631
v 4.336311 0.200864 -0.472641
v 4.327665 0.200864 -0.467881
v 4.318956 0.200864 -0.462412
v 4.310244 0.200864 -0.456297
v 4.301587 0.200864 -0.449599
v 4.293045 0.200864 -0.442381
v 4.284676 0.200864 -0.434703
v 4.276540 0.200864 -0.426631
v 4.276540 0.200864 -0.100631
v 4.187541 0.200864 -0.100631
v 4.187541 0.200864 -0.379631
v 4.186787 0.200864 -0.397012
v 4.184596 0.200864 -0.412681
v 4.181072 0.200864 -0.426677
v 4.176318 0.200864 -0.439038
v 4.170440 0.200864 -0.449801
v 4.163540 0.200864 -0.459006
v 4.155725 0.200864 -0.466689
v 4.147096 0.200864 -0.472890
v 4.137759 0.200864 -0.477646
v 4.127818 0.200864 -0.480996
v 4.117377 0.200864 -0.482978
v 4.106541 0.200864 -0.483631
v 4.095590 0.200864 -0.483330
v 4.085188 0.200864 -0.482395
v 4.075259 0.200864 -0.480771
v 4.065725 0.200864 -0.478408
v 4.056511 0.200864 -0.475254
v 4.047540 0.200864 -0.471256
v 4.038736 0.200864 -0.466361
v 4.030022 0.200864 -0.460519
v 4.021322 0.200864 -0.453677
v 4.012559 0.200864 -0.445783
v 4.003657 0.200864 -0.436785
v 3.994540 0.200864 -0.426631
v 3.994540 0.200864 -0.100631
v 3.905540 0.200864 -0.100631
v 3.905540 0.200864 -0.549631
v 3.994540 0.200864 -0.549631
v 3.820770 0.200864 -0.120270
v 3.811878 0.200864 -0.114663
v 3.803743 0.200864 -0.109771
v 3.796244 0.200864 -0.105556
v 3.789258 0.200864 -0.101981
v 3.782665 0.200864 -0.099006
v 3.776343 0.200864 -0.096593
v 3.770170 0.200864 -0.094705
v 3.764024 0.200864 -0.093302
v 3.757786 0.200864 -0.092348
v 3.751331 0.200864 -0.091804
v 3.744540 0.200864 -0.091631
v 3.735162 0.200864 -0.091925
v 3.726517 0.200864 -0.092816
v 3.718587 0.200864 -0.094318
v 3.711355 0.200864 -0.096445
v 3.704804 0.200864 -0.099212
v 3.698915 0.200864 -0.102631
v 3.693673 0.200864 -0.106716
v 3.689059 0.200864 -0.111482
v 3.685056 0.200864 -0.116943
v 3.681647 0.200864 -0.123112
v 3.678814 0.200864 -0.130003
v 3.676540 0.200864 -0.137631
v 3.666749 0.200864 -0.130213
v 3.656883 0.200864 -0.123459
v 3.646946 0.200864 -0.117365
v 3.636947 0.200864 -0.111927
v 3.626893 0.200864 -0.107142
v 3.616790 0.200864 -0.103006
v 3.606645 0.200864 -0.099515
v 3.596466 0.200864 -0.096668
v 3.586259 0.200864 -0.094459
v 3.576031 0.200864 -0.092885
v 3.565789 0.200864 -0.091944
v 3.555540 0.200864 -0.091631
v 3.539511 0.200864 -0.092687
v 3.524475 0.200864 -0.095751
v 3.510509 0.200864 -0.100662
v 3.497688 0.200864 -0.107260
v 3.486090 0.200864 -0.115386
v 3.475790 0.200864 -0.124881
v 3.466866 0.200864 -0.135583
v 3.459392 0.200864 -0.147334
v 3.453446 0.200864 -0.159974
v 3.449105 0.200864 -0.173344
v 3.446444 0.200864 -0.187282
v 3.445540 0.200864 -0.201631
v 3.447176 0.200864 -0.222624
v 3.451874 0.200864 -0.241246
v 3.459321 0.200864 -0.257709
v 3.469207 0.200864 -0.272223
v 3.481217 0.200864 -0.285002
v 3.495040 0.200864 -0.296256
v 3.510363 0.200864 -0.306197
v 3.526874 0.200864 -0.315038
v 3.544259 0.200864 -0.322990
v 3.562207 0.200864 -0.330265
v 3.580405 0.200864 -0.337074
v 3.598540 0.200864 -0.343631
v 3.677540 0.200864 -0.371631
v 3.677540 0.200864 -0.395631
v 3.676978 0.200864 -0.408949
v 3.675290 0.200864 -0.420927
v 3.672478 0.200864 -0.431599
v 3.668540 0.200864 -0.441001
v 3.663478 0.200864 -0.449166
v 3.657290 0.200864 -0.456131
v 3.649978 0.200864 -0.461928
v 3.641540 0.200864 -0.466594
v 3.631978 0.200864 -0.470162
v 3.621290 0.200864 -0.472668
v 3.609478 0.200864 -0.474146
v 3.596540 0.200864 -0.474631
v 3.584274 0.200864 -0.474149
v 3.571994 0.200864 -0.472691
v 3.559727 0.200864 -0.470240
v 3.547503 0.200864 -0.466779
v 3.535348 0.200864 -0.462290
v 3.523290 0.200864 -0.456756
v 3.511357 0.200864 -0.450159
v 3.499577 0.200864 -0.442482
v 3.487978 0.200864 -0.433709
v 3.476587 0.200864 -0.423820
v 3.465431 0.200864 -0.412800
v 3.454540 0.200864 -0.400631
v 3.454540 0.200864 -0.497631
v 3.463583 0.200864 -0.507444
v 3.473216 0.200864 -0.516385
v 3.483447 0.200864 -0.524459
v 3.494281 0.200864 -0.531668
v 3.505727 0.200864 -0.538015
v 3.517790 0.200864 -0.543506
v 3.530479 0.200864 -0.548142
v 3.543800 0.200864 -0.551927
v 3.557759 0.200864 -0.554865
v 3.572364 0.200864 -0.556959
v 3.587622 0.200864 -0.558213
v 3.603540 0.200864 -0.558631
v 3.625864 0.200864 -0.557666
v 3.647212 0.200864 -0.554751
v 3.667400 0.200864 -0.549849
v 3.686244 0.200864 -0.542927
v 3.703561 0.200864 -0.533949
v 3.719165 0.200864 -0.522881
v 3.732874 0.200864 -0.509687
v 3.744503 0.200864 -0.494334
v 3.753868 0.200864 -0.476787
v 3.760786 0.200864 -0.457010
v 3.765071 0.200864 -0.434970
v 3.766540 0.200864 -0.410631
v 3.766540 0.200864 -0.179631
v 3.766665 0.200864 -0.175607
v 3.767036 0.200864 -0.172024
v 3.767650 0.200864 -0.168865
v 3.768503 0.200864 -0.166112
v 3.769593 0.200864 -0.163748
v 3.770915 0.200864 -0.161756
v 3.772467 0.200864 -0.160117
v 3.774244 0.200864 -0.158816
v 3.776243 0.200864 -0.157834
v 3.778461 0.200864 -0.157154
v 3.780895 0.200864 -0.156758
v 3.783540 0.200864 -0.156631
v 3.785973 0.200864 -0.156816
v 3.788758 0.200864 -0.157367
v 3.791868 0.200864 -0.158271
v 3.795281 0.200864 -0.159519
v 3.798971 0.200864 -0.161101
v 3.802915 0.200864 -0.163006
v 3.807088 0.200864 -0.165223
v 3.811466 0.200864 -0.167742
v 3.816025 0.200864 -0.170552
v 3.820739 0.200864 -0.173644
v 3.825586 0.200864 -0.177007
v 3.830540 0.200864 -0.180631
v 3.830540 0.200864 -0.126631
v 3.658781 0.200864 -0.316115
v 3.640633 0.200864 -0.309506
v 3.623290 0.200864 -0.302709
v 3.606948 0.200864 -0.295631
v 3.591799 0.200864 -0.288177
v 3.578040 0.200864 -0.280256
v 3.565864 0.200864 -0.271771
v 3.555466 0.200864 -0.262631
v 3.547040 0.200864 -0.252740
v 3.540781 0.200864 -0.242006
v 3.536883 0.200864 -0.230334
v 3.535540 0.200864 -0.217631
v 3.536093 0.200864 -0.208618
v 3.537712 0.200864 -0.200117
v 3.540337 0.200864 -0.192177
v 3.543911 0.200864 -0.184853
v 3.548373 0.200864 -0.178195
v 3.553665 0.200864 -0.172256
v 3.559728 0.200864 -0.167087
v 3.566503 0.200864 -0.162742
v 3.573931 0.200864 -0.159271
v 3.581952 0.200864 -0.156728
v 3.590508 0.200864 -0.155164
v 3.599540 0.200864 -0.154631
v 3.606498 0.200864 -0.154919
v 3.613373 0.200864 -0.155774
v 3.620165 0.200864 -0.157177
v 3.626873 0.200864 -0.159112
v 3.633498 0.200864 -0.161561
v 3.640040 0.200864 -0.164506
v 3.646498 0.200864 -0.167930
v 3.652873 0.200864 -0.171816
v 3.659165 0.200864 -0.176146
v 3.665373 0.200864 -0.180904
v 3.671498 0.200864 -0.186071
v 3.677540 0.200864 -0.191631
v 3.677540 0.200864 -0.322631
v 3.245540 0.200864 -0.100631
v 3.245540 0.200864 -0.397631
v 2.863540 0.200864 -0.397631
v 2.863540 0.200864 -0.100631
v 2.765540 0.200864 -0.100631
v 2.765540 0.200864 -0.782631
v 2.863540 0.200864 -0.782631
v 2.863540 0.200864 -0.485631
v 3.245540 0.200864 -0.485631
v 3.245540 0.200864 -0.782631
v 3.343540 0.200864 -0.782631
v 3.343540 0.200864 -0.100631
v 2.339108 0.200864 -0.441488
v 2.326841 0.200864 -0.448570
v 2.314774 0.200864 -0.454896
v 2.302947 0.200864 -0.460482
v 2.291398 0.200864 -0.465346
v 2.280165 0.200864 -0.469506
v 2.269286 0.200864 -0.472977
v 2.258799 0.200864 -0.475779
v 2.248743 0.200864 -0.477927
v 2.239156 0.200864 -0.479441
v 2.230075 0.200864 -0.480336
v 2.221540 0.200864 -0.480631
v 2.212816 0.200864 -0.480282
v 2.204669 0.200864 -0.479260
v 2.197133 0.200864 -0.477599
v 2.190243 0.200864 -0.475334
v 2.184034 0.200864 -0.472500
v 2.178540 0.200864 -0.469131
v 2.173795 0.200864 -0.465261
v 2.169836 0.200864 -0.460927
v 2.166696 0.200864 -0.456162
v 2.164410 0.200864 -0.451001
v 2.163013 0.200864 -0.445479
v 2.162540 0.200864 -0.439631
v 2.163176 0.200864 -0.434537
v 2.165128 0.200864 -0.429214
v 2.168462 0.200864 -0.423599
v 2.173244 0.200864 -0.417631
v 2.179539 0.200864 -0.411245
v 2.187415 0.200864 -0.404381
v 2.196936 0.200864 -0.396974
v 2.208170 0.200864 -0.388964
v 2.221181 0.200864 -0.380287
v 2.236035 0.200864 -0.370881
v 2.252800 0.200864 -0.360683
v 2.271540 0.200864 -0.349631
v 2.289072 0.200864 -0.337736
v 2.304716 0.200864 -0.326478
v 2.318540 0.200864 -0.315740
v 2.330614 0.200864 -0.305408
v 2.341007 0.200864 -0.295368
v 2.349790 0.200864 -0.285506
v 2.357031 0.200864 -0.275705
v 2.362799 0.200864 -0.265853
v 2.367165 0.200864 -0.255834
v 2.370197 0.200864 -0.245533
v 2.371966 0.200864 -0.234837
v 2.372540 0.200864 -0.223631
v 2.371251 0.200864 -0.204438
v 2.367480 0.200864 -0.186422
v 2.361368 0.200864 -0.169677
v 2.353059 0.200864 -0.154297
v 2.342693 0.200864 -0.140375
v 2.330415 0.200864 -0.128006
v 2.316366 0.200864 -0.117282
v 2.300688 0.200864 -0.108297
v 2.283524 0.200864 -0.101146
v 2.265017 0.200864 -0.095922
v 2.245308 0.200864 -0.092719
v 2.224540 0.200864 -0.091631
v 2.211024 0.200864 -0.091864
v 2.197915 0.200864 -0.092584
v 2.185118 0.200864 -0.093818
v 2.172540 0.200864 -0.095594
v 2.160087 0.200864 -0.097938
v 2.147665 0.200864 -0.100881
v 2.135180 0.200864 -0.104448
v 2.122540 0.200864 -0.108668
v 2.109649 0.200864 -0.113568
v 2.096415 0.200864 -0.119177
v 2.082743 0.200864 -0.125522
v 2.068540 0.200864 -0.132631
v 2.068540 0.200864 -0.228631
v 2.082929 0.200864 -0.219067
v 2.097068 0.200864 -0.210371
v 2.110916 0.200864 -0.202537
v 2.124429 0.200864 -0.195556
v 2.137568 0.200864 -0.189423
v 2.150290 0.200864 -0.184131
v 2.162554 0.200864 -0.179671
v 2.174318 0.200864 -0.176038
v 2.185540 0.200864 -0.173224
v 2.196179 0.200864 -0.171223
v 2.206193 0.200864 -0.170028
v 2.215540 0.200864 -0.169631
v 2.224401 0.200864 -0.170443
v 2.232929 0.200864 -0.171881
v 2.241040 0.200864 -0.173943
v 2.248651 0.200864 -0.176631
v 2.255679 0.200864 -0.179943
v 2.262040 0.200864 -0.183881
v 2.267651 0.200864 -0.188443
v 2.272429 0.200864 -0.193631
v 2.276290 0.200864 -0.199443
v 2.279151 0.200864 -0.205881
v 2.280929 0.200864 -0.212943
v 2.281540 0.200864 -0.220631
v 2.277408 0.200864 -0.235594
v 2.265984 0.200864 -0.249756
v 2.248727 0.200864 -0.263521
v 2.227095 0.200864 -0.277297
v 2.202547 0.200864 -0.291490
v 2.176540 0.200864 -0.306506
v 2.150533 0.200864 -0.322750
v 2.125985 0.200864 -0.340631
v 2.104352 0.200864 -0.360552
v 2.087096 0.200864 -0.382922
v 2.075672 0.200864 -0.408146
v 2.071540 0.200864 -0.436631
v 2.072733 0.200864 -0.454996
v 2.076253 0.200864 -0.472056
v 2.082009 0.200864 -0.487756
v 2.089911 0.200864 -0.502038
v 2.099868 0.200864 -0.514848
v 2.111790 0.200864 -0.526131
v 2.125588 0.200864 -0.535830
v 2.141170 0.200864 -0.543890
v 2.158446 0.200864 -0.550256
v 2.177327 0.200864 -0.554871
v 2.197722 0.200864 -0.557682
v 2.219540 0.200864 -0.558631
v 2.230062 0.200864 -0.558380
v 2.240637 0.200864 -0.557626
v 2.251274 0.200864 -0.556365
v 2.261984 0.200864 -0.554594
v 2.272778 0.200864 -0.552308
v 2.283665 0.200864 -0.549506
v 2.294656 0.200864 -0.546182
v 2.305762 0.200864 -0.542334
v 2.316993 0.200864 -0.537959
v 2.328359 0.200864 -0.533052
v 2.339871 0.200864 -0.527610
v 2.351540 0.200864 -0.521631
v 2.351540 0.200864 -0.433631
v 1.973126 0.200864 -0.136025
v 1.959808 0.200864 -0.128205
v 1.946477 0.200864 -0.121162
v 1.933021 0.200864 -0.114890
v 1.919329 0.200864 -0.109382
v 1.905290 0.200864 -0.104631
v 1.890792 0.200864 -0.100629
v 1.875725 0.200864 -0.097371
v 1.859977 0.200864 -0.094849
v 1.843438 0.200864 -0.093056
v 1.825996 0.200864 -0.091986
v 1.807540 0.200864 -0.091631
v 1.773841 0.200864 -0.093965
v 1.742781 0.200864 -0.100723
v 1.714415 0.200864 -0.111537
v 1.688800 0.200864 -0.126038
v 1.665989 0.200864 -0.143859
v 1.646040 0.200864 -0.164631
v 1.629008 0.200864 -0.187986
v 1.614948 0.200864 -0.213556
v 1.603915 0.200864 -0.240974
v 1.595966 0.200864 -0.269871
v 1.591156 0.200864 -0.299879
v 1.589540 0.200864 -0.330631
v 1.591304 0.200864 -0.363686
v 1.596485 0.200864 -0.394742
v 1.604915 0.200864 -0.423631
v 1.616429 0.200864 -0.450186
v 1.630859 0.200864 -0.474242
v 1.648040 0.200864 -0.495631
v 1.667804 0.200864 -0.514186
v 1.689985 0.200864 -0.529742
v 1.714415 0.200864 -0.542131
v 1.740929 0.200864 -0.551186
v 1.769360 0.200864 -0.556742
v 1.799540 0.200864 -0.558631
v 1.828375 0.200864 -0.556941
v 1.855304 0.200864 -0.551862
v 1.880212 0.200864 -0.543381
v 1.902985 0.200864 -0.531482
v 1.923507 0.200864 -0.516154
v 1.941665 0.200864 -0.497381
v 1.957344 0.200864 -0.475149
v 1.970429 0.200864 -0.449445
v 1.980806 0.200864 -0.420256
v 1.988360 0.200864 -0.387566
v 1.992976 0.200864 -0.351362
v 1.994540 0.200864 -0.311631
v 1.678540 0.200864 -0.311631
v 1.682810 0.200864 -0.290278
v 1.688614 0.200864 -0.270728
v 1.695946 0.200864 -0.252990
v 1.704799 0.200864 -0.237075
v 1.715166 0.200864 -0.222993
v 1.727040 0.200864 -0.210756
v 1.740414 0.200864 -0.200372
v 1.755281 0.200864 -0.191853
v 1.771634 0.200864 -0.185209
v 1.789466 0.200864 -0.180450
v 1.808770 0.200864 -0.177587
v 1.829540 0.200864 -0.176631
v 1.842980 0.200864 -0.177044
v 1.856308 0.200864 -0.178269
v 1.869540 0.200864 -0.180287
v 1.882688 0.200864 -0.183075
v 1.895767 0.200864 -0.186613
v 1.908790 0.200864 -0.190881
v 1.921772 0.200864 -0.195856
v 1.934725 0.200864 -0.201519
v 1.947665 0.200864 -0.207849
v 1.960605 0.200864 -0.214825
v 1.973559 0.200864 -0.222426
v 1.986540 0.200864 -0.230631
v 1.986540 0.200864 -0.144631
v 1.905047 0.200864 -0.387099
v 1.902096 0.200864 -0.402464
v 1.897727 0.200864 -0.416662
v 1.891984 0.200864 -0.429631
v 1.884908 0.200864 -0.441308
v 1.876540 0.200864 -0.451631
v 1.866922 0.200864 -0.460537
v 1.856096 0.200864 -0.467964
v 1.844103 0.200864 -0.473849
v 1.830985 0.200864 -0.478131
v 1.816783 0.200864 -0.480745
v 1.801540 0.200864 -0.481631
v 1.785104 0.200864 -0.480803
v 1.769799 0.200864 -0.478339
v 1.755634 0.200864 -0.474271
v 1.742614 0.200864 -0.468631
v 1.730747 0.200864 -0.461448
v 1.720040 0.200864 -0.452756
v 1.710500 0.200864 -0.442584
v 1.702133 0.200864 -0.430964
v 1.694946 0.200864 -0.417927
v 1.688947 0.200864 -0.403506
v 1.684143 0.200864 -0.387730
v 1.680540 0.200864 -0.370631
v 1.906540 0.200864 -0.370631
v 0.925540 0.200864 -0.490631
v 0.936979 0.200864 -0.501632
v 0.948299 0.200864 -0.511640
v 0.959509 0.200864 -0.520662
v 0.970614 0.200864 -0.528705
v 0.981622 0.200864 -0.535775
v 0.992540 0.200864 -0.541881
v 1.003375 0.200864 -0.547028
v 1.014132 0.200864 -0.551223
v 1.024821 0.200864 -0.554474
v 1.035447 0.200864 -0.556788
v 1.046018 0.200864 -0.558171
v 1.056540 0.200864 -0.558631
v 1.070578 0.200864 -0.558049
v 1.084174 0.200864 -0.556311
v 1.097306 0.200864 -0.553427
v 1.109947 0.200864 -0.549408
v 1.122075 0.200864 -0.544264
v 1.133665 0.200864 -0.538006
v 1.144692 0.200864 -0.530643
v 1.155133 0.200864 -0.522186
v 1.164962 0.200864 -0.512646
v 1.174156 0.200864 -0.502033
v 1.182690 0.200864 -0.490358
v 1.190540 0.200864 -0.477631
v 1.200462 0.200864 -0.488467
v 1.210748 0.200864 -0.498908
v 1.221431 0.200864 -0.508849
v 1.232540 0.200864 -0.518186
v 1.244108 0.200864 -0.526815
v 1.256165 0.200864 -0.534631
v 1.268743 0.200864 -0.541530
v 1.281873 0.200864 -0.547408
v 1.295587 0.200864 -0.552162
v 1.309915 0.200864 -0.555686
v 1.324889 0.200864 -0.557877
v 1.340540 0.200864 -0.558631
v 1.362588 0.200864 -0.557192
v 1.383174 0.200864 -0.552955
v 1.402212 0.200864 -0.546037
v 1.419614 0.200864 -0.536556
v 1.435294 0.200864 -0.524632
v 1.449165 0.200864 -0.510381
v 1.461140 0.200864 -0.493921
v 1.471133 0.200864 -0.475371
v 1.479056 0.200864 -0.454849
v 1.484823 0.200864 -0.432473
v 1.488346 0.200864 -0.408361
v 1.489540 0.200864 -0.382631
v 1.489540 0.200864 -0.100631
v 1.400540 0.200864 -0.100631
v 1.400540 0.200864 -0.378631
v 1.399684 0.200864 -0.394981
v 1.397193 0.200864 -0.410019
v 1.393181 0.200864 -0.423724
v 1.387762 0.200864 -0.436075
v 1.381052 0.200864 -0.447051
v 1.373165 0.200864 -0.456631
v 1.364215 0.200864 -0.464794
v 1.354318 0.200864 -0.471519
v 1.343587 0.200864 -0.476787
v 1.332137 0.200864 -0.480575
v 1.320083 0.200864 -0.482863
v 1.307540 0.200864 -0.483631
v 1.300092 0.200864 -0.483349
v 1.292285 0.200864 -0.482047
v 1.284181 0.200864 -0.479787
v 1.275836 0.200864 -0.476631
v 1.267312 0.200864 -0.472641
v 1.258665 0.200864 -0.467881
v 1.249956 0.200864 -0.462412
v 1.241244 0.200864 -0.456297
v 1.232587 0.200864 -0.449599
v 1.224045 0.200864 -0.442381
v 1.215676 0.200864 -0.434703
v 1.207540 0.200864 -0.426631
v 1.207540 0.200864 -0.100631
v 1.118540 0.200864 -0.100631
v 1.118540 0.200864 -0.379631
v 1.117786 0.200864 -0.397012
v 1.115596 0.200864 -0.412681
v 1.112071 0.200864 -0.426677
v 1.107318 0.200864 -0.439038
v 1.101439 0.200864 -0.449801
v 1.094540 0.200864 -0.459006
v 1.086724 0.200864 -0.466689
v 1.078096 0.200864 -0.472890
v 1.068759 0.200864 -0.477646
v 1.058818 0.200864 -0.480996
v 1.048377 0.200864 -0.482978
v 1.037540 0.200864 -0.483631
v 1.026590 0.200864 -0.483330
v 1.016188 0.200864 -0.482395
v 1.006259 0.200864 -0.480771
v 0.996725 0.200864 -0.478408
v 0.987511 0.200864 -0.475254
v 0.978540 0.200864 -0.471256
v 0.969736 0.200864 -0.466361
v 0.961021 0.200864 -0.460519
v 0.952321 0.200864 -0.453677
v 0.943558 0.200864 -0.445783
v 0.934657 0.200864 -0.436785
v 0.925540 0.200864 -0.426631
v 0.925540 0.200864 -0.100631
v 0.836540 0.200864 -0.100631
v 0.836540 0.200864 -0.549631
v 0.925540 0.200864 -0.549631
v 0.751770 0.200864 -0.120270
v 0.742878 0.200864 -0.114663
v 0.734743 0.200864 -0.109771
v 0.727244 0.200864 -0.105556
v 0.720258 0.200864 -0.101981
v 0.713665 0.200864 -0.099006
v 0.707343 0.200864 -0.096593
v 0.701169 0.200864 -0.094705
v 0.695024 0.200864 -0.093302
v 0.688785 0.200864 -0.092348
v 0.682331 0.200864 -0.091804
v 0.675540 0.200864 -0.091631
v 0.666162 0.200864 -0.091925
v 0.657517 0.200864 -0.092816
v 0.649587 0.200864 -0.094318
v 0.642355 0.200864 -0.096445
v 0.635803 0.200864 -0.099212
v 0.629915 0.200864 -0.102631
v 0.624672 0.200864 -0.106716
v 0.620059 0.200864 -0.111482
v 0.616055 0.200864 -0.116943
v 0.612646 0.200864 -0.123112
v 0.609814 0.200864 -0.130003
v 0.607540 0.200864 -0.137631
v 0.597749 0.200864 -0.130213
v 0.587883 0.200864 -0.123459
v 0.577946 0.200864 -0.117365
v 0.567947 0.200864 -0.111927
v 0.557893 0.200864 -0.107142
v 0.547790 0.200864 -0.103006
v 0.537645 0.200864 -0.099515
v 0.527466 0.200864 -0.096668
v 0.517259 0.200864 -0.094459
v 0.507031 0.200864 -0.092885
v 0.496789 0.200864 -0.091944
v 0.486540 0.200864 -0.091631
v 0.470511 0.200864 -0.092687
v 0.455475 0.200864 -0.095751
v 0.441509 0.200864 -0.100662
v 0.428688 0.200864 -0.107260
v 0.417090 0.200864 -0.115386
v 0.406790 0.200864 -0.124881
v 0.397865 0.200864 -0.135583
v 0.390392 0.200864 -0.147334
v 0.384446 0.200864 -0.159974
v 0.380105 0.200864 -0.173344
v 0.377444 0.200864 -0.187282
v 0.376540 0.200864 -0.201631
v 0.378175 0.200864 -0.222624
v 0.382873 0.200864 -0.241246
v 0.390321 0.200864 -0.257709
v 0.400207 0.200864 -0.272223
v 0.412217 0.200864 -0.285002
v 0.426040 0.200864 -0.296256
v 0.441363 0.200864 -0.306197
v 0.457873 0.200864 -0.315038
v 0.475259 0.200864 -0.322990
v 0.493207 0.200864 -0.330265
v 0.511405 0.200864 -0.337074
v 0.529540 0.200864 -0.343631
v 0.608540 0.200864 -0.371631
v 0.608540 0.200864 -0.395631
v 0.607977 0.200864 -0.408949
v 0.606290 0.200864 -0.420927
v 0.603477 0.200864 -0.431599
v 0.599540 0.200864 -0.441001
v 0.594477 0.200864 -0.449166
v 0.588290 0.200864 -0.456131
v 0.580977 0.200864 -0.461928
v 0.572540 0.200864 -0.466594
v 0.562977 0.200864 -0.470162
v 0.552290 0.200864 -0.472668
v 0.540478 0.200864 -0.474146
v 0.527540 0.200864 -0.474631
v 0.515274 0.200864 -0.474149
v 0.502994 0.200864 -0.472691
v 0.490727 0.200864 -0.470240
v 0.478503 0.200864 -0.466779
v 0.466348 0.200864 -0.462290
v 0.454290 0.200864 -0.456756
v 0.442357 0.200864 -0.450159
v 0.430577 0.200864 -0.442482
v 0.418977 0.200864 -0.433709
v 0.407586 0.200864 -0.423820
v 0.396431 0.200864 -0.412800
v 0.385540 0.200864 -0.400631
v 0.385540 0.200864 -0.497631
v 0.394583 0.200864 -0.507444
v 0.404216 0.200864 -0.516385
v 0.414446 0.200864 -0.524459
v 0.425281 0.200864 -0.531668
v 0.436726 0.200864 -0.538015
v 0.448790 0.200864 -0.543506
v 0.461479 0.200864 -0.548142
v 0.474799 0.200864 -0.551927
v 0.488759 0.200864 -0.554865
v 0.503364 0.200864 -0.556959
v 0.518622 0.200864 -0.558213
v 0.534540 0.200864 -0.558631
v 0.556864 0.200864 -0.557666
v 0.578211 0.200864 -0.554751
v 0.598399 0.200864 -0.549849
v 0.617244 0.200864 -0.542927
v 0.634560 0.200864 -0.533949
v 0.650165 0.200864 -0.522881
v 0.663874 0.200864 -0.509687
v 0.675503 0.200864 -0.494334
v 0.684868 0.200864 -0.476787
v 0.691785 0.200864 -0.457010
v 0.696071 0.200864 -0.434970
v 0.697540 0.200864 -0.410631
v 0.697540 0.200864 -0.179631
v 0.697664 0.200864 -0.175607
v 0.698035 0.200864 -0.172024
v 0.698649 0.200864 -0.168865
v 0.699503 0.200864 -0.166112
v 0.700593 0.200864 -0.163748
v 0.701915 0.200864 -0.161756
v 0.703466 0.200864 -0.160117
v 0.705244 0.200864 -0.158816
v 0.707243 0.200864 -0.157834
v 0.709461 0.200864 -0.157154
v 0.711895 0.200864 -0.156758
v 0.714540 0.200864 -0.156631
v 0.716973 0.200864 -0.156816
v 0.719758 0.200864 -0.157367
v 0.722868 0.200864 -0.158271
v 0.726281 0.200864 -0.159519
v 0.729971 0.200864 -0.161101
v 0.733915 0.200864 -0.163006
v 0.738088 0.200864 -0.165223
v 0.742466 0.200864 -0.167742
v 0.747024 0.200864 -0.170552
v 0.751739 0.200864 -0.173644
v 0.756586 0.200864 -0.177007
v 0.761540 0.200864 -0.180631
v 0.761540 0.200864 -0.126631
v 0.589781 0.200864 -0.316115
v 0.571633 0.200864 -0.309506
v 0.554290 0.200864 -0.302709
v 0.537947 0.200864 -0.295631
v 0.522799 0.200864 -0.288177
v 0.509040 0.200864 -0.280256
v 0.496864 0.200864 -0.271771
v 0.486466 0.200864 -0.262631
v 0.478040 0.200864 -0.252740
v 0.471781 0.200864 -0.242006
v 0.467883 0.200864 -0.230334
v 0.466540 0.200864 -0.217631
v 0.467093 0.200864 -0.208618
v 0.468711 0.200864 -0.200117
v 0.471337 0.200864 -0.192177
v 0.474910 0.200864 -0.184853
v 0.479373 0.200864 -0.178195
v 0.484665 0.200864 -0.172256
v 0.490728 0.200864 -0.167087
v 0.497503 0.200864 -0.162742
v 0.504930 0.200864 -0.159271
v 0.512952 0.200864 -0.156728
v 0.521508 0.200864 -0.155164
v 0.530540 0.200864 -0.154631
v 0.537498 0.200864 -0.154919
v 0.544373 0.200864 -0.155774
v 0.551165 0.200864 -0.157177
v 0.557873 0.200864 -0.159112
v 0.564498 0.200864 -0.161561
v 0.571040 0.200864 -0.164506
v 0.577498 0.200864 -0.167930
v 0.583873 0.200864 -0.171816
v 0.590165 0.200864 -0.176146
v 0.596373 0.200864 -0.180904
v 0.602498 0.200864 -0.186071
v 0.608540 0.200864 -0.191631
v 0.608540 0.200864 -0.322631
v 0.273457 0.200864 -0.061584
v 0.270128 0.200864 -0.032089
v 0.264431 0.200864 -0.004365
v 0.256244 0.200864 0.021370
v 0.245446 0.200864 0.044895
v 0.231915 0.200864 0.065994
v 0.215530 0.200864 0.084448
v 0.196170 0.200864 0.100036
v 0.173712 0.200864 0.112541
v 0.148035 0.200864 0.121744
v 0.119019 0.200864 0.127427
v 0.086540 0.200864 0.129369
v 0.083620 0.200864 0.129349
v 0.080846 0.200864 0.129291
v 0.078196 0.200864 0.129198
v 0.075651 0.200864 0.129073
v 0.073189 0.200864 0.128921
v 0.070790 0.200864 0.128744
v 0.068432 0.200864 0.128547
v 0.066096 0.200864 0.128332
v 0.063759 0.200864 0.128104
v 0.061401 0.200864 0.127865
v 0.059002 0.200864 0.127619
v 0.056540 0.200864 0.127369
v 0.038540 0.200864 0.036370
v 0.063540 0.200864 0.036370
v 0.087610 0.200864 0.035285
v 0.108021 0.200864 0.032027
v 0.125071 0.200864 0.026588
v 0.139058 0.200864 0.018962
v 0.150282 0.200864 0.009141
v 0.159040 0.200864 -0.002881
v 0.165631 0.200864 -0.017111
v 0.170355 0.200864 -0.033556
v 0.173509 0.200864 -0.052224
v 0.175392 0.200864 -0.073121
v 0.176303 0.200864 -0.096254
v 0.176540 0.200864 -0.121631
v 0.176540 0.200864 -0.782631
v 0.274540 0.200864 -0.782631
v 0.274540 0.200864 -0.092631
v 6.206540 0.000864 -0.490631
v 6.215364 0.000864 -0.501001
v 6.224799 0.000864 -0.510598
v 6.234790 0.000864 -0.519396
v 6.245281 0.000864 -0.527371
v 6.256216 0.000864 -0.534499
v 6.267540 0.000864 -0.540756
v 6.279198 0.000864 -0.546116
v 6.291133 0.000864 -0.550557
v 6.303290 0.000864 -0.554052
v 6.315615 0.000864 -0.556580
v 6.328050 0.000864 -0.558114
v 6.340541 0.000864 -0.558631
v 6.361406 0.000864 -0.557418
v 6.381388 0.000864 -0.553765
v 6.400306 0.000864 -0.547646
v 6.417985 0.000864 -0.539038
v 6.434247 0.000864 -0.527916
v 6.448915 0.000864 -0.514256
v 6.461813 0.000864 -0.498033
v 6.472762 0.000864 -0.479223
v 6.481587 0.000864 -0.457802
v 6.488110 0.000864 -0.433746
v 6.492153 0.000864 -0.407030
v 6.493541 0.000864 -0.377631
v 6.493541 0.000864 -0.100631
v 6.404540 0.000864 -0.100631
v 6.404540 0.000864 -0.378631
v 6.403841 0.000864 -0.394640
v 6.401772 0.000864 -0.409621
v 6.398384 0.000864 -0.423506
v 6.393725 0.000864 -0.436223
v 6.387845 0.000864 -0.447705
v 6.380791 0.000864 -0.457881
v 6.372611 0.000864 -0.466681
v 6.363356 0.000864 -0.474038
v 6.353072 0.000864 -0.479881
v 6.341809 0.000864 -0.484140
v 6.329616 0.000864 -0.486746
v 6.316541 0.000864 -0.487631
v 6.306946 0.000864 -0.487249
v 6.297619 0.000864 -0.486080
v 6.288493 0.000864 -0.484084
v 6.279503 0.000864 -0.481223
v 6.270582 0.000864 -0.477460
v 6.261665 0.000864 -0.472756
v 6.252686 0.000864 -0.467072
v 6.243577 0.000864 -0.460371
v 6.234275 0.000864 -0.452615
v 6.224711 0.000864 -0.443765
v 6.214822 0.000864 -0.433783
v 6.204540 0.000864 -0.422631
v 6.204540 0.000864 -0.100631
v 6.115541 0.000864 -0.100631
v 6.115541 0.000864 -0.549631
v 6.204540 0.000864 -0.549631
v 6.204540 0.000864 -0.490631
v 6.016509 0.000864 -0.295118
v 6.010540 0.000864 -0.262695
v 6.000821 0.000864 -0.232537
v 5.987540 0.000864 -0.204816
v 5.970883 0.000864 -0.179706
v 5.951040 0.000864 -0.157381
v 5.928196 0.000864 -0.138014
v 5.902540 0.000864 -0.121779
v 5.874259 0.000864 -0.108849
v 5.843540 0.000864 -0.099399
v 5.810572 0.000864 -0.093602
v 5.775540 0.000864 -0.091631
v 5.741887 0.000864 -0.093678
v 5.710068 0.000864 -0.099677
v 5.680290 0.000864 -0.109412
v 5.652762 0.000864 -0.122668
v 5.627693 0.000864 -0.139229
v 5.605290 0.000864 -0.158881
v 5.585762 0.000864 -0.181407
v 5.569318 0.000864 -0.206594
v 5.556165 0.000864 -0.234224
v 5.546513 0.000864 -0.264084
v 5.540568 0.000864 -0.295958
v 5.538540 0.000864 -0.329631
v 5.540644 0.000864 -0.361235
v 5.546790 0.000864 -0.391385
v 5.556727 0.000864 -0.419834
v 5.570207 0.000864 -0.446334
v 5.586977 0.000864 -0.470640
v 5.606790 0.000864 -0.492506
v 5.629394 0.000864 -0.511683
v 5.654540 0.000864 -0.527927
v 5.681977 0.000864 -0.540990
v 5.711456 0.000864 -0.550626
v 5.742727 0.000864 -0.556588
v 5.775540 0.000864 -0.558631
v 5.809941 0.000864 -0.556665
v 5.842499 0.000864 -0.550904
v 5.872993 0.000864 -0.541553
v 5.901207 0.000864 -0.528816
v 5.926921 0.000864 -0.512899
v 5.949916 0.000864 -0.494006
v 5.969973 0.000864 -0.472342
v 5.986874 0.000864 -0.448112
v 6.000400 0.000864 -0.421521
v 6.010332 0.000864 -0.392774
v 6.016452 0.000864 -0.362076
v 6.018540 0.000864 -0.329631
v 5.630751 0.000864 -0.306565
v 5.634309 0.000864 -0.284941
v 5.640102 0.000864 -0.264865
v 5.648022 0.000864 -0.246445
v 5.657954 0.000864 -0.229790
v 5.669790 0.000864 -0.215006
v 5.683417 0.000864 -0.202201
v 5.698726 0.000864 -0.191482
v 5.715603 0.000864 -0.182959
v 5.733938 0.000864 -0.176737
v 5.753621 0.000864 -0.172925
v 5.774540 0.000864 -0.171631
v 5.797297 0.000864 -0.172867
v 5.818512 0.000864 -0.176524
v 5.838102 0.000864 -0.182521
v 5.855985 0.000864 -0.190779
v 5.872075 0.000864 -0.201217
v 5.886291 0.000864 -0.213756
v 5.898547 0.000864 -0.228315
v 5.908763 0.000864 -0.244816
v 5.916853 0.000864 -0.263177
v 5.922735 0.000864 -0.283320
v 5.926325 0.000864 -0.305165
v 5.927541 0.000864 -0.328631
v 5.926230 0.000864 -0.349858
v 5.922388 0.000864 -0.369950
v 5.916150 0.000864 -0.388771
v 5.907652 0.000864 -0.406186
v 5.897029 0.000864 -0.422059
v 5.884416 0.000864 -0.436256
v 5.869948 0.000864 -0.448639
v 5.853763 0.000864 -0.459075
v 5.835994 0.000864 -0.467427
v 5.816776 0.000864 -0.473561
v 5.796247 0.000864 -0.477341
v 5.774540 0.000864 -0.478631
v 5.754042 0.000864 -0.477341
v 5.734633 0.000864 -0.473566
v 5.716447 0.000864 -0.467443
v 5.699615 0.000864 -0.459112
v 5.684269 0.000864 -0.448712
v 5.670541 0.000864 -0.436381
v 5.658563 0.000864 -0.422258
v 5.648466 0.000864 -0.406482
v 5.640384 0.000864 -0.389193
v 5.634448 0.000864 -0.370529
v 5.630789 0.000864 -0.350628
v 5.629540 0.000864 -0.329631
v 5.429109 0.000864 -0.441488
v 5.416841 0.000864 -0.448570
v 5.404775 0.000864 -0.454896
v 5.392947 0.000864 -0.460482
v 5.381398 0.000864 -0.465346
v 5.370165 0.000864 -0.469506
v 5.359286 0.000864 -0.472977
v 5.348800 0.000864 -0.475779
v 5.338743 0.000864 -0.477927
v 5.329156 0.000864 -0.479441
v 5.320076 0.000864 -0.480336
v 5.311541 0.000864 -0.480631
v 5.302817 0.000864 -0.480282
v 5.294670 0.000864 -0.479260
v 5.287134 0.000864 -0.477599
v 5.280244 0.000864 -0.475334
v 5.274035 0.000864 -0.472500
v 5.268540 0.000864 -0.469131
v 5.263797 0.000864 -0.465261
v 5.259837 0.000864 -0.460927
v 5.256697 0.000864 -0.456162
v 5.254411 0.000864 -0.451001
v 5.253014 0.000864 -0.445479
v 5.252541 0.000864 -0.439631
v 5.253176 0.000864 -0.434537
v 5.255128 0.000864 -0.429214
v 5.258462 0.000864 -0.423599
v 5.263244 0.000864 -0.417631
v 5.269539 0.000864 -0.411245
v 5.277414 0.000864 -0.404381
v 5.286936 0.000864 -0.396974
v 5.298169 0.000864 -0.388964
v 5.311180 0.000864 -0.380287
v 5.326035 0.000864 -0.370881
v 5.342800 0.000864 -0.360683
v 5.361540 0.000864 -0.349631
v 5.379072 0.000864 -0.337736
v 5.394716 0.000864 -0.326478
v 5.408540 0.000864 -0.315740
v 5.420614 0.000864 -0.305408
v 5.431007 0.000864 -0.295368
v 5.439790 0.000864 -0.285506
v 5.447031 0.000864 -0.275705
v 5.452800 0.000864 -0.265853
v 5.457166 0.000864 -0.255834
v 5.460197 0.000864 -0.245533
v 5.461967 0.000864 -0.234837
v 5.462541 0.000864 -0.223631
v 5.461251 0.000864 -0.204438
v 5.457480 0.000864 -0.186422
v 5.451368 0.000864 -0.169677
v 5.443059 0.000864 -0.154297
v 5.432693 0.000864 -0.140375
v 5.420415 0.000864 -0.128006
v 5.406366 0.000864 -0.117282
v 5.390689 0.000864 -0.108297
v 5.373525 0.000864 -0.101146
v 5.355018 0.000864 -0.095922
v 5.335308 0.000864 -0.092719
v 5.314540 0.000864 -0.091631
v 5.301024 0.000864 -0.091864
v 5.287915 0.000864 -0.092584
v 5.275119 0.000864 -0.093818
v 5.262541 0.000864 -0.095594
v 5.250088 0.000864 -0.097938
v 5.237665 0.000864 -0.100881
v 5.225181 0.000864 -0.104448
v 5.212541 0.000864 -0.108668
v 5.199650 0.000864 -0.113568
v 5.186415 0.000864 -0.119177
v 5.172743 0.000864 -0.125522
v 5.158540 0.000864 -0.132631
v 5.158540 0.000864 -0.228631
v 5.172929 0.000864 -0.219067
v 5.187068 0.000864 -0.210371
v 5.200915 0.000864 -0.202537
v 5.214429 0.000864 -0.195556
v 5.227568 0.000864 -0.189423
v 5.240290 0.000864 -0.184131
v 5.252554 0.000864 -0.179671
v 5.264318 0.000864 -0.176038
v 5.275540 0.000864 -0.173224
v 5.286179 0.000864 -0.171223
v 5.296193 0.000864 -0.170028
v 5.305540 0.000864 -0.169631
v 5.314402 0.000864 -0.170443
v 5.322929 0.000864 -0.171881
v 5.331040 0.000864 -0.173943
v 5.338652 0.000864 -0.176631
v 5.345679 0.000864 -0.179943
v 5.352040 0.000864 -0.183881
v 5.357652 0.000864 -0.188443
v 5.362430 0.000864 -0.193631
v 5.366290 0.000864 -0.199443
v 5.369151 0.000864 -0.205881
v 5.370929 0.000864 -0.212943
v 5.371540 0.000864 -0.220631
v 5.367408 0.000864 -0.235594
v 5.355984 0.000864 -0.249756
v 5.338727 0.000864 -0.263521
v 5.317096 0.000864 -0.277297
v 5.292547 0.000864 -0.291490
v 5.266540 0.000864 -0.306506
v 5.240533 0.000864 -0.322750
v 5.215984 0.000864 -0.340631
v 5.194352 0.000864 -0.360552
v 5.177095 0.000864 -0.382922
v 5.165672 0.000864 -0.408146
v 5.161541 0.000864 -0.436631
v 5.162734 0.000864 -0.454996
v 5.166253 0.000864 -0.472056
v 5.172009 0.000864 -0.487756
v 5.179911 0.000864 -0.502038
v 5.189868 0.000864 -0.514848
v 5.201790 0.000864 -0.526131
v 5.215588 0.000864 -0.535830
v 5.231170 0.000864 -0.543890
v 5.248446 0.000864 -0.550256
v 5.267327 0.000864 -0.554871
v 5.287722 0.000864 -0.557682
v 5.309540 0.000864 -0.558631
v 5.320063 0.000864 -0.558380
v 5.330637 0.000864 -0.557626
v 5.341274 0.000864 -0.556365
v 5.351985 0.000864 -0.554594
v 5.362778 0.000864 -0.552308
v 5.373665 0.000864 -0.549506
v 5.384656 0.000864 -0.546182
v 5.395762 0.000864 -0.542334
v 5.406993 0.000864 -0.537959
v 5.418360 0.000864 -0.533052
v 5.429872 0.000864 -0.527610
v 5.441540 0.000864 -0.521631
v 5.441540 0.000864 -0.433631
v 4.674541 0.000864 0.129369
v 4.674541 0.000864 -0.549631
v 4.828540 0.000864 -0.549631
v 4.867970 0.000864 -0.547971
v 4.904226 0.000864 -0.543019
v 4.937259 0.000864 -0.534818
v 4.967022 0.000864 -0.523408
v 4.993465 0.000864 -0.508832
v 5.016541 0.000864 -0.491131
v 5.036199 0.000864 -0.470346
v 5.052392 0.000864 -0.446519
v 5.065072 0.000864 -0.419693
v 5.074189 0.000864 -0.389908
v 5.079695 0.000864 -0.357207
v 5.081541 0.000864 -0.321631
v 5.079595 0.000864 -0.288746
v 5.073888 0.000864 -0.257719
v 5.064619 0.000864 -0.228740
v 5.051985 0.000864 -0.202001
v 5.036185 0.000864 -0.177692
v 5.017416 0.000864 -0.156006
v 4.995875 0.000864 -0.137131
v 4.971763 0.000864 -0.121260
v 4.945275 0.000864 -0.108584
v 4.916610 0.000864 -0.099293
v 4.885966 0.000864 -0.093578
v 4.853540 0.000864 -0.091631
v 4.846327 0.000864 -0.091757
v 4.839166 0.000864 -0.092140
v 4.832025 0.000864 -0.092787
v 4.824874 0.000864 -0.093705
v 4.817681 0.000864 -0.094900
v 4.810416 0.000864 -0.096381
v 4.803046 0.000864 -0.098153
v 4.795540 0.000864 -0.100223
v 4.787868 0.000864 -0.102599
v 4.779999 0.000864 -0.105288
v 4.771900 0.000864 -0.108296
v 4.763540 0.000864 -0.111631
v 4.763540 0.000864 0.129369
v 4.770330 0.000864 -0.188506
v 4.777193 0.000864 -0.185635
v 4.784119 0.000864 -0.183021
v 4.791096 0.000864 -0.180668
v 4.798115 0.000864 -0.178578
v 4.805166 0.000864 -0.176756
v 4.812237 0.000864 -0.175204
v 4.819318 0.000864 -0.173927
v 4.826400 0.000864 -0.172927
v 4.833471 0.000864 -0.172209
v 4.840521 0.000864 -0.171776
v 4.847540 0.000864 -0.171631
v 4.867789 0.000864 -0.172940
v 4.886952 0.000864 -0.176774
v 4.904899 0.000864 -0.182990
v 4.921503 0.000864 -0.191445
v 4.936634 0.000864 -0.201998
v 4.950165 0.000864 -0.214506
v 4.961967 0.000864 -0.228826
v 4.971910 0.000864 -0.244816
v 4.979868 0.000864 -0.262334
v 4.985712 0.000864 -0.281237
v 4.989312 0.000864 -0.301383
v 4.990541 0.000864 -0.322631
v 4.989521 0.000864 -0.345059
v 4.986462 0.000864 -0.365811
v 4.981369 0.000864 -0.384834
v 4.974245 0.000864 -0.402075
v 4.965092 0.000864 -0.417483
v 4.953916 0.000864 -0.431006
v 4.940718 0.000864 -0.442591
v 4.925503 0.000864 -0.452186
v 4.908275 0.000864 -0.459740
v 4.889036 0.000864 -0.465200
v 4.867790 0.000864 -0.468514
v 4.844541 0.000864 -0.469631
v 4.763540 0.000864 -0.469631
v 4.763540 0.000864 -0.191631
v 3.994540 0.000864 -0.490631
v 4.005979 0.000864 -0.501632
v 4.017300 0.000864 -0.511640
v 4.028509 0.000864 -0.520662
v 4.039615 0.000864 -0.528705
v 4.050622 0.000864 -0.535775
v 4.061541 0.000864 -0.541881
v 4.072375 0.000864 -0.547028
v 4.083133 0.000864 -0.551223
v 4.093822 0.000864 -0.554474
v 4.104448 0.000864 -0.556788
v 4.115018 0.000864 -0.558171
v 4.125540 0.000864 -0.558631
v 4.139578 0.000864 -0.558049
v 4.153174 0.000864 -0.556311
v 4.166306 0.000864 -0.553427
v 4.178948 0.000864 -0.549408
v 4.191076 0.000864 -0.544264
v 4.202665 0.000864 -0.538006
v 4.213693 0.000864 -0.530643
v 4.224133 0.000864 -0.522186
v 4.233963 0.000864 -0.512646
v 4.243156 0.000864 -0.502033
v 4.251690 0.000864 -0.490358
v 4.259541 0.000864 -0.477631
v 4.269463 0.000864 -0.488467
v 4.279749 0.000864 -0.498908
v 4.290431 0.000864 -0.508849
v 4.301541 0.000864 -0.518186
v 4.313108 0.000864 -0.526815
v 4.325166 0.000864 -0.534631
v 4.337744 0.000864 -0.541530
v 4.350874 0.000864 -0.547408
v 4.364587 0.000864 -0.552162
v 4.378915 0.000864 -0.555686
v 4.393889 0.000864 -0.557877
v 4.409541 0.000864 -0.558631
v 4.431588 0.000864 -0.557192
v 4.452174 0.000864 -0.552955
v 4.471212 0.000864 -0.546037
v 4.488614 0.000864 -0.536556
v 4.504294 0.000864 -0.524632
v 4.518165 0.000864 -0.510381
v 4.530140 0.000864 -0.493921
v 4.540133 0.000864 -0.475371
v 4.548056 0.000864 -0.454849
v 4.553823 0.000864 -0.432473
v 4.557346 0.000864 -0.408361
v 4.558540 0.000864 -0.382631
v 4.558540 0.000864 -0.100631
v 4.469541 0.000864 -0.100631
v 4.469541 0.000864 -0.378631
v 4.468685 0.000864 -0.394981
v 4.466194 0.000864 -0.410019
v 4.462182 0.000864 -0.423724
v 4.456763 0.000864 -0.436075
v 4.450053 0.000864 -0.447051
v 4.442166 0.000864 -0.456631
v 4.433216 0.000864 -0.464794
v 4.423318 0.000864 -0.471519
v 4.412588 0.000864 -0.476787
v 4.401138 0.000864 -0.480575
v 4.389084 0.000864 -0.482863
v 4.376541 0.000864 -0.483631
v 4.369092 0.000864 -0.483349
v 4.361285 0.000864 -0.482047
v 4.353180 0.000864 -0.479787
v 4.344836 0.000864 -0.476631
v 4.336311 0.000864 -0.472641
v 4.327665 0.000864 -0.467881
v 4.318956 0.000864 -0.462412
v 4.310244 0.000864 -0.456297
v 4.301587 0.000864 -0.449599
v 4.293045 0.000864 -0.442381
v 4.284676 0.000864 -0.434703
v 4.276540 0.000864 -0.426631
v 4.276540 0.000864 -0.100631
v 4.187541 0.000864 -0.100631
v 4.187541 0.000864 -0.379631
v 4.186787 0.000864 -0.397012
v 4.184596 0.000864 -0.412681
v 4.181072 0.000864 -0.426677
v 4.176318 0.000864 -0.439038
v 4.170440 0.000864 -0.449801
v 4.163540 0.000864 -0.459006
v 4.155725 0.000864 -0.466689
v 4.147096 0.000864 -0.472890
v 4.137759 0.000864 -0.477646
v 4.127818 0.000864 -0.480996
v 4.117377 0.000864 -0.482978
v 4.106541 0.000864 -0.483631
v 4.095590 0.000864 -0.483330
v 4.085188 0.000864 -0.482395
v 4.075259 0.000864 -0.480771
v 4.065725 0.000864 -0.478408
v 4.056511 0.000864 -0.475254
v 4.047540 0.000864 -0.471256
v 4.038736 0.000864 -0.466361
v 4.030022 0.000864 -0.460519
v 4.021322 0.000864 -0.453677
v 4.012559 0.000864 -0.445783
v 4.003657 0.000864 -0.436785
v 3.994540 0.000864 -0.426631
v 3.994540 0.000864 -0.100631
v 3.905540 0.000864 -0.100631
v 3.905540 0.000864 -0.549631
v 3.994540 0.000864 -0.549631
v 3.820770 0.000864 -0.120270
v 3.811878 0.000864 -0.114663
v 3.803743 0.000864 -0.109771
v 3.796244 0.000864 -0.105556
v 3.789258 0.000864 -0.101981
v 3.782665 0.000864 -0.099006
v 3.776343 0.000864 -0.096593
v 3.770170 0.000864 -0.094705
v 3.764024 0.000864 -0.093302
v 3.757786 0.000864 -0.092348
v 3.751331 0.000864 -0.091804
v 3.744540 0.000864 -0.091631
v 3.735162 0.000864 -0.091925
v 3.726517 0.000864 -0.092816
v 3.718587 0.000864 -0.094318
v 3.711355 0.000864 -0.096445
v 3.704804 0.000864 -0.099212
v 3.698915 0.000864 -0.102631
v 3.693673 0.000864 -0.106716
v 3.689059 0.000864 -0.111482
v 3.685056 0.000864 -0.116943
v 3.681647 0.000864 -0.123112
v 3.678814 0.000864 -0.130003
v 3.676540 0.000864 -0.137631
v 3.666749 0.000864 -0.130213
v 3.656883 0.000864 -0.123459
v 3.646946 0.000864 -0.117365
v 3.636947 0.000864 -0.111927
v 3.626893 0.000864 -0.107142
v 3.616790 0.000864 -0.103006
v 3.606645 0.000864 -0.099515
v 3.596466 0.000864 -0.096668
v 3.586259 0.000864 -0.094459
v 3.576031 0.000864 -0.092885
v 3.565789 0.000864 -0.091944
v 3.555540 0.000864 -0.091631
v 3.539511 0.000864 -0.092687
v 3.524475 0.000864 -0.095751
v 3.510509 0.000864 -0.100662
v 3.497688 0.000864 -0.107260
v 3.486090 0.000864 -0.115386
v 3.475790 0.000864 -0.124881
v 3.466866 0.000864 -0.135583
v 3.459392 0.000864 -0.147334
v 3.453446 0.000864 -0.159974
v 3.449105 0.000864 -0.173344
v 3.446444 0.000864 -0.187282
v 3.445540 0.000864 -0.201631
v 3.447176 0.000864 -0.222624
v 3.451874 0.000864 -0.241246
v 3.459321 0.000864 -0.257709
v 3.469207 0.000864 -0.272223
v 3.481217 0.000864 -0.285002
v 3.495040 0.000864 -0.296256
v 3.510363 0.000864 -0.306197
v 3.526874 0.000864 -0.315038
v 3.544259 0.000864 -0.322990
v 3.562207 0.000864 -0.330265
v 3.580405 0.000864 -0.337074
v 3.598540 0.000864 -0.343631
v 3.677540 0.000864 -0.371631
v 3.677540 0.000864 -0.395631
v 3.676978 0.000864 -0.408949
v 3.675290 0.000864 -0.420927
v 3.672478 0.000864 -0.431599
v 3.668540 0.000864 -0.441001
v 3.663478 0.000864 -0.449166
v 3.657290 0.000864 -0.456131
v 3.649978 0.000864 -0.461928
v 3.641540 0.000864 -0.466594
v 3.631978 0.000864 -0.470162
v 3.621290 0.000864 -0.472668
v 3.609478 0.000864 -0.474146
v 3.596540 0.000864 -0.474631
v 3.584274 0.000864 -0.474149
v 3.571994 0.000864 -0.472691
v 3.559727 0.000864 -0.470240
v 3.547503 0.000864 -0.466779
v 3.535348 0.000864 -0.462290
v 3.523290 0.000864 -0.456756
v 3.511357 0.000864 -0.450159
v 3.499577 0.000864 -0.442482
v 3.487978 0.000864 -0.433709
v 3.476587 0.000864 -0.423820
v 3.465431 0.000864 -0.412800
v 3.454540 0.000864 -0.400631
v 3.454540 0.000864 -0.497631
v 3.463583 0.000864 -0.507444
v 3.473216 0.000864 -0.516385
v 3.483447 0.000864 -0.524459
v 3.494281 0.000864 -0.531668
v 3.505727 0.000864 -0.538015
v 3.517790 0.000864 -0.543506
v 3.530479 0.000864 -0.548142
v 3.543800 0.000864 -0.551927
v 3.557759 0.000864 -0.554865
v 3.572364 0.000864 -0.556959
v 3.587622 0.000864 -0.558213
v 3.603540 0.000864 -0.558631
v 3.625864 0.000864 -0.557666
v 3.647212 0.000864 -0.554751
v 3.667400 0.000864 -0.549849
v 3.686244 0.000864 -0.542927
v 3.703561 0.000864 -0.533949
v 3.719165 0.000864 -0.522881
v 3.732874 0.000864 -0.509687
v 3.744503 0.000864 -0.494334
v 3.753868 0.000864 -0.476787
v 3.760786 0.000864 -0.457010
v 3.765071 0.000864 -0.434970
v 3.766540 0.000864 -0.410631
v 3.766540 0.000864 -0.179631
v 3.766665 0.000864 -0.175607
v 3.767036 0.000864 -0.172024
v 3.767650 0.000864 -0.168865
v 3.768503 0.000864 -0.166112
v 3.769593 0.000864 -0.163748
v 3.770915 0.000864 -0.161756
v 3.772467 0.000864 -0.160117
v 3.774244 0.000864 -0.158816
v 3.776243 0.000864 -0.157834
v 3.778461 0.000864 -0.157154
v 3.780895 0.000864 -0.156758
v 3.783540 0.000864 -0.156631
v 3.785973 0.000864 -0.156816
v 3.788758 0.000864 -0.157367
v 3.791868 0.000864 -0.158271
v 3.795281 0.000864 -0.159519
v 3.798971 0.000864 -0.161101
v 3.802915 0.000864 -0.163006
v 3.807088 0.000864 -0.165223
v 3.811466 0.000864 -0.167742
v 3.816025 0.000864 -0.170552
v 3.820739 0.000864 -0.173644
v 3.825586 0.000864 -0.177007
v 3.830540 0.000864 -0.180631
v 3.830540 0.000864 -0.126631
v 3.658781 0.000864 -0.316115
v 3.640633 0.000864 -0.309506
v 3.623290 0.000864 -0.302709
v 3.606948 0.000864 -0.295631
v 3.591799 0.000864 -0.288177
v 3.578040 0.000864 -0.280256
v 3.565864 0.000864 -0.271771
v 3.555466 0.000864 -0.262631
v 3.547040 0.000864 -0.252740
v 3.540781 0.000864 -0.242006
v 3.536883 0.000864 -0.230334
v 3.535540 0.000864 -0.217631
v 3.536093 0.000864 -0.208618
v 3.537712 0.000864 -0.200117
v 3.540337 0.000864 -0.192177
v 3.543911 0.000864 -0.184853
v 3.548373 0.000864 -0.178195
v 3.553665 0.000864 -0.172256
v 3.559728 0.000864 -0.167087
v 3.566503 0.000864 -0.162742
v 3.573931 0.000864 -0.159271
v 3.581952 0.000864 -0.156728
v 3.590508 0.000864 -0.155164
v 3.599540 0.000864 -0.154631
v 3.606498 0.000864 -0.154919
v 3.613373 0.000864 -0.155774
v 3.620165 0.000864 -0.157177
v 3.626873 0.000864 -0.159112
v 3.633498 0.000864 -0.161561
v 3.640040 0.000864 -0.164506
v 3.646498 0.000864 -0.167930
v 3.652873 0.000864 -0.171816
v 3.659165 0.000864 -0.176146
v 3.665373 0.000864 -0.180904
v 3.671498 0.000864 -0.186071
v 3.677540 0.000864 -0.191631
v 3.677540 0.000864 -0.322631
v 3.245540 0.000864 -0.100631
v 3.245540 0.000864 -0.397631
v 2.863540 0.000864 -0.397631
v 2.863540 0.000864 -0.100631
v 2.765540 0.000864 -0.100631
v 2.765540 0.000864 -0.782631
v 2.863540 0.000864 -0.782631
v 2.863540 0.000864 -0.485631
v 3.245540 0.000864 -0.485631
v 3.245540 0.000864 -0.782631
v 3.343540 0.000864 -0.782631
v 3.343540 0.000864 -0.100631
v 2.339108 0.000864 -0.441488
v 2.326841 0.000864 -0.448570
v 2.314774 0.000864 -0.454896
v 2.302947 0.000864 -0.460482
v 2.291398 0.000864 -0.465346
v 2.280165 0.000864 -0.469506
v 2.269286 0.000864 -0.472977
v 2.258799 0.000864 -0.475779
v 2.248743 0.000864 -0.477927
v 2.239156 0.000864 -0.479441
v 2.230075 0.000864 -0.480336
v 2.221540 0.000864 -0.480631
v 2.212816 0.000864 -0.480282
v 2.204669 0.000864 -0.479260
v 2.197133 0.000864 -0.477599
v 2.190243 0.000864 -0.475334
v 2.184034 0.000864 -0.472500
v 2.178540 0.000864 -0.469131
v 2.173795 0.000864 -0.465261
v 2.169836 0.000864 -0.460927
v 2.166696 0.000864 -0.456162
v 2.164410 0.000864 -0.451001
v 2.163013 0.000864 -0.445479
v 2.162540 0.000864 -0.439631
v 2.163176 0.000864 -0.434537
v 2.165128 0.000864 -0.429214
v 2.168462 0.000864 -0.423599
v 2.173244 0.000864 -0.417631
v 2.179539 0.000864 -0.411245
v 2.187415 0.000864 -0.404381
v 2.196936 0.000864 -0.396974
v 2.208170 0.000864 -0.388964
v 2.221181 0.000864 -0.380287
v 2.236035 0.000864 -0.370881
v 2.252800 0.000864 -0.360683
v 2.271540 0.000864 -0.349631
v 2.289072 0.000864 -0.337736
v 2.304716 0.000864 -0.326478
v 2.318540 0.000864 -0.315740
v 2.330614 0.000864 -0.305408
v 2.341007 0.000864 -0.295368
v 2.349790 0.000864 -0.285506
v 2.357031 0.000864 -0.275705
v 2.362799 0.000864 -0.265853
v 2.367165 0.000864 -0.255834
v 2.370197 0.000864 -0.245533
v 2.371966 0.000864 -0.234837
v 2.372540 0.000864 -0.223631
v 2.371251 0.000864 -0.204438
v 2.367480 0.000864 -0.186422
v 2.361368 0.000864 -0.169677
v 2.353059 0.000864 -0.154297
v 2.342693 0.000864 -0.140375
v 2.330415 0.000864 -0.128006
v 2.316366 0.000864 -0.117282
v 2.300688 0.000864 -0.108297
v 2.283524 0.000864 -0.101146
v 2.265017 0.000864 -0.095922
v 2.245308 0.000864 -0.092719
v 2.224540 0.000864 -0.091631
v 2.211024 0.000864 -0.091864
v 2.197915 0.000864 -0.092584
v 2.185118 0.000864 -0.093818
v 2.172540 0.000864 -0.095594
v 2.160087 0.000864 -0.097938
v 2.147665 0.000864 -0.100881
v 2.135180 0.000864 -0.104448
v 2.122540 0.000864 -0.108668
v 2.109649 0.000864 -0.113568
v 2.096415 0.000864 -0.119177
v 2.082743 0.000864 -0.125522
v 2.068540 0.000864 -0.132631
v 2.068540 0.000864 -0.228631
v 2.082929 0.000864 -0.219067
v 2.097068 0.000864 -0.210371
v 2.110916 0.000864 -0.202537
v 2.124429 0.000864 -0.195556
v 2.137568 0.000864 -0.189423
v 2.150290 0.000864 -0.184131
v 2.162554 0.000864 -0.179671
v 2.174318 0.000864 -0.176038
v 2.185540 0.000864 -0.173224
v 2.196179 0.000864 -0.171223
v 2.206193 0.000864 -0.170028
v 2.215540 0.000864 -0.169631
v 2.224401 0.000864 -0.170443
v 2.232929 0.000864 -0.171881
v 2.241040 0.000864 -0.173943
v 2.248651 0.000864 -0.176631
v 2.255679 0.000864 -0.179943
v 2.262040 0.000864 -0.183881
v 2.267651 0.000864 -0.188443
v 2.272429 0.000864 -0.193631
v 2.276290 0.000864 -0.199443
v 2.279151 0.000864 -0.205881
v 2.280929 0.000864 -0.212943
v 2.281540 0.000864 -0.220631
v 2.277408 0.000864 -0.235594
v 2.265984 0.000864 -0.249756
v 2.248727 0.000864 -0.263521
v 2.227095 0.000864 -0.277297
v 2.202547 0.000864 -0.291490
v 2.176540 0.000864 -0.306506
v 2.150533 0.000864 -0.322750
v 2.125985 0.000864 -0.340631
v 2.104352 0.000864 -0.360552
v 2.087096 0.000864 -0.382922
v 2.075672 0.000864 -0.408146
v 2.071540 0.000864 -0.436631
v 2.072733 0.000864 -0.454996
v 2.076253 0.000864 -0.472056
v 2.082009 0.000864 -0.487756
v 2.089911 0.000864 -0.502038
v 2.099868 0.000864 -0.514848
v 2.111790 0.000864 -0.526131
v 2.125588 0.000864 -0.535830
v 2.141170 0.000864 -0.543890
v 2.158446 0.000864 -0.550256
v 2.177327 0.000864 -0.554871
v 2.197722 0.000864 -0.557682
v 2.219540 0.000864 -0.558631
v 2.230062 0.000864 -0.558380
v 2.240637 0.000864 -0.557626
v 2.251274 0.000864 -0.556365
v 2.261984 0.000864 -0.554594
v 2.272778 0.000864 -0.552308
v 2.283665 0.000864 -0.549506
v 2.294656 0.000864 -0.546182
v 2.305762 0.000864 -0.542334
v 2.316993 0.000864 -0.537959
v 2.328359 0.000864 -0.533052
v 2.339871 0.000864 -0.527610
v 2.351540 0.000864 -0.521631
v 2.351540 0.000864 -0.433631
v 1.973126 0.000864 -0.136025
v 1.959808 0.000864 -0.128205
v 1.946477 0.000864 -0.121162
v 1.933021 0.000864 -0.114890
v 1.919329 0.000864 -0.109382
v 1.905290 0.000864 -0.104631
v 1.890792 0.000864 -0.100629
v 1.875725 0.000864 -0.097371
v 1.859977 0.000864 -0.094849
v 1.843438 0.000864 -0.093056
v 1.825996 0.000864 -0.091986
v 1.807540 0.000864 -0.091631
v 1.773841 0.000864 -0.093965
v 1.742781 0.000864 -0.100723
v 1.714415 0.000864 -0.111537
v 1.688800 0.000864 -0.126038
v 1.665989 0.000864 -0.143859
v 1.646040 0.000864 -0.164631
v 1.629008 0.000864 -0.187986
v 1.614948 0.000864 -0.213556
v 1.603915 0.000864 -0.240974
v 1.595966 0.000864 -0.269871
v 1.591156 0.000864 -0.299879
v 1.589540 0.000864 -0.330631
v 1.591304 0.000864 -0.363686
v 1.596485 0.000864 -0.394742
v 1.604915 0.000864 -0.423631
v 1.616429 0.000864 -0.450186
v 1.630859 0.000864 -0.474242
v 1.648040 0.000864 -0.495631
v 1.667804 0.000864 -0.514186
v 1.689985 0.000864 -0.529742
v 1.714415 0.000864 -0.542131
v 1.740929 0.000864 -0.551186
v 1.769360 0.000864 -0.556742
v 1.799540 0.000864 -0.558631
v 1.828375 0.000864 -0.556941
v 1.855304 0.000864 -0.551862
v 1.880212 0.000864 -0.543381
v 1.902985 0.000864 -0.531482
v 1.923507 0.000864 -0.516154
v 1.941665 0.000864 -0.497381
v 1.957344 0.000864 -0.475149
v 1.970429 0.000864 -0.449445
v 1.980806 0.000864 -0.420256
v 1.988360 0.000864 -0.387566
v 1.992976 0.000864 -0.351362
v 1.994540 0.000864 -0.311631
v 1.678540 0.000864 -0.311631
v 1.682810 0.000864 -0.290278
v 1.688614 0.000864 -0.270728
v 1.695946 0.000864 -0.252990
v 1.704799 0.000864 -0.237075
v 1.715166 0.000864 -0.222993
v 1.727040 0.000864 -0.210756
v 1.740414 0.000864 -0.200372
v 1.755281 0.000864 -0.191853
v 1.771634 0.000864 -0.185209
v 1.789466 0.000864 -0.180450
v 1.808770 0.000864 -0.177587
v 1.829540 0.000864 -0.176631
v 1.842980 0.000864 -0.177044
v 1.856308 0.000864 -0.178269
v 1.869540 0.000864 -0.180287
v 1.882688 0.000864 -0.183075
v 1.895767 0.000864 -0.186613
v 1.908790 0.000864 -0.190881
v 1.921772 0.000864 -0.195856
v 1.934725 0.000864 -0.201519
v 1.947665 0.000864 -0.207849
v 1.960605 0.000864 -0.214825
v 1.973559 0.000864 -0.222426
v 1.986540 0.000864 -0.230631
v 1.986540 0.000864 -0.144631
v 1.905047 0.000864 -0.387099
v 1.902096 0.000864 -0.402464
v 1.897727 0.000864 -0.416662
v 1.891984 0.000864 -0.429631
v 1.884908 0.000864 -0.441308
v 1.876540 0.000864 -0.451631
v 1.866922 0.000864 -0.460537
v 1.856096 0.000864 -0.467964
v 1.844103 0.000864 -0.473849
v 1.830985 0.000864 -0.478131
v 1.816783 0.000864 -0.480745
v 1.801540 0.000864 -0.481631
v 1.785104 0.000864 -0.480803
v 1.769799 0.000864 -0.478339
v 1.755634 0.000864 -0.474271
v 1.742614 0.000864 -0.468631
v 1.730747 0.000864 -0.461448
v 1.720040 0.000864 -0.452756
v 1.710500 0.000864 -0.442584
v 1.702133 0.000864 -0.430964
v 1.694946 0.000864 -0.417927
v 1.688947 0.000864 -0.403506
v 1.684143 0.000864 -0.387730
v 1.680540 0.000864 -0.370631
v 1.906540 0.000864 -0.370631
v 0.925540 0.000864 -0.490631
v 0.936979 0.000864 -0.501632
v 0.948299 0.000864 -0.511640
v 0.959509 0.000864 -0.520662
v 0.970614 0.000864 -0.528705
v 0.981622 0.000864 -0.535775
v 0.992540 0.000864 -0.541881
v 1.003375 0.000864 -0.547028
v 1.014132 0.000864 -0.551223
v 1.024821 0.000864 -0.554474
v 1.035447 0.000864 -0.556788
v 1.046018 0.000864 -0.558171
v 1.056540 0.000864 -0.558631
v 1.070578 0.000864 -0.558049
v 1.084174 0.000864 -0.556311
v 1.097306 0.000864 -0.553427
v 1.109947 0.000864 -0.549408
v 1.122075 0.000864 -0.544264
v 1.133665 0.000864 -0.538006
v 1.144692 0.000864 -0.530643
v 1.155133 0.000864 -0.522186
v 1.164962 0.000864 -0.512646
v 1.174156 0.000864 -0.502033
v 1.182690 0.000864 -0.490358
v 1.190540 0.000864 -0.477631
v 1.200462 0.000864 -0.488467
v 1.210748 0.000864 -0.498908
v 1.221431 0.000864 -0.508849
v 1.232540 0.000864 -0.518186
v 1.244108 0.000864 -0.526815
v 1.256165 0.000864 -0.534631
v 1.268743 0.000864 -0.541530
v 1.281873 0.000864 -0.547408
v 1.295587 0.000864 -0.552162
v 1.309915 0.000864 -0.555686
v 1.324889 0.000864 -0.557877
v 1.340540 0.000864 -0.558631
v 1.362588 0.000864 -0.557192
v 1.383174 0.000864 -0.552955
v 1.402212 0.000864 -0.546037
v 1.419614 0.000864 -0.536556
v 1.435294 0.000864 -0.524632
v 1.449165 0.000864 -0.510381
v 1.461140 0.000864 -0.493921
v 1.471133 0.000864 -0.475371
v 1.479056 0.000864 -0.454849
v 1.484823 0.000864 -0.432473
v 1.488346 0.000864 -0.408361
v 1.489540 0.000864 -0.382631
v 1.489540 0.000864 -0.100631
v 1.400540 0.000864 -0.100631
v 1.400540 0.000864 -0.378631
v 1.399684 0.000864 -0.394981
v 1.397193 0.000864 -0.410019
v 1.393181 0.000864 -0.423724
v 1.387762 0.000864 -0.436075
v 1.381052 0.000864 -0.447051
v 1.373165 0.000864 -0.456631
v 1.364215 0.000864 -0.464794
v 1.354318 0.000864 -0.471519
v 1.343587 0.000864 -0.476787
v 1.332137 0.000864 -0.480575
v 1.320083 0.000864 -0.482863
v 1.307540 0.000864 -0.483631
v 1.300092 0.000864 -0.483349
v 1.292285 0.000864 -0.482047
v 1.284181 0.000864 -0.479787
v 1.275836 0.000864 -0.476631
v 1.267312 0.000864 -0.472641
v 1.258665 0.000864 -0.467881
v 1.249956 0.000864 -0.462412
v 1.241244 0.000864 -0.456297
v 1.232587 0.000864 -0.449599
v 1.224045 0.000864 -0.442381
v 1.215676 0.000864 -0.434703
v 1.207540 0.000864 -0.426631
v 1.207540 0.000864 -0.100631
v 1.118540 0.000864 -0.100631
v 1.118540 0.000864 -0.379631
v 1.117786 0.000864 -0.397012
v 1.115596 0.000864 -0.412681
v 1.112071 0.000864 -0.426677
v 1.107318 0.000864 -0.439038
v 1.101439 0.000864 -0.449801
v 1.094540 0.000864 -0.459006
v 1.086724 0.000864 -0.466689
v 1.078096 0.000864 -0.472890
v 1.068759 0.000864 -0.477646
v 1.058818 0.000864 -0.480996
v 1.048377 0.000864 -0.482978
v 1.037540 0.000864 -0.483631
v 1.026590 0.000864 -0.483330
v 1.016188 0.000864 -0.482395
v 1.006259 0.000864 -0.480771
v 0.996725 0.000864 -0.478408
v 0.987511 0.000864 -0.475254
v 0.978540 0.000864 -0.471256
v 0.969736 0.000864 -0.466361
v 0.961021 0.000864 -0.460519
v 0.952321 0.000864 -0.453677
v 0.943558 0.000864 -0.445783
v 0.934657 0.000864 -0.436785
v 0.925540 0.000864 -0.426631
v 0.925540 0.000864 -0.100631
v 0.836540 0.000864 -0.100631
v 0.836540 0.000864 -0.549631
v 0.925540 0.000864 -0.549631
v 0.751770 0.000864 -0.120270
v 0.742878 0.000864 -0.114663
v 0.734743 0.000864 -0.109771
v 0.727244 0.000864 -0.105556
v 0.720258 0.000864 -0.101981
v 0.713665 0.000864 -0.099006
v 0.707343 0.000864 -0.096593
v 0.701169 0.000864 -0.094705
v 0.695024 0.000864 -0.093302
v 0.688785 0.000864 -0.092348
v 0.682331 0.000864 -0.091804
v 0.675540 0.000864 -0.091631
v 0.666162 0.000864 -0.091925
v 0.657517 0.000864 -0.092816
v 0.649587 0.000864 -0.094318
v 0.642355 0.000864 -0.096445
v 0.635803 0.000864 -0.099212
v 0.629915 0.000864 -0.102631
v 0.624672 0.000864 -0.106716
v 0.620059 0.000864 -0.111482
v 0.616055 0.000864 -0.116943
v 0.612646 0.000864 -0.123112
v 0.609814 0.000864 -0.130003
v 0.607540 0.000864 -0.137631
v 0.597749 0.000864 -0.130213
v 0.587883 0.000864 -0.123459
v 0.577946 0.000864 -0.117365
v 0.567947 0.000864 -0.111927
v 0.557893 0.000864 -0.107142
v 0.547790 0.000864 -0.103006
v 0.537645 0.000864 -0.099515
v 0.527466 0.000864 -0.096668
v 0.517259 0.000864 -0.094459
v 0.507031 0.000864 -0.092885
v 0.496789 0.000864 -0.091944
v 0.486540 0.000864 -0.091631
v 0.470511 0.000864 -0.092687
v 0.455475 0.000864 -0.095751
v 0.441509 0.000864 -0.100662
v 0.428688 0.000864 -0.107260
v 0.417090 0.000864 -0.115386
v 0.406790 0.000864 -0.124881
v 0.397865 0.000864 -0.135583
v 0.390392 0.000864 -0.147334
v 0.384446 0.000864 -0.159974
v 0.380105 0.000864 -0.173344
v 0.377444 0.000864 -0.187282
v 0.376540 0.000864 -0.201631
v 0.378175 0.000864 -0.222624
v 0.382873 0.000864 -0.241246
v 0.390321 0.000864 -0.257709
v 0.400207 0.000864 -0.272223
v 0.412217 0.000864 -0.285002
v 0.426040 0.000864 -0.296256
v 0.441363 0.000864 -0.306197
v 0.457873 0.000864 -0.315038
v 0.475259 0.000864 -0.322990
v 0.493207 0.000864 -0.330265
v 0.511405 0.000864 -0.337074
v 0.529540 0.000864 -0.343631
v 0.608540 0.000864 -0.371631
v 0.608540 0.000864 -0.395631
v 0.607977 0.000864 -0.408949
v 0.606290 0.000864 -0.420927
v 0.603477 0.000864 -0.431599
v 0.599540 0.000864 -0.441001
v 0.594477 0.000864 -0.449166
v 0.588290 0.000864 -0.456131
v 0.580977 0.000864 -0.461928
v 0.572540 0.000864 -0.466594
v 0.562977 0.000864 -0.470162
v 0.552290 0.000864 -0.472668
v 0.540478 0.000864 -0.474146
v 0.527540 0.000864 -0.474631
v 0.515274 0.000864 -0.474149
v 0.502994 0.000864 -0.472691
v 0.490727 0.000864 -0.470240
v 0.478503 0.000864 -0.466779
v 0.466348 0.000864 -0.462290
v 0.454290 0.000864 -0.456756
v 0.442357 0.000864 -0.450159
v 0.430577 0.000864 -0.442482
v 0.418977 0.000864 -0.433709
v 0.407586 0.000864 -0.423820
v 0.396431 0.000864 -0.412800
v 0.385540 0.000864 -0.400631
v 0.385540 0.000864 -0.497631
v 0.394583 0.000864 -0.507444
v 0.404216 0.000864 -0.516385
v 0.414446 0.000864 -0.524459
v 0.425281 0.000864 -0.531668
v 0.436726 0.000864 -0.538015
v 0.448790 0.000864 -0.543506
v 0.461479 0.000864 -0.548142
v 0.474799 0.000864 -0.551927
v 0.488759 0.000864 -0.554865
v 0.503364 0.000864 -0.556959
v 0.518622 0.000864 -0.558213
v 0.534540 0.000864 -0.558631
v 0.556864 0.000864 -0.557666
v 0.578211 0.000864 -0.554751
v 0.598399 0.000864 -0.549849
v 0.617244 0.000864 -0.542927
v 0.634560 0.000864 -0.533949
v 0.650165 0.000864 -0.522881
v 0.663874 0.000864 -0.509687
v 0.675503 0.000864 -0.494334
v 0.684868 0.000864 -0.476787
v 0.691785 0.000864 -0.457010
v 0.696071 0.000864 -0.434970
v 0.697540 0.000864 -0.410631
v 0.697540 0.000864 -0.179631
v 0.697664 0.000864 -0.175607
v 0.698035 0.000864 -0.172024
v 0.698649 0.000864 -0.168865
v 0.699503 0.000864 -0.166112
v 0.700593 0.000864 -0.163748
v 0.701915 0.000864 -0.161756
v 0.703466 0.000864 -0.160117
v 0.705244 0.000864 -0.158816
v 0.707243 0.000864 -0.157834
v 0.709461 0.000864 -0.157154
v 0.711895 0.000864 -0.156758
v 0.714540 0.000864 -0.156631
v 0.716973 0.000864 -0.156816
v 0.719758 0.000864 -0.157367
v 0.722868 0.000864 -0.158271
v 0.726281 0.000864 -0.159519
v 0.729971 0.000864 -0.161101
v 0.733915 0.000864 -0.163006
v 0.738088 0.000864 -0.165223
v 0.742466 0.000864 -0.167742
v 0.747024 0.000864 -0.170552
v 0.751739 0.000864 -0.173644
v 0.756586 0.000864 -0.177007
v 0.761540 0.000864 -0.180631
v 0.761540 0.000864 -0.126631
v 0.589781 0.000864 -0.316115
v 0.571633 0.000864 -0.309506
v 0.554290 0.000864 -0.302709
v 0.537947 0.000864 -0.295631
v 0.522799 0.000864 -0.288177
v 0.509040 0.000864 -0.280256
v 0.496864 0.000864 -0.271771
v 0.486466 0.000864 -0.262631
v 0.478040 0.000864 -0.252740
v 0.471781 0.000864 -0.242006
v 0.467883 0.000864 -0.230334
v 0.466540 0.000864 -0.217631
v 0.467093 0.000864 -0.208618
v 0.468711 0.000864 -0.200117
v 0.471337 0.000864 -0.192177
v 0.474910 0.000864 -0.184853
v 0.479373 0.000864 -0.178195
v 0.484665 0.000864 -0.172256
v 0.490728 0.000864 -0.167087
v 0.497503 0.000864 -0.162742
v 0.504930 0.000864 -0.159271
v 0.512952 0.000864 -0.156728
v 0.521508 0.000864 -0.155164
v 0.530540 0.000864 -0.154631
v 0.537498 0.000864 -0.154919
v 0.544373 0.000864 -0.155774
v 0.551165 0.000864 -0.157177
v 0.557873 0.000864 -0.159112
v 0.564498 0.000864 -0.161561
v 0.571040 0.000864 -0.164506
v 0.577498 0.000864 -0.167930
v 0.583873 0.000864 -0.171816
v 0.590165 0.000864 -0.176146
v 0.596373 0.000864 -0.180904
v 0.602498 0.000864 -0.186071
v 0.608540 0.000864 -0.191631
v 0.608540 0.000864 -0.322631
v 0.273457 0.000864 -0.061584
v 0.270128 0.000864 -0.032089
v 0.264431 0.000864 -0.004365
v 0.256244 0.000864 0.021370
v 0.245446 0.000864 0.044895
v 0.231915 0.000864 0.065994
v 0.215530 0.000864 0.084448
v 0.196170 0.000864 0.100036
v 0.173712 0.000864 0.112541
v 0.148035 0.000864 0.121744
v 0.119019 0.000864 0.127427
v 0.086540 0.000864 0.129369
v 0.083620 0.000864 0.129349
v 0.080846 0.000864 0.129291
v 0.078196 0.000864 0.129198
v 0.075651 0.000864 0.129073
v 0.073189 0.000864 0.128921
v 0.070790 0.000864 0.128744
v 0.068432 0.000864 0.128547
v 0.066096 0.000864 0.128332
v 0.063759 0.000864 0.128104
v 0.061401 0.000864 0.127865
v 0.059002 0.000864 0.127619
v 0.056540 0.000864 0.127369
v 0.038540 0.000864 0.036370
v 0.063540 0.000864 0.036370
v 0.087610 0.000864 0.035285
v 0.108021 0.000864 0.032027
v 0.125071 0.000864 0.026588
v 0.139058 0.000864 0.018962
v 0.150282 0.000864 0.009141
v 0.159040 0.000864 -0.002881
v 0.165631 0.000864 -0.017111
v 0.170355 0.000864 -0.033556
v 0.173509 0.000864 -0.052224
v 0.175392 0.000864 -0.073121
v 0.176303 0.000864 -0.096254
v 0.176540 0.000864 -0.121631
v 0.176540 0.000864 -0.782631
v 0.274540 0.000864 -0.782631
v 0.274540 0.000864 -0.092631
v 0.273457 0.000864 -0.061584
v 0.273457 0.200864 -0.061584
v 0.270128 0.000864 -0.032089
v 0.270128 0.200864 -0.032089
v 0.264431 0.000864 -0.004365
v 0.264431 0.200864 -0.004365
v 0.256244 0.000864 0.021370
v 0.256244 0.200864 0.021370
v 0.245446 0.000864 0.044895
v 0.245446 0.200864 0.044895
v 0.231915 0.000864 0.065994
v 0.231915 0.200864 0.065994
v 0.215530 0.000864 0.084448
v 0.215530 0.200864 0.084448
v 0.196170 0.000864 0.100036
v 0.196170 0.200864 0.100036
v 0.173712 0.000864 0.112541
v 0.173712 0.200864 0.112541
v 0.148035 0.000864 0.121744
v 0.148035 0.200864 0.121744
v 0.119019 0.000864 0.127427
v 0.119019 0.200864 0.127427
v 0.086540 0.000864 0.129369
v 0.086540 0.200864 0.129369
v 0.083620 0.000864 0.129349
v 0.083620 0.200864 0.129349
v 0.080846 0.000864 0.129291
v 0.080846 0.200864 0.129291
v 0.078196 0.000864 0.129198
v 0.078196 0.200864 0.129198
v 0.075651 0.000864 0.129073
v 0.075651 0.200864 0.129073
v 0.073189 0.000864 0.128921
v 0.073189 0.200864 0.128921
v 0.070790 0.000864 0.128744
v 0.070790 0.200864 0.128744
v 0.068432 0.000864 0.128547
v 0.068432 0.200864 0.128547
v 0.066096 0.000864 0.128332
v 0.066096 0.200864 0.128332
v 0.063759 0.000864 0.128104
v 0.063759 0.200864 0.128104
v 0.061401 0.000864 0.127865
v 0.061401 0.200864 0.127865
v 0.059002 0.000864 0.127619
v 0.059002 0.200864 0.127619
v 0.056540 0.000864 0.127369
v 0.056540 0.200864 0.127369
v 0.038540 0.000864 0.036370
v 0.038540 0.200864 0.036370
v 0.063540 0.000864 0.036370
v 0.063540 0.200864 0.036370
v 0.087610 0.000864 0.035285
v 0.087610 0.200864 0.035285
v 0.108021 0.000864 0.032027
v 0.108021 0.200864 0.032027
v 0.125071 0.000864 0.026588
v 0.125071 0.200864 0.026588
v 0.139058 0.000864 0.018962
v 0.139058 0.200864 0.018962
v 0.150282 0.000864 0.009141
v 0.150282 0.200864 0.009141
v 0.159040 0.000864 -0.002881
v 0.159040 0.200864 -0.002881
v 0.165631 0.000864 -0.017111
v 0.165631 0.200864 -0.017111
v 0.170355 0.000864 -0.033556
v 0.170355 0.200864 -0.033556
v 0.173509 0.000864 -0.052224
v 0.173509 0.200864 -0.052224
v 0.175392 0.000864 -0.073121
v 0.175392 0.200864 -0.073121
v 0.176303 0.000864 -0.096254
v 0.176303 0.200864 -0.096254
v 0.176540 0.000864 -0.121631
v 0.176540 0.200864 -0.121631
v 0.176540 0.000864 -0.782631
v 0.176540 0.200864 -0.782631
v 0.274540 0.000864 -0.782631
v 0.274540 0.200864 -0.782631
v 0.274540 0.000864 -0.092631
v 0.274540 0.200864 -0.092631
v 0.751770 0.000864 -0.120270
v 0.751770 0.200864 -0.120270
v 0.742878 0.000864 -0.114663
v 0.742878 0.200864 -0.114663
v 0.734743 0.000864 -0.109771
v 0.734743 0.200864 -0.109771
v 0.727244 0.000864 -0.105556
v 0.727244 0.200864 -0.105556
v 0.720258 0.000864 -0.101981
v 0.720258 0.200864 -0.101981
v 0.713665 0.000864 -0.099006
v 0.713665 0.200864 -0.099006
v 0.707343 0.000864 -0.096593
v 0.707343 0.200864 -0.096593
v 0.701169 0.000864 -0.094705
v 0.701169 0.200864 -0.094705
v 0.695024 0.000864 -0.093302
v 0.695024 0.200864 -0.093302
v 0.688785 0.000864 -0.092348
v 0.688785 0.200864 -0.092348
v 0.682331 0.000864 -0.091804
v 0.682331 0.200864 -0.091804
v 0.675540 0.000864 -0.091631
v 0.675540 0.200864 -0.091631
v 0.666162 0.000864 -0.091925
v 0.666162 0.200864 -0.091925
v 0.657517 0.000864 -0.092816
v 0.657517 0.200864 -0.092816
v 0.649587 0.000864 -0.094318
v 0.649587 0.200864 -0.094318
v 0.642355 0.000864 -0.096445
v 0.642355 0.200864 -0.096445
v 0.635803 0.000864 -0.099212
v 0.635803 0.200864 -0.099212
v 0.629915 0.000864 -0.102631
v 0.629915 0.200864 -0.102631
v 0.624672 0.000864 -0.106716
v 0.624672 0.200864 -0.106716
v 0.620059 0.000864 -0.111482
v 0.620059 0.200864 -0.111482
v 0.616055 0.000864 -0.116943
v 0.616055 0.200864 -0.116943
v 0.612646 0.000864 -0.123112
v 0.612646 0.200864 -0.123112
v 0.609814 0.000864 -0.130003
v 0.609814 0.200864 -0.130003
v 0.607540 0.000864 -0.137631
v 0.607540 0.200864 -0.137631
v 0.597749 0.000864 -0.130213
v 0.597749 0.200864 -0.130213
v 0.587883 0.000864 -0.123459
v 0.587883 0.200864 -0.123459
v 0.577946 0.000864 -0.117365
v 0.577946 0.200864 -0.117365
v 0.567947 0.000864 -0.111927
v 0.567947 0.200864 -0.111927
v 0.557893 0.000864 -0.107142
v 0.557893 0.200864 -0.107142
v 0.547790 0.000864 -0.103006
v 0.547790 0.200864 -0.103006
v 0.537645 0.000864 -0.099515
v 0.537645 0.200864 -0.099515
v 0.527466 0.000864 -0.096668
v 0.527466 0.200864 -0.096668
v 0.517259 0.000864 -0.094459
v 0.517259 0.200864 -0.094459
v 0.507031 0.000864 -0.092885
v 0.507031 0.200864 -0.092885
v 0.496789 0.000864 -0.091944
v 0.496789 0.200864 -0.091944
v 0.486540 0.000864 -0.091631
v 0.486540 0.200864 -0.091631
v 0.470511 0.000864 -0.092687
v 0.470511 0.200864 -0.092687
v 0.455475 0.000864 -0.095751
v 0.455475 0.200864 -0.095751
v 0.441509 0.000864 -0.100662
v 0.441509 0.200864 -0.100662
v 0.428688 0.000864 -0.107260
v 0.428688 0.200864 -0.107260
v 0.417090 0.000864 -0.115386
v 0.417090 0.200864 -0.115386
v 0.406790 0.000864 -0.124881
v 0.406790 0.200864 -0.124881
v 0.397865 0.000864 -0.135583
v 0.397865 0.200864 -0.135583
v 0.390392 0.000864 -0.147334
v 0.390392 0.200864 -0.147334
v 0.384446 0.000864 -0.159974
v 0.384446 0.200864 -0.159974
v 0.380105 0.000864 -0.173344
v 0.380105 0.200864 -0.173344
v 0.377444 0.000864 -0.187282
v 0.377444 0.200864 -0.187282
v 0.376540 0.000864 -0.201631
v 0.376540 0.200864 -0.201631
v 0.378175 0.000864 -0.222624
v 0.378175 0.200864 -0.222624
v 0.382873 0.000864 -0.241246
v 0.382873 0.200864 -0.241246
v 0.390321 0.000864 -0.257709
v 0.390321 0.200864 -0.257709
v 0.400207 0.000864 -0.272223
v 0.400207 0.200864 -0.272223
v 0.412217 0.000864 -0.285002
v 0.412217 0.200864 -0.285002
v 0.426040 0.000864 -0.296256
v 0.426040 0.200864 -0.296256
v 0.441363 0.000864 -0.306197
v 0.441363 0.200864 -0.306197
v 0.457873 0.000864 -0.315038
v 0.457873 0.200864 -0.315038
v 0.475259 0.000864 -0.322990
v 0.475259 0.200864 -0.322990
v 0.493207 0.000864 -0.330265
v 0.493207 0.200864 -0.330265
v 0.511405 0.000864 -0.337074
v 0.511405 0.200864 -0.337074
v 0.529540 0.000864 -0.343631
v 0.529540 0.200864 -0.343631
v 0.608540 0.000864 -0.371631
v 0.608540 0.200864 -0.371631
v 0.608540 0.000864 -0.395631
v 0.608540 0.200864 -0.395631
v 0.607977 0.000864 -0.408949
v 0.607977 0.200864 -0.408949
v 0.606290 0.000864 -0.420927
v 0.606290 0.200864 -0.420927
v 0.603477 0.000864 -0.431599
v 0.603477 0.200864 -0.431599
v 0.599540 0.000864 -0.441001
v 0.599540 0.200864 -0.441001
v 0.594477 0.000864 -0.449166
v 0.594477 0.200864 -0.449166
v 0.588290 0.000864 -0.456131
v 0.588290 0.200864 -0.456131
v 0.580977 0.000864 -0.461928
v 0.580977 0.200864 -0.461928
v 0.572540 0.000864 -0.466594
v 0.572540 0.200864 -0.466594
v 0.562977 0.000864 -0.470162
v 0.562977 0.200864 -0.470162
v 0.552290 0.000864 -0.472668
v 0.552290 0.200864 -0.472668
v 0.540478 0.000864 -0.474146
v 0.540478 0.200864 -0.474146
v 0.527540 0.000864 -0.474631
v 0.527540 0.200864 -0.474631
v 0.515274 0.000864 -0.474149
v 0.515274 0.200864 -0.474149
v 0.502994 0.000864 -0.472691
v 0.502994 0.200864 -0.472691
v 0.490727 0.000864 -0.470240
v 0.490727 0.200864 -0.470240
v 0.478503 0.000864 -0.466779
v 0.478503 0.200864 -0.466779
v 0.466348 0.000864 -0.462290
v 0.466348 0.200864 -0.462290
v 0.454290 0.000864 -0.456756
v 0.454290 0.200864 -0.456756
v 0.442357 0.000864 -0.450159
v 0.442357 0.200864 -0.450159
v 0.430577 0.000864 -0.442482
v 0.430577 0.200864 -0.442482
v 0.418977 0.000864 -0.433709
v 0.418977 0.200864 -0.433709
v 0.407586 0.000864 -0.423820
v 0.407586 0.200864 -0.423820
v 0.396431 0.000864 -0.412800
v 0.396431 0.200864 -0.412800
v 0.385540 0.000864 -0.400631
v 0.385540 0.200864 -0.400631
v 0.385540 0.000864 -0.497631
v 0.385540 0.200864 -0.497631
v 0.394583 0.000864 -0.507444
v 0.394583 0.200864 -0.507444
v 0.404216 0.000864 -0.516385
v 0.404216 0.200864 -0.516385
v 0.414446 0.000864 -0.524459
v 0.414446 0.200864 -0.524459
v 0.425281 0.000864 -0.531668
v 0.425281 0.200864 -0.531668
v 0.436726 0.000864 -0.538015
v 0.436726 0.200864 -0.538015
v 0.448790 0.000864 -0.543506
v 0.448790 0.200864 -0.543506
v 0.461479 0.000864 -0.548142
v 0.461479 0.200864 -0.548142
v 0.474799 0.000864 -0.551927
v 0.474799 0.200864 -0.551927
v 0.488759 0.000864 -0.554865
v 0.488759 0.200864 -0.554865
v 0.503364 0.000864 -0.556959
v 0.503364 0.200864 -0.556959
v 0.518622 0.000864 -0.558213
v 0.518622 0.200864 -0.558213
v 0.534540 0.000864 -0.558631
v 0.534540 0.200864 -0.558631
v 0.556864 0.000864 -0.557666
v 0.556864 0.200864 -0.557666
v 0.578211 0.000864 -0.554751
v 0.578211 0.200864 -0.554751
v 0.598399 0.000864 -0.549849
v 0.598399 0.200864 -0.549849
v 0.617244 0.000864 -0.542927
v 0.617244 0.200864 -0.542927
v 0.634560 0.000864 -0.533949
v 0.634560 0.200864 -0.533949
v 0.650165 0.000864 -0.522881
v 0.650165 0.200864 -0.522881
v 0.663874 0.000864 -0.509687
v 0.663874 0.200864 -0.509687
v 0.675503 0.000864 -0.494334
v 0.675503 0.200864 -0.494334
v 0.684868 0.000864 -0.476787
v 0.684868 0.200864 -0.476787
v 0.691785 0.000864 -0.457010
v 0.691785 0.200864 -0.457010
v 0.696071 0.000864 -0.434970
v 0.696071 0.200864 -0.434970
v 0.697540 0.000864 -0.410631
v 0.697540 0.200864 -0.410631
v 0.697540 0.000864 -0.179631
v 0.697540 0.200864 -0.179631
v 0.697664 0.000864 -0.175607
v 0.697664 0.200864 -0.175607
v 0.698035 0.000864 -0.172024
v 0.698035 0.200864 -0.172024
v 0.698649 0.000864 -0.168865
v 0.698649 0.200864 -0.168865
v 0.699503 0.000864 -0.166112
v 0.699503 0.200864 -0.166112
v 0.700593 0.000864 -0.163748
v 0.700593 0.200864 -0.163748
v 0.701915 0.000864 -0.161756
v 0.701915 0.200864 -0.161756
v 0.703466 0.000864 -0.160117
v 0.703466 0.200864 -0.160117
v 0.705244 0.000864 -0.158816
v 0.705244 0.200864 -0.158816
v 0.707243 0.000864 -0.157834
v 0.707243 0.200864 -0.157834
v 0.709461 0.000864 -0.157154
v 0.709461 0.200864 -0.157154
v 0.711895 0.000864 -0.156758
v 0.711895 0.200864 -0.156758
v 0.714540 0.000864 -0.156631
v 0.714540 0.200864 -0.156631
v 0.716973 0.000864 -0.156816
v 0.716973 0.200864 -0.156816
v 0.719758 0.000864 -0.157367
v 0.719758 0.200864 -0.157367
v 0.722868 0.000864 -0.158271
v 0.722868 0.200864 -0.158271
v 0.726281 0.000864 -0.159519
v 0.726281 0.200864 -0.159519
v 0.729971 0.000864 -0.161101
v 0.729971 0.200864 -0.161101
v 0.733915 0.000864 -0.163006
v 0.733915 0.200864 -0.163006
v 0.738088 0.000864 -0.165223
v 0.738088 0.200864 -0.165223
v 0.742466 0.000864 -0.167742
v 0.742466 0.200864 -0.167742
v 0.747024 0.000864 -0.170552
v 0.747024 0.200864 -0.170552
v 0.751739 0.000864 -0.173644
v 0.751739 0.200864 -0.173644
v 0.756586 0.000864 -0.177007
v 0.756586 0.200864 -0.177007
v 0.761540 0.000864 -0.180631
v 0.761540 0.200864 -0.180631
v 0.761540 0.000864 -0.126631
v 0.761540 0.200864 -0.126631
v 0.589781 0.000864 -0.316115
v 0.589781 0.200864 -0.316115
v 0.571633 0.000864 -0.309506
v 0.571633 0.200864 -0.309506
v 0.554290 0.000864 -0.302709
v 0.554290 0.200864 -0.302709
v 0.537947 0.000864 -0.295631
v 0.537947 0.200864 -0.295631
v 0.522799 0.000864 -0.288177
v 0.522799 0.200864 -0.288177
v 0.509040 0.000864 -0.280256
v 0.509040 0.200864 -0.280256
v 0.496864 0.000864 -0.271771
v 0.496864 0.200864 -0.271771
v 0.486466 0.000864 -0.262631
v 0.486466 0.200864 -0.262631
v 0.478040 0.000864 -0.252740
v 0.478040 0.200864 -0.252740
v 0.471781 0.000864 -0.242006
v 0.471781 0.200864 -0.242006
v 0.467883 0.000864 -0.230334
v 0.467883 0.200864 -0.230334
v 0.466540 0.000864 -0.217631
v 0.466540 0.200864 -0.217631
v 0.467093 0.000864 -0.208618
v 0.467093 0.200864 -0.208618
v 0.468711 0.000864 -0.200117
v 0.468711 0.200864 -0.200117
v 0.471337 0.000864 -0.192177
v 0.471337 0.200864 -0.192177
v 0.474910 0.000864 -0.184853
v 0.474910 0.200864 -0.184853
v 0.479373 0.000864 -0.178195
v 0.479373 0.200864 -0.178195
v 0.484665 0.000864 -0.172256
v 0.484665 0.200864 -0.172256
v 0.490728 0.000864 -0.167087
v 0.490728 0.200864 -0.167087
v 0.497503 0.000864 -0.162742
v 0.497503 0.200864 -0.162742
v 0.504930 0.000864 -0.159271
v 0.504930 0.200864 -0.159271
v 0.512952 0.000864 -0.156728
v 0.512952 0.200864 -0.156728
v 0.521508 0.000864 -0.155164
v 0.521508 0.200864 -0.155164
v 0.530540 0.000864 -0.154631
v 0.530540 0.200864 -0.154631
v 0.537498 0.000864 -0.154919
v 0.537498 0.200864 -0.154919
v 0.544373 0.000864 -0.155774
v 0.544373 0.200864 -0.155774
v 0.551165 0.000864 -0.157177
v 0.551165 0.200864 -0.157177
v 0.557873 0.000864 -0.159112
v 0.557873 0.200864 -0.159112
v 0.564498 0.000864 -0.161561
v 0.564498 0.200864 -0.161561
v 0.571040 0.000864 -0.164506
v 0.571040 0.200864 -0.164506
v 0.577498 0.000864 -0.167930
v 0.577498 0.200864 -0.167930
v 0.583873 0.000864 -0.171816
v 0.583873 0.200864 -0.171816
v 0.590165 0.000864 -0.176146
v 0.590165 0.200864 -0.176146
v 0.596373 0.000864 -0.180904
v 0.596373 0.200864 -0.180904
v 0.602498 0.000864 -0.186071
v 0.602498 0.200864 -0.186071
v 0.608540 0.000864 -0.191631
v 0.608540 0.200864 -0.191631
v 0.608540 0.000864 -0.322631
v 0.608540 0.200864 -0.322631
v 0.925540 0.000864 -0.490631
v 0.925540 0.200864 -0.490631
v 0.936979 0.000864 -0.501632
v 0.936979 0.200864 -0.501632
v 0.948299 0.000864 -0.511640
v 0.948299 0.200864 -0.511640
v 0.959509 0.000864 -0.520662
v 0.959509 0.200864 -0.520662
v 0.970614 0.000864 -0.528705
v 0.970614 0.200864 -0.528705
v 0.981622 0.000864 -0.535775
v 0.981622 0.200864 -0.535775
v 0.992540 0.000864 -0.541881
v 0.992540 0.200864 -0.541881
v 1.003375 0.000864 -0.547028
v 1.003375 0.200864 -0.547028
v 1.014132 0.000864 -0.551223
v 1.014132 0.200864 -0.551223
v 1.024821 0.000864 -0.554474
v 1.024821 0.200864 -0.554474
v 1.035447 0.000864 -0.556788
v 1.035447 0.200864 -0.556788
v 1.046018 0.000864 -0.558171
v 1.046018 0.200864 -0.558171
v 1.056540 0.000864 -0.558631
v 1.056540 0.200864 -0.558631
v 1.070578 0.000864 -0.558049
v 1.070578 0.200864 -0.558049
v 1.084174 0.000864 -0.556311
v 1.084174 0.200864 -0.556311
v 1.097306 0.000864 -0.553427
v 1.097306 0.200864 -0.553427
v 1.109947 0.000864 -0.549408
v 1.109947 0.200864 -0.549408
v 1.122075 0.000864 -0.544264
v 1.122075 0.200864 -0.544264
v 1.133665 0.000864 -0.538006
v 1.133665 0.200864 -0.538006
v 1.144692 0.000864 -0.530643
v 1.144692 0.200864 -0.530643
v 1.155133 0.000864 -0.522186
v 1.155133 0.200864 -0.522186
v 1.164962 0.000864 -0.512646
v 1.164962 0.200864 -0.512646
v 1.174156 0.000864 -0.502033
v 1.174156 0.200864 -0.502033
v 1.182690 0.000864 -0.490358
v 1.182690 0.200864 -0.490358
v 1.190540 0.000864 -0.477631
v 1.190540 0.200864 -0.477631
v 1.200462 0.000864 -0.488467
v 1.200462 0.200864 -0.488467
v 1.210748 0.000864 -0.498908
v 1.210748 0.200864 -0.498908
v 1.221431 0.000864 -0.508849
v 1.221431 0.200864 -0.508849
v 1.232540 0.000864 -0.518186
v 1.232540 0.200864 -0.518186
v 1.244108 0.000864 -0.526815
v 1.244108 0.200864 -0.526815
v 1.256165 0.000864 -0.534631
v 1.256165 0.200864 -0.534631
v 1.268743 0.000864 -0.541530
v 1.268743 0.200864 -0.541530
v 1.281873 0.000864 -0.547408
v 1.281873 0.200864 -0.547408
v 1.295587 0.000864 -0.552162
v 1.295587 0.200864 -0.552162
v 1.309915 0.000864 -0.555686
v 1.309915 0.200864 -0.555686
v 1.324889 0.000864 -0.557877
v 1.324889 0.200864 -0.557877
v 1.340540 0.000864 -0.558631
v 1.340540 0.200864 -0.558631
v 1.362588 0.000864 -0.557192
v 1.362588 0.200864 -0.557192
v 1.383174 0.000864 -0.552955
v 1.383174 0.200864 -0.552955
v 1.402212 0.000864 -0.546037
v 1.402212 0.200864 -0.546037
v 1.419614 0.000864 -0.536556
v 1.419614 0.200864 -0.536556
v 1.435294 0.000864 -0.524632
v 1.435294 0.200864 -0.524632
v 1.449165 0.000864 -0.510381
v 1.449165 0.200864 -0.510381
v 1.461140 0.000864 -0.493921
v 1.461140 0.200864 -0.493921
v 1.471133 0.000864 -0.475371
v 1.471133 0.200864 -0.475371
v 1.479056 0.000864 -0.454849
v 1.479056 0.200864 -0.454849
v 1.484823 0.000864 -0.432473
v 1.484823 0.200864 -0.432473
v 1.488346 0.000864 -0.408361
v 1.488346 0.200864 -0.408361
v 1.489540 0.000864 -0.382631
v 1.489540 0.200864 -0.382631
v 1.489540 0.000864 -0.100631
v 1.489540 0.200864 -0.100631
v 1.400540 0.000864 -0.100631
v 1.400540 0.200864 -0.100631
v 1.400540 0.000864 -0.378631
v 1.400540 0.200864 -0.378631
v 1.399684 0.000864 -0.394981
v 1.399684 0.200864 -0.394981
v 1.397193 0.000864 -0.410019
v 1.397193 0.200864 -0.410019
v 1.393181 0.000864 -0.423724
v 1.393181 0.200864 -0.423724
v 1.387762 0.000864 -0.436075
v 1.387762 0.200864 -0.436075
v 1.381052 0.000864 -0.447051
v 1.381052 0.200864 -0.447051
v 1.373165 0.000864 -0.456631
v 1.373165 0.200864 -0.456631
v 1.364215 0.000864 -0.464794
v 1.364215 0.200864 -0.464794
v 1.354318 0.000864 -0.471519
v 1.354318 0.200864 -0.471519
v 1.343587 0.000864 -0.476787
v 1.343587 0.200864 -0.476787
v 1.332137 0.000864 -0.480575
v 1.332137 0.200864 -0.480575
v 1.320083 0.000864 -0.482863
v 1.320083 0.200864 -0.482863
v 1.307540 0.000864 -0.483631
v 1.307540 0.200864 -0.483631
v 1.300092 0.000864 -0.483349
v 1.300092 0.200864 -0.483349
v 1.292285 0.000864 -0.482047
v 1.292285 0.200864 -0.482047
v 1.284181 0.000864 -0.479787
v 1.284181 0.200864 -0.479787
v 1.275836 0.000864 -0.476631
v 1.275836 0.200864 -0.476631
v 1.267312 0.000864 -0.472641
v 1.267312 0.200864 -0.472641
v 1.258665 0.000864 -0.467881
v 1.258665 0.200864 -0.467881
v 1.249956 0.000864 -0.462412
v 1.249956 0.200864 -0.462412
v 1.241244 0.000864 -0.456297
v 1.241244 0.200864 -0.456297
v 1.232587 0.000864 -0.449599
v 1.232587 0.200864 -0.449599
v 1.224045 0.000864 -0.442381
v 1.224045 0.200864 -0.442381
v 1.215676 0.000864 -0.434703
v 1.215676 0.200864 -0.434703
v 1.207540 0.000864 -0.426631
v 1.207540 0.200864 -0.426631
v 1.207540 0.000864 -0.100631
v 1.207540 0.200864 -0.100631
v 1.118540 0.000864 -0.100631
v 1.118540 0.200864 -0.100631
v 1.118540 0.000864 -0.379631
v 1.118540 0.200864 -0.379631
v 1.117786 0.000864 -0.397012
v 1.117786 0.200864 -0.397012
v 1.115596 0.000864 -0.412681
v 1.115596 0.200864 -0.412681
v 1.112071 0.000864 -0.426677
v 1.112071 0.200864 -0.426677
v 1.107318 0.000864 -0.439038
v 1.107318 0.200864 -0.439038
v 1.101439 0.000864 -0.449801
v 1.101439 0.200864 -0.449801
v 1.094540 0.000864 -0.459006
v 1.094540 0.200864 -0.459006
v 1.086724 0.000864 -0.466689
v 1.086724 0.200864 -0.466689
v 1.078096 0.000864 -0.472890
v 1.078096 0.200864 -0.472890
v 1.068759 0.000864 -0.477646
v 1.068759 0.200864 -0.477646
v 1.058818 0.000864 -0.480996
v 1.058818 0.200864 -0.480996
v 1.048377 0.000864 -0.482978
v 1.048377 0.200864 -0.482978
v 1.037540 0.000864 -0.483631
v 1.037540 0.200864 -0.483631
v 1.026590 0.000864 -0.483330
v 1.026590 0.200864 -0.483330
v 1.016188 0.000864 -0.482395
v 1.016188 0.200864 -0.482395
v 1.006259 0.000864 -0.480771
v 1.006259 0.200864 -0.480771
v 0.996725 0.000864 -0.478408
v 0.996725 0.200864 -0.478408
v 0.987511 0.000864 -0.475254
v 0.987511 0.200864 -0.475254
v 0.978540 0.000864 -0.471256
v 0.978540 0.200864 -0.471256
v 0.969736 0.000864 -0.466361
v 0.969736 0.200864 -0.466361
v 0.961021 0.000864 -0.460519
v 0.961021 0.200864 -0.460519
v 0.952321 0.000864 -0.453677
v 0.952321 0.200864 -0.453677
v 0.943558 0.000864 -0.445783
v 0.943558 0.200864 -0.445783
v 0.934657 0.000864 -0.436785
v 0.934657 0.200864 -0.436785
v 0.925540 0.000864 -0.426631
v 0.925540 0.200864 -0.426631
v 0.925540 0.000864 -0.100631
v 0.925540 0.200864 -0.100631
v 0.836540 0.000864 -0.100631
v 0.836540 0.200864 -0.100631
v 0.836540 0.000864 -0.549631
v 0.836540 0.200864 -0.549631
v 0.925540 0.000864 -0.549631
v 0.925540 0.200864 -0.549631
v 1.973126 0.000864 -0.136025
v 1.973126 0.200864 -0.136025
v 1.959808 0.000864 -0.128205
v 1.959808 0.200864 -0.128205
v 1.946477 0.000864 -0.121162
v 1.946477 0.200864 -0.121162
v 1.933021 0.000864 -0.114890
v 1.933021 0.200864 -0.114890
v 1.919329 0.000864 -0.109382
v 1.919329 0.200864 -0.109382
v 1.905290 0.000864 -0.104631
v 1.905290 0.200864 -0.104631
v 1.890792 0.000864 -0.100629
v 1.890792 0.200864 -0.100629
v 1.875725 0.000864 -0.097371
v 1.875725 0.200864 -0.097371
v 1.859977 0.000864 -0.094849
v 1.859977 0.200864 -0.094849
v 1.843438 0.000864 -0.093056
v 1.843438 0.200864 -0.093056
v 1.825996 0.000864 -0.091986
v 1.825996 0.200864 -0.091986
v 1.807540 0.000864 -0.091631
v 1.807540 0.200864 -0.091631
v 1.773841 0.000864 -0.093965
v 1.773841 0.200864 -0.093965
v 1.742781 0.000864 -0.100723
v 1.742781 0.200864 -0.100723
v 1.714415 0.000864 -0.111537
v 1.714415 0.200864 -0.111537
v 1.688800 0.000864 -0.126038
v 1.688800 0.200864 -0.126038
v 1.665989 0.000864 -0.143859
v 1.665989 0.200864 -0.143859
v 1.646040 0.000864 -0.164631
v 1.646040 0.200864 -0.164631
v 1.629008 0.000864 -0.187986
v 1.629008 0.200864 -0.187986
v 1.614948 0.000864 -0.213556
v 1.614948 0.200864 -0.213556
v 1.603915 0.000864 -0.240974
v 1.603915 0.200864 -0.240974
v 1.595966 0.000864 -0.269871
v 1.595966 0.200864 -0.269871
v 1.591156 0.000864 -0.299879
v 1.591156 0.200864 -0.299879
v 1.589540 0.000864 -0.330631
v 1.589540 0.200864 -0.330631
v 1.591304 0.000864 -0.363686
v 1.591304 0.200864 -0.363686
v 1.596485 0.000864 -0.394742
v 1.596485 0.200864 -0.394742
v 1.604915 0.000864 -0.423631
v 1.604915 0.200864 -0.423631
v 1.616429 0.000864 -0.450186
v 1.616429 0.200864 -0.450186
v 1.630859 0.000864 -0.474242
v 1.630859 0.200864 -0.474242
v 1.648040 0.000864 -0.495631
v 1.648040 0.200864 -0.495631
v 1.667804 0.000864 -0.514186
v 1.667804 0.200864 -0.514186
v 1.689985 0.000864 -0.529742
v 1.689985 0.200864 -0.529742
v 1.714415 0.000864 -0.542131
v 1.714415 0.200864 -0.542131
v 1.740929 0.000864 -0.551186
v 1.740929 0.200864 -0.551186
v 1.769360 0.000864 -0.556742
v 1.769360 0.200864 -0.556742
v 1.799540 0.000864 -0.558631
v 1.799540 0.200864 -0.558631
v 1.828375 0.000864 -0.556941
v 1.828375 0.200864 -0.556941
v 1.855304 0.000864 -0.551862
v 1.855304 0.200864 -0.551862
v 1.880212 0.000864 -0.543381
v 1.880212 0.200864 -0.543381
v 1.902985 0.000864 -0.531482
v 1.902985 0.200864 -0.531482
v 1.923507 0.000864 -0.516154
v 1.923507 0.200864 -0.516154
v 1.941665 0.000864 -0.497381
v 1.941665 0.200864 -0.497381
v 1.957344 0.000864 -0.475149
v 1.957344 0.200864 -0.475149
v 1.970429 0.000864 -0.449445
v 1.970429 0.200864 -0.449445
v 1.980806 0.000864 -0.420256
v 1.980806 0.200864 -0.420256
v 1.988360 0.000864 -0.387566
v 1.988360 0.200864 -0.387566
v 1.992976 0.000864 -0.351362
v 1.992976 0.200864 -0.351362
v 1.994540 0.000864 -0.311631
v 1.994540 0.200864 -0.311631
v 1.678540 0.000864 -0.311631
v 1.678540 0.200864 -0.311631
v 1.682810 0.000864 -0.290278
v 1.682810 0.200864 -0.290278
v 1.688614 0.000864 -0.270728
v 1.688614 0.200864 -0.270728
v 1.695946 0.000864 -0.252990
v 1.695946 0.200864 -0.252990
v 1.704799 0.000864 -0.237075
v 1.704799 0.200864 -0.237075
v 1.715166 0.000864 -0.222993
v 1.715166 0.200864 -0.222993
v 1.727040 0.000864 -0.210756
v 1.727040 0.200864 -0.210756
v 1.740414 0.000864 -0.200372
v 1.740414 0.200864 -0.200372
v 1.755281 0.000864 -0.191853
v 1.755281 0.200864 -0.191853
v 1.771634 0.000864 -0.185209
v 1.771634 0.200864 -0.185209
v 1.789466 0.000864 -0.180450
v 1.789466 0.200864 -0.180450
v 1.808770 0.000864 -0.177587
v 1.808770 0.200864 -0.177587
v 1.829540 0.000864 -0.176631
v 1.829540 0.200864 -0.176631
v 1.842980 0.000864 -0.177044
v 1.842980 0.200864 -0.177044
v 1.856308 0.000864 -0.178269
v 1.856308 0.200864 -0.178269
v 1.869540 0.000864 -0.180287
v 1.869540 0.200864 -0.180287
v 1.882688 0.000864 -0.183075
v 1.882688 0.200864 -0.183075
v 1.895767 0.000864 -0.186613
v 1.895767 0.200864 -0.186613
v 1.908790 0.000864 -0.190881
v 1.908790 0.200864 -0.190881
v 1.921772 0.000864 -0.195856
v 1.921772 0.200864 -0.195856
v 1.934725 0.000864 -0.201519
v 1.934725 0.200864 -0.201519
v 1.947665 0.000864 -0.207849
v 1.947665 0.200864 -0.207849
v 1.960605 0.000864 -0.214825
v 1.960605 0.200864 -0.214825
v 1.973559 0.000864 -0.222426
v 1.973559 0.200864 -0.222426
v 1.986540 0.000864 -0.230631
v 1.986540 0.200864 -0.230631
v 1.986540 0.000864 -0.144631
v 1.986540 0.200864 -0.144631
v 1.905047 0.000864 -0.387099
v 1.905047 0.200864 -0.387099
v 1.902096 0.000864 -0.402464
v 1.902096 0.200864 -0.402464
v 1.897727 0.000864 -0.416662
v 1.897727 0.200864 -0.416662
v 1.891984 0.000864 -0.429631
v 1.891984 0.200864 -0.429631
v 1.884908 0.000864 -0.441308
v 1.884908 0.200864 -0.441308
v 1.876540 0.000864 -0.451631
v 1.876540 0.200864 -0.451631
v 1.866922 0.000864 -0.460537
v 1.866922 0.200864 -0.460537
v 1.856096 0.000864 -0.467964
v 1.856096 0.200864 -0.467964
v 1.844103 0.000864 -0.473849
v 1.844103 0.200864 -0.473849
v 1.830985 0.000864 -0.478131
v 1.830985 0.200864 -0.478131
v 1.816783 0.000864 -0.480745
v 1.816783 0.200864 -0.480745
v 1.801540 0.000864 -0.481631
v 1.801540 0.200864 -0.481631
v 1.785104 0.000864 -0.480803
v 1.785104 0.200864 -0.480803
v 1.769799 0.000864 -0.478339
v 1.769799 0.200864 -0.478339
v 1.755634 0.000864 -0.474271
v 1.755634 0.200864 -0.474271
v 1.742614 0.000864 -0.468631
v 1.742614 0.200864 -0.468631
v 1.730747 0.000864 -0.461448
v 1.730747 0.200864 -0.461448
v 1.720040 0.000864 -0.452756
v 1.720040 0.200864 -0.452756
v 1.710500 0.000864 -0.442584
v 1.710500 0.200864 -0.442584
v 1.702133 0.000864 -0.430964
v 1.702133 0.200864 -0.430964
v 1.694946 0.000864 -0.417927
v 1.694946 0.200864 -0.417927
v 1.688947 0.000864 -0.403506
v 1.688947 0.200864 -0.403506
v 1.684143 0.000864 -0.387730
v 1.684143 0.200864 -0.387730
v 1.680540 0.000864 -0.370631
v 1.680540 0.200864 -0.370631
v 1.906540 0.000864 -0.370631
v 1.906540 0.200864 -0.370631
v 2.339108 0.000864 -0.441488
v 2.339108 0.200864 -0.441488
v 2.326841 0.000864 -0.448570
v 2.326841 0.200864 -0.448570
v 2.314774 0.000864 -0.454896
v 2.314774 0.200864 -0.454896
v 2.302947 0.000864 -0.460482
v 2.302947 0.200864 -0.460482
v 2.291398 0.000864 -0.465346
v 2.291398 0.200864 -0.465346
v 2.280165 0.000864 -0.469506
v 2.280165 0.200864 -0.469506
v 2.269286 0.000864 -0.472977
v 2.269286 0.200864 -0.472977
v 2.258799 0.000864 -0.475779
v 2.258799 0.200864 -0.475779
v 2.248743 0.000864 -0.477927
v 2.248743 0.200864 -0.477927
v 2.239156 0.000864 -0.479441
v 2.239156 0.200864 -0.479441
v 2.230075 0.000864 -0.480336
v 2.230075 0.200864 -0.480336
v 2.221540 0.000864 -0.480631
v 2.221540 0.200864 -0.480631
v 2.212816 0.000864 -0.480282
v 2.212816 0.200864 -0.480282
v 2.204669 0.000864 -0.479260
v 2.204669 0.200864 -0.479260
v 2.197133 0.000864 -0.477599
v 2.197133 0.200864 -0.477599
v 2.190243 0.000864 -0.475334
v 2.190243 0.200864 -0.475334
v 2.184034 0.000864 -0.472500
v 2.184034 0.200864 -0.472500
v 2.178540 0.000864 -0.469131
v 2.178540 0.200864 -0.469131
v 2.173795 0.000864 -0.465261
v 2.173795 0.200864 -0.465261
v 2.169836 0.000864 -0.460927
v 2.169836 0.200864 -0.460927
v 2.166696 0.000864 -0.456162
v 2.166696 0.200864 -0.456162
v 2.164410 0.000864 -0.451001
v 2.164410 0.200864 -0.451001
v 2.163013 0.000864 -0.445479
v 2.163013 0.200864 -0.445479
v 2.162540 0.000864 -0.439631
v 2.162540 0.200864 -0.439631
v 2.163176 0.000864 -0.434537
v 2.163176 0.200864 -0.434537
v 2.165128 0.000864 -0.429214
v 2.165128 0.200864 -0.429214
v 2.168462 0.000864 -0.423599
v 2.168462 0.200864 -0.423599
v 2.173244 0.000864 -0.417631
v 2.173244 0.200864 -0.417631
v 2.179539 0.000864 -0.411245
v 2.179539 0.200864 -0.411245
v 2.187415 0.000864 -0.404381
v 2.187415 0.200864 -0.404381
v 2.196936 0.000864 -0.396974
v 2.196936 0.200864 -0.396974
v 2.208170 0.000864 -0.388964
v 2.208170 0.200864 -0.388964
v 2.221181 0.000864 -0.380287
v 2.221181 0.200864 -0.380287
v 2.236035 0.000864 -0.370881
v 2.236035 0.200864 -0.370881
v 2.252800 0.000864 -0.360683
v 2.252800 0.200864 -0.360683
v 2.271540 0.000864 -0.349631
v 2.271540 0.200864 -0.349631
v 2.289072 0.000864 -0.337736
v 2.289072 0.200864 -0.337736
v 2.304716 0.000864 -0.326478
v 2.304716 0.200864 -0.326478
v 2.318540 0.000864 -0.315740
v 2.318540 0.200864 -0.315740
v 2.330614 0.000864 -0.305408
v 2.330614 0.200864 -0.305408
v 2.341007 0.000864 -0.295368
v 2.341007 0.200864 -0.295368
v 2.349790 0.000864 -0.285506
v 2.349790 0.200864 -0.285506
v 2.357031 0.000864 -0.275705
v 2.357031 0.200864 -0.275705
v 2.362799 0.000864 -0.265853
v 2.362799 0.200864 -0.265853
v 2.367165 0.000864 -0.255834
v 2.367165 0.200864 -0.255834
v 2.370197 0.000864 -0.245533
v 2.370197 0.200864 -0.245533
v 2.371966 0.000864 -0.234837
v 2.371966 0.200864 -0.234837
v 2.372540 0.000864 -0.223631
v 2.372540 0.200864 -0.223631
v 2.371251 0.000864 -0.204438
v 2.371251 0.200864 -0.204438
v 2.367480 0.000864 -0.186422
v 2.367480 0.200864 -0.186422
v 2.361368 0.000864 -0.169677
v 2.361368 0.200864 -0.169677
v 2.353059 0.000864 -0.154297
v 2.353059 0.200864 -0.154297
v 2.342693 0.000864 -0.140375
v 2.342693 0.200864 -0.140375
v 2.330415 0.000864 -0.128006
v 2.330415 0.200864 -0.128006
v 2.316366 0.000864 -0.117282
v 2.316366 0.200864 -0.117282
v 2.300688 0.000864 -0.108297
v 2.300688 0.200864 -0.108297
v 2.283524 0.000864 -0.101146
v 2.283524 0.200864 -0.101146
v 2.265017 0.000864 -0.095922
v 2.265017 0.200864 -0.095922
v 2.245308 0.000864 -0.092719
v 2.245308 0.200864 -0.092719
v 2.224540 0.000864 -0.091631
v 2.224540 0.200864 -0.091631
v 2.211024 0.000864 -0.091864
v 2.211024 0.200864 -0.091864
v 2.197915 0.000864 -0.092584
v 2.197915 0.200864 -0.092584
v 2.185118 0.000864 -0.093818
v 2.185118 0.200864 -0.093818
v 2.172540 0.000864 -0.095594
v 2.172540 0.200864 -0.095594
v 2.160087 0.000864 -0.097938
v 2.160087 0.200864 -0.097938
v 2.147665 0.000864 -0.100881
v 2.147665 0.200864 -0.100881
v 2.135180 0.000864 -0.104448
v 2.135180 0.200864 -0.104448
v 2.122540 0.000864 -0.108668
v 2.122540 0.200864 -0.108668
v 2.109649 0.000864 -0.113568
v 2.109649 0.200864 -0.113568
v 2.096415 0.000864 -0.119177
v 2.096415 0.200864 -0.119177
v 2.082743 0.000864 -0.125522
v 2.082743 0.200864 -0.125522
v 2.068540 0.000864 -0.132631
v 2.068540 0.200864 -0.132631
v 2.068540 0.000864 -0.228631
v 2.068540 0.200864 -0.228631
v 2.082929 0.000864 -0.219067
v 2.082929 0.200864 -0.219067
v 2.097068 0.000864 -0.210371
v 2.097068 0.200864 -0.210371
v 2.110916 0.000864 -0.202537
v 2.110916 0.200864 -0.202537
v 2.124429 0.000864 -0.195556
v 2.124429 0.200864 -0.195556
v 2.137568 0.000864 -0.189423
v 2.137568 0.200864 -0.189423
v 2.150290 0.000864 -0.184131
v 2.150290 0.200864 -0.184131
v 2.162554 0.000864 -0.179671
v 2.162554 0.200864 -0.179671
v 2.174318 0.000864 -0.176038
v 2.174318 0.200864 -0.176038
v 2.185540 0.000864 -0.173224
v 2.185540 0.200864 -0.173224
v 2.196179 0.000864 -0.171223
v 2.196179 0.200864 -0.171223
v 2.206193 0.000864 -0.170028
v 2.206193 0.200864 -0.170028
v 2.215540 0.000864 -0.169631
v 2.215540 0.200864 -0.169631
v 2.224401 0.000864 -0.170443
v 2.224401 0.200864 -0.170443
v 2.232929 0.000864 -0.171881
v 2.232929 0.200864 -0.171881
v 2.241040 0.000864 -0.173943
v 2.241040 0.200864 -0.173943
v 2.248651 0.000864 -0.176631
v 2.248651 0.200864 -0.176631
v 2.255679 0.000864 -0.179943
v 2.255679 0.200864 -0.179943
v 2.262040 0.000864 -0.183881
v 2.262040 0.200864 -0.183881
v 2.267651 0.000864 -0.188443
v 2.267651 0.200864 -0.188443
v 2.272429 0.000864 -0.193631
v 2.272429 0.200864 -0.193631
v 2.276290 0.000864 -0.199443
v 2.276290 0.200864 -0.199443
v 2.279151 0.000864 -0.205881
v 2.279151 0.200864 -0.205881
v 2.280929 0.000864 -0.212943
v 2.280929 0.200864 -0.212943
v 2.281540 0.000864 -0.220631
v 2.281540 0.200864 -0.220631
v 2.277408 0.000864 -0.235594
v 2.277408 0.200864 -0.235594
v 2.265984 0.000864 -0.249756
v 2.265984 0.200864 -0.249756
v 2.248727 0.000864 -0.263521
v 2.248727 0.200864 -0.263521
v 2.227095 0.000864 -0.277297
v 2.227095 0.200864 -0.277297
v 2.202547 0.000864 -0.291490
v 2.202547 0.200864 -0.291490
v 2.176540 0.000864 -0.306506
v 2.176540 0.200864 -0.306506
v 2.150533 0.000864 -0.322750
v 2.150533 0.200864 -0.322750
v 2.125985 0.000864 -0.340631
v 2.125985 0.200864 -0.340631
v 2.104352 0.000864 -0.360552
v 2.104352 0.200864 -0.360552
v 2.087096 0.000864 -0.382922
v 2.087096 0.200864 -0.382922
v 2.075672 0.000864 -0.408146
v 2.075672 0.200864 -0.408146
v 2.071540 0.000864 -0.436631
v 2.071540 0.200864 -0.436631
v 2.072733 0.000864 -0.454996
v 2.072733 0.200864 -0.454996
v 2.076253 0.000864 -0.472056
v 2.076253 0.200864 -0.472056
v 2.082009 0.000864 -0.487756
v 2.082009 0.200864 -0.487756
v 2.089911 0.000864 -0.502038
v 2.089911 0.200864 -0.502038
v 2.099868 0.000864 -0.514848
v 2.099868 0.200864 -0.514848
v 2.111790 0.000864 -0.526131
v 2.111790 0.200864 -0.526131
v 2.125588 0.000864 -0.535830
v 2.125588 0.200864 -0.535830
v 2.141170 0.000864 -0.543890
v 2.141170 0.200864 -0.543890
v 2.158446 0.000864 -0.550256
v 2.158446 0.200864 -0.550256
v 2.177327 0.000864 -0.554871
v 2.177327 0.200864 -0.554871
v 2.197722 0.000864 -0.557682
v 2.197722 0.200864 -0.557682
v 2.219540 0.000864 -0.558631
v 2.219540 0.200864 -0.558631
v 2.230062 0.000864 -0.558380
v 2.230062 0.200864 -0.558380
v 2.240637 0.000864 -0.557626
v 2.240637 0.200864 -0.557626
v 2.251274 0.000864 -0.556365
v 2.251274 0.200864 -0.556365
v 2.261984 0.000864 -0.554594
v 2.261984 0.200864 -0.554594
v 2.272778 0.000864 -0.552308
v 2.272778 0.200864 -0.552308
v 2.283665 0.000864 -0.549506
v 2.283665 0.200864 -0.549506
v 2.294656 0.000864 -0.546182
v 2.294656 0.200864 -0.546182
v 2.305762 0.000864 -0.542334
v 2.305762 0.200864 -0.542334
v 2.316993 0.000864 -0.537959
v 2.316993 0.200864 -0.537959
v 2.328359 0.000864 -0.533052
v 2.328359 0.200864 -0.533052
v 2.339871 0.000864 -0.527610
v 2.339871 0.200864 -0.527610
v 2.351540 0.000864 -0.521631
v 2.351540 0.200864 -0.521631
v 2.351540 0.000864 -0.433631
v 2.351540 0.200864 -0.433631
v 3.245540 0.000864 -0.100631
v 3.245540 0.200864 -0.100631
v 3.245540 0.000864 -0.397631
v 3.245540 0.200864 -0.397631
v 2.863540 0.000864 -0.397631
v 2.863540 0.200864 -0.397631
v 2.863540 0.000864 -0.100631
v 2.863540 0.200864 -0.100631
v 2.765540 0.000864 -0.100631
v 2.765540 0.200864 -0.100631
v 2.765540 0.000864 -0.782631
v 2.765540 0.200864 -0.782631
v 2.863540 0.000864 -0.782631
v 2.863540 0.200864 -0.782631
v 2.863540 0.000864 -0.485631
v 2.863540 0.200864 -0.485631
v 3.245540 0.000864 -0.485631
v 3.245540 0.200864 -0.485631
v 3.245540 0.000864 -0.782631
v 3.245540 0.200864 -0.782631
v 3.343540 0.000864 -0.782631
v 3.343540 0.200864 -0.782631
v 3.343540 0.000864 -0.100631
v 3.343540 0.200864 -0.100631
v 3.820770 0.000864 -0.120270
v 3.820770 0.200864 -0.120270
v 3.811878 0.000864 -0.114663
v 3.811878 0.200864 -0.114663
v 3.803743 0.000864 -0.109771
v 3.803743 0.200864 -0.109771
v 3.796244 0.000864 -0.105556
v 3.796244 0.200864 -0.105556
v 3.789258 0.000864 -0.101981
v 3.789258 0.200864 -0.101981
v 3.782665 0.000864 -0.099006
v 3.782665 0.200864 -0.099006
v 3.776343 0.000864 -0.096593
v 3.776343 0.200864 -0.096593
v 3.770170 0.000864 -0.094705
v 3.770170 0.200864 -0.094705
v 3.764024 0.000864 -0.093302
v 3.764024 0.200864 -0.093302
v 3.757786 0.000864 -0.092348
v 3.757786 0.200864 -0.092348
v 3.751331 0.000864 -0.091804
v 3.751331 0.200864 -0.091804
v 3.744540 0.000864 -0.091631
v 3.744540 0.200864 -0.091631
v 3.735162 0.000864 -0.091925
v 3.735162 0.200864 -0.091925
v 3.726517 0.000864 -0.092816
v 3.726517 0.200864 -0.092816
v 3.718587 0.000864 -0.094318
v 3.718587 0.200864 -0.094318
v 3.711355 0.000864 -0.096445
v 3.711355 0.200864 -0.096445
v 3.704804 0.000864 -0.099212
v 3.704804 0.200864 -0.099212
v 3.698915 0.000864 -0.102631
v 3.698915 0.200864 -0.102631
v 3.693673 0.000864 -0.106716
v 3.693673 0.200864 -0.106716
v 3.689059 0.000864 -0.111482
v 3.689059 0.200864 -0.111482
v 3.685056 0.000864 -0.116943
v 3.685056 0.200864 -0.116943
v 3.681647 0.000864 -0.123112
v 3.681647 0.200864 -0.123112
v 3.678814 0.000864 -0.130003
v 3.678814 0.200864 -0.130003
v 3.676540 0.000864 -0.137631
v 3.676540 0.200864 -0.137631
v 3.666749 0.000864 -0.130213
v 3.666749 0.200864 -0.130213
v 3.656883 0.000864 -0.123459
v 3.656883 0.200864 -0.123459
v 3.646946 0.000864 -0.117365
v 3.646946 0.200864 -0.117365
v 3.636947 0.000864 -0.111927
v 3.636947 0.200864 -0.111927
v 3.626893 0.000864 -0.107142
v 3.626893 0.200864 -0.107142
v 3.616790 0.000864 -0.103006
v 3.616790 0.200864 -0.103006
v 3.606645 0.000864 -0.099515
v 3.606645 0.200864 -0.099515
v 3.596466 0.000864 -0.096668
v 3.596466 0.200864 -0.096668
v 3.586259 0.000864 -0.094459
v 3.586259 0.200864 -0.094459
v 3.576031 0.000864 -0.092885
v 3.576031 0.200864 -0.092885
v 3.565789 0.000864 -0.091944
v 3.565789 0.200864 -0.091944
v 3.555540 0.000864 -0.091631
v 3.555540 0.200864 -0.091631
v 3.539511 0.000864 -0.092687
v 3.539511 0.200864 -0.092687
v 3.524475 0.000864 -0.095751
v 3.524475 0.200864 -0.095751
v 3.510509 0.000864 -0.100662
v 3.510509 0.200864 -0.100662
v 3.497688 0.000864 -0.107260
v 3.497688 0.200864 -0.107260
v 3.486090 0.000864 -0.115386
v 3.486090 0.200864 -0.115386
v 3.475790 0.000864 -0.124881
v 3.475790 0.200864 -0.124881
v 3.466866 0.000864 -0.135583
v 3.466866 0.200864 -0.135583
v 3.459392 0.000864 -0.147334
v 3.459392 0.200864 -0.147334
v 3.453446 0.000864 -0.159974
v 3.453446 0.200864 -0.159974
v 3.449105 0.000864 -0.173344
v 3.449105 0.200864 -0.173344
v 3.446444 0.000864 -0.187282
v 3.446444 0.200864 -0.187282
v 3.445540 0.000864 -0.201631
v 3.445540 0.200864 -0.201631
v 3.447176 0.000864 -0.222624
v 3.447176 0.200864 -0.222624
v 3.451874 0.000864 -0.241246
v 3.451874 0.200864 -0.241246
v 3.459321 0.000864 -0.257709
v 3.459321 0.200864 -0.257709
v 3.469207 0.000864 -0.272223
v 3.469207 0.200864 -0.272223
v 3.481217 0.000864 -0.285002
v 3.481217 0.200864 -0.285002
v 3.495040 0.000864 -0.296256
v 3.495040 0.200864 -0.296256
v 3.510363 0.000864 -0.306197
v 3.510363 0.200864 -0.306197
v 3.526874 0.000864 -0.315038
v 3.526874 0.200864 -0.315038
v 3.544259 0.000864 -0.322990
v 3.544259 0.200864 -0.322990
v 3.562207 0.000864 -0.330265
v 3.562207 0.200864 -0.330265
v 3.580405 0.000864 -0.337074
v 3.580405 0.200864 -0.337074
v 3.598540 0.000864 -0.343631
v 3.598540 0.200864 -0.343631
v 3.677540 0.000864 -0.371631
v 3.677540 0.200864 -0.371631
v 3.677540 0.000864 -0.395631
v 3.677540 0.200864 -0.395631
v 3.676978 0.000864 -0.408949
v 3.676978 0.200864 -0.408949
v 3.675290 0.000864 -0.420927
v 3.675290 0.200864 -0.420927
v 3.672478 0.000864 -0.431599
v 3.672478 0.200864 -0.431599
v 3.668540 0.000864 -0.441001
v 3.668540 0.200864 -0.441001
v 3.663478 0.000864 -0.449166
v 3.663478 0.200864 -0.449166
v 3.657290 0.000864 -0.456131
v 3.657290 0.200864 -0.456131
v 3.649978 0.000864 -0.461928
v 3.649978 0.200864 -0.461928
v 3.641540 0.000864 -0.466594
v 3.641540 0.200864 -0.466594
v 3.631978 0.000864 -0.470162
v 3.631978 0.200864 -0.470162
v 3.621290 0.000864 -0.472668
v 3.621290 0.200864 -0.472668
v 3.609478 0.000864 -0.474146
v 3.609478 0.200864 -0.474146
v 3.596540 0.000864 -0.474631
v 3.596540 0.200864 -0.474631
v 3.584274 0.000864 -0.474149
v 3.584274 0.200864 -0.474149
v 3.571994 0.000864 -0.472691
v 3.571994 0.200864 -0.472691
v 3.559727 0.000864 -0.470240
v 3.559727 0.200864 -0.470240
v 3.547503 0.000864 -0.466779
v 3.547503 0.200864 -0.466779
v 3.535348 0.000864 -0.462290
v 3.535348 0.200864 -0.462290
v 3.523290 0.000864 -0.456756
v 3.523290 0.200864 -0.456756
v 3.511357 0.000864 -0.450159
v 3.511357 0.200864 -0.450159
v 3.499577 0.000864 -0.442482
v 3.499577 0.200864 -0.442482
v 3.487978 0.000864 -0.433709
v 3.487978 0.200864 -0.433709
v 3.476587 0.000864 -0.423820
v 3.476587 0.200864 -0.423820
v 3.465431 0.000864 -0.412800
v 3.465431 0.200864 -0.412800
v 3.454540 0.000864 -0.400631
v 3.454540 0.200864 -0.400631
v 3.454540 0.000864 -0.497631
v 3.454540 0.200864 -0.497631
v 3.463583 0.000864 -0.507444
v 3.463583 0.200864 -0.507444
v 3.473216 0.000864 -0.516385
v 3.473216 0.200864 -0.516385
v 3.483447 0.000864 -0.524459
v 3.483447 0.200864 -0.524459
v 3.494281 0.000864 -0.531668
v 3.494281 0.200864 -0.531668
v 3.505727 0.000864 -0.538015
v 3.505727 0.200864 -0.538015
v 3.517790 0.000864 -0.543506
v 3.517790 0.200864 -0.543506
v 3.530479 0.000864 -0.548142
v 3.530479 0.200864 -0.548142
v 3.543800 0.000864 -0.551927
v 3.543800 0.200864 -0.551927
v 3.557759 0.000864 -0.554865
v 3.557759 0.200864 -0.554865
v 3.572364 0.000864 -0.556959
v 3.572364 0.200864 -0.556959
v 3.587622 0.000864 -0.558213
v 3.587622 0.200864 -0.558213
v 3.603540 0.000864 -0.558631
v 3.603540 0.200864 -0.558631
v 3.625864 0.000864 -0.557666
v 3.625864 0.200864 -0.557666
v 3.647212 0.000864 -0.554751
v 3.647212 0.200864 -0.554751
v 3.667400 0.000864 -0.549849
v 3.667400 0.200864 -0.549849
v 3.686244 0.000864 -0.542927
v 3.686244 0.200864 -0.542927
v 3.703561 0.000864 -0.533949
v 3.703561 0.200864 -0.533949
v 3.719165 0.000864 -0.522881
v 3.719165 0.200864 -0.522881
v 3.732874 0.000864 -0.509687
v 3.732874 0.200864 -0.509687
v 3.744503 0.000864 -0.494334
v 3.744503 0.200864 -0.494334
v 3.753868 0.000864 -0.476787
v 3.753868 0.200864 -0.476787
v 3.760786 0.000864 -0.457010
v 3.760786 0.200864 -0.457010
v 3.765071 0.000864 -0.434970
v 3.765071 0.200864 -0.434970
v 3.766540 0.000864 -0.410631
v 3.766540 0.200864 -0.410631
v 3.766540 0.000864 -0.179631
v 3.766540 0.200864 -0.179631
v 3.766665 0.000864 -0.175607
v 3.766665 0.200864 -0.175607
v 3.767036 0.000864 -0.172024
v 3.767036 0.200864 -0.172024
v 3.767650 0.000864 -0.168865
v 3.767650 0.200864 -0.168865
v 3.768503 0.000864 -0.166112
v 3.768503 0.200864 -0.166112
v 3.769593 0.000864 -0.163748
v 3.769593 0.200864 -0.163748
v 3.770915 0.000864 -0.161756
v 3.770915 0.200864 -0.161756
v 3.772467 0.000864 -0.160117
v 3.772467 0.200864 -0.160117
v 3.774244 0.000864 -0.158816
v 3.774244 0.200864 -0.158816
v 3.776243 0.000864 -0.157834
v 3.776243 0.200864 -0.157834
v 3.778461 0.000864 -0.157154
v 3.778461 0.200864 -0.157154
v 3.780895 0.000864 -0.156758
v 3.780895 0.200864 -0.156758
v 3.783540 0.000864 -0.156631
v 3.783540 0.200864 -0.156631
v 3.785973 0.000864 -0.156816
v 3.785973 0.200864 -0.156816
v 3.788758 0.000864 -0.157367
v 3.788758 0.200864 -0.157367
v 3.791868 0.000864 -0.158271
v 3.791868 0.200864 -0.158271
v 3.795281 0.000864 -0.159519
v 3.795281 0.200864 -0.159519
v 3.798971 0.000864 -0.161101
v 3.798971 0.200864 -0.161101
v 3.802915 0.000864 -0.163006
v 3.802915 0.200864 -0.163006
v 3.807088 0.000864 -0.165223
v 3.807088 0.200864 -0.165223
v 3.811466 0.000864 -0.167742
v 3.811466 0.200864 -0.167742
v 3.816025 0.000864 -0.170552
v 3.816025 0.200864 -0.170552
v 3.820739 0.000864 -0.173644
v 3.820739 0.200864 -0.173644
v 3.825586 0.000864 -0.177007
v 3.825586 0.200864 -0.177007
v 3.830540 0.000864 -0.180631
v 3.830540 0.200864 -0.180631
v 3.830540 0.000864 -0.126631
v 3.830540 0.200864 -0.126631
v 3.658781 0.000864 -0.316115
v 3.658781 0.200864 -0.316115
v 3.640633 0.000864 -0.309506
v 3.640633 0.200864 -0.309506
v 3.623290 0.000864 -0.302709
v 3.623290 0.200864 -0.302709
v 3.606948 0.000864 -0.295631
v 3.606948 0.200864 -0.295631
v 3.591799 0.000864 -0.288177
v 3.591799 0.200864 -0.288177
v 3.578040 0.000864 -0.280256
v 3.578040 0.200864 -0.280256
v 3.565864 0.000864 -0.271771
v 3.565864 0.200864 -0.271771
v 3.555466 0.000864 -0.262631
v 3.555466 0.200864 -0.262631
v 3.547040 0.000864 -0.252740
v 3.547040 0.200864 -0.252740
v 3.540781 0.000864 -0.242006
v 3.540781 0.200864 -0.242006
v 3.536883 0.000864 -0.230334
v 3.536883 0.200864 -0.230334
v 3.535540 0.000864 -0.217631
v 3.535540 0.200864 -0.217631
v 3.536093 0.000864 -0.208618
v 3.536093 0.200864 -0.208618
v 3.537712 0.000864 -0.200117
v 3.537712 0.200864 -0.200117
v 3.540337 0.000864 -0.192177
v 3.540337 0.200864 -0.192177
v 3.543911 0.000864 -0.184853
v 3.543911 0.200864 -0.184853
v 3.548373 0.000864 -0.178195
v 3.548373 0.200864 -0.178195
v 3.553665 0.000864 -0.172256
v 3.553665 0.200864 -0.172256
v 3.559728 0.000864 -0.167087
v 3.559728 0.200864 -0.167087
v 3.566503 0.000864 -0.162742
v 3.566503 0.200864 -0.162742
v 3.573931 0.000864 -0.159271
v 3.573931 0.200864 -0.159271
v 3.581952 0.000864 -0.156728
v 3.581952 0.200864 -0.156728
v 3.590508 0.000864 -0.155164
v 3.590508 0.200864 -0.155164
v 3.599540 0.000864 -0.154631
v 3.599540 0.200864 -0.154631
v 3.606498 0.000864 -0.154919
v 3.606498 0.200864 -0.154919
v 3.613373 0.000864 -0.155774
v 3.613373 0.200864 -0.155774
v 3.620165 0.000864 -0.157177
v 3.620165 0.200864 -0.157177
v 3.626873 0.000864 -0.159112
v 3.626873 0.200864 -0.159112
v 3.633498 0.000864 -0.161561
v 3.633498 0.200864 -0.161561
v 3.640040 0.000864 -0.164506
v 3.640040 0.200864 -0.164506
v 3.646498 0.000864 -0.167930
v 3.646498 0.200864 -0.167930
v 3.652873 0.000864 -0.171816
v 3.652873 0.200864 -0.171816
v 3.659165 0.000864 -0.176146
v 3.659165 0.200864 -0.176146
v 3.665373 0.000864 -0.180904
v 3.665373 0.200864 -0.180904
v 3.671498 0.000864 -0.186071
v 3.671498 0.200864 -0.186071
v 3.677540 0.000864 -0.191631
v 3.677540 0.200864 -0.191631
v 3.677540 0.000864 -0.322631
v 3.677540 0.200864 -0.322631
v 3.994540 0.000864 -0.490631
v 3.994540 0.200864 -0.490631
v 4.005979 0.000864 -0.501632
v 4.005979 0.200864 -0.501632
v 4.017300 0.000864 -0.511640
v 4.017300 0.200864 -0.511640
v 4.028509 0.000864 -0.520662
v 4.028509 0.200864 -0.520662
v 4.039615 0.000864 -0.528705
v 4.039615 0.200864 -0.528705
v 4.050622 0.000864 -0.535775
v 4.050622 0.200864 -0.535775
v 4.061541 0.000864 -0.541881
v 4.061541 0.200864 -0.541881
v 4.072375 0.000864 -0.547028
v 4.072375 0.200864 -0.547028
v 4.083133 0.000864 -0.551223
v 4.083133 0.200864 -0.551223
v 4.093822 0.000864 -0.554474
v 4.093822 0.200864 -0.554474
v 4.104448 0.000864 -0.556788
v 4.104448 0.200864 -0.556788
v 4.115018 0.000864 -0.558171
v 4.115018 0.200864 -0.558171
v 4.125540 0.000864 -0.558631
v 4.125540 0.200864 -0.558631
v 4.139578 0.000864 -0.558049
v 4.139578 0.200864 -0.558049
v 4.153174 0.000864 -0.556311
v 4.153174 0.200864 -0.556311
v 4.166306 0.000864 -0.553427
v 4.166306 0.200864 -0.553427
v 4.178948 0.000864 -0.549408
v 4.178948 0.200864 -0.549408
v 4.191076 0.000864 -0.544264
v 4.191076 0.200864 -0.544264
v 4.202665 0.000864 -0.538006
v 4.202665 0.200864 -0.538006
v 4.213693 0.000864 -0.530643
v 4.213693 0.200864 -0.530643
v 4.224133 0.000864 -0.522186
v 4.224133 0.200864 -0.522186
v 4.233963 0.000864 -0.512646
v 4.233963 0.200864 -0.512646
v 4.243156 0.000864 -0.502033
v 4.243156 0.200864 -0.502033
v 4.251690 0.000864 -0.490358
v 4.251690 0.200864 -0.490358
v 4.259541 0.000864 -0.477631
v 4.259541 0.200864 -0.477631
v 4.269463 0.000864 -0.488467
v 4.269463 0.200864 -0.488467
v 4.279749 0.000864 -0.498908
v 4.279749 0.200864 -0.498908
v 4.290431 0.000864 -0.508849
v 4.290431 0.200864 -0.508849
v 4.301541 0.000864 -0.518186
v 4.301541 0.200864 -0.518186
v 4.313108 0.000864 -0.526815
v 4.313108 0.200864 -0.526815
v 4.325166 0.000864 -0.534631
v 4.325166 0.200864 -0.534631
v 4.337744 0.000864 -0.541530
v 4.337744 0.200864 -0.541530
v 4.350874 0.000864 -0.547408
v 4.350874 0.200864 -0.547408
v 4.364587 0.000864 -0.552162
v 4.364587 0.200864 -0.552162
v 4.378915 0.000864 -0.555686
v 4.378915 0.200864 -0.555686
v 4.393889 0.000864 -0.557877
v 4.393889 0.200864 -0.557877
v 4.409541 0.000864 -0.558631
v 4.409541 0.200864 -0.558631
v 4.431588 0.000864 -0.557192
v 4.431588 0.200864 -0.557192
v 4.452174 0.000864 -0.552955
v 4.452174 0.200864 -0.552955
v 4.471212 0.000864 -0.546037
v 4.471212 0.200864 -0.546037
v 4.488614 0.000864 -0.536556
v 4.488614 0.200864 -0.536556
v 4.504294 0.000864 -0.524632
v 4.504294 0.200864 -0.524632
v 4.518165 0.000864 -0.510381
v 4.518165 0.200864 -0.510381
v 4.530140 0.000864 -0.493921
v 4.530140 0.200864 -0.493921
v 4.540133 0.000864 -0.475371
v 4.540133 0.200864 -0.475371
v 4.548056 0.000864 -0.454849
v 4.548056 0.200864 -0.454849
v 4.553823 0.000864 -0.432473
v 4.553823 0.200864 -0.432473
v 4.557346 0.000864 -0.408361
v 4.557346 0.200864 -0.408361
v 4.558540 0.000864 -0.382631
v 4.558540 0.200864 -0.382631
v 4.558540 0.000864 -0.100631
v 4.558540 0.200864 -0.100631
v 4.469541 0.000864 -0.100631
v 4.469541 0.200864 -0.100631
v 4.469541 0.000864 -0.378631
v 4.469541 0.200864 -0.378631
v 4.468685 0.000864 -0.394981
v 4.468685 0.200864 -0.394981
v 4.466194 0.000864 -0.410019
v 4.466194 0.200864 -0.410019
v 4.462182 0.000864 -0.423724
v 4.462182 0.200864 -0.423724
v 4.456763 0.000864 -0.436075
v 4.456763 0.200864 -0.436075
v 4.450053 0.000864 -0.447051
v 4.450053 0.200864 -0.447051
v 4.442166 0.000864 -0.456631
v 4.442166 0.200864 -0.456631
v 4.433216 0.000864 -0.464794
v 4.433216 0.200864 -0.464794
v 4.423318 0.000864 -0.471519
v 4.423318 0.200864 -0.471519
v 4.412588 0.000864 -0.476787
v 4.412588 0.200864 -0.476787
v 4.401138 0.000864 -0.480575
v 4.401138 0.200864 -0.480575
v 4.389084 0.000864 -0.482863
v 4.389084 0.200864 -0.482863
v 4.376541 0.000864 -0.483631
v 4.376541 0.200864 -0.483631
v 4.369092 0.000864 -0.483349
v 4.369092 0.200864 -0.483349
v 4.361285 0.000864 -0.482047
v 4.361285 0.200864 -0.482047
v 4.353180 0.000864 -0.479787
v 4.353180 0.200864 -0.479787
v 4.344836 0.000864 -0.476631
v 4.344836 0.200864 -0.476631
v 4.336311 0.000864 -0.472641
v 4.336311 0.200864 -0.472641
v 4.327665 0.000864 -0.467881
v 4.327665 0.200864 -0.467881
v 4.318956 0.000864 -0.462412
v 4.318956 0.200864 -0.462412
v 4.310244 0.000864 -0.456297
v 4.310244 0.200864 -0.456297
v 4.301587 0.000864 -0.449599
v 4.301587 0.200864 -0.449599
v 4.293045 0.000864 -0.442381
v 4.293045 0.200864 -0.442381
v 4.284676 0.000864 -0.434703
v 4.284676 0.200864 -0.434703
v 4.276540 0.000864 -0.426631
v 4.276540 0.200864 -0.426631
v 4.276540 0.000864 -0.100631
v 4.276540 0.200864 -0.100631
v 4.187541 0.000864 -0.100631
v 4.187541 0.200864 -0.100631
v 4.187541 0.000864 -0.379631
v 4.187541 0.200864 -0.379631
v 4.186787 0.000864 -0.397012
v 4.186787 0.200864 -0.397012
v 4.184596 0.000864 -0.412681
v 4.184596 0.200864 -0.412681
v 4.181072 0.000864 -0.426677
v 4.181072 0.200864 -0.426677
v 4.176318 0.000864 -0.439038
v 4.176318 0.200864 -0.439038
v 4.170440 0.000864 -0.449801
v 4.170440 0.200864 -0.449801
v 4.163540 0.000864 -0.459006
v 4.163540 0.200864 -0.459006
v 4.155725 0.000864 -0.466689
v 4.155725 0.200864 -0.466689
v 4.147096 0.000864 -0.472890
v 4.147096 0.200864 -0.472890
v 4.137759 0.000864 -0.477646
v 4.137759 0.200864 -0.477646
v 4.127818 0.000864 -0.480996
v 4.127818 0.200864 -0.480996
v 4.117377 0.000864 -0.482978
v 4.117377 0.200864 -0.482978
v 4.106541 0.000864 -0.483631
v 4.106541 0.200864 -0.483631
v 4.095590 0.000864 -0.483330
v 4.095590 0.200864 -0.483330
v 4.085188 0.000864 -0.482395
v 4.085188 0.200864 -0.482395
v 4.075259 0.000864 -0.480771
v 4.075259 0.200864 -0.480771
v 4.065725 0.000864 -0.478408
v 4.065725 0.200864 -0.478408
v 4.056511 0.000864 -0.475254
v 4.056511 0.200864 -0.475254
v 4.047540 0.000864 -0.471256
v 4.047540 0.200864 -0.471256
v 4.038736 0.000864 -0.466361
v 4.038736 0.200864 -0.466361
v 4.030022 0.000864 -0.460519
v 4.030022 0.200864 -0.460519
v 4.021322 0.000864 -0.453677
v 4.021322 0.200864 -0.453677
v 4.012559 0.000864 -0.445783
v 4.012559 0.200864 -0.445783
v 4.003657 0.000864 -0.436785
v 4.003657 0.200864 -0.436785
v 3.994540 0.000864 -0.426631
v 3.994540 0.200864 -0.426631
v 3.994540 0.000864 -0.100631
v 3.994540 0.200864 -0.100631
v 3.905540 0.000864 -0.100631
v 3.905540 0.200864 -0.100631
v 3.905540 0.000864 -0.549631
v 3.905540 0.200864 -0.549631
v 3.994540 0.000864 -0.549631
v 3.994540 0.200864 -0.549631
v 4.674541 0.000864 0.129369
v 4.674541 0.200864 0.129369
v 4.674541 0.000864 -0.549631
v 4.674541 0.200864 -0.549631
v 4.828540 0.000864 -0.549631
v 4.828540 0.200864 -0.549631
v 4.867970 0.000864 -0.547971
v 4.867970 0.200864 -0.547971
v 4.904226 0.000864 -0.543019
v 4.904226 0.200864 -0.543019
v 4.937259 0.000864 -0.534818
v 4.937259 0.200864 -0.534818
v 4.967022 0.000864 -0.523408
v 4.967022 0.200864 -0.523408
v 4.993465 0.000864 -0.508832
v 4.993465 0.200864 -0.508832
v 5.016541 0.000864 -0.491131
v 5.016541 0.200864 -0.491131
v 5.036199 0.000864 -0.470346
v 5.036199 0.200864 -0.470346
v 5.052392 0.000864 -0.446519
v 5.052392 0.200864 -0.446519
v 5.065072 0.000864 -0.419693
v 5.065072 0.200864 -0.419693
v 5.074189 0.000864 -0.389908
v 5.074189 0.200864 -0.389908
v 5.079695 0.000864 -0.357207
v 5.079695 0.200864 -0.357207
v 5.081541 0.000864 -0.321631
v 5.081541 0.200864 -0.321631
v 5.079595 0.000864 -0.288746
v 5.079595 0.200864 -0.288746
v 5.073888 0.000864 -0.257719
v 5.073888 0.200864 -0.257719
v 5.064619 0.000864 -0.228740
v 5.064619 0.200864 -0.228740
v 5.051985 0.000864 -0.202001
v 5.051985 0.200864 -0.202001
v 5.036185 0.000864 -0.177692
v 5.036185 0.200864 -0.177692
v 5.017416 0.000864 -0.156006
v 5.017416 0.200864 -0.156006
v 4.995875 0.000864 -0.137131
v 4.995875 0.200864 -0.137131
v 4.971763 0.000864 -0.121260
v 4.971763 0.200864 -0.121260
v 4.945275 0.000864 -0.108584
v 4.945275 0.200864 -0.108584
v 4.916610 0.000864 -0.099293
v 4.916610 0.200864 -0.099293
v 4.885966 0.000864 -0.093578
v 4.885966 0.200864 -0.093578
v 4.853540 0.000864 -0.091631
v 4.853540 0.200864 -0.091631
v 4.846327 0.000864 -0.091757
v 4.846327 0.200864 -0.091757
v 4.839166 0.000864 -0.092140
v 4.839166 0.200864 -0.092140
v 4.832025 0.000864 -0.092787
v 4.832025 0.200864 -0.092787
v 4.824874 0.000864 -0.093705
v 4.824874 0.200864 -0.093705
v 4.817681 0.000864 -0.094900
v 4.817681 0.200864 -0.094900
v 4.810416 0.000864 -0.096381
v 4.810416 0.200864 -0.096381
v 4.803046 0.000864 -0.098153
v 4.803046 0.200864 -0.098153
v 4.795540 0.000864 -0.100223
v 4.795540 0.200864 -0.100223
v 4.787868 0.000864 -0.102599
v 4.787868 0.200864 -0.102599
v 4.779999 0.000864 -0.105288
v 4.779999 0.200864 -0.105288
v 4.771900 0.000864 -0.108296
v 4.771900 0.200864 -0.108296
v 4.763540 0.000864 -0.111631
v 4.763540 0.200864 -0.111631
v 4.763540 0.000864 0.129369
v 4.763540 0.200864 0.129369
v 4.770330 0.000864 -0.188506
v 4.770330 0.200864 -0.188506
v 4.777193 0.000864 -0.185635
v 4.777193 0.200864 -0.185635
v 4.784119 0.000864 -0.183021
v 4.784119 0.200864 -0.183021
v 4.791096 0.000864 -0.180668
v 4.791096 0.200864 -0.180668
v 4.798115 0.000864 -0.178578
v 4.798115 0.200864 -0.178578
v 4.805166 0.000864 -0.176756
v 4.805166 0.200864 -0.176756
v 4.812237 0.000864 -0.175204
v 4.812237 0.200864 -0.175204
v 4.819318 0.000864 -0.173927
v 4.819318 0.200864 -0.173927
v 4.826400 0.000864 -0.172927
v 4.826400 0.200864 -0.172927
v 4.833471 0.000864 -0.172209
v 4.833471 0.200864 -0.172209
v 4.840521 0.000864 -0.171776
v 4.840521 0.200864 -0.171776
v 4.847540 0.000864 -0.171631
v 4.847540 0.200864 -0.171631
v 4.867789 0.000864 -0.172940
v 4.867789 0.200864 -0.172940
v 4.886952 0.000864 -0.176774
v 4.886952 0.200864 -0.176774
v 4.904899 0.000864 -0.182990
v 4.904899 0.200864 -0.182990
v 4.921503 0.000864 -0.191445
v 4.921503 0.200864 -0.191445
v 4.936634 0.000864 -0.201998
v 4.936634 0.200864 -0.201998
v 4.950165 0.000864 -0.214506
v 4.950165 0.200864 -0.214506
v 4.961967 0.000864 -0.228826
v 4.961967 0.200864 -0.228826
v 4.971910 0.000864 -0.244816
v 4.971910 0.200864 -0.244816
v 4.979868 0.000864 -0.262334
v 4.979868 0.200864 -0.262334
v 4.985712 0.000864 -0.281237
v 4.985712 0.200864 -0.281237
v 4.989312 0.000864 -0.301383
v 4.989312 0.200864 -0.301383
v 4.990541 0.000864 -0.322631
v 4.990541 0.200864 -0.322631
v 4.989521 0.000864 -0.345059
v 4.989521 0.200864 -0.345059
v 4.986462 0.000864 -0.365811
v 4.986462 0.200864 -0.365811
v 4.981369 0.000864 -0.384834
v 4.981369 0.200864 -0.384834
v 4.974245 0.000864 -0.402075
v 4.974245 0.200864 -0.402075
v 4.965092 0.000864 -0.417483
v 4.965092 0.200864 -0.417483
v 4.953916 0.000864 -0.431006
v 4.953916 0.200864 -0.431006
v 4.940718 0.000864 -0.442591
v 4.940718 0.200864 -0.442591
v 4.925503 0.000864 -0.452186
v 4.925503 0.200864 -0.452186
v 4.908275 0.000864 -0.459740
v 4.908275 0.200864 -0.459740
v 4.889036 0.000864 -0.465200
v 4.889036 0.200864 -0.465200
v 4.867790 0.000864 -0.468514
v 4.867790 0.200864 -0.468514
v 4.844541 0.000864 -0.469631
v 4.844541 0.200864 -0.469631
v 4.763540 0.000864 -0.469631
v 4.763540 0.200864 -0.469631
v 4.763540 0.000864 -0.191631
v 4.763540 0.200864 -0.191631
v 5.429109 0.000864 -0.441488
v 5.429109 0.200864 -0.441488
v 5.416841 0.000864 -0.448570
v 5.416841 0.200864 -0.448570
v 5.404775 0.000864 -0.454896
v 5.404775 0.200864 -0.454896
v 5.392947 0.000864 -0.460482
v 5.392947 0.200864 -0.460482
v 5.381398 0.000864 -0.465346
v 5.381398 0.200864 -0.465346
v 5.370165 0.000864 -0.469506
v 5.370165 0.200864 -0.469506
v 5.359286 0.000864 -0.472977
v 5.359286 0.200864 -0.472977
v 5.348800 0.000864 -0.475779
v 5.348800 0.200864 -0.475779
v 5.338743 0.000864 -0.477927
v 5.338743 0.200864 -0.477927
v 5.329156 0.000864 -0.479441
v 5.329156 0.200864 -0.479441
v 5.320076 0.000864 -0.480336
v 5.320076 0.200864 -0.480336
v 5.311541 0.000864 -0.480631
v 5.311541 0.200864 -0.480631
v 5.302817 0.000864 -0.480282
v 5.302817 0.200864 -0.480282
v 5.294670 0.000864 -0.479260
v 5.294670 0.200864 -0.479260
v 5.287134 0.000864 -0.477599
v 5.287134 0.200864 -0.477599
v 5.280244 0.000864 -0.475334
v 5.280244 0.200864 -0.475334
v 5.274035 0.000864 -0.472500
v 5.274035 0.200864 -0.472500
v 5.268540 0.000864 -0.469131
v 5.268540 0.200864 -0.469131
v 5.263797 0.000864 -0.465261
v 5.263797 0.200864 -0.465261
v 5.259837 0.000864 -0.460927
v 5.259837 0.200864 -0.460927
v 5.256697 0.000864 -0.456162
v 5.256697 0.200864 -0.456162
v 5.254411 0.000864 -0.451001
v 5.254411 0.200864 -0.451001
v 5.253014 0.000864 -0.445479
v 5.253014 0.200864 -0.445479
v 5.252541 0.000864 -0.439631
v 5.252541 0.200864 -0.439631
v 5.253176 0.000864 -0.434537
v 5.253176 0.200864 -0.434537
v 5.255128 0.000864 -0.429214
v 5.255128 0.200864 -0.429214
v 5.258462 0.000864 -0.423599
v 5.258462 0.200864 -0.423599
v 5.263244 0.000864 -0.417631
v 5.263244 0.200864 -0.417631
v 5.269539 0.000864 -0.411245
v 5.269539 0.200864 -0.411245
v 5.277414 0.000864 -0.404381
v 5.277414 0.200864 -0.404381
v 5.286936 0.000864 -0.396974
v 5.286936 0.200864 -0.396974
v 5.298169 0.000864 -0.388964
v 5.298169 0.200864 -0.388964
v 5.311180 0.000864 -0.380287
v 5.311180 0.200864 -0.380287
v 5.326035 0.000864 -0.370881
v 5.326035 0.200864 -0.370881
v 5.342800 0.000864 -0.360683
v 5.342800 0.200864 -0.360683
v 5.361540 0.000864 -0.349631
v 5.361540 0.200864 -0.349631
v 5.379072 0.000864 -0.337736
v 5.379072 0.200864 -0.337736
v 5.394716 0.000864 -0.326478
v 5.394716 0.200864 -0.326478
v 5.408540 0.000864 -0.315740
v 5.408540 0.200864 -0.315740
v 5.420614 0.000864 -0.305408
v 5.420614 0.200864 -0.305408
v 5.431007 0.000864 -0.295368
v 5.431007 0.200864 -0.295368
v 5.439790 0.000864 -0.285506
v 5.439790 0.200864 -0.285506
v 5.447031 0.000864 -0.275705
v 5.447031 0.200864 -0.275705
v 5.452800 0.000864 -0.265853
v 5.452800 0.200864 -0.265853
v 5.457166 0.000864 -0.255834
v 5.457166 0.200864 -0.255834
v 5.460197 0.000864 -0.245533
v 5.460197 0.200864 -0.245533
v 5.461967 0.000864 -0.234837
v 5.461967 0.200864 -0.234837
v 5.462541 0.000864 -0.223631
v 5.462541 0.200864 -0.223631
v 5.461251 0.000864 -0.204438
v 5.461251 0.200864 -0.204438
v 5.457480 0.000864 -0.186422
v 5.457480 0.200864 -0.186422
v 5.451368 0.000864 -0.169677
v 5.451368 0.200864 -0.169677
v 5.443059 0.000864 -0.154297
v 5.443059 0.200864 -0.154297
v 5.432693 0.000864 -0.140375
v 5.432693 0.200864 -0.140375
v 5.420415 0.000864 -0.128006
v 5.420415 0.200864 -0.128006
v 5.406366 0.000864 -0.117282
v 5.406366 0.200864 -0.117282
v 5.390689 0.000864 -0.108297
v 5.390689 0.200864 -0.108297
v 5.373525 0.000864 -0.101146
v 5.373525 0.200864 -0.101146
v 5.355018 0.000864 -0.095922
v 5.355018 0.200864 -0.095922
v 5.335308 0.000864 -0.092719
v 5.335308 0.200864 -0.092719
v 5.314540 0.000864 -0.091631
v 5.314540 0.200864 -0.091631
v 5.301024 0.000864 -0.091864
v 5.301024 0.200864 -0.091864
v 5.287915 0.000864 -0.092584
v 5.287915 0.200864 -0.092584
v 5.275119 0.000864 -0.093818
v 5.275119 0.200864 -0.093818
v 5.262541 0.000864 -0.095594
v 5.262541 0.200864 -0.095594
v 5.250088 0.000864 -0.097938
v 5.250088 0.200864 -0.097938
v 5.237665 0.000864 -0.100881
v 5.237665 0.200864 -0.100881
v 5.225181 0.000864 -0.104448
v 5.225181 0.200864 -0.104448
v 5.212541 0.000864 -0.108668
v 5.212541 0.200864 -0.108668
v 5.199650 0.000864 -0.113568
v 5.199650 0.200864 -0.113568
v 5.186415 0.000864 -0.119177
v 5.186415 0.200864 -0.119177
v 5.172743 0.000864 -0.125522
v 5.172743 0.200864 -0.125522
v 5.158540 0.000864 -0.132631
v 5.158540 0.200864 -0.132631
v 5.158540 0.000864 -0.228631
v 5.158540 0.200864 -0.228631
v 5.172929 0.000864 -0.219067
v 5.172929 0.200864 -0.219067
v 5.187068 0.000864 -0.210371
v 5.187068 0.200864 -0.210371
v 5.200915 0.000864 -0.202537
v 5.200915 0.200864 -0.202537
v 5.214429 0.000864 -0.195556
v 5.214429 0.200864 -0.195556
v 5.227568 0.000864 -0.189423
v 5.227568 0.200864 -0.189423
v 5.240290 0.000864 -0.184131
v 5.240290 0.200864 -0.184131
v 5.252554 0.000864 -0.179671
v 5.252554 0.200864 -0.179671
v 5.264318 0.000864 -0.176038
v 5.264318 0.200864 -0.176038
v 5.275540 0.000864 -0.173224
v 5.275540 0.200864 -0.173224
v 5.286179 0.000864 -0.171223
v 5.286179 0.200864 -0.171223
v 5.296193 0.000864 -0.170028
v 5.296193 0.200864 -0.170028
v 5.305540 0.000864 -0.169631
v 5.305540 0.200864 -0.169631
v 5.314402 0.000864 -0.170443
v 5.314402 0.200864 -0.170443
v 5.322929 0.000864 -0.171881
v 5.322929 0.200864 -0.171881
v 5.331040 0.000864 -0.173943
v 5.331040 0.200864 -0.173943
v 5.338652 0.000864 -0.176631
v 5.338652 0.200864 -0.176631
v 5.345679 0.000864 -0.179943
v 5.345679 0.200864 -0.179943
v 5.352040 0.000864 -0.183881
v 5.352040 0.200864 -0.183881
v 5.357652 0.000864 -0.188443
v 5.357652 0.200864 -0.188443
v 5.362430 0.000864 -0.193631
v 5.362430 0.200864 -0.193631
v 5.366290 0.000864 -0.199443
v 5.366290 0.200864 -0.199443
v 5.369151 0.000864 -0.205881
v 5.369151 0.200864 -0.205881
v 5.370929 0.000864 -0.212943
v 5.370929 0.200864 -0.212943
v 5.371540 0.000864 -0.220631
v 5.371540 0.200864 -0.220631
v 5.367408 0.000864 -0.235594
v 5.367408 0.200864 -0.235594
v 5.355984 0.000864 -0.249756
v 5.355984 0.200864 -0.249756
v 5.338727 0.000864 -0.263521
v 5.338727 0.200864 -0.263521
v 5.317096 0.000864 -0.277297
v 5.317096 0.200864 -0.277297
v 5.292547 0.000864 -0.291490
v 5.292547 0.200864 -0.291490
v 5.266540 0.000864 -0.306506
v 5.266540 0.200864 -0.306506
v 5.240533 0.000864 -0.322750
v 5.240533 0.200864 -0.322750
v 5.215984 0.000864 -0.340631
v 5.215984 0.200864 -0.340631
v 5.194352 0.000864 -0.360552
v 5.194352 0.200864 -0.360552
v 5.177095 0.000864 -0.382922
v 5.177095 0.200864 -0.382922
v 5.165672 0.000864 -0.408146
v 5.165672 0.200864 -0.408146
v 5.161541 0.000864 -0.436631
v 5.161541 0.200864 -0.436631
v 5.162734 0.000864 -0.454996
v 5.162734 0.200864 -0.454996
v 5.166253 0.000864 -0.472056
v 5.166253 0.200864 -0.472056
v 5.172009 0.000864 -0.487756
v 5.172009 0.200864 -0.487756
v 5.179911 0.000864 -0.502038
v 5.179911 0.200864 -0.502038
v 5.189868 0.000864 -0.514848
v 5.189868 0.200864 -0.514848
v 5.201790 0.000864 -0.526131
v 5.201790 0.200864 -0.526131
v 5.215588 0.000864 -0.535830
v 5.215588 0.200864 -0.535830
v 5.231170 0.000864 -0.543890
v 5.231170 0.200864 -0.543890
v 5.248446 0.000864 -0.550256
v 5.248446 0.200864 -0.550256
v 5.267327 0.000864 -0.554871
v 5.267327 0.200864 -0.554871
v 5.287722 0.000864 -0.557682
v 5.287722 0.200864 -0.557682
v 5.309540 0.000864 -0.558631
v 5.309540 0.200864 -0.558631
v 5.320063 0.000864 -0.558380
v 5.320063 0.200864 -0.558380
v 5.330637 0.000864 -0.557626
v 5.330637 0.200864 -0.557626
v 5.341274 0.000864 -0.556365
v 5.341274 0.200864 -0.556365
v 5.351985 0.000864 -0.554594
v 5.351985 0.200864 -0.554594
v 5.362778 0.000864 -0.552308
v 5.362778 0.200864 -0.552308
v 5.373665 0.000864 -0.549506
v 5.373665 0.200864 -0.549506
v 5.384656 0.000864 -0.546182
v 5.384656 0.200864 -0.546182
v 5.395762 0.000864 -0.542334
v 5.395762 0.200864 -0.542334
v 5.406993 0.000864 -0.537959
v 5.406993 0.200864 -0.537959
v 5.418360 0.000864 -0.533052
v 5.418360 0.200864 -0.533052
v 5.429872 0.000864 -0.527610
v 5.429872 0.200864 -0.527610
v 5.441540 0.000864 -0.521631
v 5.441540 0.200864 -0.521631
v 5.441540 0.000864 -0.433631
v 5.441540 0.200864 -0.433631
v 6.016509 0.000864 -0.295118
v 6.016509 0.200864 -0.295118
v 6.010540 0.000864 -0.262695
v 6.010540 0.200864 -0.262695
v 6.000821 0.000864 -0.232537
v 6.000821 0.200864 -0.232537
v 5.987540 0.000864 -0.204816
v 5.987540 0.200864 -0.204816
v 5.970883 0.000864 -0.179706
v 5.970883 0.200864 -0.179706
v 5.951040 0.000864 -0.157381
v 5.951040 0.200864 -0.157381
v 5.928196 0.000864 -0.138014
v 5.928196 0.200864 -0.138014
v 5.902540 0.000864 -0.121779
v 5.902540 0.200864 -0.121779
v 5.874259 0.000864 -0.108849
v 5.874259 0.200864 -0.108849
v 5.843540 0.000864 -0.099399
v 5.843540 0.200864 -0.099399
v 5.810572 0.000864 -0.093602
v 5.810572 0.200864 -0.093602
v 5.775540 0.000864 -0.091631
v 5.775540 0.200864 -0.091631
v 5.741887 0.000864 -0.093678
v 5.741887 0.200864 -0.093678
v 5.710068 0.000864 -0.099677
v 5.710068 0.200864 -0.099677
v 5.680290 0.000864 -0.109412
v 5.680290 0.200864 -0.109412
v 5.652762 0.000864 -0.122668
v 5.652762 0.200864 -0.122668
v 5.627693 0.000864 -0.139229
v 5.627693 0.200864 -0.139229
v 5.605290 0.000864 -0.158881
v 5.605290 0.200864 -0.158881
v 5.585762 0.000864 -0.181407
v 5.585762 0.200864 -0.181407
v 5.569318 0.000864 -0.206594
v 5.569318 0.200864 -0.206594
v 5.556165 0.000864 -0.234224
v 5.556165 0.200864 -0.234224
v 5.546513 0.000864 -0.264084
v 5.546513 0.200864 -0.264084
v 5.540568 0.000864 -0.295958
v 5.540568 0.200864 -0.295958
v 5.538540 0.000864 -0.329631
v 5.538540 0.200864 -0.329631
v 5.540644 0.000864 -0.361235
v 5.540644 0.200864 -0.361235
v 5.546790 0.000864 -0.391385
v 5.546790 0.200864 -0.391385
v 5.556727 0.000864 -0.419834
v 5.556727 0.200864 -0.419834
v 5.570207 0.000864 -0.446334
v 5.570207 0.200864 -0.446334
v 5.586977 0.000864 -0.470640
v 5.586977 0.200864 -0.470640
v 5.606790 0.000864 -0.492506
v 5.606790 0.200864 -0.492506
v 5.629394 0.000864 -0.511683
v 5.629394 0.200864 -0.511683
v 5.654540 0.000864 -0.527927
v 5.654540 0.200864 -0.527927
v 5.681977 0.000864 -0.540990
v 5.681977 0.200864 -0.540990
v 5.711456 0.000864 -0.550626
v 5.711456 0.200864 -0.550626
v 5.742727 0.000864 -0.556588
v 5.742727 0.200864 -0.556588
v 5.775540 0.000864 -0.558631
v 5.775540 0.200864 -0.558631
v 5.809941 0.000864 -0.556665
v 5.809941 0.200864 -0.556665
v 5.842499 0.000864 -0.550904
v 5.842499 0.200864 -0.550904
v 5.872993 0.000864 -0.541553
v 5.872993 0.200864 -0.541553
v 5.901207 0.000864 -0.528816
v 5.901207 0.200864 -0.528816
v 5.926921 0.000864 -0.512899
v 5.926921 0.200864 -0.512899
v 5.949916 0.000864 -0.494006
v 5.949916 0.200864 -0.494006
v 5.969973 0.000864 -0.472342
v 5.969973 0.200864 -0.472342
v 5.986874 0.000864 -0.448112
v 5.986874 0.200864 -0.448112
v 6.000400 0.000864 -0.421521
v 6.000400 0.200864 -0.421521
v 6.010332 0.000864 -0.392774
v 6.010332 0.200864 -0.392774
v 6.016452 0.000864 -0.362076
v 6.016452 0.200864 -0.362076
v 6.018540 0.000864 -0.329631
v 6.018540 0.200864 -0.329631
v 5.630751 0.000864 -0.306565
v 5.630751 0.200864 -0.306565
v 5.634309 0.000864 -0.284941
v 5.634309 0.200864 -0.284941
v 5.640102 0.000864 -0.264865
v 5.640102 0.200864 -0.264865
v 5.648022 0.000864 -0.246445
v 5.648022 0.200864 -0.246445
v 5.657954 0.000864 -0.229790
v 5.657954 0.200864 -0.229790
v 5.669790 0.000864 -0.215006
v 5.669790 0.200864 -0.215006
v 5.683417 0.000864 -0.202201
v 5.683417 0.200864 -0.202201
v 5.698726 0.000864 -0.191482
v 5.698726 0.200864 -0.191482
v 5.715603 0.000864 -0.182959
v 5.715603 0.200864 -0.182959
v 5.733938 0.000864 -0.176737
v 5.733938 0.200864 -0.176737
v 5.753621 0.000864 -0.172925
v 5.753621 0.200864 -0.172925
v 5.774540 0.000864 -0.171631
v 5.774540 0.200864 -0.171631
v 5.797297 0.000864 -0.172867
v 5.797297 0.200864 -0.172867
v 5.818512 0.000864 -0.176524
v 5.818512 0.200864 -0.176524
v 5.838102 0.000864 -0.182521
v 5.838102 0.200864 -0.182521
v 5.855985 0.000864 -0.190779
v 5.855985 0.200864 -0.190779
v 5.872075 0.000864 -0.201217
v 5.872075 0.200864 -0.201217
v 5.886291 0.000864 -0.213756
v 5.886291 0.200864 -0.213756
v 5.898547 0.000864 -0.228315
v 5.898547 0.200864 -0.228315
v 5.908763 0.000864 -0.244816
v 5.908763 0.200864 -0.244816
v 5.916853 0.000864 -0.263177
v 5.916853 0.200864 -0.263177
v 5.922735 0.000864 -0.283320
v 5.922735 0.200864 -0.283320
v 5.926325 0.000864 -0.305165
v 5.926325 0.200864 -0.305165
v 5.927541 0.000864 -0.328631
v 5.927541 0.200864 -0.328631
v 5.926230 0.000864 -0.349858
v 5.926230 0.200864 -0.349858
v 5.922388 0.000864 -0.369950
v 5.922388 0.200864 -0.369950
v 5.916150 0.000864 -0.388771
v 5.916150 0.200864 -0.388771
v 5.907652 0.000864 -0.406186
v 5.907652 0.200864 -0.406186
v 5.897029 0.000864 -0.422059
v 5.897029 0.200864 -0.422059
v 5.884416 0.000864 -0.436256
v 5.884416 0.200864 -0.436256
v 5.869948 0.000864 -0.448639
v 5.869948 0.200864 -0.448639
v 5.853763 0.000864 -0.459075
v 5.853763 0.200864 -0.459075
v 5.835994 0.000864 -0.467427
v 5.835994 0.200864 -0.467427
v 5.816776 0.000864 -0.473561
v 5.816776 0.200864 -0.473561
v 5.796247 0.000864 -0.477341
v 5.796247 0.200864 -0.477341
v 5.774540 0.000864 -0.478631
v 5.774540 0.200864 -0.478631
v 5.754042 0.000864 -0.477341
v 5.754042 0.200864 -0.477341
v 5.734633 0.000864 -0.473566
v 5.734633 0.200864 -0.473566
v 5.716447 0.000864 -0.467443
v 5.716447 0.200864 -0.467443
v 5.699615 0.000864 -0.459112
v 5.699615 0.200864 -0.459112
v 5.684269 0.000864 -0.448712
v 5.684269 0.200864 -0.448712
v 5.670541 0.000864 -0.436381
v 5.670541 0.200864 -0.436381
v 5.658563 0.000864 -0.422258
v 5.658563 0.200864 -0.422258
v 5.648466 0.000864 -0.406482
v 5.648466 0.200864 -0.406482
v 5.640384 0.000864 -0.389193
v 5.640384 0.200864 -0.389193
v 5.634448 0.000864 -0.370529
v 5.634448 0.200864 -0.370529
v 5.630789 0.000864 -0.350628
v 5.630789 0.200864 -0.350628
v 5.629540 0.000864 -0.329631
v 5.629540 0.200864 -0.329631
v 6.206540 0.000864 -0.490631
v 6.206540 0.200864 -0.490631
v 6.215364 0.000864 -0.501001
v 6.215364 0.200864 -0.501001
v 6.224799 0.000864 -0.510598
v 6.224799 0.200864 -0.510598
v 6.234790 0.000864 -0.519396
v 6.234790 0.200864 -0.519396
v 6.245281 0.000864 -0.527371
v 6.245281 0.200864 -0.527371
v 6.256216 0.000864 -0.534499
v 6.256216 0.200864 -0.534499
v 6.267540 0.000864 -0.540756
v 6.267540 0.200864 -0.540756
v 6.279198 0.000864 -0.546116
v 6.279198 0.200864 -0.546116
v 6.291133 0.000864 -0.550557
v 6.291133 0.200864 -0.550557
v 6.303290 0.000864 -0.554052
v 6.303290 0.200864 -0.554052
v 6.315615 0.000864 -0.556580
v 6.315615 0.200864 -0.556580
v 6.328050 0.000864 -0.558114
v 6.328050 0.200864 -0.558114
v 6.340541 0.000864 -0.558631
v 6.340541 0.200864 -0.558631
v 6.361406 0.000864 -0.557418
v 6.361406 0.200864 -0.557418
v 6.381388 0.000864 -0.553765
v 6.381388 0.200864 -0.553765
v 6.400306 0.000864 -0.547646
v 6.400306 0.200864 -0.547646
v 6.417985 0.000864 -0.539038
v 6.417985 0.200864 -0.539038
v 6.434247 0.000864 -0.527916
v 6.434247 0.200864 -0.527916
v 6.448915 0.000864 -0.514256
v 6.448915 0.200864 -0.514256
v 6.461813 0.000864 -0.498033
v 6.461813 0.200864 -0.498033
v 6.472762 0.000864 -0.479223
v 6.472762 0.200864 -0.479223
v 6.481587 0.000864 -0.457802
v 6.481587 0.200864 -0.457802
v 6.488110 0.000864 -0.433746
v 6.488110 0.200864 -0.433746
v 6.492153 0.000864 -0.407030
v 6.492153 0.200864 -0.407030
v 6.493541 0.000864 -0.377631
v 6.493541 0.200864 -0.377631
v 6.493541 0.000864 -0.100631
v 6.493541 0.200864 -0.100631
v 6.404540 0.000864 -0.100631
v 6.404540 0.200864 -0.100631
v 6.404540 0.000864 -0.378631
v 6.404540 0.200864 -0.378631
v 6.403841 0.000864 -0.394640
v 6.403841 0.200864 -0.394640
v 6.401772 0.000864 -0.409621
v 6.401772 0.200864 -0.409621
v 6.398384 0.000864 -0.423506
v 6.398384 0.200864 -0.423506
v 6.393725 0.000864 -0.436223
v 6.393725 0.200864 -0.436223
v 6.387845 0.000864 -0.447705
v 6.387845 0.200864 -0.447705
v 6.380791 0.000864 -0.457881
v 6.380791 0.200864 -0.457881
v 6.372611 0.000864 -0.466681
v 6.372611 0.200864 -0.466681
v 6.363356 0.000864 -0.474038
v 6.363356 0.200864 -0.474038
v 6.353072 0.000864 -0.479881
v 6.353072 0.200864 -0.479881
v 6.341809 0.000864 -0.484140
v 6.341809 0.200864 -0.484140
v 6.329616 0.000864 -0.486746
v 6.329616 0.200864 -0.486746
v 6.316541 0.000864 -0.487631
v 6.316541 0.200864 -0.487631
v 6.306946 0.000864 -0.487249
v 6.306946 0.200864 -0.487249
v 6.297619 0.000864 -0.486080
v 6.297619 0.200864 -0.486080
v 6.288493 0.000864 -0.484084
v 6.288493 0.200864 -0.484084
v 6.279503 0.000864 -0.481223
v 6.279503 0.200864 -0.481223
v 6.270582 0.000864 -0.477460
v 6.270582 0.200864 -0.477460
v 6.261665 0.000864 -0.472756
v 6.261665 0.200864 -0.472756
v 6.252686 0.000864 -0.467072
v 6.252686 0.200864 -0.467072
v 6.243577 0.000864 -0.460371
v 6.243577 0.200864 -0.460371
v 6.234275 0.000864 -0.452615
v 6.234275 0.200864 -0.452615
v 6.224711 0.000864 -0.443765
v 6.224711 0.200864 -0.443765
v 6.214822 0.000864 -0.433783
v 6.214822 0.200864 -0.433783
v 6.204540 0.000864 -0.422631
v 6.204540 0.200864 -0.422631
v 6.204540 0.000864 -0.100631
v 6.204540 0.200864 -0.100631
v 6.115541 0.000864 -0.100631
v 6.115541 0.200864 -0.100631
v 6.115541 0.000864 -0.549631
v 6.115541 0.200864 -0.549631
v 6.204540 0.000864 -0.549631
v 6.204540 0.200864 -0.549631
v 6.204540 0.000864 -0.490631
v 6.204540 0.200864 -0.490631
vn -0.0000 1.0000 -0.0000
vn -0.0000 -1.0000 -0.0000
vn 0.9973 -0.0000 0.0736
vn 0.9876 -0.0000 0.1569
vn 0.9676 -0.0000 0.2526
vn 0.9326 -0.0000 0.3608
vn 0.8775 -0.0000 0.4797
vn 0.7972 -0.0000 0.6037
vn 0.6899 -0.0000 0.7239
vn 0.5588 -0.0000 0.8293
vn 0.4133 -0.0000 0.9106
vn 0.2655 -0.0000 0.9641
vn 0.1262 -0.0000 0.9920
vn 0.0264 -0.0000 0.9997
vn -0.0140 -0.0000 0.9999
vn -0.0281 -0.0000 0.9996
vn -0.0420 -0.0000 0.9991
vn -0.0553 -0.0000 0.9985
vn -0.0675 -0.0000 0.9977
vn -0.0784 -0.0000 0.9969
vn -0.0875 -0.0000 0.9962
vn -0.0944 -0.0000 0.9955
vn -0.0991 -0.0000 0.9951
vn -0.1014 -0.0000 0.9948
vn -0.6730 -0.0000 0.7397
vn -0.7727 -0.0000 -0.6348
vn -0.0225 -0.0000 -0.9997
vn -0.1015 -0.0000 -0.9948
vn -0.2314 -0.0000 -0.9729
vn -0.3931 -0.0000 -0.9195
vn -0.5720 -0.0000 -0.8202
vn -0.7379 -0.0000 -0.6749
vn -0.8620 -0.0000 -0.5070
vn -0.9370 -0.0000 -0.3492
vn -0.9751 -0.0000 -0.2217
vn -0.9917 -0.0000 -0.1283
vn -0.9979 -0.0000 -0.0646
vn -0.9997 -0.0000 -0.0244
vn -1.0000 -0.0000 -0.0047
vn -0.7071 -0.0000 -0.7071
vn 0.7071 -0.0000 -0.7071
vn 0.9998 -0.0000 0.0174
vn 0.5395 -0.0000 0.8420
vn 0.5244 -0.0000 0.8515
vn 0.5027 -0.0000 0.8645
vn 0.4729 -0.0000 0.8811
vn 0.4336 -0.0000 0.9011
vn 0.3841 -0.0000 0.9233
vn 0.3247 -0.0000 0.9458
vn 0.2577 -0.0000 0.9662
vn 0.1870 -0.0000 0.9824
vn 0.1177 -0.0000 0.9930
vn 0.0548 -0.0000 0.9985
vn -0.0029 -0.0000 1.0000
vn -0.0670 -0.0000 0.9978
vn -0.1445 -0.0000 0.9895
vn -0.2345 -0.0000 0.9721
vn -0.3361 -0.0000 0.9418
vn -0.4464 -0.0000 0.8948
vn -0.5597 -0.0000 0.8287
vn -0.6682 -0.0000 0.7440
vn -0.7643 -0.0000 0.6449
vn -0.8426 -0.0000 0.5386
vn -0.9016 -0.0000 0.4326
vn -0.9428 -0.0000 0.3333
vn -0.3111 -0.0000 0.9504
vn 0.5845 -0.0000 0.8114
vn 0.5440 -0.0000 0.8391
vn 0.5005 -0.0000 0.8658
vn 0.4539 -0.0000 0.8910
vn 0.4045 -0.0000 0.9146
vn 0.3522 -0.0000 0.9359
vn 0.2975 -0.0000 0.9547
vn 0.2406 -0.0000 0.9706
vn 0.1819 -0.0000 0.9833
vn 0.1219 -0.0000 0.9925
vn 0.0611 -0.0000 0.9981
vn -0.0176 -0.0000 0.9998
vn -0.1330 -0.0000 0.9911
vn -0.2663 -0.0000 0.9639
vn -0.3956 -0.0000 0.9184
vn -0.5169 -0.0000 0.8560
vn -0.6272 -0.0000 0.7789
vn -0.7244 -0.0000 0.6893
vn -0.8076 -0.0000 0.5898
vn -0.8761 -0.0000 0.4821
vn -0.9298 -0.0000 0.3680
vn -0.9686 -0.0000 0.2487
vn -0.9921 -0.0000 0.1254
vn -1.0000 -0.0000 -0.0074
vn -0.9868 -0.0000 -0.1617
vn -0.9441 -0.0000 -0.3297
vn -0.8721 -0.0000 -0.4894
vn -0.7800 -0.0000 -0.6258
vn -0.6815 -0.0000 -0.7318
vn -0.5887 -0.0000 -0.8084
vn -0.5086 -0.0000 -0.8610
vn -0.4442 -0.0000 -0.8959
vn -0.3959 -0.0000 -0.9183
vn -0.3631 -0.0000 -0.9318
vn -0.3452 -0.0000 -0.9385
vn -0.3370 -0.0000 -0.9415
vn -0.8167 -0.0000 -0.5770
vn -0.9998 -0.0000 0.0211
vn -0.9959 -0.0000 0.0910
vn -0.9803 -0.0000 0.1975
vn -0.9470 -0.0000 0.3213
vn -0.8889 -0.0000 0.4581
vn -0.8017 -0.0000 0.5978
vn -0.6870 -0.0000 0.7266
vn -0.5545 -0.0000 0.8322
vn -0.4179 -0.0000 0.9085
vn -0.2895 -0.0000 0.9572
vn -0.1765 -0.0000 0.9843
vn -0.0809 -0.0000 0.9967
vn 0.0009 -0.0000 1.0000
vn 0.0786 -0.0000 0.9969
vn 0.1570 -0.0000 0.9876
vn 0.2344 -0.0000 0.9721
vn 0.3097 -0.0000 0.9508
vn 0.3821 -0.0000 0.9241
vn 0.4508 -0.0000 0.8926
vn 0.5152 -0.0000 0.8571
vn 0.5750 -0.0000 0.8182
vn 0.6297 -0.0000 0.7768
vn 0.6795 -0.0000 0.7337
vn 0.7243 -0.0000 0.6895
vn -0.3570 -0.0000 0.9341
vn -0.9315 -0.0000 -0.3637
vn -0.7084 -0.0000 -0.7058
vn -0.6504 -0.0000 -0.7596
vn -0.5872 -0.0000 -0.8094
vn -0.5199 -0.0000 -0.8542
vn -0.4500 -0.0000 -0.8930
vn -0.3790 -0.0000 -0.9254
vn -0.3085 -0.0000 -0.9512
vn -0.2398 -0.0000 -0.9708
vn -0.1740 -0.0000 -0.9847
vn -0.1120 -0.0000 -0.9937
vn -0.0541 -0.0000 -0.9985
vn 0.0085 -0.0000 -1.0000
vn 0.0893 -0.0000 -0.9960
vn 0.1859 -0.0000 -0.9826
vn 0.2908 -0.0000 -0.9568
vn 0.4034 -0.0000 -0.9150
vn 0.5207 -0.0000 -0.8538
vn 0.6378 -0.0000 -0.7702
vn 0.7476 -0.0000 -0.6642
vn 0.8423 -0.0000 -0.5390
vn 0.9158 -0.0000 -0.4017
vn 0.9653 -0.0000 -0.2612
vn 0.9921 -0.0000 -0.1258
vn 0.9995 -0.0000 -0.0301
vn 0.9999 -0.0000 -0.0155
vn 0.9978 -0.0000 -0.0670
vn 0.9891 -0.0000 -0.1471
vn 0.9698 -0.0000 -0.2439
vn 0.9337 -0.0000 -0.3581
vn 0.8733 -0.0000 -0.4872
vn 0.7825 -0.0000 -0.6226
vn 0.6612 -0.0000 -0.7502
vn 0.5179 -0.0000 -0.8555
vn 0.3681 -0.0000 -0.9298
vn 0.2272 -0.0000 -0.9738
vn 0.1045 -0.0000 -0.9945
vn -0.0139 -0.0000 -0.9999
vn -0.1353 -0.0000 -0.9908
vn -0.2368 -0.0000 -0.9716
vn -0.3116 -0.0000 -0.9502
vn -0.3688 -0.0000 -0.9295
vn -0.4145 -0.0000 -0.9100
vn -0.4521 -0.0000 -0.8920
vn -0.4840 -0.0000 -0.8751
vn -0.5119 -0.0000 -0.8591
vn -0.5367 -0.0000 -0.8438
vn -0.5593 -0.0000 -0.8290
vn -0.5802 -0.0000 -0.8144
vn 0.4526 -0.0000 -0.8917
vn 0.8791 -0.0000 0.4767
vn 0.3352 -0.0000 0.9422
vn 0.3536 -0.0000 0.9354
vn 0.3812 -0.0000 0.9245
vn 0.4196 -0.0000 0.9077
vn 0.4705 -0.0000 0.8824
vn 0.5358 -0.0000 0.8443
vn 0.6169 -0.0000 0.7870
vn 0.7126 -0.0000 0.7016
vn 0.8158 -0.0000 0.5784
vn 0.9110 -0.0000 0.4124
vn 0.9772 -0.0000 0.2122
vn 0.9998 -0.0000 0.0220
vn 0.9922 -0.0000 -0.1244
vn 0.9680 -0.0000 -0.2510
vn 0.9262 -0.0000 -0.3771
vn 0.8667 -0.0000 -0.4988
vn 0.7905 -0.0000 -0.6125
vn 0.6993 -0.0000 -0.7148
vn 0.5957 -0.0000 -0.8032
vn 0.4827 -0.0000 -0.8758
vn 0.3636 -0.0000 -0.9316
vn 0.2415 -0.0000 -0.9704
vn 0.1196 -0.0000 -0.9928
vn 0.0087 -0.0000 -1.0000
vn -0.0825 -0.0000 -0.9966
vn -0.1630 -0.0000 -0.9866
vn -0.2399 -0.0000 -0.9708
vn -0.3121 -0.0000 -0.9501
vn -0.3788 -0.0000 -0.9255
vn -0.4397 -0.0000 -0.8981
vn -0.4947 -0.0000 -0.8691
vn -0.5439 -0.0000 -0.8391
vn -0.5878 -0.0000 -0.8090
vn -0.6267 -0.0000 -0.7793
vn -0.6611 -0.0000 -0.7503
vn -0.9157 -0.0000 -0.4018
vn -0.5796 -0.0000 0.8149
vn 0.3917 -0.0000 -0.9201
vn -0.6779 -0.0000 -0.7351
vn -0.6448 -0.0000 -0.7643
vn -0.6070 -0.0000 -0.7947
vn -0.5637 -0.0000 -0.8260
vn -0.5145 -0.0000 -0.8575
vn -0.4588 -0.0000 -0.8885
vn -0.3965 -0.0000 -0.9180
vn -0.3274 -0.0000 -0.9449
vn -0.2521 -0.0000 -0.9677
vn -0.1714 -0.0000 -0.9852
vn -0.0868 -0.0000 -0.9962
vn -0.0011 -0.0000 -1.0000
vn 0.0842 -0.0000 -0.9965
vn 0.1708 -0.0000 -0.9853
vn 0.2590 -0.0000 -0.9659
vn 0.3471 -0.0000 -0.9378
vn 0.4333 -0.0000 -0.9013
vn 0.5158 -0.0000 -0.8567
vn 0.5930 -0.0000 -0.8052
vn 0.6636 -0.0000 -0.7481
vn 0.7268 -0.0000 -0.6868
vn 0.7822 -0.0000 -0.6230
vn 0.8299 -0.0000 -0.5580
vn 0.0942 -0.0000 -0.9956
vn -0.7251 -0.0000 -0.6887
vn -0.6970 -0.0000 -0.7171
vn -0.6625 -0.0000 -0.7490
vn -0.6209 -0.0000 -0.7839
vn -0.5712 -0.0000 -0.8208
vn -0.5128 -0.0000 -0.8585
vn -0.4451 -0.0000 -0.8955
vn -0.3684 -0.0000 -0.9297
vn -0.2835 -0.0000 -0.9590
vn -0.1920 -0.0000 -0.9814
vn -0.0965 -0.0000 -0.9953
vn 0.1337 -0.0000 -0.9910
vn 0.2723 -0.0000 -0.9622
vn 0.4111 -0.0000 -0.9116
vn 0.5434 -0.0000 -0.8395
vn 0.6628 -0.0000 -0.7488
vn 0.7646 -0.0000 -0.6445
vn 0.8464 -0.0000 -0.5325
vn 0.9084 -0.0000 -0.4180
vn 0.9522 -0.0000 -0.3054
vn 0.9803 -0.0000 -0.1974
vn 0.9954 -0.0000 -0.0956
vn 0.9997 -0.0000 -0.0232
vn 0.7071 -0.0000 0.7071
vn -0.7071 -0.0000 0.7071
vn -0.9997 -0.0000 0.0261
vn -0.9941 -0.0000 0.1080
vn -0.9749 -0.0000 0.2226
vn -0.9397 -0.0000 0.3421
vn -0.8865 -0.0000 0.4627
vn -0.8146 -0.0000 0.5800
vn -0.7248 -0.0000 0.6890
vn -0.6195 -0.0000 0.7850
vn -0.5026 -0.0000 0.8645
vn -0.3783 -0.0000 0.9257
vn -0.2509 -0.0000 0.9680
vn -0.1240 -0.0000 0.9923
vn -0.0117 -0.0000 0.9999
vn 0.1013 -0.0000 0.9949
vn 0.2169 -0.0000 0.9762
vn 0.3115 -0.0000 0.9502
vn 0.3891 -0.0000 0.9212
vn 0.4533 -0.0000 0.8913
vn 0.5073 -0.0000 0.8618
vn 0.5533 -0.0000 0.8330
vn 0.5934 -0.0000 0.8049
vn 0.6288 -0.0000 0.7775
vn 0.6609 -0.0000 0.7505
vn 0.6903 -0.0000 0.7235
vn 0.9231 -0.0000 0.3845
vn -0.9998 -0.0000 0.0217
vn -0.9815 -0.0000 0.1916
vn -0.9533 -0.0000 0.3021
vn -0.9075 -0.0000 0.4201
vn -0.8411 -0.0000 0.5409
vn -0.7527 -0.0000 0.6583
vn -0.6442 -0.0000 0.7648
vn -0.5202 -0.0000 0.8540
vn -0.3877 -0.0000 0.9218
vn -0.2535 -0.0000 0.9673
vn -0.1235 -0.0000 0.9923
vn -0.0163 -0.0000 0.9999
vn 0.0585 -0.0000 0.9983
vn 0.1256 -0.0000 0.9921
vn 0.2011 -0.0000 0.9796
vn 0.2825 -0.0000 0.9593
vn 0.3659 -0.0000 0.9307
vn 0.4469 -0.0000 0.8946
vn 0.5218 -0.0000 0.8531
vn 0.5879 -0.0000 0.8089
vn 0.6441 -0.0000 0.7649
vn 0.6904 -0.0000 0.7234
vn 0.7277 -0.0000 0.6859
vn 0.9338 -0.0000 0.3577
vn 0.5233 -0.0000 0.8522
vn 0.4869 -0.0000 0.8735
vn 0.4449 -0.0000 0.8956
vn 0.3980 -0.0000 0.9174
vn 0.3470 -0.0000 0.9379
vn 0.2934 -0.0000 0.9560
vn 0.2388 -0.0000 0.9711
vn 0.1848 -0.0000 0.9828
vn 0.1330 -0.0000 0.9911
vn 0.0845 -0.0000 0.9964
vn 0.0403 -0.0000 0.9992
vn -0.0250 -0.0000 0.9997
vn -0.1412 -0.0000 0.9900
vn -0.2852 -0.0000 0.9585
vn -0.4256 -0.0000 0.9049
vn -0.5557 -0.0000 0.8314
vn -0.6701 -0.0000 0.7422
vn -0.7664 -0.0000 0.6424
vn -0.8438 -0.0000 0.5366
vn -0.9036 -0.0000 0.4283
vn -0.9475 -0.0000 0.3198
vn -0.9773 -0.0000 0.2121
vn -0.9944 -0.0000 0.1055
vn -1.0000 -0.0000 -0.0004
vn -0.9940 -0.0000 -0.1091
vn -0.9749 -0.0000 -0.2227
vn -0.9406 -0.0000 -0.3396
vn -0.8894 -0.0000 -0.4571
vn -0.8205 -0.0000 -0.5717
vn -0.7339 -0.0000 -0.6793
vn -0.6309 -0.0000 -0.7758
vn -0.3887 -0.0000 -0.9214
vn -0.2581 -0.0000 -0.9661
vn -0.1274 -0.0000 -0.9919
vn -0.0020 -0.0000 -1.0000
vn 0.1222 -0.0000 -0.9925
vn 0.2545 -0.0000 -0.9671
vn 0.3939 -0.0000 -0.9192
vn 0.5325 -0.0000 -0.8465
vn 0.6607 -0.0000 -0.7506
vn 0.7703 -0.0000 -0.6377
vn 0.8564 -0.0000 -0.5163
vn 0.9186 -0.0000 -0.3951
vn 0.9599 -0.0000 -0.2805
vn 0.9844 -0.0000 -0.1760
vn 0.9966 -0.0000 -0.0830
vn 0.7209 -0.0000 0.6931
vn 0.7733 -0.0000 0.6340
vn 0.9706 -0.0000 -0.2406
vn 0.9427 -0.0000 -0.3338
vn 0.9005 -0.0000 -0.4348
vn 0.8413 -0.0000 -0.5406
vn 0.7633 -0.0000 -0.6461
vn 0.6671 -0.0000 -0.7449
vn 0.5566 -0.0000 -0.8308
vn 0.4378 -0.0000 -0.8991
vn 0.3177 -0.0000 -0.9482
vn 0.2026 -0.0000 -0.9793
vn 0.0965 -0.0000 -0.9953
vn 0.0076 -0.0000 -1.0000
vn -0.0612 -0.0000 -0.9981
vn -0.1212 -0.0000 -0.9926
vn -0.1792 -0.0000 -0.9838
vn -0.2344 -0.0000 -0.9721
vn -0.2864 -0.0000 -0.9581
vn -0.3347 -0.0000 -0.9423
vn -0.3793 -0.0000 -0.9253
vn -0.4201 -0.0000 -0.9075
vn -0.4571 -0.0000 -0.8894
vn -0.4904 -0.0000 -0.8715
vn -0.5202 -0.0000 -0.8540
vn 0.4826 -0.0000 -0.8759
vn 0.8775 -0.0000 0.4796
vn -0.9902 -0.0000 0.1396
vn -0.9704 -0.0000 0.2417
vn -0.9367 -0.0000 0.3501
vn -0.8866 -0.0000 0.4625
vn -0.8179 -0.0000 0.5753
vn -0.7300 -0.0000 0.6835
vn -0.6242 -0.0000 0.7812
vn -0.5045 -0.0000 0.8634
vn -0.3763 -0.0000 0.9265
vn -0.2462 -0.0000 0.9692
vn -0.1198 -0.0000 0.9928
vn -0.0038 -0.0000 1.0000
vn 0.1048 -0.0000 0.9945
vn 0.2179 -0.0000 0.9760
vn 0.3375 -0.0000 0.9413
vn 0.4587 -0.0000 0.8886
vn 0.5754 -0.0000 0.8179
vn 0.6814 -0.0000 0.7319
vn 0.7721 -0.0000 0.6356
vn 0.8452 -0.0000 0.5345
vn 0.9009 -0.0000 0.4341
vn 0.9411 -0.0000 0.3381
vn 0.9685 -0.0000 0.2490
vn 0.7766 -0.0000 -0.6300
vn -0.7383 -0.0000 -0.6744
vn -0.5172 -0.0000 0.8558
vn -0.4823 -0.0000 0.8760
vn -0.4458 -0.0000 0.8951
vn -0.4077 -0.0000 0.9131
vn -0.3678 -0.0000 0.9299
vn -0.3257 -0.0000 0.9455
vn -0.2811 -0.0000 0.9597
vn -0.2336 -0.0000 0.9723
vn -0.1825 -0.0000 0.9832
vn -0.1271 -0.0000 0.9919
vn -0.0663 -0.0000 0.9978
vn 0.0027 -0.0000 1.0000
vn 0.0823 -0.0000 0.9966
vn 0.1700 -0.0000 0.9854
vn 0.2641 -0.0000 0.9645
vn 0.3643 -0.0000 0.9313
vn 0.4699 -0.0000 0.8827
vn 0.5787 -0.0000 0.8155
vn 0.6870 -0.0000 0.7266
vn 0.7891 -0.0000 0.6142
vn 0.8777 -0.0000 0.4792
vn 0.9453 -0.0000 0.3263
vn 0.9865 -0.0000 0.1635
vn 0.9998 -0.0000 -0.0217
vn 0.9718 -0.0000 -0.2356
vn 0.9032 -0.0000 -0.4292
vn 0.8221 -0.0000 -0.5693
vn 0.7473 -0.0000 -0.6645
vn 0.6851 -0.0000 -0.7285
vn 0.6358 -0.0000 -0.7719
vn 0.5974 -0.0000 -0.8019
vn 0.5678 -0.0000 -0.8232
vn 0.5449 -0.0000 -0.8385
vn 0.5274 -0.0000 -0.8496
vn 0.5139 -0.0000 -0.8579
vn 0.5350 -0.0000 -0.8449
vn 0.5728 -0.0000 -0.8197
vn 0.5989 -0.0000 -0.8008
vn 0.6320 -0.0000 -0.7750
vn 0.6728 -0.0000 -0.7399
vn 0.7213 -0.0000 -0.6926
vn 0.7764 -0.0000 -0.6303
vn 0.8348 -0.0000 -0.5505
vn 0.8914 -0.0000 -0.4532
vn 0.9398 -0.0000 -0.3416
vn 0.9748 -0.0000 -0.2232
vn 0.9942 -0.0000 -0.1073
vn 1.0000 -0.0000 0.0079
vn 0.9907 -0.0000 0.1363
vn 0.9616 -0.0000 0.2746
vn 0.9120 -0.0000 0.4102
vn 0.8432 -0.0000 0.5377
vn 0.7578 -0.0000 0.6525
vn 0.6598 -0.0000 0.7515
vn 0.5532 -0.0000 0.8331
vn 0.4418 -0.0000 0.8971
vn 0.3287 -0.0000 0.9444
vn 0.2164 -0.0000 0.9763
vn 0.1065 -0.0000 0.9943
vn 0.0175 -0.0000 0.9998
vn -0.0361 -0.0000 0.9993
vn -0.0754 -0.0000 0.9972
vn -0.1179 -0.0000 0.9930
vn -0.1625 -0.0000 0.9867
vn -0.2078 -0.0000 0.9782
vn -0.2527 -0.0000 0.9676
vn -0.2958 -0.0000 0.9553
vn -0.3728 -0.0000 0.9279
vn -0.4056 -0.0000 0.9140
vn -0.4343 -0.0000 0.9008
vn -0.8508 -0.0000 0.5256
vn -0.4725 -0.0000 -0.8813
vn 0.5388 -0.0000 -0.8424
vn 0.5082 -0.0000 -0.8612
vn 0.4758 -0.0000 -0.8796
vn 0.4410 -0.0000 -0.8975
vn 0.4036 -0.0000 -0.9149
vn 0.3630 -0.0000 -0.9318
vn 0.3185 -0.0000 -0.9479
vn 0.2692 -0.0000 -0.9631
vn 0.2141 -0.0000 -0.9768
vn 0.1518 -0.0000 -0.9884
vn 0.0806 -0.0000 -0.9968
vn -0.0245 -0.0000 -0.9997
vn -0.1289 -0.0000 -0.9917
vn -0.2065 -0.0000 -0.9784
vn -0.2900 -0.0000 -0.9570
vn -0.3801 -0.0000 -0.9249
vn -0.4771 -0.0000 -0.8788
vn -0.5798 -0.0000 -0.8148
vn -0.6850 -0.0000 -0.7285
vn -0.7867 -0.0000 -0.6173
vn -0.8765 -0.0000 -0.4814
vn -0.9453 -0.0000 -0.3263
vn -0.9868 -0.0000 -0.1622
vn -0.9955 -0.0000 0.0949
vn -0.8897 -0.0000 0.4565
vn -0.7052 -0.0000 0.7090
vn -0.5812 -0.0000 0.8138
vn -0.5190 -0.0000 0.8548
vn -0.5003 -0.0000 0.8659
vn -0.5150 -0.0000 0.8572
vn -0.5596 -0.0000 0.8288
vn -0.6341 -0.0000 0.7732
vn -0.7372 -0.0000 0.6756
vn -0.8571 -0.0000 0.5151
vn -0.9598 -0.0000 0.2808
vn -0.9992 -0.0000 0.0396
vn -0.9910 -0.0000 -0.1338
vn -0.9618 -0.0000 -0.2739
vn -0.9096 -0.0000 -0.4154
vn -0.8348 -0.0000 -0.5506
vn -0.7406 -0.0000 -0.6720
vn -0.6329 -0.0000 -0.7743
vn -0.5185 -0.0000 -0.8551
vn -0.4034 -0.0000 -0.9150
vn -0.2921 -0.0000 -0.9564
vn -0.1872 -0.0000 -0.9823
vn -0.0901 -0.0000 -0.9959
vn -0.0098 -0.0000 -1.0000
vn 0.0475 -0.0000 -0.9989
vn 0.0945 -0.0000 -0.9955
vn 0.1405 -0.0000 -0.9901
vn 0.1852 -0.0000 -0.9827
vn 0.2283 -0.0000 -0.9736
vn 0.2694 -0.0000 -0.9630
vn 0.3085 -0.0000 -0.9512
vn 0.3453 -0.0000 -0.9385
vn 0.3797 -0.0000 -0.9251
vn 0.4119 -0.0000 -0.9112
vn 0.4418 -0.0000 -0.8971
vn 0.8532 -0.0000 -0.5215
vn 0.4826 -0.0000 0.8759
vn -0.4465 -0.0000 0.8948
vn -0.8426 -0.0000 0.5385
vn -0.9016 -0.0000 0.4327
vn -0.9428 -0.0000 0.3334
vn 0.6298 -0.0000 0.7768
vn -0.9315 -0.0000 -0.3638
vn 0.2909 -0.0000 -0.9568
vn 0.9891 -0.0000 -0.1470
vn 0.9698 -0.0000 -0.2438
vn 0.7826 -0.0000 -0.6226
vn -0.3115 -0.0000 -0.9502
vn -0.4145 -0.0000 -0.9101
vn 0.9680 -0.0000 -0.2511
vn 0.3635 -0.0000 -0.9316
vn 0.4333 -0.0000 -0.9012
vn -0.2508 -0.0000 0.9680
vn 0.0210 -0.0000 -0.9998
vn 0.0888 -0.0000 -0.9961
vn 0.1884 -0.0000 -0.9821
vn 0.3000 -0.0000 -0.9539
vn 0.4213 -0.0000 -0.9069
vn 0.5473 -0.0000 -0.8370
vn 0.6697 -0.0000 -0.7426
vn 0.7793 -0.0000 -0.6266
vn 0.8682 -0.0000 -0.4962
vn 0.9326 -0.0000 -0.3610
vn 0.9732 -0.0000 -0.2298
vn 0.9940 -0.0000 -0.1091
vn 1.0000 -0.0000 0.0036
vn 0.9927 -0.0000 0.1202
vn 0.9700 -0.0000 0.2433
vn 0.9303 -0.0000 0.3667
vn 0.8733 -0.0000 0.4872
vn 0.7992 -0.0000 0.6011
vn 0.7093 -0.0000 0.7049
vn 0.6058 -0.0000 0.7956
vn 0.4919 -0.0000 0.8707
vn 0.3708 -0.0000 0.9287
vn 0.2463 -0.0000 0.9692
vn 0.0212 -0.0000 0.9998
vn -0.0355 -0.0000 0.9994
vn -0.0718 -0.0000 0.9974
vn -0.1088 -0.0000 0.9941
vn -0.1457 -0.0000 0.9893
vn -0.1818 -0.0000 0.9833
vn -0.2167 -0.0000 0.9762
vn -0.2499 -0.0000 0.9683
vn -0.2809 -0.0000 0.9597
vn -0.3096 -0.0000 0.9509
vn -0.3358 -0.0000 0.9419
vn -0.3594 -0.0000 0.9332
vn 0.5610 -0.0000 0.8278
vn 0.4020 -0.0000 -0.9156
vn 0.3696 -0.0000 -0.9292
vn 0.3364 -0.0000 -0.9417
vn 0.3025 -0.0000 -0.9531
vn 0.2678 -0.0000 -0.9635
vn 0.2323 -0.0000 -0.9726
vn 0.1959 -0.0000 -0.9806
vn 0.1586 -0.0000 -0.9873
vn 0.1204 -0.0000 -0.9927
vn 0.0812 -0.0000 -0.9967
vn 0.0410 -0.0000 -0.9992
vn -0.0219 -0.0000 -0.9998
vn -0.1307 -0.0000 -0.9914
vn -0.2623 -0.0000 -0.9650
vn -0.3915 -0.0000 -0.9202
vn -0.5141 -0.0000 -0.8577
vn -0.6269 -0.0000 -0.7791
vn -0.7269 -0.0000 -0.6867
vn -0.8122 -0.0000 -0.5833
vn -0.8817 -0.0000 -0.4718
vn -0.9348 -0.0000 -0.3552
vn -0.9717 -0.0000 -0.2361
vn -0.9931 -0.0000 -0.1170
vn -1.0000 -0.0000 -0.0062
vn -0.9954 -0.0000 0.0957
vn -0.9793 -0.0000 0.2026
vn -0.9471 -0.0000 0.3209
vn -0.8943 -0.0000 0.4475
vn -0.8177 -0.0000 0.5756
vn -0.7175 -0.0000 0.6965
vn -0.5984 -0.0000 0.8012
vn -0.4688 -0.0000 0.8833
vn -0.3381 -0.0000 0.9411
vn -0.2140 -0.0000 0.9768
vn -0.1012 -0.0000 0.9949
vn -0.0240 -0.0000 0.9997
vn 0.8420 -0.0000 -0.5394
vn 0.7891 -0.0000 0.6143
vn 0.9865 -0.0000 0.1636
vn 0.9998 -0.0000 -0.0216
vn 0.9719 -0.0000 -0.2355
vn 0.9032 -0.0000 -0.4293
vn 0.0805 -0.0000 -0.9968
vn -0.6850 -0.0000 -0.7286
vn -0.8897 -0.0000 0.4566
vn -0.7373 -0.0000 0.6756
vn -0.9910 -0.0000 -0.1337
vn -0.6329 -0.0000 -0.7742
vn 0.0944 -0.0000 -0.9955
vn 0.8533 -0.0000 -0.5215
vn 0.9928 -0.0000 0.1201
vn 0.9697 -0.0000 0.2444
vn 0.9289 -0.0000 0.3702
vn 0.8697 -0.0000 0.4936
vn 0.7923 -0.0000 0.6101
vn 0.6988 -0.0000 0.7153
vn 0.5921 -0.0000 0.8058
vn 0.4763 -0.0000 0.8793
vn 0.3557 -0.0000 0.9346
vn 0.2341 -0.0000 0.9722
vn 0.1149 -0.0000 0.9934
vn -0.0023 -0.0000 1.0000
vn -0.1232 -0.0000 0.9924
vn -0.2485 -0.0000 0.9686
vn -0.3731 -0.0000 0.9278
vn -0.4937 -0.0000 0.8697
vn -0.6067 -0.0000 0.7949
vn -0.7092 -0.0000 0.7050
vn -0.7983 -0.0000 0.6023
vn -0.8721 -0.0000 0.4894
vn -0.9292 -0.0000 0.3695
vn -0.9693 -0.0000 0.2460
vn -0.9925 -0.0000 0.1220
vn -1.0000 -0.0000 -0.0032
vn -0.9911 -0.0000 -0.1334
vn -0.9641 -0.0000 -0.2654
vn -0.9198 -0.0000 -0.3925
vn -0.8591 -0.0000 -0.5118
vn -0.7838 -0.0000 -0.6210
vn -0.6955 -0.0000 -0.7185
vn -0.5960 -0.0000 -0.8030
vn -0.4873 -0.0000 -0.8733
vn -0.3710 -0.0000 -0.9286
vn -0.2495 -0.0000 -0.9684
vn -0.1250 -0.0000 -0.9922
vn -0.0025 -0.0000 -1.0000
vn 0.1158 -0.0000 -0.9933
vn 0.2341 -0.0000 -0.9722
vn 0.3530 -0.0000 -0.9356
vn 0.4699 -0.0000 -0.8827
vn 0.5819 -0.0000 -0.8133
vn 0.6859 -0.0000 -0.7277
vn 0.7788 -0.0000 -0.6272
vn 0.8578 -0.0000 -0.5140
vn 0.9204 -0.0000 -0.3909
vn 0.9652 -0.0000 -0.2616
vn 0.9915 -0.0000 -0.1302
vn 1.0000 -0.0000 -0.0027
vn 0.9942 -0.0000 -0.1075
vn 0.9755 -0.0000 -0.2202
vn 0.9416 -0.0000 -0.3368
vn 0.8907 -0.0000 -0.4546
vn 0.8217 -0.0000 -0.5699
vn 0.7345 -0.0000 -0.6786
vn 0.6308 -0.0000 -0.7760
vn 0.5135 -0.0000 -0.8581
vn 0.3870 -0.0000 -0.9221
vn 0.2563 -0.0000 -0.9666
vn 0.1262 -0.0000 -0.9920
vn 0.0038 -0.0000 -1.0000
vn -0.1123 -0.0000 -0.9937
vn -0.2318 -0.0000 -0.9728
vn -0.3568 -0.0000 -0.9342
vn -0.4830 -0.0000 -0.8756
vn -0.6045 -0.0000 -0.7966
vn -0.7152 -0.0000 -0.6989
vn -0.8098 -0.0000 -0.5868
vn -0.8848 -0.0000 -0.4659
vn -0.9395 -0.0000 -0.3425
vn -0.9751 -0.0000 -0.2216
vn -0.9942 -0.0000 -0.1071
vn -1.0000 -0.0000 0.0049
vn -0.9922 -0.0000 0.1250
vn -0.9678 -0.0000 0.2518
vn -0.9260 -0.0000 0.3774
vn -0.8669 -0.0000 0.4985
vn -0.7912 -0.0000 0.6116
vn -0.7006 -0.0000 0.7136
vn -0.5974 -0.0000 0.8019
vn -0.4847 -0.0000 0.8747
vn -0.3655 -0.0000 0.9308
vn -0.2431 -0.0000 0.9700
vn -0.1204 -0.0000 0.9927
vn 0.0017 -0.0000 1.0000
vn 0.1271 -0.0000 0.9919
vn 0.2556 -0.0000 0.9668
vn 0.3822 -0.0000 0.9241
vn 0.5035 -0.0000 0.8640
vn 0.6161 -0.0000 0.7877
vn 0.7171 -0.0000 0.6970
vn 0.8043 -0.0000 0.5943
vn 0.8760 -0.0000 0.4823
vn 0.9314 -0.0000 0.3641
vn 0.9702 -0.0000 0.2424
vn 0.9927 -0.0000 0.1203
vn 1.0000 -0.0000 0.0035
vn -0.4195 -0.0000 -0.9077
vn -0.7378 -0.0000 -0.6750
vn -0.6874 -0.0000 -0.7262
vn -0.6334 -0.0000 -0.7738
vn -0.5760 -0.0000 -0.8174
vn -0.5152 -0.0000 -0.8571
vn -0.4510 -0.0000 -0.8925
vn -0.3835 -0.0000 -0.9235
vn -0.3128 -0.0000 -0.9498
vn -0.2388 -0.0000 -0.9711
vn -0.1618 -0.0000 -0.9868
vn -0.0820 -0.0000 -0.9966
vn 0.0083 -0.0000 -1.0000
vn 0.1192 -0.0000 -0.9929
vn 0.2443 -0.0000 -0.9697
vn 0.3737 -0.0000 -0.9276
vn 0.5025 -0.0000 -0.8646
vn 0.6248 -0.0000 -0.7808
vn 0.7342 -0.0000 -0.6790
vn 0.8257 -0.0000 -0.5642
vn 0.8965 -0.0000 -0.4430
vn 0.9468 -0.0000 -0.3219
vn 0.9786 -0.0000 -0.2060
vn 0.9951 -0.0000 -0.0985
vn 0.9997 -0.0000 -0.0236
vn -0.9998 -0.0000 0.0218
vn -0.9959 -0.0000 0.0903
vn -0.9823 -0.0000 0.1872
vn -0.9567 -0.0000 0.2910
vn -0.9162 -0.0000 0.4007
vn -0.8578 -0.0000 0.5139
vn -0.7792 -0.0000 0.6268
vn -0.6793 -0.0000 0.7339
vn -0.5598 -0.0000 0.8286
vn -0.4251 -0.0000 0.9051
vn -0.2822 -0.0000 0.9594
vn -0.1386 -0.0000 0.9903
vn -0.0139 -0.0000 0.9999
vn 0.0821 -0.0000 0.9966
vn 0.1692 -0.0000 0.9856
vn 0.2587 -0.0000 0.9660
vn 0.3463 -0.0000 0.9381
vn 0.4280 -0.0000 0.9038
vn 0.5011 -0.0000 0.8654
vn 0.5640 -0.0000 0.8257
vn 0.6168 -0.0000 0.7871
vn 0.6600 -0.0000 0.7512
vn 0.6950 -0.0000 0.7190
vn 0.7229 -0.0000 0.6909
vn 0.9315 -0.0000 0.3639
vt 0.196429 0.000000
vt 0.232143 0.000000
vt 0.214286 0.000000
vt 0.178571 0.000000
vt 0.250000 0.000000
vt 0.160714 0.000000
vt 0.142857 0.000000
vt 0.267857 0.000000
vt 0.125000 0.000000
vt 0.946429 0.000000
vt 0.982143 0.000000
vt 0.964286 0.000000
vt 1.000000 0.000000
vt 0.285714 0.000000
vt 0.107143 0.000000
vt 0.089286 0.000000
vt 0.303571 0.000000
vt 0.071429 0.000000
vt 0.321429 0.000000
vt 0.053571 0.000000
vt 0.035714 0.000000
vt 0.339286 0.000000
vt 0.017857 0.000000
vt 0.000000 0.000000
vt 0.696429 0.000000
vt 0.357143 0.000000
vt 0.910714 0.000000
vt 0.892857 0.000000
vt 0.875000 0.000000
vt 0.857143 0.000000
vt 0.839286 0.000000
vt 0.821429 0.000000
vt 0.803571 0.000000
vt 0.785714 0.000000
vt 0.767857 0.000000
vt 0.750000 0.000000
vt 0.732143 0.000000
vt 0.714286 0.000000
vt 0.678571 0.000000
vt 0.660714 0.000000
vt 0.642857 0.000000
vt 0.625000 0.000000
vt 0.375000 0.000000
vt 0.607143 0.000000
vt 0.589286 0.000000
vt 0.571429 0.000000
vt 0.392857 0.000000
vt 0.553571 0.000000
vt 0.535714 0.000000
vt 0.410714 0.000000
vt 0.517857 0.000000
vt 0.928571 0.000000
vt 0.500000 0.000000
vt 0.428571 0.000000
vt 0.482143 0.000000
vt 0.464286 0.000000
vt 0.446429 0.000000
vt 0.357895 0.000000
vt 0.378947 0.000000
vt 0.368421 0.000000
vt 0.389474 0.000000
vt 0.347368 0.000000
vt 0.400000 0.000000
vt 0.336842 0.000000
vt 0.410526 0.000000
vt 0.326316 0.000000
vt 0.421053 0.000000
vt 0.315789 0.000000
vt 0.431579 0.000000
vt 0.305263 0.000000
vt 0.442105 0.000000
vt 0.294737 0.000000
vt 0.873684 0.000000
vt 0.884211 0.000000
vt 0.863158 0.000000
vt 0.894737 0.000000
vt 0.852632 0.000000
vt 0.905263 0.000000
vt 0.842105 0.000000
vt 0.452632 0.000000
vt 0.284211 0.000000
vt 0.915789 0.000000
vt 0.831579 0.000000
vt 0.926316 0.000000
vt 0.821053 0.000000
vt 0.936842 0.000000
vt 0.810526 0.000000
vt 0.463158 0.000000
vt 0.273684 0.000000
vt 0.947368 0.000000
vt 0.800000 0.000000
vt 0.957895 0.000000
vt 0.789474 0.000000
vt 0.473684 0.000000
vt 0.263158 0.000000
vt 0.968421 0.000000
vt 0.778947 0.000000
vt 0.484211 0.000000
vt 0.252632 0.000000
vt 0.978947 0.000000
vt 0.768421 0.000000
vt 0.989474 0.000000
vt 0.757895 0.000000
vt 0.494737 0.000000
vt 0.242105 0.000000
vt 0.747368 0.000000
vt 0.231579 0.000000
vt 0.505263 0.000000
vt 0.736842 0.000000
vt 0.515789 0.000000
vt 0.726316 0.000000
vt 0.221053 0.000000
vt 0.010526 0.000000
vt 0.526316 0.000000
vt 0.715789 0.000000
vt 0.536842 0.000000
vt 0.210526 0.000000
vt 0.705263 0.000000
vt 0.021053 0.000000
vt 0.547368 0.000000
vt 0.694737 0.000000
vt 0.200000 0.000000
vt 0.031579 0.000000
vt 0.557895 0.000000
vt 0.684211 0.000000
vt 0.568421 0.000000
vt 0.673684 0.000000
vt 0.189474 0.000000
vt 0.042105 0.000000
vt 0.578947 0.000000
vt 0.663158 0.000000
vt 0.589474 0.000000
vt 0.652632 0.000000
vt 0.600000 0.000000
vt 0.642105 0.000000
vt 0.178947 0.000000
vt 0.052632 0.000000
vt 0.610526 0.000000
vt 0.631579 0.000000
vt 0.621053 0.000000
vt 0.168421 0.000000
vt 0.063158 0.000000
vt 0.157895 0.000000
vt 0.073684 0.000000
vt 0.147368 0.000000
vt 0.084211 0.000000
vt 0.136842 0.000000
vt 0.094737 0.000000
vt 0.126316 0.000000
vt 0.105263 0.000000
vt 0.115789 0.000000
vt 0.909774 0.000000
vt 0.902256 0.000000
vt 0.917293 0.000000
vt 0.887218 0.000000
vt 0.924812 0.000000
vt 0.932331 0.000000
vt 0.879699 0.000000
vt 0.939850 0.000000
vt 0.872180 0.000000
vt 0.954887 0.000000
vt 0.962406 0.000000
vt 0.864662 0.000000
vt 0.969925 0.000000
vt 0.977444 0.000000
vt 0.984962 0.000000
vt 0.992481 0.000000
vt 0.849624 0.000000
vt 0.045113 0.000000
vt 0.037594 0.000000
vt 0.030075 0.000000
vt 0.022556 0.000000
vt 0.015038 0.000000
vt 0.007519 0.000000
vt 0.067669 0.000000
vt 0.060150 0.000000
vt 0.834586 0.000000
vt 0.075188 0.000000
vt 0.827068 0.000000
vt 0.090226 0.000000
vt 0.082707 0.000000
vt 0.097744 0.000000
vt 0.112782 0.000000
vt 0.120301 0.000000
vt 0.127820 0.000000
vt 0.819549 0.000000
vt 0.135338 0.000000
vt 0.150376 0.000000
vt 0.812030 0.000000
vt 0.165414 0.000000
vt 0.172932 0.000000
vt 0.180451 0.000000
vt 0.804511 0.000000
vt 0.187970 0.000000
vt 0.195489 0.000000
vt 0.203008 0.000000
vt 0.218045 0.000000
vt 0.796992 0.000000
vt 0.225564 0.000000
vt 0.233083 0.000000
vt 0.240602 0.000000
vt 0.248120 0.000000
vt 0.255639 0.000000
vt 0.781955 0.000000
vt 0.270677 0.000000
vt 0.774436 0.000000
vt 0.278196 0.000000
vt 0.766917 0.000000
vt 0.293233 0.000000
vt 0.759399 0.000000
vt 0.300752 0.000000
vt 0.308271 0.000000
vt 0.751880 0.000000
vt 0.744361 0.000000
vt 0.323308 0.000000
vt 0.330827 0.000000
vt 0.338346 0.000000
vt 0.729323 0.000000
vt 0.345865 0.000000
vt 0.721804 0.000000
vt 0.353383 0.000000
vt 0.533835 0.000000
vt 0.548872 0.000000
vt 0.541353 0.000000
vt 0.360902 0.000000
vt 0.556391 0.000000
vt 0.706767 0.000000
vt 0.563910 0.000000
vt 0.699248 0.000000
vt 0.691729 0.000000
vt 0.586466 0.000000
vt 0.676692 0.000000
vt 0.375940 0.000000
vt 0.593985 0.000000
vt 0.669173 0.000000
vt 0.661654 0.000000
vt 0.601504 0.000000
vt 0.654135 0.000000
vt 0.609023 0.000000
vt 0.646617 0.000000
vt 0.616541 0.000000
vt 0.639098 0.000000
vt 0.624060 0.000000
vt 0.383459 0.000000
vt 0.390977 0.000000
vt 0.398496 0.000000
vt 0.406015 0.000000
vt 0.518797 0.000000
vt 0.511278 0.000000
vt 0.413534 0.000000
vt 0.503759 0.000000
vt 0.496241 0.000000
vt 0.488722 0.000000
vt 0.481203 0.000000
vt 0.436090 0.000000
vt 0.466165 0.000000
vt 0.458647 0.000000
vt 0.443609 0.000000
vt 0.451128 0.000000
vt 0.987013 0.000000
vt 0.012987 0.000000
vt 0.025974 0.000000
vt 0.038961 0.000000
vt 0.051948 0.000000
vt 0.064935 0.000000
vt 0.077922 0.000000
vt 0.090909 0.000000
vt 0.103896 0.000000
vt 0.116883 0.000000
vt 0.974026 0.000000
vt 0.961039 0.000000
vt 0.129870 0.000000
vt 0.948052 0.000000
vt 0.935065 0.000000
vt 0.922078 0.000000
vt 0.909091 0.000000
vt 0.896104 0.000000
vt 0.883117 0.000000
vt 0.155844 0.000000
vt 0.870130 0.000000
vt 0.168831 0.000000
vt 0.844156 0.000000
vt 0.831169 0.000000
vt 0.181818 0.000000
vt 0.818182 0.000000
vt 0.805195 0.000000
vt 0.194805 0.000000
vt 0.792208 0.000000
vt 0.207792 0.000000
vt 0.779221 0.000000
vt 0.766234 0.000000
vt 0.220779 0.000000
vt 0.753247 0.000000
vt 0.740260 0.000000
vt 0.233766 0.000000
vt 0.727273 0.000000
vt 0.246753 0.000000
vt 0.519481 0.000000
vt 0.701299 0.000000
vt 0.532468 0.000000
vt 0.545455 0.000000
vt 0.493506 0.000000
vt 0.558442 0.000000
vt 0.688312 0.000000
vt 0.584416 0.000000
vt 0.259740 0.000000
vt 0.675325 0.000000
vt 0.597403 0.000000
vt 0.610390 0.000000
vt 0.623377 0.000000
vt 0.662338 0.000000
vt 0.636364 0.000000
vt 0.649351 0.000000
vt 0.272727 0.000000
vt 0.298701 0.000000
vt 0.506494 0.000000
vt 0.480519 0.000000
vt 0.311688 0.000000
vt 0.467532 0.000000
vt 0.454545 0.000000
vt 0.441558 0.000000
vt 0.324675 0.000000
vt 0.415584 0.000000
vt 0.402597 0.000000
vt 0.389610 0.000000
vt 0.376623 0.000000
vt 0.337662 0.000000
vt 0.363636 0.000000
vt 0.350649 0.000000
vt 0.103774 0.000000
vt 0.122642 0.000000
vt 0.113208 0.000000
vt 0.330189 0.000000
vt 0.349057 0.000000
vt 0.339623 0.000000
vt 0.094340 0.000000
vt 0.132075 0.000000
vt 0.320755 0.000000
vt 0.358491 0.000000
vt 0.084906 0.000000
vt 0.141509 0.000000
vt 0.311321 0.000000
vt 0.075472 0.000000
vt 0.150943 0.000000
vt 0.367925 0.000000
vt 0.301887 0.000000
vt 0.066038 0.000000
vt 0.981132 0.000000
vt 0.990566 0.000000
vt 0.160377 0.000000
vt 0.292453 0.000000
vt 0.056604 0.000000
vt 0.377358 0.000000
vt 0.169811 0.000000
vt 0.047170 0.000000
vt 0.283019 0.000000
vt 0.179245 0.000000
vt 0.386792 0.000000
vt 0.037736 0.000000
vt 0.273585 0.000000
vt 0.188679 0.000000
vt 0.028302 0.000000
vt 0.264151 0.000000
vt 0.396226 0.000000
vt 0.198113 0.000000
vt 0.018868 0.000000
vt 0.254717 0.000000
vt 0.207547 0.000000
vt 0.009434 0.000000
vt 0.405660 0.000000
vt 0.245283 0.000000
vt 0.216981 0.000000
vt 0.235849 0.000000
vt 0.594340 0.000000
vt 0.415094 0.000000
vt 0.962264 0.000000
vt 0.952830 0.000000
vt 0.943396 0.000000
vt 0.933962 0.000000
vt 0.924528 0.000000
vt 0.915094 0.000000
vt 0.905660 0.000000
vt 0.896226 0.000000
vt 0.886792 0.000000
vt 0.877358 0.000000
vt 0.867925 0.000000
vt 0.858491 0.000000
vt 0.849057 0.000000
vt 0.226415 0.000000
vt 0.603774 0.000000
vt 0.839623 0.000000
vt 0.584906 0.000000
vt 0.613208 0.000000
vt 0.830189 0.000000
vt 0.575472 0.000000
vt 0.622642 0.000000
vt 0.820755 0.000000
vt 0.566038 0.000000
vt 0.632075 0.000000
vt 0.811321 0.000000
vt 0.556604 0.000000
vt 0.641509 0.000000
vt 0.424528 0.000000
vt 0.801887 0.000000
vt 0.650943 0.000000
vt 0.547170 0.000000
vt 0.660377 0.000000
vt 0.792453 0.000000
vt 0.537736 0.000000
vt 0.669811 0.000000
vt 0.783019 0.000000
vt 0.528302 0.000000
vt 0.679245 0.000000
vt 0.433962 0.000000
vt 0.773585 0.000000
vt 0.688679 0.000000
vt 0.518868 0.000000
vt 0.698113 0.000000
vt 0.764151 0.000000
vt 0.509434 0.000000
vt 0.707547 0.000000
vt 0.443396 0.000000
vt 0.754717 0.000000
vt 0.971698 0.000000
vt 0.716981 0.000000
vt 0.745283 0.000000
vt 0.490566 0.000000
vt 0.452830 0.000000
vt 0.735849 0.000000
vt 0.481132 0.000000
vt 0.462264 0.000000
vt 0.726415 0.000000
vt 0.471698 0.000000
vt 0.560694 0.000000
vt 0.572254 0.000000
vt 0.566474 0.000000
vt 0.554913 0.000000
vt 0.578035 0.000000
vt 0.549133 0.000000
vt 0.543353 0.000000
vt 0.583815 0.000000
vt 0.537572 0.000000
vt 0.589595 0.000000
vt 0.531792 0.000000
vt 0.526012 0.000000
vt 0.595376 0.000000
vt 0.520231 0.000000
vt 0.601156 0.000000
vt 0.514451 0.000000
vt 0.508671 0.000000
vt 0.606936 0.000000
vt 0.502890 0.000000
vt 0.612717 0.000000
vt 0.497110 0.000000
vt 0.491329 0.000000
vt 0.485549 0.000000
vt 0.479769 0.000000
vt 0.473988 0.000000
vt 0.468208 0.000000
vt 0.462428 0.000000
vt 0.456647 0.000000
vt 0.450867 0.000000
vt 0.445087 0.000000
vt 0.439306 0.000000
vt 0.433526 0.000000
vt 0.427746 0.000000
vt 0.421965 0.000000
vt 0.618497 0.000000
vt 0.416185 0.000000
vt 0.624277 0.000000
vt 0.410405 0.000000
vt 0.404624 0.000000
vt 0.398844 0.000000
vt 0.393064 0.000000
vt 0.387283 0.000000
vt 0.630058 0.000000
vt 0.381503 0.000000
vt 0.375723 0.000000
vt 0.369942 0.000000
vt 0.635838 0.000000
vt 0.364162 0.000000
vt 0.358382 0.000000
vt 0.641618 0.000000
vt 0.352601 0.000000
vt 0.346821 0.000000
vt 0.341040 0.000000
vt 0.335260 0.000000
vt 0.329480 0.000000
vt 0.323699 0.000000
vt 0.317919 0.000000
vt 0.791907 0.000000
vt 0.994220 0.000000
vt 0.797688 0.000000
vt 0.312139 0.000000
vt 0.803468 0.000000
vt 0.306358 0.000000
vt 0.809249 0.000000
vt 0.300578 0.000000
vt 0.815029 0.000000
vt 0.820809 0.000000
vt 0.294798 0.000000
vt 0.826590 0.000000
vt 0.289017 0.000000
vt 0.832370 0.000000
vt 0.838150 0.000000
vt 0.283237 0.000000
vt 0.843931 0.000000
vt 0.849711 0.000000
vt 0.277457 0.000000
vt 0.855491 0.000000
vt 0.271676 0.000000
vt 0.861272 0.000000
vt 0.867052 0.000000
vt 0.265896 0.000000
vt 0.872832 0.000000
vt 0.878613 0.000000
vt 0.988439 0.000000
vt 0.260116 0.000000
vt 0.982659 0.000000
vt 0.884393 0.000000
vt 0.976879 0.000000
vt 0.774566 0.000000
vt 0.786127 0.000000
vt 0.780347 0.000000
vt 0.647399 0.000000
vt 0.890173 0.000000
vt 0.768786 0.000000
vt 0.971098 0.000000
vt 0.653179 0.000000
vt 0.763006 0.000000
vt 0.254335 0.000000
vt 0.895954 0.000000
vt 0.658960 0.000000
vt 0.965318 0.000000
vt 0.757225 0.000000
vt 0.664740 0.000000
vt 0.959538 0.000000
vt 0.751445 0.000000
vt 0.901734 0.000000
vt 0.670520 0.000000
vt 0.745665 0.000000
vt 0.953757 0.000000
vt 0.676301 0.000000
vt 0.739884 0.000000
vt 0.907514 0.000000
vt 0.682081 0.000000
vt 0.947977 0.000000
vt 0.734104 0.000000
vt 0.687861 0.000000
vt 0.248555 0.000000
vt 0.728324 0.000000
vt 0.913295 0.000000
vt 0.942197 0.000000
vt 0.693642 0.000000
vt 0.722543 0.000000
vt 0.699422 0.000000
vt 0.716763 0.000000
vt 0.936416 0.000000
vt 0.705202 0.000000
vt 0.710983 0.000000
vt 0.919075 0.000000
vt 0.930636 0.000000
vt 0.924855 0.000000
vt 0.132948 0.000000
vt 0.242775 0.000000
vt 0.138728 0.000000
vt 0.127168 0.000000
vt 0.236994 0.000000
vt 0.144509 0.000000
vt 0.121387 0.000000
vt 0.231214 0.000000
vt 0.150289 0.000000
vt 0.115607 0.000000
vt 0.005780 0.000000
vt 0.156069 0.000000
vt 0.109827 0.000000
vt 0.225434 0.000000
vt 0.011561 0.000000
vt 0.161850 0.000000
vt 0.104046 0.000000
vt 0.017341 0.000000
vt 0.219653 0.000000
vt 0.167630 0.000000
vt 0.098266 0.000000
vt 0.023121 0.000000
vt 0.173410 0.000000
vt 0.092486 0.000000
vt 0.028902 0.000000
vt 0.213873 0.000000
vt 0.179191 0.000000
vt 0.086705 0.000000
vt 0.034682 0.000000
vt 0.184971 0.000000
vt 0.040462 0.000000
vt 0.080925 0.000000
vt 0.208092 0.000000
vt 0.046243 0.000000
vt 0.190751 0.000000
vt 0.075145 0.000000
vt 0.052023 0.000000
vt 0.196532 0.000000
vt 0.069364 0.000000
vt 0.202312 0.000000
vt 0.057803 0.000000
vt 0.063584 0.000000
vt 0.346939 0.000000
vt 0.367347 0.000000
vt 0.377551 0.000000
vt 0.336735 0.000000
vt 0.387755 0.000000
vt 0.326531 0.000000
vt 0.397959 0.000000
vt 0.316327 0.000000
vt 0.408163 0.000000
vt 0.306122 0.000000
vt 0.418367 0.000000
vt 0.295918 0.000000
vt 0.867347 0.000000
vt 0.877551 0.000000
vt 0.887755 0.000000
vt 0.846939 0.000000
vt 0.897959 0.000000
vt 0.836735 0.000000
vt 0.438776 0.000000
vt 0.908163 0.000000
vt 0.275510 0.000000
vt 0.826531 0.000000
vt 0.918367 0.000000
vt 0.816327 0.000000
vt 0.806122 0.000000
vt 0.938776 0.000000
vt 0.795918 0.000000
vt 0.265306 0.000000
vt 0.448980 0.000000
vt 0.948980 0.000000
vt 0.959184 0.000000
vt 0.775510 0.000000
vt 0.255102 0.000000
vt 0.459184 0.000000
vt 0.969388 0.000000
vt 0.765306 0.000000
vt 0.979592 0.000000
vt 0.755102 0.000000
vt 0.244898 0.000000
vt 0.989796 0.000000
vt 0.469388 0.000000
vt 0.234694 0.000000
vt 0.479592 0.000000
vt 0.224490 0.000000
vt 0.489796 0.000000
vt 0.510204 0.000000
vt 0.520408 0.000000
vt 0.204082 0.000000
vt 0.530612 0.000000
vt 0.193878 0.000000
vt 0.540816 0.000000
vt 0.724490 0.000000
vt 0.744898 0.000000
vt 0.734694 0.000000
vt 0.551020 0.000000
vt 0.704082 0.000000
vt 0.183673 0.000000
vt 0.561224 0.000000
vt 0.693878 0.000000
vt 0.683673 0.000000
vt 0.673469 0.000000
vt 0.581633 0.000000
vt 0.663265 0.000000
vt 0.173469 0.000000
vt 0.653061 0.000000
vt 0.591837 0.000000
vt 0.602041 0.000000
vt 0.632653 0.000000
vt 0.622449 0.000000
vt 0.612245 0.000000
vt 0.163265 0.000000
vt 0.153061 0.000000
vt 0.010204 0.000000
vt 0.020408 0.000000
vt 0.030612 0.000000
vt 0.040816 0.000000
vt 0.132653 0.000000
vt 0.051020 0.000000
vt 0.061224 0.000000
vt 0.122449 0.000000
vt 0.081633 0.000000
vt 0.091837 0.000000
vt 0.112245 0.000000
vt 0.102041 0.000000
vt 0.925000 0.000000
vt 0.975000 0.000000
vt 0.950000 0.000000
vt 0.900000 0.000000
vt 0.850000 0.000000
vt 0.025000 0.000000
vt 0.825000 0.000000
vt 0.050000 0.000000
vt 0.775000 0.000000
vt 0.075000 0.000000
vt 0.725000 0.000000
vt 0.700000 0.000000
vt 0.100000 0.000000
vt 0.675000 0.000000
vt 0.650000 0.000000
vt 0.575000 0.000000
vt 0.150000 0.000000
vt 0.175000 0.000000
vt 0.225000 0.000000
vt 0.550000 0.000000
vt 0.275000 0.000000
vt 0.525000 0.000000
vt 0.475000 0.000000
vt 0.450000 0.000000
vt 0.425000 0.000000
vt 0.350000 0.000000
vt 0.325000 0.000000
vt 0.300000 0.000000
vt 0.000000 1.000000
vt 0.024390 1.000000
vt 0.024390 0.000000
vt 0.048780 1.000000
vt 0.048780 0.000000
vt 0.073171 1.000000
vt 0.073171 0.000000
vt 0.097561 1.000000
vt 0.097561 0.000000
vt 0.121951 1.000000
vt 0.121951 0.000000
vt 0.146341 1.000000
vt 0.146341 0.000000
vt 0.170732 1.000000
vt 0.170732 0.000000
vt 0.195122 1.000000
vt 0.195122 0.000000
vt 0.219512 1.000000
vt 0.219512 0.000000
vt 0.243902 1.000000
vt 0.243902 0.000000
vt 0.268293 1.000000
vt 0.268293 0.000000
vt 0.292683 1.000000
vt 0.292683 0.000000
vt 0.317073 1.000000
vt 0.317073 0.000000
vt 0.341463 1.000000
vt 0.341463 0.000000
vt 0.365854 1.000000
vt 0.365854 0.000000
vt 0.390244 1.000000
vt 0.390244 0.000000
vt 0.414634 1.000000
vt 0.414634 0.000000
vt 0.439024 1.000000
vt 0.439024 0.000000
vt 0.463415 1.000000
vt 0.463415 0.000000
vt 0.487805 1.000000
vt 0.487805 0.000000
vt 0.512195 1.000000
vt 0.512195 0.000000
vt 0.536585 1.000000
vt 0.536585 0.000000
vt 0.560976 1.000000
vt 0.560976 0.000000
vt 0.585366 1.000000
vt 0.585366 0.000000
vt 0.609756 1.000000
vt 0.609756 0.000000
vt 0.634146 1.000000
vt 0.634146 0.000000
vt 0.658537 1.000000
vt 0.658537 0.000000
vt 0.682927 1.000000
vt 0.682927 0.000000
vt 0.707317 1.000000
vt 0.707317 0.000000
vt 0.731707 1.000000
vt 0.731707 0.000000
vt 0.756098 1.000000
vt 0.756098 0.000000
vt 0.780488 1.000000
vt 0.780488 0.000000
vt 0.804878 1.000000
vt 0.804878 0.000000
vt 0.829268 1.000000
vt 0.829268 0.000000
vt 0.853659 1.000000
vt 0.853659 0.000000
vt 0.878049 1.000000
vt 0.878049 0.000000
vt 0.902439 1.000000
vt 0.902439 0.000000
vt 0.926829 1.000000
vt 0.926829 0.000000
vt 0.951219 1.000000
vt 0.951219 0.000000
vt 0.975610 1.000000
vt 0.975610 0.000000
vt 1.000000 1.000000
vt 0.007299 1.000000
vt 0.007299 0.000000
vt 0.014599 1.000000
vt 0.014599 0.000000
vt 0.021898 1.000000
vt 0.021898 0.000000
vt 0.029197 1.000000
vt 0.029197 0.000000
vt 0.036496 1.000000
vt 0.036496 0.000000
vt 0.043796 1.000000
vt 0.043796 0.000000
vt 0.051095 1.000000
vt 0.051095 0.000000
vt 0.058394 1.000000
vt 0.058394 0.000000
vt 0.065693 1.000000
vt 0.065693 0.000000
vt 0.072993 1.000000
vt 0.072993 0.000000
vt 0.080292 1.000000
vt 0.080292 0.000000
vt 0.087591 1.000000
vt 0.087591 0.000000
vt 0.094891 1.000000
vt 0.094891 0.000000
vt 0.102190 1.000000
vt 0.102190 0.000000
vt 0.109489 1.000000
vt 0.109489 0.000000
vt 0.116788 1.000000
vt 0.116788 0.000000
vt 0.124088 1.000000
vt 0.124088 0.000000
vt 0.131387 1.000000
vt 0.131387 0.000000
vt 0.138686 1.000000
vt 0.138686 0.000000
vt 0.145985 1.000000
vt 0.145985 0.000000
vt 0.153285 1.000000
vt 0.153285 0.000000
vt 0.160584 1.000000
vt 0.160584 0.000000
vt 0.167883 1.000000
vt 0.167883 0.000000
vt 0.175182 1.000000
vt 0.175182 0.000000
vt 0.182482 1.000000
vt 0.182482 0.000000
vt 0.189781 1.000000
vt 0.189781 0.000000
vt 0.197080 1.000000
vt 0.197080 0.000000
vt 0.204380 1.000000
vt 0.204380 0.000000
vt 0.211679 1.000000
vt 0.211679 0.000000
vt 0.218978 1.000000
vt 0.218978 0.000000
vt 0.226277 1.000000
vt 0.226277 0.000000
vt 0.233577 1.000000
vt 0.233577 0.000000
vt 0.240876 1.000000
vt 0.240876 0.000000
vt 0.248175 1.000000
vt 0.248175 0.000000
vt 0.255474 1.000000
vt 0.255474 0.000000
vt 0.262774 1.000000
vt 0.262774 0.000000
vt 0.270073 1.000000
vt 0.270073 0.000000
vt 0.277372 1.000000
vt 0.277372 0.000000
vt 0.284672 1.000000
vt 0.284672 0.000000
vt 0.291971 1.000000
vt 0.291971 0.000000
vt 0.299270 1.000000
vt 0.299270 0.000000
vt 0.306569 1.000000
vt 0.306569 0.000000
vt 0.313869 1.000000
vt 0.313869 0.000000
vt 0.321168 1.000000
vt 0.321168 0.000000
vt 0.328467 1.000000
vt 0.328467 0.000000
vt 0.335766 1.000000
vt 0.335766 0.000000
vt 0.343066 1.000000
vt 0.343066 0.000000
vt 0.350365 1.000000
vt 0.350365 0.000000
vt 0.357664 1.000000
vt 0.357664 0.000000
vt 0.364964 1.000000
vt 0.364964 0.000000
vt 0.372263 1.000000
vt 0.372263 0.000000
vt 0.379562 1.000000
vt 0.379562 0.000000
vt 0.386861 1.000000
vt 0.386861 0.000000
vt 0.394161 1.000000
vt 0.394161 0.000000
vt 0.401460 1.000000
vt 0.401460 0.000000
vt 0.408759 1.000000
vt 0.408759 0.000000
vt 0.416058 1.000000
vt 0.416058 0.000000
vt 0.423358 1.000000
vt 0.423358 0.000000
vt 0.430657 1.000000
vt 0.430657 0.000000
vt 0.437956 1.000000
vt 0.437956 0.000000
vt 0.445255 1.000000
vt 0.445255 0.000000
vt 0.452555 1.000000
vt 0.452555 0.000000
vt 0.459854 1.000000
vt 0.459854 0.000000
vt 0.467153 1.000000
vt 0.467153 0.000000
vt 0.474453 1.000000
vt 0.474453 0.000000
vt 0.481752 1.000000
vt 0.481752 0.000000
vt 0.489051 1.000000
vt 0.489051 0.000000
vt 0.496350 1.000000
vt 0.496350 0.000000
vt 0.503650 1.000000
vt 0.503650 0.000000
vt 0.510949 1.000000
vt 0.510949 0.000000
vt 0.518248 1.000000
vt 0.518248 0.000000
vt 0.525547 1.000000
vt 0.525547 0.000000
vt 0.532847 1.000000
vt 0.532847 0.000000
vt 0.540146 1.000000
vt 0.540146 0.000000
vt 0.547445 1.000000
vt 0.547445 0.000000
vt 0.554745 1.000000
vt 0.554745 0.000000
vt 0.562044 1.000000
vt 0.562044 0.000000
vt 0.569343 1.000000
vt 0.569343 0.000000
vt 0.576642 1.000000
vt 0.576642 0.000000
vt 0.583942 1.000000
vt 0.583942 0.000000
vt 0.591241 1.000000
vt 0.591241 0.000000
vt 0.598540 1.000000
vt 0.598540 0.000000
vt 0.605839 1.000000
vt 0.605839 0.000000
vt 0.613139 1.000000
vt 0.613139 0.000000
vt 0.620438 1.000000
vt 0.620438 0.000000
vt 0.627737 1.000000
vt 0.627737 0.000000
vt 0.635036 1.000000
vt 0.635036 0.000000
vt 0.642336 1.000000
vt 0.642336 0.000000
vt 0.649635 1.000000
vt 0.649635 0.000000
vt 0.656934 1.000000
vt 0.656934 0.000000
vt 0.664234 1.000000
vt 0.664234 0.000000
vt 0.671533 1.000000
vt 0.671533 0.000000
vt 0.678832 1.000000
vt 0.678832 0.000000
vt 0.686131 1.000000
vt 0.686131 0.000000
vt 0.693431 1.000000
vt 0.693431 0.000000
vt 0.700730 1.000000
vt 0.700730 0.000000
vt 0.708029 1.000000
vt 0.708029 0.000000
vt 0.715328 1.000000
vt 0.715328 0.000000
vt 0.722628 1.000000
vt 0.722628 0.000000
vt 0.729927 1.000000
vt 0.729927 0.000000
vt 0.737226 1.000000
vt 0.737226 0.000000
vt 0.744526 1.000000
vt 0.744526 0.000000
vt 0.751825 1.000000
vt 0.751825 0.000000
vt 0.759124 1.000000
vt 0.759124 0.000000
vt 0.766423 1.000000
vt 0.766423 0.000000
vt 0.773723 1.000000
vt 0.773723 0.000000
vt 0.781022 1.000000
vt 0.781022 0.000000
vt 0.788321 1.000000
vt 0.788321 0.000000
vt 0.795620 1.000000
vt 0.795620 0.000000
vt 0.802920 1.000000
vt 0.802920 0.000000
vt 0.810219 1.000000
vt 0.810219 0.000000
vt 0.817518 1.000000
vt 0.817518 0.000000
vt 0.824818 1.000000
vt 0.824818 0.000000
vt 0.832117 1.000000
vt 0.832117 0.000000
vt 0.839416 1.000000
vt 0.839416 0.000000
vt 0.846715 1.000000
vt 0.846715 0.000000
vt 0.854015 1.000000
vt 0.854015 0.000000
vt 0.861314 1.000000
vt 0.861314 0.000000
vt 0.868613 1.000000
vt 0.868613 0.000000
vt 0.875912 1.000000
vt 0.875912 0.000000
vt 0.883212 1.000000
vt 0.883212 0.000000
vt 0.890511 1.000000
vt 0.890511 0.000000
vt 0.897810 1.000000
vt 0.897810 0.000000
vt 0.905109 1.000000
vt 0.905109 0.000000
vt 0.912409 1.000000
vt 0.912409 0.000000
vt 0.919708 1.000000
vt 0.919708 0.000000
vt 0.927007 1.000000
vt 0.927007 0.000000
vt 0.934307 1.000000
vt 0.934307 0.000000
vt 0.941606 1.000000
vt 0.941606 0.000000
vt 0.948905 1.000000
vt 0.948905 0.000000
vt 0.956204 1.000000
vt 0.956204 0.000000
vt 0.963504 1.000000
vt 0.963504 0.000000
vt 0.970803 1.000000
vt 0.970803 0.000000
vt 0.978102 1.000000
vt 0.978102 0.000000
vt 0.985401 1.000000
vt 0.985401 0.000000
vt 0.992701 1.000000
vt 0.992701 0.000000
vt 0.027027 1.000000
vt 0.027027 0.000000
vt 0.054054 1.000000
vt 0.054054 0.000000
vt 0.081081 1.000000
vt 0.081081 0.000000
vt 0.108108 1.000000
vt 0.108108 0.000000
vt 0.135135 1.000000
vt 0.135135 0.000000
vt 0.162162 1.000000
vt 0.162162 0.000000
vt 0.189189 1.000000
vt 0.189189 0.000000
vt 0.216216 1.000000
vt 0.216216 0.000000
vt 0.243243 1.000000
vt 0.243243 0.000000
vt 0.270270 1.000000
vt 0.270270 0.000000
vt 0.297297 1.000000
vt 0.297297 0.000000
vt 0.324324 1.000000
vt 0.324324 0.000000
vt 0.351351 1.000000
vt 0.351351 0.000000
vt 0.378378 1.000000
vt 0.378378 0.000000
vt 0.405405 1.000000
vt 0.405405 0.000000
vt 0.432432 1.000000
vt 0.432432 0.000000
vt 0.459459 1.000000
vt 0.459459 0.000000
vt 0.486486 1.000000
vt 0.486486 0.000000
vt 0.513514 1.000000
vt 0.513514 0.000000
vt 0.540541 1.000000
vt 0.540541 0.000000
vt 0.567568 1.000000
vt 0.567568 0.000000
vt 0.594595 1.000000
vt 0.594595 0.000000
vt 0.621622 1.000000
vt 0.621622 0.000000
vt 0.648649 1.000000
vt 0.648649 0.000000
vt 0.675676 1.000000
vt 0.675676 0.000000
vt 0.702703 1.000000
vt 0.702703 0.000000
vt 0.729730 1.000000
vt 0.729730 0.000000
vt 0.756757 1.000000
vt 0.756757 0.000000
vt 0.783784 1.000000
vt 0.783784 0.000000
vt 0.810811 1.000000
vt 0.810811 0.000000
vt 0.837838 1.000000
vt 0.837838 0.000000
vt 0.864865 1.000000
vt 0.864865 0.000000
vt 0.891892 1.000000
vt 0.891892 0.000000
vt 0.918919 1.000000
vt 0.918919 0.000000
vt 0.945946 1.000000
vt 0.945946 0.000000
vt 0.972973 1.000000
vt 0.972973 0.000000
vt 0.009346 1.000000
vt 0.009346 0.000000
vt 0.018692 1.000000
vt 0.018692 0.000000
vt 0.028037 1.000000
vt 0.028037 0.000000
vt 0.037383 1.000000
vt 0.037383 0.000000
vt 0.046729 1.000000
vt 0.046729 0.000000
vt 0.056075 1.000000
vt 0.056075 0.000000
vt 0.065421 1.000000
vt 0.065421 0.000000
vt 0.074766 1.000000
vt 0.074766 0.000000
vt 0.084112 1.000000
vt 0.084112 0.000000
vt 0.093458 1.000000
vt 0.093458 0.000000
vt 0.102804 1.000000
vt 0.102804 0.000000
vt 0.112150 1.000000
vt 0.112150 0.000000
vt 0.121495 1.000000
vt 0.121495 0.000000
vt 0.130841 1.000000
vt 0.130841 0.000000
vt 0.140187 1.000000
vt 0.140187 0.000000
vt 0.149533 1.000000
vt 0.149533 0.000000
vt 0.158879 1.000000
vt 0.158879 0.000000
vt 0.168224 1.000000
vt 0.168224 0.000000
vt 0.177570 1.000000
vt 0.177570 0.000000
vt 0.186916 1.000000
vt 0.186916 0.000000
vt 0.196262 1.000000
vt 0.196262 0.000000
vt 0.205607 1.000000
vt 0.205607 0.000000
vt 0.214953 1.000000
vt 0.214953 0.000000
vt 0.224299 1.000000
vt 0.224299 0.000000
vt 0.233645 1.000000
vt 0.233645 0.000000
vt 0.242991 1.000000
vt 0.242991 0.000000
vt 0.252336 1.000000
vt 0.252336 0.000000
vt 0.261682 1.000000
vt 0.261682 0.000000
vt 0.271028 1.000000
vt 0.271028 0.000000
vt 0.280374 1.000000
vt 0.280374 0.000000
vt 0.289720 1.000000
vt 0.289720 0.000000
vt 0.299065 1.000000
vt 0.299065 0.000000
vt 0.308411 1.000000
vt 0.308411 0.000000
vt 0.317757 1.000000
vt 0.317757 0.000000
vt 0.327103 1.000000
vt 0.327103 0.000000
vt 0.336449 1.000000
vt 0.336449 0.000000
vt 0.345794 1.000000
vt 0.345794 0.000000
vt 0.355140 1.000000
vt 0.355140 0.000000
vt 0.364486 1.000000
vt 0.364486 0.000000
vt 0.373832 1.000000
vt 0.373832 0.000000
vt 0.383178 1.000000
vt 0.383178 0.000000
vt 0.392523 1.000000
vt 0.392523 0.000000
vt 0.401869 1.000000
vt 0.401869 0.000000
vt 0.411215 1.000000
vt 0.411215 0.000000
vt 0.420561 1.000000
vt 0.420561 0.000000
vt 0.429907 1.000000
vt 0.429907 0.000000
vt 0.439252 1.000000
vt 0.439252 0.000000
vt 0.448598 1.000000
vt 0.448598 0.000000
vt 0.457944 1.000000
vt 0.457944 0.000000
vt 0.467290 1.000000
vt 0.467290 0.000000
vt 0.476636 1.000000
vt 0.476636 0.000000
vt 0.485981 1.000000
vt 0.485981 0.000000
vt 0.495327 1.000000
vt 0.495327 0.000000
vt 0.504673 1.000000
vt 0.504673 0.000000
vt 0.514019 1.000000
vt 0.514019 0.000000
vt 0.523364 1.000000
vt 0.523364 0.000000
vt 0.532710 1.000000
vt 0.532710 0.000000
vt 0.542056 1.000000
vt 0.542056 0.000000
vt 0.551402 1.000000
vt 0.551402 0.000000
vt 0.560748 1.000000
vt 0.560748 0.000000
vt 0.570093 1.000000
vt 0.570093 0.000000
vt 0.579439 1.000000
vt 0.579439 0.000000
vt 0.588785 1.000000
vt 0.588785 0.000000
vt 0.598131 1.000000
vt 0.598131 0.000000
vt 0.607477 1.000000
vt 0.607477 0.000000
vt 0.616822 1.000000
vt 0.616822 0.000000
vt 0.626168 1.000000
vt 0.626168 0.000000
vt 0.635514 1.000000
vt 0.635514 0.000000
vt 0.644860 1.000000
vt 0.644860 0.000000
vt 0.654206 1.000000
vt 0.654206 0.000000
vt 0.663551 1.000000
vt 0.663551 0.000000
vt 0.672897 1.000000
vt 0.672897 0.000000
vt 0.682243 1.000000
vt 0.682243 0.000000
vt 0.691589 1.000000
vt 0.691589 0.000000
vt 0.700935 1.000000
vt 0.700935 0.000000
vt 0.710280 1.000000
vt 0.710280 0.000000
vt 0.719626 1.000000
vt 0.719626 0.000000
vt 0.728972 1.000000
vt 0.728972 0.000000
vt 0.738318 1.000000
vt 0.738318 0.000000
vt 0.747664 1.000000
vt 0.747664 0.000000
vt 0.757009 1.000000
vt 0.757009 0.000000
vt 0.766355 1.000000
vt 0.766355 0.000000
vt 0.775701 1.000000
vt 0.775701 0.000000
vt 0.785047 1.000000
vt 0.785047 0.000000
vt 0.794393 1.000000
vt 0.794393 0.000000
vt 0.803738 1.000000
vt 0.803738 0.000000
vt 0.813084 1.000000
vt 0.813084 0.000000
vt 0.822430 1.000000
vt 0.822430 0.000000
vt 0.831776 1.000000
vt 0.831776 0.000000
vt 0.841121 1.000000
vt 0.841121 0.000000
vt 0.850467 1.000000
vt 0.850467 0.000000
vt 0.859813 1.000000
vt 0.859813 0.000000
vt 0.869159 1.000000
vt 0.869159 0.000000
vt 0.878505 1.000000
vt 0.878505 0.000000
vt 0.887850 1.000000
vt 0.887850 0.000000
vt 0.897196 1.000000
vt 0.897196 0.000000
vt 0.906542 1.000000
vt 0.906542 0.000000
vt 0.915888 1.000000
vt 0.915888 0.000000
vt 0.925234 1.000000
vt 0.925234 0.000000
vt 0.934579 1.000000
vt 0.934579 0.000000
vt 0.943925 1.000000
vt 0.943925 0.000000
vt 0.953271 1.000000
vt 0.953271 0.000000
vt 0.962617 1.000000
vt 0.962617 0.000000
vt 0.971963 1.000000
vt 0.971963 0.000000
vt 0.981308 1.000000
vt 0.981308 0.000000
vt 0.990654 1.000000
vt 0.990654 0.000000
vt 0.013514 1.000000
vt 0.013514 0.000000
vt 0.040541 1.000000
vt 0.040541 0.000000
vt 0.067568 1.000000
vt 0.067568 0.000000
vt 0.094595 1.000000
vt 0.094595 0.000000
vt 0.121622 1.000000
vt 0.121622 0.000000
vt 0.148649 1.000000
vt 0.148649 0.000000
vt 0.175676 1.000000
vt 0.175676 0.000000
vt 0.202703 1.000000
vt 0.202703 0.000000
vt 0.229730 1.000000
vt 0.229730 0.000000
vt 0.256757 1.000000
vt 0.256757 0.000000
vt 0.283784 1.000000
vt 0.283784 0.000000
vt 0.310811 1.000000
vt 0.310811 0.000000
vt 0.337838 1.000000
vt 0.337838 0.000000
vt 0.364865 1.000000
vt 0.364865 0.000000
vt 0.391892 1.000000
vt 0.391892 0.000000
vt 0.418919 1.000000
vt 0.418919 0.000000
vt 0.445946 1.000000
vt 0.445946 0.000000
vt 0.472973 1.000000
vt 0.472973 0.000000
vt 0.500000 1.000000
vt 0.527027 1.000000
vt 0.527027 0.000000
vt 0.554054 1.000000
vt 0.554054 0.000000
vt 0.581081 1.000000
vt 0.581081 0.000000
vt 0.608108 1.000000
vt 0.608108 0.000000
vt 0.635135 1.000000
vt 0.635135 0.000000
vt 0.662162 1.000000
vt 0.662162 0.000000
vt 0.689189 1.000000
vt 0.689189 0.000000
vt 0.716216 1.000000
vt 0.716216 0.000000
vt 0.743243 1.000000
vt 0.743243 0.000000
vt 0.770270 1.000000
vt 0.770270 0.000000
vt 0.797297 1.000000
vt 0.797297 0.000000
vt 0.824324 1.000000
vt 0.824324 0.000000
vt 0.851351 1.000000
vt 0.851351 0.000000
vt 0.878378 1.000000
vt 0.878378 0.000000
vt 0.905405 1.000000
vt 0.905405 0.000000
vt 0.932432 1.000000
vt 0.932432 0.000000
vt 0.959459 1.000000
vt 0.959459 0.000000
vt 0.986486 1.000000
vt 0.986486 0.000000
vt 0.040000 1.000000
vt 0.040000 0.000000
vt 0.080000 1.000000
vt 0.080000 0.000000
vt 0.120000 1.000000
vt 0.120000 0.000000
vt 0.160000 1.000000
vt 0.160000 0.000000
vt 0.200000 1.000000
vt 0.240000 1.000000
vt 0.240000 0.000000
vt 0.280000 1.000000
vt 0.280000 0.000000
vt 0.320000 1.000000
vt 0.320000 0.000000
vt 0.360000 1.000000
vt 0.360000 0.000000
vt 0.400000 1.000000
vt 0.440000 1.000000
vt 0.440000 0.000000
vt 0.480000 1.000000
vt 0.480000 0.000000
vt 0.520000 1.000000
vt 0.520000 0.000000
vt 0.560000 1.000000
vt 0.560000 0.000000
vt 0.600000 1.000000
vt 0.640000 1.000000
vt 0.640000 0.000000
vt 0.680000 1.000000
vt 0.680000 0.000000
vt 0.720000 1.000000
vt 0.720000 0.000000
vt 0.760000 1.000000
vt 0.760000 0.000000
vt 0.800000 1.000000
vt 0.840000 1.000000
vt 0.840000 0.000000
vt 0.880000 1.000000
vt 0.880000 0.000000
vt 0.920000 1.000000
vt 0.920000 0.000000
vt 0.960000 1.000000
vt 0.960000 0.000000
vt 0.007463 1.000000
vt 0.007463 0.000000
vt 0.014925 1.000000
vt 0.014925 0.000000
vt 0.022388 1.000000
vt 0.022388 0.000000
vt 0.029851 1.000000
vt 0.029851 0.000000
vt 0.037313 1.000000
vt 0.037313 0.000000
vt 0.044776 1.000000
vt 0.044776 0.000000
vt 0.052239 1.000000
vt 0.052239 0.000000
vt 0.059701 1.000000
vt 0.059701 0.000000
vt 0.067164 1.000000
vt 0.067164 0.000000
vt 0.074627 1.000000
vt 0.074627 0.000000
vt 0.082090 1.000000
vt 0.082090 0.000000
vt 0.089552 1.000000
vt 0.089552 0.000000
vt 0.097015 1.000000
vt 0.097015 0.000000
vt 0.104478 1.000000
vt 0.104478 0.000000
vt 0.111940 1.000000
vt 0.111940 0.000000
vt 0.119403 1.000000
vt 0.119403 0.000000
vt 0.126866 1.000000
vt 0.126866 0.000000
vt 0.134328 1.000000
vt 0.134328 0.000000
vt 0.141791 1.000000
vt 0.141791 0.000000
vt 0.149254 1.000000
vt 0.149254 0.000000
vt 0.156716 1.000000
vt 0.156716 0.000000
vt 0.164179 1.000000
vt 0.164179 0.000000
vt 0.171642 1.000000
vt 0.171642 0.000000
vt 0.179104 1.000000
vt 0.179104 0.000000
vt 0.186567 1.000000
vt 0.186567 0.000000
vt 0.194030 1.000000
vt 0.194030 0.000000
vt 0.201493 1.000000
vt 0.201493 0.000000
vt 0.208955 1.000000
vt 0.208955 0.000000
vt 0.216418 1.000000
vt 0.216418 0.000000
vt 0.223881 1.000000
vt 0.223881 0.000000
vt 0.231343 1.000000
vt 0.231343 0.000000
vt 0.238806 1.000000
vt 0.238806 0.000000
vt 0.246269 1.000000
vt 0.246269 0.000000
vt 0.253731 1.000000
vt 0.253731 0.000000
vt 0.261194 1.000000
vt 0.261194 0.000000
vt 0.268657 1.000000
vt 0.268657 0.000000
vt 0.276119 1.000000
vt 0.276119 0.000000
vt 0.283582 1.000000
vt 0.283582 0.000000
vt 0.291045 1.000000
vt 0.291045 0.000000
vt 0.298507 1.000000
vt 0.298507 0.000000
vt 0.305970 1.000000
vt 0.305970 0.000000
vt 0.313433 1.000000
vt 0.313433 0.000000
vt 0.320896 1.000000
vt 0.320896 0.000000
vt 0.328358 1.000000
vt 0.328358 0.000000
vt 0.335821 1.000000
vt 0.335821 0.000000
vt 0.343284 1.000000
vt 0.343284 0.000000
vt 0.350746 1.000000
vt 0.350746 0.000000
vt 0.358209 1.000000
vt 0.358209 0.000000
vt 0.365672 1.000000
vt 0.365672 0.000000
vt 0.373134 1.000000
vt 0.373134 0.000000
vt 0.380597 1.000000
vt 0.380597 0.000000
vt 0.388060 1.000000
vt 0.388060 0.000000
vt 0.395522 1.000000
vt 0.395522 0.000000
vt 0.402985 1.000000
vt 0.402985 0.000000
vt 0.410448 1.000000
vt 0.410448 0.000000
vt 0.417910 1.000000
vt 0.417910 0.000000
vt 0.425373 1.000000
vt 0.425373 0.000000
vt 0.432836 1.000000
vt 0.432836 0.000000
vt 0.440298 1.000000
vt 0.440298 0.000000
vt 0.447761 1.000000
vt 0.447761 0.000000
vt 0.455224 1.000000
vt 0.455224 0.000000
vt 0.462687 1.000000
vt 0.462687 0.000000
vt 0.470149 1.000000
vt 0.470149 0.000000
vt 0.477612 1.000000
vt 0.477612 0.000000
vt 0.485075 1.000000
vt 0.485075 0.000000
vt 0.492537 1.000000
vt 0.492537 0.000000
vt 0.507463 1.000000
vt 0.507463 0.000000
vt 0.514925 1.000000
vt 0.514925 0.000000
vt 0.522388 1.000000
vt 0.522388 0.000000
vt 0.529851 1.000000
vt 0.529851 0.000000
vt 0.537313 1.000000
vt 0.537313 0.000000
vt 0.544776 1.000000
vt 0.544776 0.000000
vt 0.552239 1.000000
vt 0.552239 0.000000
vt 0.559702 1.000000
vt 0.559702 0.000000
vt 0.567164 1.000000
vt 0.567164 0.000000
vt 0.574627 1.000000
vt 0.574627 0.000000
vt 0.582090 1.000000
vt 0.582090 0.000000
vt 0.589552 1.000000
vt 0.589552 0.000000
vt 0.597015 1.000000
vt 0.597015 0.000000
vt 0.604478 1.000000
vt 0.604478 0.000000
vt 0.611940 1.000000
vt 0.611940 0.000000
vt 0.619403 1.000000
vt 0.619403 0.000000
vt 0.626866 1.000000
vt 0.626866 0.000000
vt 0.634328 1.000000
vt 0.634328 0.000000
vt 0.641791 1.000000
vt 0.641791 0.000000
vt 0.649254 1.000000
vt 0.649254 0.000000
vt 0.656716 1.000000
vt 0.656716 0.000000
vt 0.664179 1.000000
vt 0.664179 0.000000
vt 0.671642 1.000000
vt 0.671642 0.000000
vt 0.679105 1.000000
vt 0.679105 0.000000
vt 0.686567 1.000000
vt 0.686567 0.000000
vt 0.694030 1.000000
vt 0.694030 0.000000
vt 0.701493 1.000000
vt 0.701493 0.000000
vt 0.708955 1.000000
vt 0.708955 0.000000
vt 0.716418 1.000000
vt 0.716418 0.000000
vt 0.723881 1.000000
vt 0.723881 0.000000
vt 0.731343 1.000000
vt 0.731343 0.000000
vt 0.738806 1.000000
vt 0.738806 0.000000
vt 0.746269 1.000000
vt 0.746269 0.000000
vt 0.753731 1.000000
vt 0.753731 0.000000
vt 0.761194 1.000000
vt 0.761194 0.000000
vt 0.768657 1.000000
vt 0.768657 0.000000
vt 0.776119 1.000000
vt 0.776119 0.000000
vt 0.783582 1.000000
vt 0.783582 0.000000
vt 0.791045 1.000000
vt 0.791045 0.000000
vt 0.798507 1.000000
vt 0.798507 0.000000
vt 0.805970 1.000000
vt 0.805970 0.000000
vt 0.813433 1.000000
vt 0.813433 0.000000
vt 0.820895 1.000000
vt 0.820895 0.000000
vt 0.828358 1.000000
vt 0.828358 0.000000
vt 0.835821 1.000000
vt 0.835821 0.000000
vt 0.843284 1.000000
vt 0.843284 0.000000
vt 0.850746 1.000000
vt 0.850746 0.000000
vt 0.858209 1.000000
vt 0.858209 0.000000
vt 0.865672 1.000000
vt 0.865672 0.000000
vt 0.873134 1.000000
vt 0.873134 0.000000
vt 0.880597 1.000000
vt 0.880597 0.000000
vt 0.888060 1.000000
vt 0.888060 0.000000
vt 0.895522 1.000000
vt 0.895522 0.000000
vt 0.902985 1.000000
vt 0.902985 0.000000
vt 0.910448 1.000000
vt 0.910448 0.000000
vt 0.917910 1.000000
vt 0.917910 0.000000
vt 0.925373 1.000000
vt 0.925373 0.000000
vt 0.932836 1.000000
vt 0.932836 0.000000
vt 0.940298 1.000000
vt 0.940298 0.000000
vt 0.947761 1.000000
vt 0.947761 0.000000
vt 0.955224 1.000000
vt 0.955224 0.000000
vt 0.962687 1.000000
vt 0.962687 0.000000
vt 0.970149 1.000000
vt 0.970149 0.000000
vt 0.977612 1.000000
vt 0.977612 0.000000
vt 0.985075 1.000000
vt 0.985075 0.000000
vt 0.992537 1.000000
vt 0.992537 0.000000
vt 0.083333 1.000000
vt 0.083333 0.000000
vt 0.166667 1.000000
vt 0.166667 0.000000
vt 0.250000 1.000000
vt 0.333333 1.000000
vt 0.333333 0.000000
vt 0.416667 1.000000
vt 0.416667 0.000000
vt 0.583333 1.000000
vt 0.583333 0.000000
vt 0.666667 1.000000
vt 0.666667 0.000000
vt 0.750000 1.000000
vt 0.833333 1.000000
vt 0.833333 0.000000
vt 0.916667 1.000000
vt 0.916667 0.000000
vt 0.025000 1.000000
vt 0.050000 1.000000
vt 0.075000 1.000000
vt 0.100000 1.000000
vt 0.125000 1.000000
vt 0.150000 1.000000
vt 0.175000 1.000000
vt 0.225000 1.000000
vt 0.275000 1.000000
vt 0.300000 1.000000
vt 0.325000 1.000000
vt 0.350000 1.000000
vt 0.375000 1.000000
vt 0.425000 1.000000
vt 0.450000 1.000000
vt 0.475000 1.000000
vt 0.525000 1.000000
vt 0.550000 1.000000
vt 0.575000 1.000000
vt 0.625000 1.000000
vt 0.650000 1.000000
vt 0.675000 1.000000
vt 0.700000 1.000000
vt 0.725000 1.000000
vt 0.775000 1.000000
vt 0.825000 1.000000
vt 0.850000 1.000000
vt 0.875000 1.000000
vt 0.900000 1.000000
vt 0.925000 1.000000
vt 0.950000 1.000000
vt 0.975000 1.000000
vt 0.026316 1.000000
vt 0.026316 0.000000
vt 0.052632 1.000000
vt 0.078947 1.000000
vt 0.078947 0.000000
vt 0.105263 1.000000
vt 0.131579 1.000000
vt 0.131579 0.000000
vt 0.157895 1.000000
vt 0.184211 1.000000
vt 0.184211 0.000000
vt 0.210526 1.000000
vt 0.236842 1.000000
vt 0.236842 0.000000
vt 0.263158 1.000000
vt 0.289474 1.000000
vt 0.289474 0.000000
vt 0.315789 1.000000
vt 0.342105 1.000000
vt 0.342105 0.000000
vt 0.368421 1.000000
vt 0.394737 1.000000
vt 0.394737 0.000000
vt 0.421053 1.000000
vt 0.447368 1.000000
vt 0.447368 0.000000
vt 0.473684 1.000000
vt 0.526316 1.000000
vt 0.552632 1.000000
vt 0.552632 0.000000
vt 0.578947 1.000000
vt 0.605263 1.000000
vt 0.605263 0.000000
vt 0.631579 1.000000
vt 0.657895 1.000000
vt 0.657895 0.000000
vt 0.684211 1.000000
vt 0.710526 1.000000
vt 0.710526 0.000000
vt 0.736842 1.000000
vt 0.763158 1.000000
vt 0.763158 0.000000
vt 0.789474 1.000000
vt 0.815789 1.000000
vt 0.815789 0.000000
vt 0.842105 1.000000
vt 0.868421 1.000000
vt 0.868421 0.000000
vt 0.894737 1.000000
vt 0.921053 1.000000
vt 0.921053 0.000000
vt 0.947368 1.000000
vt 0.973684 1.000000
vt 0.973684 0.000000
vt 0.020833 1.000000
vt 0.020833 0.000000
vt 0.041667 1.000000
vt 0.041667 0.000000
vt 0.062500 1.000000
vt 0.062500 0.000000
vt 0.104167 1.000000
vt 0.104167 0.000000
vt 0.145833 1.000000
vt 0.145833 0.000000
vt 0.187500 1.000000
vt 0.187500 0.000000
vt 0.208333 1.000000
vt 0.208333 0.000000
vt 0.229167 1.000000
vt 0.229167 0.000000
vt 0.270833 1.000000
vt 0.270833 0.000000
vt 0.291667 1.000000
vt 0.291667 0.000000
vt 0.312500 1.000000
vt 0.312500 0.000000
vt 0.354167 1.000000
vt 0.354167 0.000000
vt 0.395833 1.000000
vt 0.395833 0.000000
vt 0.437500 1.000000
vt 0.437500 0.000000
vt 0.458333 1.000000
vt 0.458333 0.000000
vt 0.479167 1.000000
vt 0.479167 0.000000
vt 0.520833 1.000000
vt 0.520833 0.000000
vt 0.541667 1.000000
vt 0.541667 0.000000
vt 0.562500 1.000000
vt 0.562500 0.000000
vt 0.604167 1.000000
vt 0.604167 0.000000
vt 0.645833 1.000000
vt 0.645833 0.000000
vt 0.687500 1.000000
vt 0.687500 0.000000
vt 0.708333 1.000000
vt 0.708333 0.000000
vt 0.729167 1.000000
vt 0.729167 0.000000
vt 0.770833 1.000000
vt 0.770833 0.000000
vt 0.791667 1.000000
vt 0.791667 0.000000
vt 0.812500 1.000000
vt 0.812500 0.000000
vt 0.854167 1.000000
vt 0.854167 0.000000
vt 0.895833 1.000000
vt 0.895833 0.000000
vt 0.937500 1.000000
vt 0.937500 0.000000
vt 0.958333 1.000000
vt 0.958333 0.000000
vt 0.979167 1.000000
vt 0.979167 0.000000
vt 0.017544 1.000000
vt 0.017544 0.000000
vt 0.035088 1.000000
vt 0.035088 0.000000
vt 0.070175 1.000000
vt 0.070175 0.000000
vt 0.087719 1.000000
vt 0.087719 0.000000
vt 0.122807 1.000000
vt 0.122807 0.000000
vt 0.140351 1.000000
vt 0.140351 0.000000
vt 0.175439 1.000000
vt 0.175439 0.000000
vt 0.192982 1.000000
vt 0.192982 0.000000
vt 0.228070 1.000000
vt 0.228070 0.000000
vt 0.245614 1.000000
vt 0.245614 0.000000
vt 0.280702 1.000000
vt 0.280702 0.000000
vt 0.298246 1.000000
vt 0.298246 0.000000
vt 0.350877 1.000000
vt 0.350877 0.000000
vt 0.385965 1.000000
vt 0.385965 0.000000
vt 0.403509 1.000000
vt 0.403509 0.000000
vt 0.438596 1.000000
vt 0.438596 0.000000
vt 0.456140 1.000000
vt 0.456140 0.000000
vt 0.491228 1.000000
vt 0.491228 0.000000
vt 0.508772 1.000000
vt 0.508772 0.000000
vt 0.543860 1.000000
vt 0.543860 0.000000
vt 0.561404 1.000000
vt 0.561404 0.000000
vt 0.596491 1.000000
vt 0.596491 0.000000
vt 0.614035 1.000000
vt 0.614035 0.000000
vt 0.649123 1.000000
vt 0.649123 0.000000
vt 0.701754 1.000000
vt 0.701754 0.000000
vt 0.719298 1.000000
vt 0.719298 0.000000
vt 0.754386 1.000000
vt 0.754386 0.000000
vt 0.771930 1.000000
vt 0.771930 0.000000
vt 0.807018 1.000000
vt 0.807018 0.000000
vt 0.824561 1.000000
vt 0.824561 0.000000
vt 0.859649 1.000000
vt 0.859649 0.000000
vt 0.877193 1.000000
vt 0.877193 0.000000
vt 0.912281 1.000000
vt 0.912281 0.000000
vt 0.929825 1.000000
vt 0.929825 0.000000
vt 0.964912 1.000000
vt 0.964912 0.000000
vt 0.982456 1.000000
vt 0.982456 0.000000
s 0
f 12/1/1 14/2/1 13/3/1
f 11/4/1 14/2/1 12/1/1
f 11/4/1 15/5/1 14/2/1
f 10/6/1 15/5/1 11/4/1
f 9/7/1 15/5/1 10/6/1
f 9/7/1 16/8/1 15/5/1
f 8/9/1 16/8/1 9/7/1
f 54/10/1 56/11/1 55/12/1
f 54/10/1 57/13/1 56/11/1
f 8/9/1 17/14/1 16/8/1
f 7/15/1 17/14/1 8/9/1
f 6/16/1 17/14/1 7/15/1
f 6/16/1 18/17/1 17/14/1
f 5/18/1 18/17/1 6/16/1
f 5/18/1 19/19/1 18/17/1
f 4/20/1 19/19/1 5/18/1
f 3/21/1 19/19/1 4/20/1
f 3/21/1 20/22/1 19/19/1
f 2/23/1 20/22/1 3/21/1
f 1/24/1 20/22/1 2/23/1
f 1/24/1 40/25/1 20/22/1
f 40/25/1 21/26/1 20/22/1
f 54/10/1 1/24/1 57/13/1
f 54/10/1 52/27/1 1/24/1
f 52/27/1 51/28/1 1/24/1
f 51/28/1 50/29/1 1/24/1
f 50/29/1 49/30/1 1/24/1
f 49/30/1 48/31/1 1/24/1
f 48/31/1 47/32/1 1/24/1
f 47/32/1 46/33/1 1/24/1
f 46/33/1 45/34/1 1/24/1
f 45/34/1 44/35/1 1/24/1
f 44/35/1 43/36/1 1/24/1
f 43/36/1 42/37/1 1/24/1
f 42/37/1 41/38/1 1/24/1
f 41/38/1 40/25/1 1/24/1
f 39/39/1 21/26/1 40/25/1
f 38/40/1 21/26/1 39/39/1
f 37/41/1 21/26/1 38/40/1
f 36/42/1 21/26/1 37/41/1
f 36/42/1 22/43/1 21/26/1
f 35/44/1 22/43/1 36/42/1
f 34/45/1 22/43/1 35/44/1
f 33/46/1 22/43/1 34/45/1
f 33/46/1 23/47/1 22/43/1
f 32/48/1 23/47/1 33/46/1
f 31/49/1 23/47/1 32/48/1
f 31/49/1 24/50/1 23/47/1
f 30/51/1 24/50/1 31/49/1
f 54/10/1 53/52/1 52/27/1
f 29/53/1 24/50/1 30/51/1
f 29/53/1 25/54/1 24/50/1
f 28/55/1 25/54/1 29/53/1
f 27/56/1 25/54/1 28/55/1
f 27/56/1 26/57/1 25/54/1
f 92/58/1 94/59/1 93/60/1
f 92/58/1 95/61/1 94/59/1
f 91/62/1 95/61/1 92/58/1
f 91/62/1 96/63/1 95/61/1
f 90/64/1 96/63/1 91/62/1
f 90/64/1 97/65/1 96/63/1
f 89/66/1 97/65/1 90/64/1
f 89/66/1 98/67/1 97/65/1
f 88/68/1 98/67/1 89/66/1
f 88/68/1 99/69/1 98/67/1
f 87/70/1 99/69/1 88/68/1
f 87/70/1 100/71/1 99/69/1
f 86/72/1 141/73/1 87/70/1
f 141/73/1 100/71/1 87/70/1
f 86/72/1 142/74/1 141/73/1
f 140/75/1 100/71/1 141/73/1
f 86/72/1 143/76/1 142/74/1
f 139/77/1 100/71/1 140/75/1
f 86/72/1 144/78/1 143/76/1
f 138/79/1 100/71/1 139/77/1
f 138/79/1 101/80/1 100/71/1
f 85/81/1 144/78/1 86/72/1
f 85/81/1 145/82/1 144/78/1
f 137/83/1 101/80/1 138/79/1
f 85/81/1 146/84/1 145/82/1
f 136/85/1 101/80/1 137/83/1
f 85/81/1 147/86/1 146/84/1
f 135/87/1 101/80/1 136/85/1
f 135/87/1 102/88/1 101/80/1
f 84/89/1 147/86/1 85/81/1
f 84/89/1 148/90/1 147/86/1
f 134/91/1 102/88/1 135/87/1
f 84/89/1 149/92/1 148/90/1
f 133/93/1 102/88/1 134/91/1
f 133/93/1 103/94/1 102/88/1
f 83/95/1 149/92/1 84/89/1
f 83/95/1 150/96/1 149/92/1
f 132/97/1 103/94/1 133/93/1
f 132/97/1 104/98/1 103/94/1
f 82/99/1 150/96/1 83/95/1
f 82/99/1 151/100/1 150/96/1
f 131/101/1 104/98/1 132/97/1
f 82/99/1 152/102/1 151/100/1
f 130/103/1 104/98/1 131/101/1
f 130/103/1 105/104/1 104/98/1
f 81/105/1 152/102/1 82/99/1
f 81/105/1 153/13/1 152/102/1
f 129/106/1 105/104/1 130/103/1
f 80/107/1 153/13/1 81/105/1
f 80/107/1 106/108/1 153/13/1
f 129/106/1 58/24/1 105/104/1
f 128/109/1 58/24/1 129/106/1
f 80/107/1 107/110/1 106/108/1
f 127/111/1 58/24/1 128/109/1
f 79/112/1 107/110/1 80/107/1
f 127/111/1 59/113/1 58/24/1
f 79/112/1 108/114/1 107/110/1
f 126/115/1 59/113/1 127/111/1
f 79/112/1 109/116/1 108/114/1
f 78/117/1 109/116/1 79/112/1
f 125/118/1 59/113/1 126/115/1
f 125/118/1 60/119/1 59/113/1
f 78/117/1 110/120/1 109/116/1
f 124/121/1 60/119/1 125/118/1
f 77/122/1 110/120/1 78/117/1
f 124/121/1 61/123/1 60/119/1
f 77/122/1 111/124/1 110/120/1
f 123/125/1 61/123/1 124/121/1
f 77/122/1 112/126/1 111/124/1
f 122/127/1 61/123/1 123/125/1
f 76/128/1 112/126/1 77/122/1
f 122/127/1 62/129/1 61/123/1
f 76/128/1 113/130/1 112/126/1
f 121/131/1 62/129/1 122/127/1
f 76/128/1 114/132/1 113/130/1
f 120/133/1 62/129/1 121/131/1
f 76/128/1 115/134/1 114/132/1
f 119/135/1 62/129/1 120/133/1
f 75/136/1 115/134/1 76/128/1
f 119/135/1 63/137/1 62/129/1
f 75/136/1 116/138/1 115/134/1
f 118/139/1 63/137/1 119/135/1
f 75/136/1 117/140/1 116/138/1
f 117/140/1 63/137/1 118/139/1
f 75/136/1 63/137/1 117/140/1
f 74/141/1 63/137/1 75/136/1
f 74/141/1 64/142/1 63/137/1
f 73/143/1 64/142/1 74/141/1
f 73/143/1 65/144/1 64/142/1
f 72/145/1 65/144/1 73/143/1
f 72/145/1 66/146/1 65/144/1
f 71/147/1 66/146/1 72/145/1
f 71/147/1 67/148/1 66/146/1
f 70/149/1 67/148/1 71/147/1
f 70/149/1 68/150/1 67/148/1
f 69/151/1 68/150/1 70/149/1
f 273/76/1 275/152/1 274/153/1
f 273/76/1 276/154/1 275/152/1
f 272/155/1 276/154/1 273/76/1
f 272/155/1 277/156/1 276/154/1
f 272/155/1 278/157/1 277/156/1
f 271/158/1 278/157/1 272/155/1
f 271/158/1 279/159/1 278/157/1
f 271/158/1 280/90/1 279/159/1
f 270/160/1 280/90/1 271/158/1
f 270/160/1 281/161/1 280/90/1
f 270/160/1 282/162/1 281/161/1
f 269/163/1 282/162/1 270/160/1
f 269/163/1 283/164/1 282/162/1
f 269/163/1 284/165/1 283/164/1
f 268/30/1 284/165/1 269/163/1
f 268/30/1 285/166/1 284/165/1
f 268/30/1 286/167/1 285/166/1
f 267/168/1 286/167/1 268/30/1
f 267/168/1 161/137/1 286/167/1
f 161/137/1 160/169/1 286/167/1
f 160/169/1 159/170/1 286/167/1
f 159/170/1 158/171/1 286/167/1
f 158/171/1 157/172/1 286/167/1
f 157/172/1 156/173/1 286/167/1
f 156/173/1 155/174/1 286/167/1
f 155/174/1 154/24/1 286/167/1
f 154/24/1 287/13/1 286/167/1
f 266/79/1 163/175/1 267/168/1
f 163/175/1 162/176/1 267/168/1
f 162/176/1 161/137/1 267/168/1
f 265/177/1 164/178/1 266/79/1
f 164/178/1 163/175/1 266/79/1
f 264/179/1 166/180/1 265/177/1
f 166/180/1 165/181/1 265/177/1
f 165/181/1 164/178/1 265/177/1
f 264/179/1 167/182/1 166/180/1
f 264/179/1 168/150/1 167/182/1
f 264/179/1 169/183/1 168/150/1
f 264/179/1 170/184/1 169/183/1
f 264/179/1 171/185/1 170/184/1
f 263/186/1 171/185/1 264/179/1
f 263/186/1 172/187/1 171/185/1
f 263/186/1 173/7/1 172/187/1
f 263/186/1 174/188/1 173/7/1
f 263/186/1 175/143/1 174/188/1
f 262/189/1 175/143/1 263/186/1
f 262/189/1 176/190/1 175/143/1
f 262/189/1 177/191/1 176/190/1
f 262/189/1 178/192/1 177/191/1
f 261/193/1 178/192/1 262/189/1
f 261/193/1 179/194/1 178/192/1
f 261/193/1 180/195/1 179/194/1
f 261/193/1 181/196/1 180/195/1
f 261/193/1 182/117/1 181/196/1
f 261/193/1 183/197/1 182/117/1
f 260/198/1 183/197/1 261/193/1
f 260/198/1 184/199/1 183/197/1
f 260/198/1 185/200/1 184/199/1
f 260/198/1 186/201/1 185/200/1
f 259/93/1 186/201/1 260/198/1
f 259/93/1 187/202/1 186/201/1
f 259/93/1 188/203/1 187/202/1
f 259/93/1 189/95/1 188/203/1
f 258/204/1 189/95/1 259/93/1
f 258/204/1 190/205/1 189/95/1
f 257/206/1 190/205/1 258/204/1
f 257/206/1 191/207/1 190/205/1
f 257/206/1 192/14/1 191/207/1
f 256/208/1 192/14/1 257/206/1
f 256/208/1 193/209/1 192/14/1
f 255/210/1 193/209/1 256/208/1
f 255/210/1 194/211/1 193/209/1
f 255/210/1 195/212/1 194/211/1
f 254/213/1 195/212/1 255/210/1
f 254/213/1 196/68/1 195/212/1
f 253/214/1 196/68/1 254/213/1
f 253/214/1 197/215/1 196/68/1
f 253/214/1 198/216/1 197/215/1
f 252/109/1 198/216/1 253/214/1
f 252/109/1 199/217/1 198/216/1
f 251/218/1 199/217/1 252/109/1
f 251/218/1 200/219/1 199/217/1
f 250/220/1 200/219/1 251/218/1
f 250/220/1 201/221/1 200/219/1
f 225/222/1 227/223/1 226/224/1
f 250/220/1 202/225/1 201/221/1
f 249/38/1 202/225/1 250/220/1
f 225/222/1 228/226/1 227/223/1
f 248/227/1 202/225/1 249/38/1
f 225/222/1 229/228/1 228/226/1
f 247/229/1 202/225/1 248/227/1
f 247/229/1 203/60/1 202/225/1
f 225/222/1 230/46/1 229/228/1
f 246/230/1 203/60/1 247/229/1
f 225/222/1 231/130/1 230/46/1
f 245/125/1 203/60/1 246/230/1
f 225/222/1 232/231/1 231/130/1
f 244/232/1 203/60/1 245/125/1
f 244/232/1 204/233/1 203/60/1
f 225/222/1 233/234/1 232/231/1
f 243/235/1 204/233/1 244/232/1
f 242/236/1 204/233/1 243/235/1
f 225/222/1 234/237/1 233/234/1
f 241/238/1 204/233/1 242/236/1
f 225/222/1 235/239/1 234/237/1
f 240/240/1 204/233/1 241/238/1
f 225/222/1 236/241/1 235/239/1
f 239/242/1 204/233/1 240/240/1
f 225/222/1 237/243/1 236/241/1
f 238/139/1 204/233/1 239/242/1
f 225/222/1 238/139/1 237/243/1
f 238/139/1 205/244/1 204/233/1
f 225/222/1 205/244/1 238/139/1
f 225/222/1 206/245/1 205/244/1
f 225/222/1 207/246/1 206/245/1
f 224/114/1 207/246/1 225/222/1
f 224/114/1 208/247/1 207/246/1
f 223/248/1 208/247/1 224/114/1
f 222/249/1 208/247/1 223/248/1
f 222/249/1 209/250/1 208/247/1
f 221/251/1 209/250/1 222/249/1
f 220/252/1 209/250/1 221/251/1
f 220/252/1 210/67/1 209/250/1
f 219/253/1 210/67/1 220/252/1
f 219/253/1 211/54/1 210/67/1
f 218/254/1 211/54/1 219/253/1
f 217/94/1 211/54/1 218/254/1
f 217/94/1 212/255/1 211/54/1
f 216/256/1 212/255/1 217/94/1
f 215/257/1 212/255/1 216/256/1
f 215/257/1 213/258/1 212/255/1
f 214/259/1 213/258/1 215/257/1
f 288/24/1 364/260/1 289/261/1
f 364/260/1 290/262/1 289/261/1
f 364/260/1 291/263/1 290/262/1
f 364/260/1 292/264/1 291/263/1
f 364/260/1 293/265/1 292/264/1
f 364/260/1 294/266/1 293/265/1
f 364/260/1 295/267/1 294/266/1
f 364/260/1 296/268/1 295/267/1
f 364/260/1 297/269/1 296/268/1
f 364/260/1 363/270/1 297/269/1
f 363/270/1 362/271/1 297/269/1
f 362/271/1 298/272/1 297/269/1
f 288/24/1 365/13/1 364/260/1
f 361/273/1 298/272/1 362/271/1
f 360/274/1 298/272/1 361/273/1
f 359/275/1 298/272/1 360/274/1
f 358/276/1 298/272/1 359/275/1
f 358/276/1 299/7/1 298/272/1
f 357/277/1 299/7/1 358/276/1
f 356/278/1 299/7/1 357/277/1
f 356/278/1 300/279/1 299/7/1
f 355/280/1 300/279/1 356/278/1
f 354/30/1 300/279/1 355/280/1
f 354/30/1 301/281/1 300/279/1
f 353/282/1 301/281/1 354/30/1
f 352/283/1 301/281/1 353/282/1
f 352/283/1 302/284/1 301/281/1
f 351/285/1 302/284/1 352/283/1
f 350/286/1 302/284/1 351/285/1
f 350/286/1 303/287/1 302/284/1
f 349/288/1 303/287/1 350/286/1
f 349/288/1 304/289/1 303/287/1
f 348/290/1 304/289/1 349/288/1
f 347/291/1 304/289/1 348/290/1
f 347/291/1 305/292/1 304/289/1
f 346/293/1 305/292/1 347/291/1
f 345/294/1 305/292/1 346/293/1
f 345/294/1 306/295/1 305/292/1
f 344/296/1 306/295/1 345/294/1
f 344/296/1 307/297/1 306/295/1
f 343/38/1 307/297/1 344/296/1
f 288/24/1 328/298/1 365/13/1
f 342/299/1 307/297/1 343/38/1
f 288/24/1 329/300/1 328/298/1
f 288/24/1 330/301/1 329/300/1
f 288/24/1 326/302/1 330/301/1
f 326/302/1 331/303/1 330/301/1
f 341/304/1 307/297/1 342/299/1
f 326/302/1 332/46/1 331/303/1
f 326/302/1 333/305/1 332/46/1
f 341/304/1 308/306/1 307/297/1
f 340/307/1 308/306/1 341/304/1
f 326/302/1 334/308/1 333/305/1
f 326/302/1 335/309/1 334/308/1
f 326/302/1 336/310/1 335/309/1
f 339/311/1 308/306/1 340/307/1
f 326/302/1 337/312/1 336/310/1
f 326/302/1 338/313/1 337/312/1
f 326/302/1 339/311/1 338/313/1
f 326/302/1 308/306/1 339/311/1
f 326/302/1 309/314/1 308/306/1
f 326/302/1 310/14/1 309/314/1
f 326/302/1 311/315/1 310/14/1
f 288/24/1 327/316/1 326/302/1
f 325/317/1 311/315/1 326/302/1
f 325/317/1 312/318/1 311/315/1
f 324/319/1 312/318/1 325/317/1
f 323/320/1 312/318/1 324/319/1
f 322/321/1 312/318/1 323/320/1
f 321/54/1 312/318/1 322/321/1
f 321/54/1 313/322/1 312/318/1
f 320/323/1 313/322/1 321/54/1
f 319/324/1 313/322/1 320/323/1
f 318/325/1 313/322/1 319/324/1
f 317/326/1 313/322/1 318/325/1
f 317/326/1 314/327/1 313/322/1
f 316/328/1 314/327/1 317/326/1
f 315/329/1 314/327/1 316/328/1
f 377/330/1 379/331/1 378/332/1
f 401/333/1 403/334/1 402/335/1
f 376/336/1 379/331/1 377/330/1
f 376/336/1 380/337/1 379/331/1
f 400/338/1 403/334/1 401/333/1
f 400/338/1 404/339/1 403/334/1
f 375/340/1 380/337/1 376/336/1
f 375/340/1 381/341/1 380/337/1
f 399/342/1 404/339/1 400/338/1
f 374/343/1 381/341/1 375/340/1
f 374/343/1 382/344/1 381/341/1
f 399/342/1 405/345/1 404/339/1
f 398/346/1 405/345/1 399/342/1
f 373/347/1 382/344/1 374/343/1
f 470/348/1 472/13/1 471/349/1
f 470/348/1 366/24/1 472/13/1
f 373/347/1 383/350/1 382/344/1
f 397/351/1 405/345/1 398/346/1
f 372/352/1 383/350/1 373/347/1
f 397/351/1 406/353/1 405/345/1
f 372/352/1 384/354/1 383/350/1
f 371/355/1 384/354/1 372/352/1
f 396/356/1 406/353/1 397/351/1
f 371/355/1 385/357/1 384/354/1
f 396/356/1 407/358/1 406/353/1
f 370/359/1 385/357/1 371/355/1
f 395/360/1 407/358/1 396/356/1
f 370/359/1 386/361/1 385/357/1
f 369/362/1 386/361/1 370/359/1
f 394/363/1 407/358/1 395/360/1
f 394/363/1 408/364/1 407/358/1
f 369/362/1 387/365/1 386/361/1
f 368/366/1 387/365/1 369/362/1
f 393/367/1 408/364/1 394/363/1
f 368/366/1 388/368/1 387/365/1
f 367/369/1 388/368/1 368/366/1
f 393/367/1 409/370/1 408/364/1
f 392/371/1 409/370/1 393/367/1
f 367/369/1 389/372/1 388/368/1
f 366/24/1 389/372/1 367/369/1
f 391/373/1 409/370/1 392/371/1
f 391/373/1 429/374/1 409/370/1
f 429/374/1 410/375/1 409/370/1
f 470/348/1 468/376/1 366/24/1
f 468/376/1 467/377/1 366/24/1
f 467/377/1 466/378/1 366/24/1
f 466/378/1 465/379/1 366/24/1
f 465/379/1 464/380/1 366/24/1
f 464/380/1 463/381/1 366/24/1
f 463/381/1 462/382/1 366/24/1
f 462/382/1 461/383/1 366/24/1
f 461/383/1 460/384/1 366/24/1
f 460/384/1 459/385/1 366/24/1
f 459/385/1 458/386/1 366/24/1
f 458/386/1 457/387/1 366/24/1
f 457/387/1 389/372/1 366/24/1
f 457/387/1 456/388/1 389/372/1
f 456/388/1 390/389/1 389/372/1
f 390/389/1 430/390/1 391/373/1
f 430/390/1 429/374/1 391/373/1
f 455/391/1 390/389/1 456/388/1
f 428/392/1 410/375/1 429/374/1
f 390/389/1 431/393/1 430/390/1
f 454/394/1 390/389/1 455/391/1
f 427/395/1 410/375/1 428/392/1
f 390/389/1 432/396/1 431/393/1
f 453/397/1 390/389/1 454/394/1
f 426/398/1 410/375/1 427/395/1
f 390/389/1 433/399/1 432/396/1
f 452/400/1 390/389/1 453/397/1
f 452/400/1 433/399/1 390/389/1
f 425/401/1 410/375/1 426/398/1
f 452/400/1 434/402/1 433/399/1
f 425/401/1 411/403/1 410/375/1
f 451/404/1 434/402/1 452/400/1
f 451/404/1 435/405/1 434/402/1
f 424/406/1 411/403/1 425/401/1
f 451/404/1 436/407/1 435/405/1
f 450/408/1 436/407/1 451/404/1
f 423/409/1 411/403/1 424/406/1
f 450/408/1 437/410/1 436/407/1
f 449/411/1 437/410/1 450/408/1
f 422/412/1 411/403/1 423/409/1
f 449/411/1 438/413/1 437/410/1
f 422/412/1 412/414/1 411/403/1
f 448/415/1 438/413/1 449/411/1
f 448/415/1 439/416/1 438/413/1
f 421/417/1 412/414/1 422/412/1
f 448/415/1 440/418/1 439/416/1
f 447/419/1 440/418/1 448/415/1
f 420/420/1 412/414/1 421/417/1
f 447/419/1 441/421/1 440/418/1
f 420/420/1 413/422/1 412/414/1
f 446/423/1 441/421/1 447/419/1
f 470/348/1 469/424/1 468/376/1
f 446/423/1 442/425/1 441/421/1
f 419/53/1 413/422/1 420/420/1
f 445/426/1 442/425/1 446/423/1
f 418/427/1 413/422/1 419/53/1
f 418/427/1 414/428/1 413/422/1
f 444/429/1 442/425/1 445/426/1
f 417/430/1 414/428/1 418/427/1
f 417/430/1 415/431/1 414/428/1
f 443/432/1 442/425/1 444/429/1
f 416/433/1 415/431/1 417/430/1
f 570/434/1 572/435/1 571/436/1
f 569/437/1 572/435/1 570/434/1
f 569/437/1 573/438/1 572/435/1
f 568/439/1 573/438/1 569/437/1
f 567/440/1 573/438/1 568/439/1
f 567/440/1 574/441/1 573/438/1
f 566/442/1 574/441/1 567/440/1
f 566/442/1 575/443/1 574/441/1
f 565/444/1 575/443/1 566/442/1
f 564/445/1 575/443/1 565/444/1
f 564/445/1 576/446/1 575/443/1
f 563/447/1 576/446/1 564/445/1
f 563/447/1 577/448/1 576/446/1
f 562/449/1 577/448/1 563/447/1
f 561/450/1 577/448/1 562/449/1
f 561/450/1 578/451/1 577/448/1
f 560/452/1 578/451/1 561/450/1
f 560/452/1 579/453/1 578/451/1
f 559/454/1 579/453/1 560/452/1
f 558/455/1 557/456/1 559/454/1
f 557/456/1 556/457/1 559/454/1
f 556/457/1 555/458/1 559/454/1
f 555/458/1 554/459/1 559/454/1
f 554/459/1 553/460/1 559/454/1
f 553/460/1 552/461/1 559/454/1
f 552/461/1 551/462/1 559/454/1
f 551/462/1 550/463/1 559/454/1
f 550/463/1 549/464/1 559/454/1
f 549/464/1 548/465/1 559/454/1
f 548/465/1 579/453/1 559/454/1
f 548/465/1 547/466/1 579/453/1
f 547/466/1 546/467/1 579/453/1
f 546/467/1 580/468/1 579/453/1
f 546/467/1 545/469/1 580/468/1
f 545/469/1 581/470/1 580/468/1
f 544/471/1 581/470/1 545/469/1
f 543/472/1 581/470/1 544/471/1
f 542/473/1 581/470/1 543/472/1
f 541/474/1 581/470/1 542/473/1
f 540/475/1 581/470/1 541/474/1
f 540/475/1 582/476/1 581/470/1
f 539/477/1 582/476/1 540/475/1
f 538/478/1 582/476/1 539/477/1
f 537/479/1 582/476/1 538/478/1
f 537/479/1 583/480/1 582/476/1
f 536/481/1 583/480/1 537/479/1
f 535/482/1 583/480/1 536/481/1
f 535/482/1 584/483/1 583/480/1
f 534/484/1 584/483/1 535/482/1
f 533/485/1 584/483/1 534/484/1
f 532/486/1 646/13/1 533/485/1
f 646/13/1 584/483/1 533/485/1
f 531/487/1 646/13/1 532/486/1
f 530/488/1 646/13/1 531/487/1
f 529/489/1 646/13/1 530/488/1
f 528/490/1 646/13/1 529/489/1
f 528/490/1 610/491/1 646/13/1
f 645/492/1 584/483/1 646/13/1
f 528/490/1 611/493/1 610/491/1
f 527/494/1 611/493/1 528/490/1
f 527/494/1 612/495/1 611/493/1
f 526/496/1 612/495/1 527/494/1
f 526/496/1 613/497/1 612/495/1
f 525/498/1 613/497/1 526/496/1
f 525/498/1 614/499/1 613/497/1
f 525/498/1 615/500/1 614/499/1
f 524/501/1 615/500/1 525/498/1
f 524/501/1 616/502/1 615/500/1
f 523/503/1 616/502/1 524/501/1
f 523/503/1 617/504/1 616/502/1
f 523/503/1 618/505/1 617/504/1
f 522/506/1 618/505/1 523/503/1
f 522/506/1 619/507/1 618/505/1
f 522/506/1 620/508/1 619/507/1
f 521/509/1 620/508/1 522/506/1
f 521/509/1 621/510/1 620/508/1
f 520/511/1 621/510/1 521/509/1
f 520/511/1 622/512/1 621/510/1
f 520/511/1 623/513/1 622/512/1
f 519/514/1 623/513/1 520/511/1
f 519/514/1 624/515/1 623/513/1
f 519/514/1 625/516/1 624/515/1
f 644/517/1 584/483/1 645/492/1
f 518/518/1 625/516/1 519/514/1
f 643/519/1 584/483/1 644/517/1
f 518/518/1 626/520/1 625/516/1
f 642/521/1 584/483/1 643/519/1
f 607/522/1 609/523/1 608/524/1
f 642/521/1 585/525/1 584/483/1
f 518/518/1 627/526/1 626/520/1
f 606/527/1 609/523/1 607/522/1
f 641/528/1 585/525/1 642/521/1
f 641/528/1 586/529/1 585/525/1
f 605/530/1 609/523/1 606/527/1
f 517/531/1 627/526/1 518/518/1
f 517/531/1 628/532/1 627/526/1
f 641/528/1 587/533/1 586/529/1
f 640/534/1 587/533/1 641/528/1
f 604/535/1 609/523/1 605/530/1
f 640/534/1 588/536/1 587/533/1
f 639/537/1 588/536/1 640/534/1
f 603/538/1 609/523/1 604/535/1
f 517/531/1 629/539/1 628/532/1
f 639/537/1 589/540/1 588/536/1
f 602/541/1 609/523/1 603/538/1
f 638/542/1 589/540/1 639/537/1
f 638/542/1 590/543/1 589/540/1
f 601/544/1 609/523/1 602/541/1
f 517/531/1 630/545/1 629/539/1
f 638/542/1 591/546/1 590/543/1
f 637/547/1 591/546/1 638/542/1
f 600/548/1 609/523/1 601/544/1
f 637/547/1 592/549/1 591/546/1
f 516/550/1 630/545/1 517/531/1
f 599/551/1 609/523/1 600/548/1
f 516/550/1 631/552/1 630/545/1
f 636/553/1 592/549/1 637/547/1
f 636/553/1 593/554/1 592/549/1
f 598/555/1 609/523/1 599/551/1
f 636/553/1 594/556/1 593/554/1
f 597/557/1 609/523/1 598/555/1
f 635/558/1 594/556/1 636/553/1
f 635/558/1 595/559/1 594/556/1
f 596/560/1 609/523/1 597/557/1
f 635/558/1 596/560/1 595/559/1
f 516/550/1 632/561/1 631/552/1
f 635/558/1 609/523/1 596/560/1
f 634/562/1 609/523/1 635/558/1
f 516/550/1 633/563/1 632/561/1
f 633/563/1 609/523/1 634/562/1
f 516/550/1 496/564/1 633/563/1
f 496/564/1 609/523/1 633/563/1
f 515/565/1 496/564/1 516/550/1
f 515/565/1 497/566/1 496/564/1
f 495/567/1 609/523/1 496/564/1
f 514/568/1 497/566/1 515/565/1
f 514/568/1 498/569/1 497/566/1
f 494/570/1 609/523/1 495/567/1
f 494/570/1 473/24/1 609/523/1
f 513/571/1 498/569/1 514/568/1
f 513/571/1 499/572/1 498/569/1
f 493/573/1 473/24/1 494/570/1
f 493/573/1 474/574/1 473/24/1
f 513/571/1 500/575/1 499/572/1
f 492/576/1 474/574/1 493/573/1
f 512/577/1 500/575/1 513/571/1
f 492/576/1 475/578/1 474/574/1
f 512/577/1 501/579/1 500/575/1
f 491/580/1 475/578/1 492/576/1
f 491/580/1 476/581/1 475/578/1
f 511/582/1 501/579/1 512/577/1
f 511/582/1 502/583/1 501/579/1
f 490/584/1 476/581/1 491/580/1
f 490/584/1 477/585/1 476/581/1
f 511/582/1 503/586/1 502/583/1
f 489/587/1 477/585/1 490/584/1
f 489/587/1 478/588/1 477/585/1
f 510/589/1 503/586/1 511/582/1
f 510/589/1 504/590/1 503/586/1
f 488/591/1 478/588/1 489/587/1
f 488/591/1 479/592/1 478/588/1
f 510/589/1 505/593/1 504/590/1
f 488/591/1 480/594/1 479/592/1
f 487/595/1 480/594/1 488/591/1
f 509/596/1 505/593/1 510/589/1
f 487/595/1 481/597/1 480/594/1
f 509/596/1 506/598/1 505/593/1
f 486/599/1 481/597/1 487/595/1
f 486/599/1 482/600/1 481/597/1
f 509/596/1 507/601/1 506/598/1
f 485/602/1 482/600/1 486/599/1
f 508/603/1 507/601/1 509/596/1
f 485/602/1 483/604/1 482/600/1
f 484/605/1 483/604/1 485/602/1
f 651/328/1 653/301/1 652/320/1
f 651/328/1 654/312/1 653/301/1
f 655/296/1 657/276/1 656/285/1
f 655/296/1 658/13/1 657/276/1
f 651/328/1 649/284/1 654/312/1
f 649/284/1 655/296/1 654/312/1
f 649/284/1 648/267/1 655/296/1
f 648/267/1 658/13/1 655/296/1
f 651/328/1 650/314/1 649/284/1
f 647/24/1 658/13/1 648/267/1
f 778/76/1 780/152/1 779/153/1
f 778/76/1 781/154/1 780/152/1
f 777/155/1 781/154/1 778/76/1
f 777/155/1 782/156/1 781/154/1
f 777/155/1 783/157/1 782/156/1
f 776/158/1 783/157/1 777/155/1
f 776/158/1 784/159/1 783/157/1
f 776/158/1 785/90/1 784/159/1
f 775/160/1 785/90/1 776/158/1
f 775/160/1 786/161/1 785/90/1
f 775/160/1 787/162/1 786/161/1
f 774/163/1 787/162/1 775/160/1
f 774/163/1 788/164/1 787/162/1
f 774/163/1 789/165/1 788/164/1
f 773/30/1 789/165/1 774/163/1
f 773/30/1 790/166/1 789/165/1
f 773/30/1 791/167/1 790/166/1
f 772/168/1 791/167/1 773/30/1
f 772/168/1 666/137/1 791/167/1
f 666/137/1 665/169/1 791/167/1
f 665/169/1 664/170/1 791/167/1
f 664/170/1 663/171/1 791/167/1
f 663/171/1 662/172/1 791/167/1
f 662/172/1 661/173/1 791/167/1
f 661/173/1 660/174/1 791/167/1
f 660/174/1 659/24/1 791/167/1
f 659/24/1 792/13/1 791/167/1
f 771/79/1 668/175/1 772/168/1
f 668/175/1 667/176/1 772/168/1
f 667/176/1 666/137/1 772/168/1
f 770/177/1 669/178/1 771/79/1
f 669/178/1 668/175/1 771/79/1
f 769/179/1 671/180/1 770/177/1
f 671/180/1 670/181/1 770/177/1
f 670/181/1 669/178/1 770/177/1
f 769/179/1 672/182/1 671/180/1
f 769/179/1 673/150/1 672/182/1
f 769/179/1 674/183/1 673/150/1
f 769/179/1 675/184/1 674/183/1
f 769/179/1 676/185/1 675/184/1
f 768/186/1 676/185/1 769/179/1
f 768/186/1 677/187/1 676/185/1
f 768/186/1 678/7/1 677/187/1
f 768/186/1 679/188/1 678/7/1
f 768/186/1 680/143/1 679/188/1
f 767/189/1 680/143/1 768/186/1
f 767/189/1 681/190/1 680/143/1
f 767/189/1 682/191/1 681/190/1
f 767/189/1 683/192/1 682/191/1
f 766/193/1 683/192/1 767/189/1
f 766/193/1 684/194/1 683/192/1
f 766/193/1 685/195/1 684/194/1
f 766/193/1 686/196/1 685/195/1
f 766/193/1 687/117/1 686/196/1
f 766/193/1 688/197/1 687/117/1
f 765/198/1 688/197/1 766/193/1
f 765/198/1 689/199/1 688/197/1
f 765/198/1 690/200/1 689/199/1
f 765/198/1 691/201/1 690/200/1
f 764/93/1 691/201/1 765/198/1
f 764/93/1 692/202/1 691/201/1
f 764/93/1 693/203/1 692/202/1
f 764/93/1 694/95/1 693/203/1
f 763/204/1 694/95/1 764/93/1
f 763/204/1 695/205/1 694/95/1
f 762/206/1 695/205/1 763/204/1
f 762/206/1 696/207/1 695/205/1
f 762/206/1 697/14/1 696/207/1
f 761/208/1 697/14/1 762/206/1
f 761/208/1 698/209/1 697/14/1
f 760/210/1 698/209/1 761/208/1
f 760/210/1 699/211/1 698/209/1
f 760/210/1 700/212/1 699/211/1
f 759/213/1 700/212/1 760/210/1
f 759/213/1 701/68/1 700/212/1
f 758/214/1 701/68/1 759/213/1
f 758/214/1 702/215/1 701/68/1
f 758/214/1 703/216/1 702/215/1
f 757/109/1 703/216/1 758/214/1
f 757/109/1 704/217/1 703/216/1
f 756/218/1 704/217/1 757/109/1
f 756/218/1 705/219/1 704/217/1
f 755/220/1 705/219/1 756/218/1
f 755/220/1 706/221/1 705/219/1
f 730/222/1 732/223/1 731/224/1
f 755/220/1 707/225/1 706/221/1
f 754/38/1 707/225/1 755/220/1
f 730/222/1 733/226/1 732/223/1
f 753/227/1 707/225/1 754/38/1
f 730/222/1 734/228/1 733/226/1
f 752/229/1 707/225/1 753/227/1
f 752/229/1 708/60/1 707/225/1
f 730/222/1 735/46/1 734/228/1
f 751/230/1 708/60/1 752/229/1
f 730/222/1 736/130/1 735/46/1
f 750/125/1 708/60/1 751/230/1
f 730/222/1 737/231/1 736/130/1
f 749/232/1 708/60/1 750/125/1
f 749/232/1 709/233/1 708/60/1
f 730/222/1 738/234/1 737/231/1
f 748/235/1 709/233/1 749/232/1
f 747/236/1 709/233/1 748/235/1
f 730/222/1 739/237/1 738/234/1
f 746/238/1 709/233/1 747/236/1
f 730/222/1 740/239/1 739/237/1
f 745/240/1 709/233/1 746/238/1
f 730/222/1 741/241/1 740/239/1
f 744/242/1 709/233/1 745/240/1
f 730/222/1 742/243/1 741/241/1
f 743/139/1 709/233/1 744/242/1
f 730/222/1 743/139/1 742/243/1
f 743/139/1 710/244/1 709/233/1
f 730/222/1 710/244/1 743/139/1
f 730/222/1 711/245/1 710/244/1
f 730/222/1 712/246/1 711/245/1
f 729/114/1 712/246/1 730/222/1
f 729/114/1 713/247/1 712/246/1
f 728/248/1 713/247/1 729/114/1
f 727/249/1 713/247/1 728/248/1
f 727/249/1 714/250/1 713/247/1
f 726/251/1 714/250/1 727/249/1
f 725/252/1 714/250/1 726/251/1
f 725/252/1 715/67/1 714/250/1
f 724/253/1 715/67/1 725/252/1
f 724/253/1 716/54/1 715/67/1
f 723/254/1 716/54/1 724/253/1
f 722/94/1 716/54/1 723/254/1
f 722/94/1 717/255/1 716/54/1
f 721/256/1 717/255/1 722/94/1
f 720/257/1 717/255/1 721/256/1
f 720/257/1 718/258/1 717/255/1
f 719/259/1 718/258/1 720/257/1
f 827/606/1 829/607/1 828/26/1
f 827/606/1 830/608/1 829/607/1
f 826/609/1 830/608/1 827/606/1
f 826/609/1 831/610/1 830/608/1
f 825/611/1 831/610/1 826/609/1
f 825/611/1 832/612/1 831/610/1
f 824/613/1 832/612/1 825/611/1
f 824/613/1 833/614/1 832/612/1
f 823/615/1 833/614/1 824/613/1
f 823/615/1 834/616/1 833/614/1
f 822/617/1 834/616/1 823/615/1
f 822/617/1 835/54/1 834/616/1
f 821/14/1 878/618/1 822/617/1
f 878/618/1 835/54/1 822/617/1
f 821/14/1 879/619/1 878/618/1
f 877/30/1 835/54/1 878/618/1
f 821/14/1 880/620/1 879/619/1
f 876/621/1 835/54/1 877/30/1
f 821/14/1 881/622/1 880/620/1
f 875/623/1 835/54/1 876/621/1
f 875/623/1 836/624/1 835/54/1
f 821/14/1 882/625/1 881/622/1
f 820/626/1 882/625/1 821/14/1
f 874/627/1 836/624/1 875/623/1
f 820/626/1 883/628/1 882/625/1
f 873/629/1 836/624/1 874/627/1
f 820/626/1 884/52/1 883/628/1
f 872/630/1 836/624/1 873/629/1
f 820/626/1 885/631/1 884/52/1
f 871/632/1 836/624/1 872/630/1
f 819/633/1 885/631/1 820/626/1
f 871/632/1 837/634/1 836/624/1
f 819/633/1 886/635/1 885/631/1
f 870/34/1 837/634/1 871/632/1
f 819/633/1 887/636/1 886/635/1
f 869/637/1 837/634/1 870/34/1
f 818/638/1 887/636/1 819/633/1
f 869/637/1 838/639/1 837/634/1
f 818/638/1 888/640/1 887/636/1
f 868/641/1 838/639/1 869/637/1
f 818/638/1 889/642/1 888/640/1
f 867/643/1 838/639/1 868/641/1
f 817/644/1 889/642/1 818/638/1
f 817/644/1 890/645/1 889/642/1
f 867/643/1 839/646/1 838/639/1
f 891/13/1 839/646/1 867/643/1
f 817/644/1 891/13/1 890/645/1
f 817/644/1 839/646/1 891/13/1
f 816/647/1 839/646/1 817/644/1
f 816/647/1 840/648/1 839/646/1
f 815/649/1 841/650/1 816/647/1
f 841/650/1 840/648/1 816/647/1
f 815/649/1 842/53/1 841/650/1
f 814/3/1 842/53/1 815/649/1
f 814/3/1 843/651/1 842/53/1
f 814/3/1 844/652/1 843/651/1
f 813/653/1 844/652/1 814/3/1
f 813/653/1 845/654/1 844/652/1
f 812/655/1 845/654/1 813/653/1
f 812/655/1 846/656/1 845/654/1
f 864/657/1 866/658/1 865/659/1
f 812/655/1 847/660/1 846/656/1
f 863/38/1 866/658/1 864/657/1
f 862/661/1 866/658/1 863/38/1
f 811/662/1 847/660/1 812/655/1
f 811/662/1 848/663/1 847/660/1
f 861/664/1 866/658/1 862/661/1
f 860/665/1 866/658/1 861/664/1
f 811/662/1 849/46/1 848/663/1
f 859/666/1 866/658/1 860/665/1
f 811/662/1 850/667/1 849/46/1
f 858/668/1 866/658/1 859/666/1
f 810/669/1 850/667/1 811/662/1
f 857/670/1 866/658/1 858/668/1
f 810/669/1 851/671/1 850/667/1
f 856/41/1 866/658/1 857/670/1
f 810/669/1 852/672/1 851/671/1
f 855/673/1 866/658/1 856/41/1
f 854/674/1 866/658/1 855/673/1
f 810/669/1 853/675/1 852/672/1
f 853/675/1 866/658/1 854/674/1
f 810/669/1 866/658/1 853/675/1
f 809/676/1 866/658/1 810/669/1
f 809/676/1 793/24/1 866/658/1
f 808/677/1 793/24/1 809/676/1
f 808/677/1 794/678/1 793/24/1
f 808/677/1 795/679/1 794/678/1
f 807/7/1 795/679/1 808/677/1
f 807/7/1 796/680/1 795/679/1
f 807/7/1 797/681/1 796/680/1
f 806/682/1 797/681/1 807/7/1
f 806/682/1 798/683/1 797/681/1
f 806/682/1 799/684/1 798/683/1
f 805/685/1 799/684/1 806/682/1
f 805/685/1 800/18/1 799/684/1
f 805/685/1 801/686/1 800/18/1
f 805/685/1 802/687/1 801/686/1
f 804/688/1 802/687/1 805/685/1
f 804/688/1 803/689/1 802/687/1
f 903/330/1 905/331/1 904/332/1
f 927/333/1 929/334/1 928/335/1
f 902/336/1 905/331/1 903/330/1
f 902/336/1 906/337/1 905/331/1
f 926/338/1 929/334/1 927/333/1
f 926/338/1 930/339/1 929/334/1
f 901/340/1 906/337/1 902/336/1
f 901/340/1 907/341/1 906/337/1
f 925/342/1 930/339/1 926/338/1
f 900/343/1 907/341/1 901/340/1
f 900/343/1 908/344/1 907/341/1
f 925/342/1 931/345/1 930/339/1
f 924/346/1 931/345/1 925/342/1
f 899/347/1 908/344/1 900/343/1
f 996/348/1 998/13/1 997/349/1
f 996/348/1 892/24/1 998/13/1
f 899/347/1 909/350/1 908/344/1
f 923/351/1 931/345/1 924/346/1
f 898/352/1 909/350/1 899/347/1
f 923/351/1 932/353/1 931/345/1
f 898/352/1 910/354/1 909/350/1
f 897/355/1 910/354/1 898/352/1
f 922/356/1 932/353/1 923/351/1
f 897/355/1 911/357/1 910/354/1
f 922/356/1 933/358/1 932/353/1
f 896/359/1 911/357/1 897/355/1
f 921/360/1 933/358/1 922/356/1
f 896/359/1 912/361/1 911/357/1
f 895/362/1 912/361/1 896/359/1
f 920/363/1 933/358/1 921/360/1
f 920/363/1 934/364/1 933/358/1
f 895/362/1 913/365/1 912/361/1
f 894/366/1 913/365/1 895/362/1
f 919/367/1 934/364/1 920/363/1
f 894/366/1 914/368/1 913/365/1
f 893/369/1 914/368/1 894/366/1
f 919/367/1 935/370/1 934/364/1
f 918/371/1 935/370/1 919/367/1
f 893/369/1 915/372/1 914/368/1
f 892/24/1 915/372/1 893/369/1
f 917/373/1 935/370/1 918/371/1
f 917/373/1 955/374/1 935/370/1
f 955/374/1 936/375/1 935/370/1
f 996/348/1 994/376/1 892/24/1
f 994/376/1 993/377/1 892/24/1
f 993/377/1 992/378/1 892/24/1
f 992/378/1 991/379/1 892/24/1
f 991/379/1 990/380/1 892/24/1
f 990/380/1 989/381/1 892/24/1
f 989/381/1 988/382/1 892/24/1
f 988/382/1 987/383/1 892/24/1
f 987/383/1 986/384/1 892/24/1
f 986/384/1 985/385/1 892/24/1
f 985/385/1 984/386/1 892/24/1
f 984/386/1 983/387/1 892/24/1
f 983/387/1 915/372/1 892/24/1
f 983/387/1 982/388/1 915/372/1
f 982/388/1 916/389/1 915/372/1
f 916/389/1 956/390/1 917/373/1
f 956/390/1 955/374/1 917/373/1
f 981/391/1 916/389/1 982/388/1
f 954/392/1 936/375/1 955/374/1
f 916/389/1 957/393/1 956/390/1
f 980/394/1 916/389/1 981/391/1
f 953/395/1 936/375/1 954/392/1
f 916/389/1 958/396/1 957/393/1
f 979/397/1 916/389/1 980/394/1
f 952/398/1 936/375/1 953/395/1
f 916/389/1 959/399/1 958/396/1
f 978/400/1 916/389/1 979/397/1
f 978/400/1 959/399/1 916/389/1
f 951/401/1 936/375/1 952/398/1
f 978/400/1 960/402/1 959/399/1
f 951/401/1 937/403/1 936/375/1
f 977/404/1 960/402/1 978/400/1
f 977/404/1 961/405/1 960/402/1
f 950/406/1 937/403/1 951/401/1
f 977/404/1 962/407/1 961/405/1
f 976/408/1 962/407/1 977/404/1
f 949/409/1 937/403/1 950/406/1
f 976/408/1 963/410/1 962/407/1
f 975/411/1 963/410/1 976/408/1
f 948/412/1 937/403/1 949/409/1
f 975/411/1 964/413/1 963/410/1
f 948/412/1 938/414/1 937/403/1
f 974/415/1 964/413/1 975/411/1
f 974/415/1 965/416/1 964/413/1
f 947/417/1 938/414/1 948/412/1
f 974/415/1 966/418/1 965/416/1
f 973/419/1 966/418/1 974/415/1
f 946/420/1 938/414/1 947/417/1
f 973/419/1 967/421/1 966/418/1
f 946/420/1 939/422/1 938/414/1
f 972/423/1 967/421/1 973/419/1
f 996/348/1 995/424/1 994/376/1
f 972/423/1 968/425/1 967/421/1
f 945/53/1 939/422/1 946/420/1
f 971/426/1 968/425/1 972/423/1
f 944/427/1 939/422/1 945/53/1
f 944/427/1 940/428/1 939/422/1
f 970/429/1 968/425/1 971/426/1
f 943/430/1 940/428/1 944/427/1
f 943/430/1 941/431/1 940/428/1
f 969/432/1 968/425/1 970/429/1
f 942/433/1 941/431/1 943/430/1
f 1096/434/1 1098/435/1 1097/436/1
f 1095/437/1 1098/435/1 1096/434/1
f 1095/437/1 1099/438/1 1098/435/1
f 1094/439/1 1099/438/1 1095/437/1
f 1093/440/1 1099/438/1 1094/439/1
f 1093/440/1 1100/441/1 1099/438/1
f 1092/442/1 1100/441/1 1093/440/1
f 1092/442/1 1101/443/1 1100/441/1
f 1091/444/1 1101/443/1 1092/442/1
f 1090/445/1 1101/443/1 1091/444/1
f 1090/445/1 1102/446/1 1101/443/1
f 1089/447/1 1102/446/1 1090/445/1
f 1089/447/1 1103/448/1 1102/446/1
f 1088/449/1 1103/448/1 1089/447/1
f 1087/450/1 1103/448/1 1088/449/1
f 1087/450/1 1104/451/1 1103/448/1
f 1086/452/1 1104/451/1 1087/450/1
f 1086/452/1 1105/453/1 1104/451/1
f 1085/454/1 1105/453/1 1086/452/1
f 1084/455/1 1083/456/1 1085/454/1
f 1083/456/1 1082/457/1 1085/454/1
f 1082/457/1 1081/458/1 1085/454/1
f 1081/458/1 1080/459/1 1085/454/1
f 1080/459/1 1079/460/1 1085/454/1
f 1079/460/1 1078/461/1 1085/454/1
f 1078/461/1 1077/462/1 1085/454/1
f 1077/462/1 1076/463/1 1085/454/1
f 1076/463/1 1075/464/1 1085/454/1
f 1075/464/1 1074/465/1 1085/454/1
f 1074/465/1 1105/453/1 1085/454/1
f 1074/465/1 1073/466/1 1105/453/1
f 1073/466/1 1072/467/1 1105/453/1
f 1072/467/1 1106/468/1 1105/453/1
f 1072/467/1 1071/469/1 1106/468/1
f 1071/469/1 1107/470/1 1106/468/1
f 1070/471/1 1107/470/1 1071/469/1
f 1069/472/1 1107/470/1 1070/471/1
f 1068/473/1 1107/470/1 1069/472/1
f 1067/474/1 1107/470/1 1068/473/1
f 1066/475/1 1107/470/1 1067/474/1
f 1066/475/1 1108/476/1 1107/470/1
f 1065/477/1 1108/476/1 1066/475/1
f 1064/478/1 1108/476/1 1065/477/1
f 1063/479/1 1108/476/1 1064/478/1
f 1063/479/1 1109/480/1 1108/476/1
f 1062/481/1 1109/480/1 1063/479/1
f 1061/482/1 1109/480/1 1062/481/1
f 1061/482/1 1110/483/1 1109/480/1
f 1060/484/1 1110/483/1 1061/482/1
f 1059/485/1 1110/483/1 1060/484/1
f 1058/486/1 1172/13/1 1059/485/1
f 1172/13/1 1110/483/1 1059/485/1
f 1057/487/1 1172/13/1 1058/486/1
f 1056/488/1 1172/13/1 1057/487/1
f 1055/489/1 1172/13/1 1056/488/1
f 1054/490/1 1172/13/1 1055/489/1
f 1054/490/1 1136/491/1 1172/13/1
f 1171/492/1 1110/483/1 1172/13/1
f 1054/490/1 1137/493/1 1136/491/1
f 1053/494/1 1137/493/1 1054/490/1
f 1053/494/1 1138/495/1 1137/493/1
f 1052/496/1 1138/495/1 1053/494/1
f 1052/496/1 1139/497/1 1138/495/1
f 1051/498/1 1139/497/1 1052/496/1
f 1051/498/1 1140/499/1 1139/497/1
f 1051/498/1 1141/500/1 1140/499/1
f 1050/501/1 1141/500/1 1051/498/1
f 1050/501/1 1142/502/1 1141/500/1
f 1049/503/1 1142/502/1 1050/501/1
f 1049/503/1 1143/504/1 1142/502/1
f 1049/503/1 1144/505/1 1143/504/1
f 1048/506/1 1144/505/1 1049/503/1
f 1048/506/1 1145/507/1 1144/505/1
f 1048/506/1 1146/508/1 1145/507/1
f 1047/509/1 1146/508/1 1048/506/1
f 1047/509/1 1147/510/1 1146/508/1
f 1046/511/1 1147/510/1 1047/509/1
f 1046/511/1 1148/512/1 1147/510/1
f 1046/511/1 1149/513/1 1148/512/1
f 1045/514/1 1149/513/1 1046/511/1
f 1045/514/1 1150/515/1 1149/513/1
f 1045/514/1 1151/516/1 1150/515/1
f 1170/517/1 1110/483/1 1171/492/1
f 1044/518/1 1151/516/1 1045/514/1
f 1169/519/1 1110/483/1 1170/517/1
f 1044/518/1 1152/520/1 1151/516/1
f 1168/521/1 1110/483/1 1169/519/1
f 1133/522/1 1135/523/1 1134/524/1
f 1168/521/1 1111/525/1 1110/483/1
f 1044/518/1 1153/526/1 1152/520/1
f 1132/527/1 1135/523/1 1133/522/1
f 1167/528/1 1111/525/1 1168/521/1
f 1167/528/1 1112/529/1 1111/525/1
f 1131/530/1 1135/523/1 1132/527/1
f 1043/531/1 1153/526/1 1044/518/1
f 1043/531/1 1154/532/1 1153/526/1
f 1167/528/1 1113/533/1 1112/529/1
f 1166/534/1 1113/533/1 1167/528/1
f 1130/535/1 1135/523/1 1131/530/1
f 1166/534/1 1114/536/1 1113/533/1
f 1165/537/1 1114/536/1 1166/534/1
f 1129/538/1 1135/523/1 1130/535/1
f 1043/531/1 1155/539/1 1154/532/1
f 1165/537/1 1115/540/1 1114/536/1
f 1128/541/1 1135/523/1 1129/538/1
f 1164/542/1 1115/540/1 1165/537/1
f 1164/542/1 1116/543/1 1115/540/1
f 1127/544/1 1135/523/1 1128/541/1
f 1043/531/1 1156/545/1 1155/539/1
f 1164/542/1 1117/546/1 1116/543/1
f 1163/547/1 1117/546/1 1164/542/1
f 1126/548/1 1135/523/1 1127/544/1
f 1163/547/1 1118/549/1 1117/546/1
f 1042/550/1 1156/545/1 1043/531/1
f 1125/551/1 1135/523/1 1126/548/1
f 1042/550/1 1157/552/1 1156/545/1
f 1162/553/1 1118/549/1 1163/547/1
f 1162/553/1 1119/554/1 1118/549/1
f 1124/555/1 1135/523/1 1125/551/1
f 1162/553/1 1120/556/1 1119/554/1
f 1123/557/1 1135/523/1 1124/555/1
f 1161/558/1 1120/556/1 1162/553/1
f 1161/558/1 1121/559/1 1120/556/1
f 1122/560/1 1135/523/1 1123/557/1
f 1161/558/1 1122/560/1 1121/559/1
f 1042/550/1 1158/561/1 1157/552/1
f 1161/558/1 1135/523/1 1122/560/1
f 1160/562/1 1135/523/1 1161/558/1
f 1042/550/1 1159/563/1 1158/561/1
f 1159/563/1 1135/523/1 1160/562/1
f 1042/550/1 1022/564/1 1159/563/1
f 1022/564/1 1135/523/1 1159/563/1
f 1041/565/1 1022/564/1 1042/550/1
f 1041/565/1 1023/566/1 1022/564/1
f 1021/567/1 1135/523/1 1022/564/1
f 1040/568/1 1023/566/1 1041/565/1
f 1040/568/1 1024/569/1 1023/566/1
f 1020/570/1 1135/523/1 1021/567/1
f 1020/570/1 999/24/1 1135/523/1
f 1039/571/1 1024/569/1 1040/568/1
f 1039/571/1 1025/572/1 1024/569/1
f 1019/573/1 999/24/1 1020/570/1
f 1019/573/1 1000/574/1 999/24/1
f 1039/571/1 1026/575/1 1025/572/1
f 1018/576/1 1000/574/1 1019/573/1
f 1038/577/1 1026/575/1 1039/571/1
f 1018/576/1 1001/578/1 1000/574/1
f 1038/577/1 1027/579/1 1026/575/1
f 1017/580/1 1001/578/1 1018/576/1
f 1017/580/1 1002/581/1 1001/578/1
f 1037/582/1 1027/579/1 1038/577/1
f 1037/582/1 1028/583/1 1027/579/1
f 1016/584/1 1002/581/1 1017/580/1
f 1016/584/1 1003/585/1 1002/581/1
f 1037/582/1 1029/586/1 1028/583/1
f 1015/587/1 1003/585/1 1016/584/1
f 1015/587/1 1004/588/1 1003/585/1
f 1036/589/1 1029/586/1 1037/582/1
f 1036/589/1 1030/590/1 1029/586/1
f 1014/591/1 1004/588/1 1015/587/1
f 1014/591/1 1005/592/1 1004/588/1
f 1036/589/1 1031/593/1 1030/590/1
f 1014/591/1 1006/594/1 1005/592/1
f 1013/595/1 1006/594/1 1014/591/1
f 1035/596/1 1031/593/1 1036/589/1
f 1013/595/1 1007/597/1 1006/594/1
f 1035/596/1 1032/598/1 1031/593/1
f 1012/599/1 1007/597/1 1013/595/1
f 1012/599/1 1008/600/1 1007/597/1
f 1035/596/1 1033/601/1 1032/598/1
f 1011/602/1 1008/600/1 1012/599/1
f 1034/603/1 1033/601/1 1035/596/1
f 1011/602/1 1009/604/1 1008/600/1
f 1010/605/1 1009/604/1 1011/602/1
f 1210/690/1 1212/691/1 1211/692/1
f 1210/690/1 1213/13/1 1212/691/1
f 1209/693/1 1213/13/1 1210/690/1
f 1208/29/1 1213/13/1 1209/693/1
f 1208/29/1 1173/24/1 1213/13/1
f 1207/694/1 1173/24/1 1208/29/1
f 1207/694/1 1174/695/1 1173/24/1
f 1206/696/1 1174/695/1 1207/694/1
f 1205/91/1 1174/695/1 1206/696/1
f 1205/91/1 1175/697/1 1174/695/1
f 1204/698/1 1175/697/1 1205/91/1
f 1204/698/1 1176/699/1 1175/697/1
f 1203/36/1 1176/699/1 1204/698/1
f 1202/700/1 1176/699/1 1203/36/1
f 1201/701/1 1176/699/1 1202/700/1
f 1201/701/1 1177/702/1 1176/699/1
f 1200/703/1 1177/702/1 1201/701/1
f 1199/704/1 1177/702/1 1200/703/1
f 1198/42/1 1177/702/1 1199/704/1
f 1196/705/1 1198/42/1 1197/134/1
f 1196/705/1 1177/702/1 1198/42/1
f 1196/705/1 1178/9/1 1177/702/1
f 1196/705/1 1179/706/1 1178/9/1
f 1196/705/1 1180/707/1 1179/706/1
f 1196/705/1 1181/122/1 1180/707/1
f 1196/705/1 1182/708/1 1181/122/1
f 1196/705/1 1183/5/1 1182/708/1
f 1195/709/1 1183/5/1 1196/705/1
f 1195/709/1 1184/710/1 1183/5/1
f 1194/711/1 1184/710/1 1195/709/1
f 1193/53/1 1184/710/1 1194/711/1
f 1192/712/1 1184/710/1 1193/53/1
f 1191/713/1 1184/710/1 1192/712/1
f 1190/714/1 1184/710/1 1191/713/1
f 1189/63/1 1184/710/1 1190/714/1
f 1188/43/1 1184/710/1 1189/63/1
f 1187/715/1 1184/710/1 1188/43/1
f 1186/716/1 1184/710/1 1187/715/1
f 1185/717/1 1184/710/1 1186/716/1
f 1225/1/2 1226/3/2 1227/2/2
f 1224/4/2 1225/1/2 1227/2/2
f 1224/4/2 1227/2/2 1228/5/2
f 1223/6/2 1224/4/2 1228/5/2
f 1222/7/2 1223/6/2 1228/5/2
f 1222/7/2 1228/5/2 1229/8/2
f 1221/9/2 1222/7/2 1229/8/2
f 1267/10/2 1268/12/2 1269/11/2
f 1267/10/2 1269/11/2 1270/13/2
f 1221/9/2 1229/8/2 1230/14/2
f 1220/15/2 1221/9/2 1230/14/2
f 1219/16/2 1220/15/2 1230/14/2
f 1219/16/2 1230/14/2 1231/17/2
f 1218/18/2 1219/16/2 1231/17/2
f 1218/18/2 1231/17/2 1232/19/2
f 1217/20/2 1218/18/2 1232/19/2
f 1216/21/2 1217/20/2 1232/19/2
f 1216/21/2 1232/19/2 1233/22/2
f 1215/23/2 1216/21/2 1233/22/2
f 1214/24/2 1215/23/2 1233/22/2
f 1214/24/2 1233/22/2 1253/25/2
f 1253/25/2 1233/22/2 1234/26/2
f 1267/10/2 1270/13/2 1214/24/2
f 1267/10/2 1214/24/2 1265/27/2
f 1265/27/2 1214/24/2 1264/28/2
f 1264/28/2 1214/24/2 1263/29/2
f 1263/29/2 1214/24/2 1262/30/2
f 1262/30/2 1214/24/2 1261/31/2
f 1261/31/2 1214/24/2 1260/32/2
f 1260/32/2 1214/24/2 1259/33/2
f 1259/33/2 1214/24/2 1258/34/2
f 1258/34/2 1214/24/2 1257/35/2
f 1257/35/2 1214/24/2 1256/36/2
f 1256/36/2 1214/24/2 1255/37/2
f 1255/37/2 1214/24/2 1254/38/2
f 1254/38/2 1214/24/2 1253/25/2
f 1252/39/2 1253/25/2 1234/26/2
f 1251/40/2 1252/39/2 1234/26/2
f 1250/41/2 1251/40/2 1234/26/2
f 1249/42/2 1250/41/2 1234/26/2
f 1249/42/2 1234/26/2 1235/43/2
f 1248/44/2 1249/42/2 1235/43/2
f 1247/45/2 1248/44/2 1235/43/2
f 1246/46/2 1247/45/2 1235/43/2
f 1246/46/2 1235/43/2 1236/47/2
f 1245/48/2 1246/46/2 1236/47/2
f 1244/49/2 1245/48/2 1236/47/2
f 1244/49/2 1236/47/2 1237/50/2
f 1243/51/2 1244/49/2 1237/50/2
f 1267/10/2 1265/27/2 1266/52/2
f 1242/53/2 1243/51/2 1237/50/2
f 1242/53/2 1237/50/2 1238/54/2
f 1241/55/2 1242/53/2 1238/54/2
f 1240/56/2 1241/55/2 1238/54/2
f 1240/56/2 1238/54/2 1239/57/2
f 1305/58/2 1306/60/2 1307/59/2
f 1305/58/2 1307/59/2 1308/61/2
f 1304/62/2 1305/58/2 1308/61/2
f 1304/62/2 1308/61/2 1309/63/2
f 1303/64/2 1304/62/2 1309/63/2
f 1303/64/2 1309/63/2 1310/65/2
f 1302/66/2 1303/64/2 1310/65/2
f 1302/66/2 1310/65/2 1311/67/2
f 1301/68/2 1302/66/2 1311/67/2
f 1301/68/2 1311/67/2 1312/69/2
f 1300/70/2 1301/68/2 1312/69/2
f 1300/70/2 1312/69/2 1313/71/2
f 1299/72/2 1300/70/2 1354/73/2
f 1354/73/2 1300/70/2 1313/71/2
f 1299/72/2 1354/73/2 1355/74/2
f 1353/75/2 1354/73/2 1313/71/2
f 1299/72/2 1355/74/2 1356/76/2
f 1352/77/2 1353/75/2 1313/71/2
f 1299/72/2 1356/76/2 1357/78/2
f 1351/79/2 1352/77/2 1313/71/2
f 1351/79/2 1313/71/2 1314/80/2
f 1298/81/2 1299/72/2 1357/78/2
f 1298/81/2 1357/78/2 1358/82/2
f 1350/83/2 1351/79/2 1314/80/2
f 1298/81/2 1358/82/2 1359/84/2
f 1349/85/2 1350/83/2 1314/80/2
f 1298/81/2 1359/84/2 1360/86/2
f 1348/87/2 1349/85/2 1314/80/2
f 1348/87/2 1314/80/2 1315/88/2
f 1297/89/2 1298/81/2 1360/86/2
f 1297/89/2 1360/86/2 1361/90/2
f 1347/91/2 1348/87/2 1315/88/2
f 1297/89/2 1361/90/2 1362/92/2
f 1346/93/2 1347/91/2 1315/88/2
f 1346/93/2 1315/88/2 1316/94/2
f 1296/95/2 1297/89/2 1362/92/2
f 1296/95/2 1362/92/2 1363/96/2
f 1345/97/2 1346/93/2 1316/94/2
f 1345/97/2 1316/94/2 1317/98/2
f 1295/99/2 1296/95/2 1363/96/2
f 1295/99/2 1363/96/2 1364/100/2
f 1344/101/2 1345/97/2 1317/98/2
f 1295/99/2 1364/100/2 1365/102/2
f 1343/103/2 1344/101/2 1317/98/2
f 1343/103/2 1317/98/2 1318/104/2
f 1294/105/2 1295/99/2 1365/102/2
f 1294/105/2 1365/102/2 1366/13/2
f 1342/106/2 1343/103/2 1318/104/2
f 1293/107/2 1294/105/2 1366/13/2
f 1293/107/2 1366/13/2 1319/108/2
f 1342/106/2 1318/104/2 1271/24/2
f 1341/109/2 1342/106/2 1271/24/2
f 1293/107/2 1319/108/2 1320/110/2
f 1340/111/2 1341/109/2 1271/24/2
f 1292/112/2 1293/107/2 1320/110/2
f 1340/111/2 1271/24/2 1272/113/2
f 1292/112/2 1320/110/2 1321/114/2
f 1339/115/2 1340/111/2 1272/113/2
f 1292/112/2 1321/114/2 1322/116/2
f 1291/117/2 1292/112/2 1322/116/2
f 1338/118/2 1339/115/2 1272/113/2
f 1338/118/2 1272/113/2 1273/119/2
f 1291/117/2 1322/116/2 1323/120/2
f 1337/121/2 1338/118/2 1273/119/2
f 1290/122/2 1291/117/2 1323/120/2
f 1337/121/2 1273/119/2 1274/123/2
f 1290/122/2 1323/120/2 1324/124/2
f 1336/125/2 1337/121/2 1274/123/2
f 1290/122/2 1324/124/2 1325/126/2
f 1335/127/2 1336/125/2 1274/123/2
f 1289/128/2 1290/122/2 1325/126/2
f 1335/127/2 1274/123/2 1275/129/2
f 1289/128/2 1325/126/2 1326/130/2
f 1334/131/2 1335/127/2 1275/129/2
f 1289/128/2 1326/130/2 1327/132/2
f 1333/133/2 1334/131/2 1275/129/2
f 1289/128/2 1327/132/2 1328/134/2
f 1332/135/2 1333/133/2 1275/129/2
f 1288/136/2 1289/128/2 1328/134/2
f 1332/135/2 1275/129/2 1276/137/2
f 1288/136/2 1328/134/2 1329/138/2
f 1331/139/2 1332/135/2 1276/137/2
f 1288/136/2 1329/138/2 1330/140/2
f 1330/140/2 1331/139/2 1276/137/2
f 1288/136/2 1330/140/2 1276/137/2
f 1287/141/2 1288/136/2 1276/137/2
f 1287/141/2 1276/137/2 1277/142/2
f 1286/143/2 1287/141/2 1277/142/2
f 1286/143/2 1277/142/2 1278/144/2
f 1285/145/2 1286/143/2 1278/144/2
f 1285/145/2 1278/144/2 1279/146/2
f 1284/147/2 1285/145/2 1279/146/2
f 1284/147/2 1279/146/2 1280/148/2
f 1283/149/2 1284/147/2 1280/148/2
f 1283/149/2 1280/148/2 1281/150/2
f 1282/151/2 1283/149/2 1281/150/2
f 1486/76/2 1487/153/2 1488/152/2
f 1486/76/2 1488/152/2 1489/154/2
f 1485/155/2 1486/76/2 1489/154/2
f 1485/155/2 1489/154/2 1490/156/2
f 1485/155/2 1490/156/2 1491/157/2
f 1484/158/2 1485/155/2 1491/157/2
f 1484/158/2 1491/157/2 1492/159/2
f 1484/158/2 1492/159/2 1493/90/2
f 1483/160/2 1484/158/2 1493/90/2
f 1483/160/2 1493/90/2 1494/161/2
f 1483/160/2 1494/161/2 1495/162/2
f 1482/163/2 1483/160/2 1495/162/2
f 1482/163/2 1495/162/2 1496/164/2
f 1482/163/2 1496/164/2 1497/165/2
f 1481/30/2 1482/163/2 1497/165/2
f 1481/30/2 1497/165/2 1498/166/2
f 1481/30/2 1498/166/2 1499/167/2
f 1480/168/2 1481/30/2 1499/167/2
f 1480/168/2 1499/167/2 1374/137/2
f 1374/137/2 1499/167/2 1373/169/2
f 1373/169/2 1499/167/2 1372/170/2
f 1372/170/2 1499/167/2 1371/171/2
f 1371/171/2 1499/167/2 1370/172/2
f 1370/172/2 1499/167/2 1369/173/2
f 1369/173/2 1499/167/2 1368/174/2
f 1368/174/2 1499/167/2 1367/24/2
f 1367/24/2 1499/167/2 1500/13/2
f 1479/79/2 1480/168/2 1376/175/2
f 1376/175/2 1480/168/2 1375/176/2
f 1375/176/2 1480/168/2 1374/137/2
f 1478/177/2 1479/79/2 1377/178/2
f 1377/178/2 1479/79/2 1376/175/2
f 1477/179/2 1478/177/2 1379/180/2
f 1379/180/2 1478/177/2 1378/181/2
f 1378/181/2 1478/177/2 1377/178/2
f 1477/179/2 1379/180/2 1380/182/2
f 1477/179/2 1380/182/2 1381/150/2
f 1477/179/2 1381/150/2 1382/183/2
f 1477/179/2 1382/183/2 1383/184/2
f 1477/179/2 1383/184/2 1384/185/2
f 1476/186/2 1477/179/2 1384/185/2
f 1476/186/2 1384/185/2 1385/187/2
f 1476/186/2 1385/187/2 1386/7/2
f 1476/186/2 1386/7/2 1387/188/2
f 1476/186/2 1387/188/2 1388/143/2
f 1475/189/2 1476/186/2 1388/143/2
f 1475/189/2 1388/143/2 1389/190/2
f 1475/189/2 1389/190/2 1390/191/2
f 1475/189/2 1390/191/2 1391/192/2
f 1474/193/2 1475/189/2 1391/192/2
f 1474/193/2 1391/192/2 1392/194/2
f 1474/193/2 1392/194/2 1393/195/2
f 1474/193/2 1393/195/2 1394/196/2
f 1474/193/2 1394/196/2 1395/117/2
f 1474/193/2 1395/117/2 1396/197/2
f 1473/198/2 1474/193/2 1396/197/2
f 1473/198/2 1396/197/2 1397/199/2
f 1473/198/2 1397/199/2 1398/200/2
f 1473/198/2 1398/200/2 1399/201/2
f 1472/93/2 1473/198/2 1399/201/2
f 1472/93/2 1399/201/2 1400/202/2
f 1472/93/2 1400/202/2 1401/203/2
f 1472/93/2 1401/203/2 1402/95/2
f 1471/204/2 1472/93/2 1402/95/2
f 1471/204/2 1402/95/2 1403/205/2
f 1470/206/2 1471/204/2 1403/205/2
f 1470/206/2 1403/205/2 1404/207/2
f 1470/206/2 1404/207/2 1405/14/2
f 1469/208/2 1470/206/2 1405/14/2
f 1469/208/2 1405/14/2 1406/209/2
f 1468/210/2 1469/208/2 1406/209/2
f 1468/210/2 1406/209/2 1407/211/2
f 1468/210/2 1407/211/2 1408/212/2
f 1467/213/2 1468/210/2 1408/212/2
f 1467/213/2 1408/212/2 1409/68/2
f 1466/214/2 1467/213/2 1409/68/2
f 1466/214/2 1409/68/2 1410/215/2
f 1466/214/2 1410/215/2 1411/216/2
f 1465/109/2 1466/214/2 1411/216/2
f 1465/109/2 1411/216/2 1412/217/2
f 1464/218/2 1465/109/2 1412/217/2
f 1464/218/2 1412/217/2 1413/219/2
f 1463/220/2 1464/218/2 1413/219/2
f 1463/220/2 1413/219/2 1414/221/2
f 1438/222/2 1439/224/2 1440/223/2
f 1463/220/2 1414/221/2 1415/225/2
f 1462/38/2 1463/220/2 1415/225/2
f 1438/222/2 1440/223/2 1441/226/2
f 1461/227/2 1462/38/2 1415/225/2
f 1438/222/2 1441/226/2 1442/228/2
f 1460/229/2 1461/227/2 1415/225/2
f 1460/229/2 1415/225/2 1416/60/2
f 1438/222/2 1442/228/2 1443/46/2
f 1459/230/2 1460/229/2 1416/60/2
f 1438/222/2 1443/46/2 1444/130/2
f 1458/125/2 1459/230/2 1416/60/2
f 1438/222/2 1444/130/2 1445/231/2
f 1457/232/2 1458/125/2 1416/60/2
f 1457/232/2 1416/60/2 1417/233/2
f 1438/222/2 1445/231/2 1446/234/2
f 1456/235/2 1457/232/2 1417/233/2
f 1455/236/2 1456/235/2 1417/233/2
f 1438/222/2 1446/234/2 1447/237/2
f 1454/238/2 1455/236/2 1417/233/2
f 1438/222/2 1447/237/2 1448/239/2
f 1453/240/2 1454/238/2 1417/233/2
f 1438/222/2 1448/239/2 1449/241/2
f 1452/242/2 1453/240/2 1417/233/2
f 1438/222/2 1449/241/2 1450/243/2
f 1451/139/2 1452/242/2 1417/233/2
f 1438/222/2 1450/243/2 1451/139/2
f 1451/139/2 1417/233/2 1418/244/2
f 1438/222/2 1451/139/2 1418/244/2
f 1438/222/2 1418/244/2 1419/245/2
f 1438/222/2 1419/245/2 1420/246/2
f 1437/114/2 1438/222/2 1420/246/2
f 1437/114/2 1420/246/2 1421/247/2
f 1436/248/2 1437/114/2 1421/247/2
f 1435/249/2 1436/248/2 1421/247/2
f 1435/249/2 1421/247/2 1422/250/2
f 1434/251/2 1435/249/2 1422/250/2
f 1433/252/2 1434/251/2 1422/250/2
f 1433/252/2 1422/250/2 1423/67/2
f 1432/253/2 1433/252/2 1423/67/2
f 1432/253/2 1423/67/2 1424/54/2
f 1431/254/2 1432/253/2 1424/54/2
f 1430/94/2 1431/254/2 1424/54/2
f 1430/94/2 1424/54/2 1425/255/2
f 1429/256/2 1430/94/2 1425/255/2
f 1428/257/2 1429/256/2 1425/255/2
f 1428/257/2 1425/255/2 1426/258/2
f 1427/259/2 1428/257/2 1426/258/2
f 1501/24/2 1502/261/2 1577/260/2
f 1577/260/2 1502/261/2 1503/262/2
f 1577/260/2 1503/262/2 1504/263/2
f 1577/260/2 1504/263/2 1505/264/2
f 1577/260/2 1505/264/2 1506/265/2
f 1577/260/2 1506/265/2 1507/266/2
f 1577/260/2 1507/266/2 1508/267/2
f 1577/260/2 1508/267/2 1509/268/2
f 1577/260/2 1509/268/2 1510/269/2
f 1577/260/2 1510/269/2 1576/270/2
f 1576/270/2 1510/269/2 1575/271/2
f 1575/271/2 1510/269/2 1511/272/2
f 1501/24/2 1577/260/2 1578/13/2
f 1574/273/2 1575/271/2 1511/272/2
f 1573/274/2 1574/273/2 1511/272/2
f 1572/275/2 1573/274/2 1511/272/2
f 1571/276/2 1572/275/2 1511/272/2
f 1571/276/2 1511/272/2 1512/7/2
f 1570/277/2 1571/276/2 1512/7/2
f 1569/278/2 1570/277/2 1512/7/2
f 1569/278/2 1512/7/2 1513/279/2
f 1568/280/2 1569/278/2 1513/279/2
f 1567/30/2 1568/280/2 1513/279/2
f 1567/30/2 1513/279/2 1514/281/2
f 1566/282/2 1567/30/2 1514/281/2
f 1565/283/2 1566/282/2 1514/281/2
f 1565/283/2 1514/281/2 1515/284/2
f 1564/285/2 1565/283/2 1515/284/2
f 1563/286/2 1564/285/2 1515/284/2
f 1563/286/2 1515/284/2 1516/287/2
f 1562/288/2 1563/286/2 1516/287/2
f 1562/288/2 1516/287/2 1517/289/2
f 1561/290/2 1562/288/2 1517/289/2
f 1560/291/2 1561/290/2 1517/289/2
f 1560/291/2 1517/289/2 1518/292/2
f 1559/293/2 1560/291/2 1518/292/2
f 1558/294/2 1559/293/2 1518/292/2
f 1558/294/2 1518/292/2 1519/295/2
f 1557/296/2 1558/294/2 1519/295/2
f 1557/296/2 1519/295/2 1520/297/2
f 1556/38/2 1557/296/2 1520/297/2
f 1501/24/2 1578/13/2 1541/298/2
f 1555/299/2 1556/38/2 1520/297/2
f 1501/24/2 1541/298/2 1542/300/2
f 1501/24/2 1542/300/2 1543/301/2
f 1501/24/2 1543/301/2 1539/302/2
f 1539/302/2 1543/301/2 1544/303/2
f 1554/304/2 1555/299/2 1520/297/2
f 1539/302/2 1544/303/2 1545/46/2
f 1539/302/2 1545/46/2 1546/305/2
f 1554/304/2 1520/297/2 1521/306/2
f 1553/307/2 1554/304/2 1521/306/2
f 1539/302/2 1546/305/2 1547/308/2
f 1539/302/2 1547/308/2 1548/309/2
f 1539/302/2 1548/309/2 1549/310/2
f 1552/311/2 1553/307/2 1521/306/2
f 1539/302/2 1549/310/2 1550/312/2
f 1539/302/2 1550/312/2 1551/313/2
f 1539/302/2 1551/313/2 1552/311/2
f 1539/302/2 1552/311/2 1521/306/2
f 1539/302/2 1521/306/2 1522/314/2
f 1539/302/2 1522/314/2 1523/14/2
f 1539/302/2 1523/14/2 1524/315/2
f 1501/24/2 1539/302/2 1540/316/2
f 1538/317/2 1539/302/2 1524/315/2
f 1538/317/2 1524/315/2 1525/318/2
f 1537/319/2 1538/317/2 1525/318/2
f 1536/320/2 1537/319/2 1525/318/2
f 1535/321/2 1536/320/2 1525/318/2
f 1534/54/2 1535/321/2 1525/318/2
f 1534/54/2 1525/318/2 1526/322/2
f 1533/323/2 1534/54/2 1526/322/2
f 1532/324/2 1533/323/2 1526/322/2
f 1531/325/2 1532/324/2 1526/322/2
f 1530/326/2 1531/325/2 1526/322/2
f 1530/326/2 1526/322/2 1527/327/2
f 1529/328/2 1530/326/2 1527/327/2
f 1528/329/2 1529/328/2 1527/327/2
f 1590/330/2 1591/332/2 1592/331/2
f 1614/333/2 1615/335/2 1616/334/2
f 1589/336/2 1590/330/2 1592/331/2
f 1589/336/2 1592/331/2 1593/337/2
f 1613/338/2 1614/333/2 1616/334/2
f 1613/338/2 1616/334/2 1617/339/2
f 1588/340/2 1589/336/2 1593/337/2
f 1588/340/2 1593/337/2 1594/341/2
f 1612/342/2 1613/338/2 1617/339/2
f 1587/343/2 1588/340/2 1594/341/2
f 1587/343/2 1594/341/2 1595/344/2
f 1612/342/2 1617/339/2 1618/345/2
f 1611/346/2 1612/342/2 1618/345/2
f 1586/347/2 1587/343/2 1595/344/2
f 1683/348/2 1684/349/2 1685/13/2
f 1683/348/2 1685/13/2 1579/24/2
f 1586/347/2 1595/344/2 1596/350/2
f 1610/351/2 1611/346/2 1618/345/2
f 1585/352/2 1586/347/2 1596/350/2
f 1610/351/2 1618/345/2 1619/353/2
f 1585/352/2 1596/350/2 1597/354/2
f 1584/355/2 1585/352/2 1597/354/2
f 1609/356/2 1610/351/2 1619/353/2
f 1584/355/2 1597/354/2 1598/357/2
f 1609/356/2 1619/353/2 1620/358/2
f 1583/359/2 1584/355/2 1598/357/2
f 1608/360/2 1609/356/2 1620/358/2
f 1583/359/2 1598/357/2 1599/361/2
f 1582/362/2 1583/359/2 1599/361/2
f 1607/363/2 1608/360/2 1620/358/2
f 1607/363/2 1620/358/2 1621/364/2
f 1582/362/2 1599/361/2 1600/365/2
f 1581/366/2 1582/362/2 1600/365/2
f 1606/367/2 1607/363/2 1621/364/2
f 1581/366/2 1600/365/2 1601/368/2
f 1580/369/2 1581/366/2 1601/368/2
f 1606/367/2 1621/364/2 1622/370/2
f 1605/371/2 1606/367/2 1622/370/2
f 1580/369/2 1601/368/2 1602/372/2
f 1579/24/2 1580/369/2 1602/372/2
f 1604/373/2 1605/371/2 1622/370/2
f 1604/373/2 1622/370/2 1642/374/2
f 1642/374/2 1622/370/2 1623/375/2
f 1683/348/2 1579/24/2 1681/376/2
f 1681/376/2 1579/24/2 1680/377/2
f 1680/377/2 1579/24/2 1679/378/2
f 1679/378/2 1579/24/2 1678/379/2
f 1678/379/2 1579/24/2 1677/380/2
f 1677/380/2 1579/24/2 1676/381/2
f 1676/381/2 1579/24/2 1675/382/2
f 1675/382/2 1579/24/2 1674/383/2
f 1674/383/2 1579/24/2 1673/384/2
f 1673/384/2 1579/24/2 1672/385/2
f 1672/385/2 1579/24/2 1671/386/2
f 1671/386/2 1579/24/2 1670/387/2
f 1670/387/2 1579/24/2 1602/372/2
f 1670/387/2 1602/372/2 1669/388/2
f 1669/388/2 1602/372/2 1603/389/2
f 1603/389/2 1604/373/2 1643/390/2
f 1643/390/2 1604/373/2 1642/374/2
f 1668/391/2 1669/388/2 1603/389/2
f 1641/392/2 1642/374/2 1623/375/2
f 1603/389/2 1643/390/2 1644/393/2
f 1667/394/2 1668/391/2 1603/389/2
f 1640/395/2 1641/392/2 1623/375/2
f 1603/389/2 1644/393/2 1645/396/2
f 1666/397/2 1667/394/2 1603/389/2
f 1639/398/2 1640/395/2 1623/375/2
f 1603/389/2 1645/396/2 1646/399/2
f 1665/400/2 1666/397/2 1603/389/2
f 1665/400/2 1603/389/2 1646/399/2
f 1638/401/2 1639/398/2 1623/375/2
f 1665/400/2 1646/399/2 1647/402/2
f 1638/401/2 1623/375/2 1624/403/2
f 1664/404/2 1665/400/2 1647/402/2
f 1664/404/2 1647/402/2 1648/405/2
f 1637/406/2 1638/401/2 1624/403/2
f 1664/404/2 1648/405/2 1649/407/2
f 1663/408/2 1664/404/2 1649/407/2
f 1636/409/2 1637/406/2 1624/403/2
f 1663/408/2 1649/407/2 1650/410/2
f 1662/411/2 1663/408/2 1650/410/2
f 1635/412/2 1636/409/2 1624/403/2
f 1662/411/2 1650/410/2 1651/413/2
f 1635/412/2 1624/403/2 1625/414/2
f 1661/415/2 1662/411/2 1651/413/2
f 1661/415/2 1651/413/2 1652/416/2
f 1634/417/2 1635/412/2 1625/414/2
f 1661/415/2 1652/416/2 1653/418/2
f 1660/419/2 1661/415/2 1653/418/2
f 1633/420/2 1634/417/2 1625/414/2
f 1660/419/2 1653/418/2 1654/421/2
f 1633/420/2 1625/414/2 1626/422/2
f 1659/423/2 1660/419/2 1654/421/2
f 1683/348/2 1681/376/2 1682/424/2
f 1659/423/2 1654/421/2 1655/425/2
f 1632/53/2 1633/420/2 1626/422/2
f 1658/426/2 1659/423/2 1655/425/2
f 1631/427/2 1632/53/2 1626/422/2
f 1631/427/2 1626/422/2 1627/428/2
f 1657/429/2 1658/426/2 1655/425/2
f 1630/430/2 1631/427/2 1627/428/2
f 1630/430/2 1627/428/2 1628/431/2
f 1656/432/2 1657/429/2 1655/425/2
f 1629/433/2 1630/430/2 1628/431/2
f 1783/434/2 1784/436/2 1785/435/2
f 1782/437/2 1783/434/2 1785/435/2
f 1782/437/2 1785/435/2 1786/438/2
f 1781/439/2 1782/437/2 1786/438/2
f 1780/440/2 1781/439/2 1786/438/2
f 1780/440/2 1786/438/2 1787/441/2
f 1779/442/2 1780/440/2 1787/441/2
f 1779/442/2 1787/441/2 1788/443/2
f 1778/444/2 1779/442/2 1788/443/2
f 1777/445/2 1778/444/2 1788/443/2
f 1777/445/2 1788/443/2 1789/446/2
f 1776/447/2 1777/445/2 1789/446/2
f 1776/447/2 1789/446/2 1790/448/2
f 1775/449/2 1776/447/2 1790/448/2
f 1774/450/2 1775/449/2 1790/448/2
f 1774/450/2 1790/448/2 1791/451/2
f 1773/452/2 1774/450/2 1791/451/2
f 1773/452/2 1791/451/2 1792/453/2
f 1772/454/2 1773/452/2 1792/453/2
f 1771/455/2 1772/454/2 1770/456/2
f 1770/456/2 1772/454/2 1769/457/2
f 1769/457/2 1772/454/2 1768/458/2
f 1768/458/2 1772/454/2 1767/459/2
f 1767/459/2 1772/454/2 1766/460/2
f 1766/460/2 1772/454/2 1765/461/2
f 1765/461/2 1772/454/2 1764/462/2
f 1764/462/2 1772/454/2 1763/463/2
f 1763/463/2 1772/454/2 1762/464/2
f 1762/464/2 1772/454/2 1761/465/2
f 1761/465/2 1772/454/2 1792/453/2
f 1761/465/2 1792/453/2 1760/466/2
f 1760/466/2 1792/453/2 1759/467/2
f 1759/467/2 1792/453/2 1793/468/2
f 1759/467/2 1793/468/2 1758/469/2
f 1758/469/2 1793/468/2 1794/470/2
f 1757/471/2 1758/469/2 1794/470/2
f 1756/472/2 1757/471/2 1794/470/2
f 1755/473/2 1756/472/2 1794/470/2
f 1754/474/2 1755/473/2 1794/470/2
f 1753/475/2 1754/474/2 1794/470/2
f 1753/475/2 1794/470/2 1795/476/2
f 1752/477/2 1753/475/2 1795/476/2
f 1751/478/2 1752/477/2 1795/476/2
f 1750/479/2 1751/478/2 1795/476/2
f 1750/479/2 1795/476/2 1796/480/2
f 1749/481/2 1750/479/2 1796/480/2
f 1748/482/2 1749/481/2 1796/480/2
f 1748/482/2 1796/480/2 1797/483/2
f 1747/484/2 1748/482/2 1797/483/2
f 1746/485/2 1747/484/2 1797/483/2
f 1745/486/2 1746/485/2 1859/13/2
f 1859/13/2 1746/485/2 1797/483/2
f 1744/487/2 1745/486/2 1859/13/2
f 1743/488/2 1744/487/2 1859/13/2
f 1742/489/2 1743/488/2 1859/13/2
f 1741/490/2 1742/489/2 1859/13/2
f 1741/490/2 1859/13/2 1823/491/2
f 1858/492/2 1859/13/2 1797/483/2
f 1741/490/2 1823/491/2 1824/493/2
f 1740/494/2 1741/490/2 1824/493/2
f 1740/494/2 1824/493/2 1825/495/2
f 1739/496/2 1740/494/2 1825/495/2
f 1739/496/2 1825/495/2 1826/497/2
f 1738/498/2 1739/496/2 1826/497/2
f 1738/498/2 1826/497/2 1827/499/2
f 1738/498/2 1827/499/2 1828/500/2
f 1737/501/2 1738/498/2 1828/500/2
f 1737/501/2 1828/500/2 1829/502/2
f 1736/503/2 1737/501/2 1829/502/2
f 1736/503/2 1829/502/2 1830/504/2
f 1736/503/2 1830/504/2 1831/505/2
f 1735/506/2 1736/503/2 1831/505/2
f 1735/506/2 1831/505/2 1832/507/2
f 1735/506/2 1832/507/2 1833/508/2
f 1734/509/2 1735/506/2 1833/508/2
f 1734/509/2 1833/508/2 1834/510/2
f 1733/511/2 1734/509/2 1834/510/2
f 1733/511/2 1834/510/2 1835/512/2
f 1733/511/2 1835/512/2 1836/513/2
f 1732/514/2 1733/511/2 1836/513/2
f 1732/514/2 1836/513/2 1837/515/2
f 1732/514/2 1837/515/2 1838/516/2
f 1857/517/2 1858/492/2 1797/483/2
f 1731/518/2 1732/514/2 1838/516/2
f 1856/519/2 1857/517/2 1797/483/2
f 1731/518/2 1838/516/2 1839/520/2
f 1855/521/2 1856/519/2 1797/483/2
f 1820/522/2 1821/524/2 1822/523/2
f 1855/521/2 1797/483/2 1798/525/2
f 1731/518/2 1839/520/2 1840/526/2
f 1819/527/2 1820/522/2 1822/523/2
f 1854/528/2 1855/521/2 1798/525/2
f 1854/528/2 1798/525/2 1799/529/2
f 1818/530/2 1819/527/2 1822/523/2
f 1730/531/2 1731/518/2 1840/526/2
f 1730/531/2 1840/526/2 1841/532/2
f 1854/528/2 1799/529/2 1800/533/2
f 1853/534/2 1854/528/2 1800/533/2
f 1817/535/2 1818/530/2 1822/523/2
f 1853/534/2 1800/533/2 1801/536/2
f 1852/537/2 1853/534/2 1801/536/2
f 1816/538/2 1817/535/2 1822/523/2
f 1730/531/2 1841/532/2 1842/539/2
f 1852/537/2 1801/536/2 1802/540/2
f 1815/541/2 1816/538/2 1822/523/2
f 1851/542/2 1852/537/2 1802/540/2
f 1851/542/2 1802/540/2 1803/543/2
f 1814/544/2 1815/541/2 1822/523/2
f 1730/531/2 1842/539/2 1843/545/2
f 1851/542/2 1803/543/2 1804/546/2
f 1850/547/2 1851/542/2 1804/546/2
f 1813/548/2 1814/544/2 1822/523/2
f 1850/547/2 1804/546/2 1805/549/2
f 1729/550/2 1730/531/2 1843/545/2
f 1812/551/2 1813/548/2 1822/523/2
f 1729/550/2 1843/545/2 1844/552/2
f 1849/553/2 1850/547/2 1805/549/2
f 1849/553/2 1805/549/2 1806/554/2
f 1811/555/2 1812/551/2 1822/523/2
f 1849/553/2 1806/554/2 1807/556/2
f 1810/557/2 1811/555/2 1822/523/2
f 1848/558/2 1849/553/2 1807/556/2
f 1848/558/2 1807/556/2 1808/559/2
f 1809/560/2 1810/557/2 1822/523/2
f 1848/558/2 1808/559/2 1809/560/2
f 1729/550/2 1844/552/2 1845/561/2
f 1848/558/2 1809/560/2 1822/523/2
f 1847/562/2 1848/558/2 1822/523/2
f 1729/550/2 1845/561/2 1846/563/2
f 1846/563/2 1847/562/2 1822/523/2
f 1729/550/2 1846/563/2 1709/564/2
f 1709/564/2 1846/563/2 1822/523/2
f 1728/565/2 1729/550/2 1709/564/2
f 1728/565/2 1709/564/2 1710/566/2
f 1708/567/2 1709/564/2 1822/523/2
f 1727/568/2 1728/565/2 1710/566/2
f 1727/568/2 1710/566/2 1711/569/2
f 1707/570/2 1708/567/2 1822/523/2
f 1707/570/2 1822/523/2 1686/24/2
f 1726/571/2 1727/568/2 1711/569/2
f 1726/571/2 1711/569/2 1712/572/2
f 1706/573/2 1707/570/2 1686/24/2
f 1706/573/2 1686/24/2 1687/574/2
f 1726/571/2 1712/572/2 1713/575/2
f 1705/576/2 1706/573/2 1687/574/2
f 1725/577/2 1726/571/2 1713/575/2
f 1705/576/2 1687/574/2 1688/578/2
f 1725/577/2 1713/575/2 1714/579/2
f 1704/580/2 1705/576/2 1688/578/2
f 1704/580/2 1688/578/2 1689/581/2
f 1724/582/2 1725/577/2 1714/579/2
f 1724/582/2 1714/579/2 1715/583/2
f 1703/584/2 1704/580/2 1689/581/2
f 1703/584/2 1689/581/2 1690/585/2
f 1724/582/2 1715/583/2 1716/586/2
f 1702/587/2 1703/584/2 1690/585/2
f 1702/587/2 1690/585/2 1691/588/2
f 1723/589/2 1724/582/2 1716/586/2
f 1723/589/2 1716/586/2 1717/590/2
f 1701/591/2 1702/587/2 1691/588/2
f 1701/591/2 1691/588/2 1692/592/2
f 1723/589/2 1717/590/2 1718/593/2
f 1701/591/2 1692/592/2 1693/594/2
f 1700/595/2 1701/591/2 1693/594/2
f 1722/596/2 1723/589/2 1718/593/2
f 1700/595/2 1693/594/2 1694/597/2
f 1722/596/2 1718/593/2 1719/598/2
f 1699/599/2 1700/595/2 1694/597/2
f 1699/599/2 1694/597/2 1695/600/2
f 1722/596/2 1719/598/2 1720/601/2
f 1698/602/2 1699/599/2 1695/600/2
f 1721/603/2 1722/596/2 1720/601/2
f 1698/602/2 1695/600/2 1696/604/2
f 1697/605/2 1698/602/2 1696/604/2
f 1864/328/2 1865/320/2 1866/301/2
f 1864/328/2 1866/301/2 1867/312/2
f 1868/296/2 1869/285/2 1870/276/2
f 1868/296/2 1870/276/2 1871/13/2
f 1864/328/2 1867/312/2 1862/284/2
f 1862/284/2 1867/312/2 1868/296/2
f 1862/284/2 1868/296/2 1861/267/2
f 1861/267/2 1868/296/2 1871/13/2
f 1864/328/2 1862/284/2 1863/314/2
f 1860/24/2 1861/267/2 1871/13/2
f 1991/76/2 1992/153/2 1993/152/2
f 1991/76/2 1993/152/2 1994/154/2
f 1990/155/2 1991/76/2 1994/154/2
f 1990/155/2 1994/154/2 1995/156/2
f 1990/155/2 1995/156/2 1996/157/2
f 1989/158/2 1990/155/2 1996/157/2
f 1989/158/2 1996/157/2 1997/159/2
f 1989/158/2 1997/159/2 1998/90/2
f 1988/160/2 1989/158/2 1998/90/2
f 1988/160/2 1998/90/2 1999/161/2
f 1988/160/2 1999/161/2 2000/162/2
f 1987/163/2 1988/160/2 2000/162/2
f 1987/163/2 2000/162/2 2001/164/2
f 1987/163/2 2001/164/2 2002/165/2
f 1986/30/2 1987/163/2 2002/165/2
f 1986/30/2 2002/165/2 2003/166/2
f 1986/30/2 2003/166/2 2004/167/2
f 1985/168/2 1986/30/2 2004/167/2
f 1985/168/2 2004/167/2 1879/137/2
f 1879/137/2 2004/167/2 1878/169/2
f 1878/169/2 2004/167/2 1877/170/2
f 1877/170/2 2004/167/2 1876/171/2
f 1876/171/2 2004/167/2 1875/172/2
f 1875/172/2 2004/167/2 1874/173/2
f 1874/173/2 2004/167/2 1873/174/2
f 1873/174/2 2004/167/2 1872/24/2
f 1872/24/2 2004/167/2 2005/13/2
f 1984/79/2 1985/168/2 1881/175/2
f 1881/175/2 1985/168/2 1880/176/2
f 1880/176/2 1985/168/2 1879/137/2
f 1983/177/2 1984/79/2 1882/178/2
f 1882/178/2 1984/79/2 1881/175/2
f 1982/179/2 1983/177/2 1884/180/2
f 1884/180/2 1983/177/2 1883/181/2
f 1883/181/2 1983/177/2 1882/178/2
f 1982/179/2 1884/180/2 1885/182/2
f 1982/179/2 1885/182/2 1886/150/2
f 1982/179/2 1886/150/2 1887/183/2
f 1982/179/2 1887/183/2 1888/184/2
f 1982/179/2 1888/184/2 1889/185/2
f 1981/186/2 1982/179/2 1889/185/2
f 1981/186/2 1889/185/2 1890/187/2
f 1981/186/2 1890/187/2 1891/7/2
f 1981/186/2 1891/7/2 1892/188/2
f 1981/186/2 1892/188/2 1893/143/2
f 1980/189/2 1981/186/2 1893/143/2
f 1980/189/2 1893/143/2 1894/190/2
f 1980/189/2 1894/190/2 1895/191/2
f 1980/189/2 1895/191/2 1896/192/2
f 1979/193/2 1980/189/2 1896/192/2
f 1979/193/2 1896/192/2 1897/194/2
f 1979/193/2 1897/194/2 1898/195/2
f 1979/193/2 1898/195/2 1899/196/2
f 1979/193/2 1899/196/2 1900/117/2
f 1979/193/2 1900/117/2 1901/197/2
f 1978/198/2 1979/193/2 1901/197/2
f 1978/198/2 1901/197/2 1902/199/2
f 1978/198/2 1902/199/2 1903/200/2
f 1978/198/2 1903/200/2 1904/201/2
f 1977/93/2 1978/198/2 1904/201/2
f 1977/93/2 1904/201/2 1905/202/2
f 1977/93/2 1905/202/2 1906/203/2
f 1977/93/2 1906/203/2 1907/95/2
f 1976/204/2 1977/93/2 1907/95/2
f 1976/204/2 1907/95/2 1908/205/2
f 1975/206/2 1976/204/2 1908/205/2
f 1975/206/2 1908/205/2 1909/207/2
f 1975/206/2 1909/207/2 1910/14/2
f 1974/208/2 1975/206/2 1910/14/2
f 1974/208/2 1910/14/2 1911/209/2
f 1973/210/2 1974/208/2 1911/209/2
f 1973/210/2 1911/209/2 1912/211/2
f 1973/210/2 1912/211/2 1913/212/2
f 1972/213/2 1973/210/2 1913/212/2
f 1972/213/2 1913/212/2 1914/68/2
f 1971/214/2 1972/213/2 1914/68/2
f 1971/214/2 1914/68/2 1915/215/2
f 1971/214/2 1915/215/2 1916/216/2
f 1970/109/2 1971/214/2 1916/216/2
f 1970/109/2 1916/216/2 1917/217/2
f 1969/218/2 1970/109/2 1917/217/2
f 1969/218/2 1917/217/2 1918/219/2
f 1968/220/2 1969/218/2 1918/219/2
f 1968/220/2 1918/219/2 1919/221/2
f 1943/222/2 1944/224/2 1945/223/2
f 1968/220/2 1919/221/2 1920/225/2
f 1967/38/2 1968/220/2 1920/225/2
f 1943/222/2 1945/223/2 1946/226/2
f 1966/227/2 1967/38/2 1920/225/2
f 1943/222/2 1946/226/2 1947/228/2
f 1965/229/2 1966/227/2 1920/225/2
f 1965/229/2 1920/225/2 1921/60/2
f 1943/222/2 1947/228/2 1948/46/2
f 1964/230/2 1965/229/2 1921/60/2
f 1943/222/2 1948/46/2 1949/130/2
f 1963/125/2 1964/230/2 1921/60/2
f 1943/222/2 1949/130/2 1950/231/2
f 1962/232/2 1963/125/2 1921/60/2
f 1962/232/2 1921/60/2 1922/233/2
f 1943/222/2 1950/231/2 1951/234/2
f 1961/235/2 1962/232/2 1922/233/2
f 1960/236/2 1961/235/2 1922/233/2
f 1943/222/2 1951/234/2 1952/237/2
f 1959/238/2 1960/236/2 1922/233/2
f 1943/222/2 1952/237/2 1953/239/2
f 1958/240/2 1959/238/2 1922/233/2
f 1943/222/2 1953/239/2 1954/241/2
f 1957/242/2 1958/240/2 1922/233/2
f 1943/222/2 1954/241/2 1955/243/2
f 1956/139/2 1957/242/2 1922/233/2
f 1943/222/2 1955/243/2 1956/139/2
f 1956/139/2 1922/233/2 1923/244/2
f 1943/222/2 1956/139/2 1923/244/2
f 1943/222/2 1923/244/2 1924/245/2
f 1943/222/2 1924/245/2 1925/246/2
f 1942/114/2 1943/222/2 1925/246/2
f 1942/114/2 1925/246/2 1926/247/2
f 1941/248/2 1942/114/2 1926/247/2
f 1940/249/2 1941/248/2 1926/247/2
f 1940/249/2 1926/247/2 1927/250/2
f 1939/251/2 1940/249/2 1927/250/2
f 1938/252/2 1939/251/2 1927/250/2
f 1938/252/2 1927/250/2 1928/67/2
f 1937/253/2 1938/252/2 1928/67/2
f 1937/253/2 1928/67/2 1929/54/2
f 1936/254/2 1937/253/2 1929/54/2
f 1935/94/2 1936/254/2 1929/54/2
f 1935/94/2 1929/54/2 1930/255/2
f 1934/256/2 1935/94/2 1930/255/2
f 1933/257/2 1934/256/2 1930/255/2
f 1933/257/2 1930/255/2 1931/258/2
f 1932/259/2 1933/257/2 1931/258/2
f 2040/606/2 2041/26/2 2042/607/2
f 2040/606/2 2042/607/2 2043/608/2
f 2039/609/2 2040/606/2 2043/608/2
f 2039/609/2 2043/608/2 2044/610/2
f 2038/611/2 2039/609/2 2044/610/2
f 2038/611/2 2044/610/2 2045/612/2
f 2037/613/2 2038/611/2 2045/612/2
f 2037/613/2 2045/612/2 2046/614/2
f 2036/615/2 2037/613/2 2046/614/2
f 2036/615/2 2046/614/2 2047/616/2
f 2035/617/2 2036/615/2 2047/616/2
f 2035/617/2 2047/616/2 2048/54/2
f 2034/14/2 2035/617/2 2091/618/2
f 2091/618/2 2035/617/2 2048/54/2
f 2034/14/2 2091/618/2 2092/619/2
f 2090/30/2 2091/618/2 2048/54/2
f 2034/14/2 2092/619/2 2093/620/2
f 2089/621/2 2090/30/2 2048/54/2
f 2034/14/2 2093/620/2 2094/622/2
f 2088/623/2 2089/621/2 2048/54/2
f 2088/623/2 2048/54/2 2049/624/2
f 2034/14/2 2094/622/2 2095/625/2
f 2033/626/2 2034/14/2 2095/625/2
f 2087/627/2 2088/623/2 2049/624/2
f 2033/626/2 2095/625/2 2096/628/2
f 2086/629/2 2087/627/2 2049/624/2
f 2033/626/2 2096/628/2 2097/52/2
f 2085/630/2 2086/629/2 2049/624/2
f 2033/626/2 2097/52/2 2098/631/2
f 2084/632/2 2085/630/2 2049/624/2
f 2032/633/2 2033/626/2 2098/631/2
f 2084/632/2 2049/624/2 2050/634/2
f 2032/633/2 2098/631/2 2099/635/2
f 2083/34/2 2084/632/2 2050/634/2
f 2032/633/2 2099/635/2 2100/636/2
f 2082/637/2 2083/34/2 2050/634/2
f 2031/638/2 2032/633/2 2100/636/2
f 2082/637/2 2050/634/2 2051/639/2
f 2031/638/2 2100/636/2 2101/640/2
f 2081/641/2 2082/637/2 2051/639/2
f 2031/638/2 2101/640/2 2102/642/2
f 2080/643/2 2081/641/2 2051/639/2
f 2030/644/2 2031/638/2 2102/642/2
f 2030/644/2 2102/642/2 2103/645/2
f 2080/643/2 2051/639/2 2052/646/2
f 2104/13/2 2080/643/2 2052/646/2
f 2030/644/2 2103/645/2 2104/13/2
f 2030/644/2 2104/13/2 2052/646/2
f 2029/647/2 2030/644/2 2052/646/2
f 2029/647/2 2052/646/2 2053/648/2
f 2028/649/2 2029/647/2 2054/650/2
f 2054/650/2 2029/647/2 2053/648/2
f 2028/649/2 2054/650/2 2055/53/2
f 2027/3/2 2028/649/2 2055/53/2
f 2027/3/2 2055/53/2 2056/651/2
f 2027/3/2 2056/651/2 2057/652/2
f 2026/653/2 2027/3/2 2057/652/2
f 2026/653/2 2057/652/2 2058/654/2
f 2025/655/2 2026/653/2 2058/654/2
f 2025/655/2 2058/654/2 2059/656/2
f 2077/657/2 2078/659/2 2079/658/2
f 2025/655/2 2059/656/2 2060/660/2
f 2076/38/2 2077/657/2 2079/658/2
f 2075/661/2 2076/38/2 2079/658/2
f 2024/662/2 2025/655/2 2060/660/2
f 2024/662/2 2060/660/2 2061/663/2
f 2074/664/2 2075/661/2 2079/658/2
f 2073/665/2 2074/664/2 2079/658/2
f 2024/662/2 2061/663/2 2062/46/2
f 2072/666/2 2073/665/2 2079/658/2
f 2024/662/2 2062/46/2 2063/667/2
f 2071/668/2 2072/666/2 2079/658/2
f 2023/669/2 2024/662/2 2063/667/2
f 2070/670/2 2071/668/2 2079/658/2
f 2023/669/2 2063/667/2 2064/671/2
f 2069/41/2 2070/670/2 2079/658/2
f 2023/669/2 2064/671/2 2065/672/2
f 2068/673/2 2069/41/2 2079/658/2
f 2067/674/2 2068/673/2 2079/658/2
f 2023/669/2 2065/672/2 2066/675/2
f 2066/675/2 2067/674/2 2079/658/2
f 2023/669/2 2066/675/2 2079/658/2
f 2022/676/2 2023/669/2 2079/658/2
f 2022/676/2 2079/658/2 2006/24/2
f 2021/677/2 2022/676/2 2006/24/2
f 2021/677/2 2006/24/2 2007/678/2
f 2021/677/2 2007/678/2 2008/679/2
f 2020/7/2 2021/677/2 2008/679/2
f 2020/7/2 2008/679/2 2009/680/2
f 2020/7/2 2009/680/2 2010/681/2
f 2019/682/2 2020/7/2 2010/681/2
f 2019/682/2 2010/681/2 2011/683/2
f 2019/682/2 2011/683/2 2012/684/2
f 2018/685/2 2019/682/2 2012/684/2
f 2018/685/2 2012/684/2 2013/18/2
f 2018/685/2 2013/18/2 2014/686/2
f 2018/685/2 2014/686/2 2015/687/2
f 2017/688/2 2018/685/2 2015/687/2
f 2017/688/2 2015/687/2 2016/689/2
f 2116/330/2 2117/332/2 2118/331/2
f 2140/333/2 2141/335/2 2142/334/2
f 2115/336/2 2116/330/2 2118/331/2
f 2115/336/2 2118/331/2 2119/337/2
f 2139/338/2 2140/333/2 2142/334/2
f 2139/338/2 2142/334/2 2143/339/2
f 2114/340/2 2115/336/2 2119/337/2
f 2114/340/2 2119/337/2 2120/341/2
f 2138/342/2 2139/338/2 2143/339/2
f 2113/343/2 2114/340/2 2120/341/2
f 2113/343/2 2120/341/2 2121/344/2
f 2138/342/2 2143/339/2 2144/345/2
f 2137/346/2 2138/342/2 2144/345/2
f 2112/347/2 2113/343/2 2121/344/2
f 2209/348/2 2210/349/2 2211/13/2
f 2209/348/2 2211/13/2 2105/24/2
f 2112/347/2 2121/344/2 2122/350/2
f 2136/351/2 2137/346/2 2144/345/2
f 2111/352/2 2112/347/2 2122/350/2
f 2136/351/2 2144/345/2 2145/353/2
f 2111/352/2 2122/350/2 2123/354/2
f 2110/355/2 2111/352/2 2123/354/2
f 2135/356/2 2136/351/2 2145/353/2
f 2110/355/2 2123/354/2 2124/357/2
f 2135/356/2 2145/353/2 2146/358/2
f 2109/359/2 2110/355/2 2124/357/2
f 2134/360/2 2135/356/2 2146/358/2
f 2109/359/2 2124/357/2 2125/361/2
f 2108/362/2 2109/359/2 2125/361/2
f 2133/363/2 2134/360/2 2146/358/2
f 2133/363/2 2146/358/2 2147/364/2
f 2108/362/2 2125/361/2 2126/365/2
f 2107/366/2 2108/362/2 2126/365/2
f 2132/367/2 2133/363/2 2147/364/2
f 2107/366/2 2126/365/2 2127/368/2
f 2106/369/2 2107/366/2 2127/368/2
f 2132/367/2 2147/364/2 2148/370/2
f 2131/371/2 2132/367/2 2148/370/2
f 2106/369/2 2127/368/2 2128/372/2
f 2105/24/2 2106/369/2 2128/372/2
f 2130/373/2 2131/371/2 2148/370/2
f 2130/373/2 2148/370/2 2168/374/2
f 2168/374/2 2148/370/2 2149/375/2
f 2209/348/2 2105/24/2 2207/376/2
f 2207/376/2 2105/24/2 2206/377/2
f 2206/377/2 2105/24/2 2205/378/2
f 2205/378/2 2105/24/2 2204/379/2
f 2204/379/2 2105/24/2 2203/380/2
f 2203/380/2 2105/24/2 2202/381/2
f 2202/381/2 2105/24/2 2201/382/2
f 2201/382/2 2105/24/2 2200/383/2
f 2200/383/2 2105/24/2 2199/384/2
f 2199/384/2 2105/24/2 2198/385/2
f 2198/385/2 2105/24/2 2197/386/2
f 2197/386/2 2105/24/2 2196/387/2
f 2196/387/2 2105/24/2 2128/372/2
f 2196/387/2 2128/372/2 2195/388/2
f 2195/388/2 2128/372/2 2129/389/2
f 2129/389/2 2130/373/2 2169/390/2
f 2169/390/2 2130/373/2 2168/374/2
f 2194/391/2 2195/388/2 2129/389/2
f 2167/392/2 2168/374/2 2149/375/2
f 2129/389/2 2169/390/2 2170/393/2
f 2193/394/2 2194/391/2 2129/389/2
f 2166/395/2 2167/392/2 2149/375/2
f 2129/389/2 2170/393/2 2171/396/2
f 2192/397/2 2193/394/2 2129/389/2
f 2165/398/2 2166/395/2 2149/375/2
f 2129/389/2 2171/396/2 2172/399/2
f 2191/400/2 2192/397/2 2129/389/2
f 2191/400/2 2129/389/2 2172/399/2
f 2164/401/2 2165/398/2 2149/375/2
f 2191/400/2 2172/399/2 2173/402/2
f 2164/401/2 2149/375/2 2150/403/2
f 2190/404/2 2191/400/2 2173/402/2
f 2190/404/2 2173/402/2 2174/405/2
f 2163/406/2 2164/401/2 2150/403/2
f 2190/404/2 2174/405/2 2175/407/2
f 2189/408/2 2190/404/2 2175/407/2
f 2162/409/2 2163/406/2 2150/403/2
f 2189/408/2 2175/407/2 2176/410/2
f 2188/411/2 2189/408/2 2176/410/2
f 2161/412/2 2162/409/2 2150/403/2
f 2188/411/2 2176/410/2 2177/413/2
f 2161/412/2 2150/403/2 2151/414/2
f 2187/415/2 2188/411/2 2177/413/2
f 2187/415/2 2177/413/2 2178/416/2
f 2160/417/2 2161/412/2 2151/414/2
f 2187/415/2 2178/416/2 2179/418/2
f 2186/419/2 2187/415/2 2179/418/2
f 2159/420/2 2160/417/2 2151/414/2
f 2186/419/2 2179/418/2 2180/421/2
f 2159/420/2 2151/414/2 2152/422/2
f 2185/423/2 2186/419/2 2180/421/2
f 2209/348/2 2207/376/2 2208/424/2
f 2185/423/2 2180/421/2 2181/425/2
f 2158/53/2 2159/420/2 2152/422/2
f 2184/426/2 2185/423/2 2181/425/2
f 2157/427/2 2158/53/2 2152/422/2
f 2157/427/2 2152/422/2 2153/428/2
f 2183/429/2 2184/426/2 2181/425/2
f 2156/430/2 2157/427/2 2153/428/2
f 2156/430/2 2153/428/2 2154/431/2
f 2182/432/2 2183/429/2 2181/425/2
f 2155/433/2 2156/430/2 2154/431/2
f 2309/434/2 2310/436/2 2311/435/2
f 2308/437/2 2309/434/2 2311/435/2
f 2308/437/2 2311/435/2 2312/438/2
f 2307/439/2 2308/437/2 2312/438/2
f 2306/440/2 2307/439/2 2312/438/2
f 2306/440/2 2312/438/2 2313/441/2
f 2305/442/2 2306/440/2 2313/441/2
f 2305/442/2 2313/441/2 2314/443/2
f 2304/444/2 2305/442/2 2314/443/2
f 2303/445/2 2304/444/2 2314/443/2
f 2303/445/2 2314/443/2 2315/446/2
f 2302/447/2 2303/445/2 2315/446/2
f 2302/447/2 2315/446/2 2316/448/2
f 2301/449/2 2302/447/2 2316/448/2
f 2300/450/2 2301/449/2 2316/448/2
f 2300/450/2 2316/448/2 2317/451/2
f 2299/452/2 2300/450/2 2317/451/2
f 2299/452/2 2317/451/2 2318/453/2
f 2298/454/2 2299/452/2 2318/453/2
f 2297/455/2 2298/454/2 2296/456/2
f 2296/456/2 2298/454/2 2295/457/2
f 2295/457/2 2298/454/2 2294/458/2
f 2294/458/2 2298/454/2 2293/459/2
f 2293/459/2 2298/454/2 2292/460/2
f 2292/460/2 2298/454/2 2291/461/2
f 2291/461/2 2298/454/2 2290/462/2
f 2290/462/2 2298/454/2 2289/463/2
f 2289/463/2 2298/454/2 2288/464/2
f 2288/464/2 2298/454/2 2287/465/2
f 2287/465/2 2298/454/2 2318/453/2
f 2287/465/2 2318/453/2 2286/466/2
f 2286/466/2 2318/453/2 2285/467/2
f 2285/467/2 2318/453/2 2319/468/2
f 2285/467/2 2319/468/2 2284/469/2
f 2284/469/2 2319/468/2 2320/470/2
f 2283/471/2 2284/469/2 2320/470/2
f 2282/472/2 2283/471/2 2320/470/2
f 2281/473/2 2282/472/2 2320/470/2
f 2280/474/2 2281/473/2 2320/470/2
f 2279/475/2 2280/474/2 2320/470/2
f 2279/475/2 2320/470/2 2321/476/2
f 2278/477/2 2279/475/2 2321/476/2
f 2277/478/2 2278/477/2 2321/476/2
f 2276/479/2 2277/478/2 2321/476/2
f 2276/479/2 2321/476/2 2322/480/2
f 2275/481/2 2276/479/2 2322/480/2
f 2274/482/2 2275/481/2 2322/480/2
f 2274/482/2 2322/480/2 2323/483/2
f 2273/484/2 2274/482/2 2323/483/2
f 2272/485/2 2273/484/2 2323/483/2
f 2271/486/2 2272/485/2 2385/13/2
f 2385/13/2 2272/485/2 2323/483/2
f 2270/487/2 2271/486/2 2385/13/2
f 2269/488/2 2270/487/2 2385/13/2
f 2268/489/2 2269/488/2 2385/13/2
f 2267/490/2 2268/489/2 2385/13/2
f 2267/490/2 2385/13/2 2349/491/2
f 2384/492/2 2385/13/2 2323/483/2
f 2267/490/2 2349/491/2 2350/493/2
f 2266/494/2 2267/490/2 2350/493/2
f 2266/494/2 2350/493/2 2351/495/2
f 2265/496/2 2266/494/2 2351/495/2
f 2265/496/2 2351/495/2 2352/497/2
f 2264/498/2 2265/496/2 2352/497/2
f 2264/498/2 2352/497/2 2353/499/2
f 2264/498/2 2353/499/2 2354/500/2
f 2263/501/2 2264/498/2 2354/500/2
f 2263/501/2 2354/500/2 2355/502/2
f 2262/503/2 2263/501/2 2355/502/2
f 2262/503/2 2355/502/2 2356/504/2
f 2262/503/2 2356/504/2 2357/505/2
f 2261/506/2 2262/503/2 2357/505/2
f 2261/506/2 2357/505/2 2358/507/2
f 2261/506/2 2358/507/2 2359/508/2
f 2260/509/2 2261/506/2 2359/508/2
f 2260/509/2 2359/508/2 2360/510/2
f 2259/511/2 2260/509/2 2360/510/2
f 2259/511/2 2360/510/2 2361/512/2
f 2259/511/2 2361/512/2 2362/513/2
f 2258/514/2 2259/511/2 2362/513/2
f 2258/514/2 2362/513/2 2363/515/2
f 2258/514/2 2363/515/2 2364/516/2
f 2383/517/2 2384/492/2 2323/483/2
f 2257/518/2 2258/514/2 2364/516/2
f 2382/519/2 2383/517/2 2323/483/2
f 2257/518/2 2364/516/2 2365/520/2
f 2381/521/2 2382/519/2 2323/483/2
f 2346/522/2 2347/524/2 2348/523/2
f 2381/521/2 2323/483/2 2324/525/2
f 2257/518/2 2365/520/2 2366/526/2
f 2345/527/2 2346/522/2 2348/523/2
f 2380/528/2 2381/521/2 2324/525/2
f 2380/528/2 2324/525/2 2325/529/2
f 2344/530/2 2345/527/2 2348/523/2
f 2256/531/2 2257/518/2 2366/526/2
f 2256/531/2 2366/526/2 2367/532/2
f 2380/528/2 2325/529/2 2326/533/2
f 2379/534/2 2380/528/2 2326/533/2
f 2343/535/2 2344/530/2 2348/523/2
f 2379/534/2 2326/533/2 2327/536/2
f 2378/537/2 2379/534/2 2327/536/2
f 2342/538/2 2343/535/2 2348/523/2
f 2256/531/2 2367/532/2 2368/539/2
f 2378/537/2 2327/536/2 2328/540/2
f 2341/541/2 2342/538/2 2348/523/2
f 2377/542/2 2378/537/2 2328/540/2
f 2377/542/2 2328/540/2 2329/543/2
f 2340/544/2 2341/541/2 2348/523/2
f 2256/531/2 2368/539/2 2369/545/2
f 2377/542/2 2329/543/2 2330/546/2
f 2376/547/2 2377/542/2 2330/546/2
f 2339/548/2 2340/544/2 2348/523/2
f 2376/547/2 2330/546/2 2331/549/2
f 2255/550/2 2256/531/2 2369/545/2
f 2338/551/2 2339/548/2 2348/523/2
f 2255/550/2 2369/545/2 2370/552/2
f 2375/553/2 2376/547/2 2331/549/2
f 2375/553/2 2331/549/2 2332/554/2
f 2337/555/2 2338/551/2 2348/523/2
f 2375/553/2 2332/554/2 2333/556/2
f 2336/557/2 2337/555/2 2348/523/2
f 2374/558/2 2375/553/2 2333/556/2
f 2374/558/2 2333/556/2 2334/559/2
f 2335/560/2 2336/557/2 2348/523/2
f 2374/558/2 2334/559/2 2335/560/2
f 2255/550/2 2370/552/2 2371/561/2
f 2374/558/2 2335/560/2 2348/523/2
f 2373/562/2 2374/558/2 2348/523/2
f 2255/550/2 2371/561/2 2372/563/2
f 2372/563/2 2373/562/2 2348/523/2
f 2255/550/2 2372/563/2 2235/564/2
f 2235/564/2 2372/563/2 2348/523/2
f 2254/565/2 2255/550/2 2235/564/2
f 2254/565/2 2235/564/2 2236/566/2
f 2234/567/2 2235/564/2 2348/523/2
f 2253/568/2 2254/565/2 2236/566/2
f 2253/568/2 2236/566/2 2237/569/2
f 2233/570/2 2234/567/2 2348/523/2
f 2233/570/2 2348/523/2 2212/24/2
f 2252/571/2 2253/568/2 2237/569/2
f 2252/571/2 2237/569/2 2238/572/2
f 2232/573/2 2233/570/2 2212/24/2
f 2232/573/2 2212/24/2 2213/574/2
f 2252/571/2 2238/572/2 2239/575/2
f 2231/576/2 2232/573/2 2213/574/2
f 2251/577/2 2252/571/2 2239/575/2
f 2231/576/2 2213/574/2 2214/578/2
f 2251/577/2 2239/575/2 2240/579/2
f 2230/580/2 2231/576/2 2214/578/2
f 2230/580/2 2214/578/2 2215/581/2
f 2250/582/2 2251/577/2 2240/579/2
f 2250/582/2 2240/579/2 2241/583/2
f 2229/584/2 2230/580/2 2215/581/2
f 2229/584/2 2215/581/2 2216/585/2
f 2250/582/2 2241/583/2 2242/586/2
f 2228/587/2 2229/584/2 2216/585/2
f 2228/587/2 2216/585/2 2217/588/2
f 2249/589/2 2250/582/2 2242/586/2
f 2249/589/2 2242/586/2 2243/590/2
f 2227/591/2 2228/587/2 2217/588/2
f 2227/591/2 2217/588/2 2218/592/2
f 2249/589/2 2243/590/2 2244/593/2
f 2227/591/2 2218/592/2 2219/594/2
f 2226/595/2 2227/591/2 2219/594/2
f 2248/596/2 2249/589/2 2244/593/2
f 2226/595/2 2219/594/2 2220/597/2
f 2248/596/2 2244/593/2 2245/598/2
f 2225/599/2 2226/595/2 2220/597/2
f 2225/599/2 2220/597/2 2221/600/2
f 2248/596/2 2245/598/2 2246/601/2
f 2224/602/2 2225/599/2 2221/600/2
f 2247/603/2 2248/596/2 2246/601/2
f 2224/602/2 2221/600/2 2222/604/2
f 2223/605/2 2224/602/2 2222/604/2
f 2423/690/2 2424/692/2 2425/691/2
f 2423/690/2 2425/691/2 2426/13/2
f 2422/693/2 2423/690/2 2426/13/2
f 2421/29/2 2422/693/2 2426/13/2
f 2421/29/2 2426/13/2 2386/24/2
f 2420/694/2 2421/29/2 2386/24/2
f 2420/694/2 2386/24/2 2387/695/2
f 2419/696/2 2420/694/2 2387/695/2
f 2418/91/2 2419/696/2 2387/695/2
f 2418/91/2 2387/695/2 2388/697/2
f 2417/698/2 2418/91/2 2388/697/2
f 2417/698/2 2388/697/2 2389/699/2
f 2416/36/2 2417/698/2 2389/699/2
f 2415/700/2 2416/36/2 2389/699/2
f 2414/701/2 2415/700/2 2389/699/2
f 2414/701/2 2389/699/2 2390/702/2
f 2413/703/2 2414/701/2 2390/702/2
f 2412/704/2 2413/703/2 2390/702/2
f 2411/42/2 2412/704/2 2390/702/2
f 2409/705/2 2410/134/2 2411/42/2
f 2409/705/2 2411/42/2 2390/702/2
f 2409/705/2 2390/702/2 2391/9/2
f 2409/705/2 2391/9/2 2392/706/2
f 2409/705/2 2392/706/2 2393/707/2
f 2409/705/2 2393/707/2 2394/122/2
f 2409/705/2 2394/122/2 2395/708/2
f 2409/705/2 2395/708/2 2396/5/2
f 2408/709/2 2409/705/2 2396/5/2
f 2408/709/2 2396/5/2 2397/710/2
f 2407/711/2 2408/709/2 2397/710/2
f 2406/53/2 2407/711/2 2397/710/2
f 2405/712/2 2406/53/2 2397/710/2
f 2404/713/2 2405/712/2 2397/710/2
f 2403/714/2 2404/713/2 2397/710/2
f 2402/63/2 2403/714/2 2397/710/2
f 2401/43/2 2402/63/2 2397/710/2
f 2400/715/2 2401/43/2 2397/710/2
f 2399/716/2 2400/715/2 2397/710/2
f 2398/717/2 2399/716/2 2397/710/2
s 1
f 2428/718/3 2430/719/4 2429/720/4 2427/24/3
f 2430/719/4 2432/721/5 2431/722/5 2429/720/4
f 2432/721/5 2434/723/6 2433/724/6 2431/722/5
f 2434/723/6 2436/725/7 2435/726/7 2433/724/6
f 2436/725/7 2438/727/8 2437/728/8 2435/726/7
f 2438/727/8 2440/729/9 2439/730/9 2437/728/8
f 2440/729/9 2442/731/10 2441/732/10 2439/730/9
f 2442/731/10 2444/733/11 2443/734/11 2441/732/10
f 2444/733/11 2446/735/12 2445/736/12 2443/734/11
f 2446/735/12 2448/737/13 2447/738/13 2445/736/12
f 2448/737/13 2450/739/14 2449/740/14 2447/738/13
f 2450/739/14 2452/741/15 2451/742/15 2449/740/14
f 2452/741/15 2454/743/16 2453/744/16 2451/742/15
f 2454/743/16 2456/745/17 2455/746/17 2453/744/16
f 2456/745/17 2458/747/18 2457/748/18 2455/746/17
f 2458/747/18 2460/749/19 2459/750/19 2457/748/18
f 2460/749/19 2462/751/20 2461/752/20 2459/750/19
f 2462/751/20 2464/753/21 2463/754/21 2461/752/20
f 2464/753/21 2466/755/22 2465/756/22 2463/754/21
f 2466/755/22 2468/757/23 2467/758/23 2465/756/22
f 2468/757/23 2470/759/24 2469/760/24 2467/758/23
f 2470/759/24 2472/761/24 2471/762/24 2469/760/24
f 2472/761/24 2474/763/25 2473/764/25 2471/762/24
f 2474/763/25 2476/765/26 2475/766/26 2473/764/25
f 2476/765/26 2478/767/27 2477/768/27 2475/766/26
f 2478/767/27 2480/769/28 2479/770/28 2477/768/27
f 2480/769/28 2482/771/29 2481/772/29 2479/770/28
f 2482/771/29 2484/773/30 2483/774/30 2481/772/29
f 2484/773/30 2486/775/31 2485/776/31 2483/774/30
f 2486/775/31 2488/777/32 2487/778/32 2485/776/31
f 2488/777/32 2490/779/33 2489/780/33 2487/778/32
f 2490/779/33 2492/781/34 2491/782/34 2489/780/33
f 2492/781/34 2494/783/35 2493/784/35 2491/782/34
f 2494/783/35 2496/785/36 2495/786/36 2493/784/35
f 2496/785/36 2498/787/37 2497/788/37 2495/786/36
f 2498/787/37 2500/789/38 2499/790/38 2497/788/37
f 2500/789/38 2502/791/39 2501/792/39 2499/790/38
f 2502/791/39 2504/793/40 2503/794/40 2501/792/39
f 2504/793/40 2506/795/41 2505/796/41 2503/794/40
f 2506/795/41 2508/797/42 2507/798/42 2505/796/41
f 2508/797/42 2428/799/3 2427/13/3 2507/798/42
f 2510/718/43 2512/800/44 2511/801/44 2509/24/43
f 2512/800/44 2514/802/45 2513/803/45 2511/801/44
f 2514/802/45 2516/804/46 2515/805/46 2513/803/45
f 2516/804/46 2518/806/47 2517/807/47 2515/805/46
f 2518/806/47 2520/808/48 2519/809/48 2517/807/47
f 2520/808/48 2522/810/49 2521/811/49 2519/809/48
f 2522/810/49 2524/812/50 2523/813/50 2521/811/49
f 2524/812/50 2526/814/51 2525/815/51 2523/813/50
f 2526/814/51 2528/816/52 2527/817/52 2525/815/51
f 2528/816/52 2530/818/53 2529/819/53 2527/817/52
f 2530/818/53 2532/820/54 2531/821/54 2529/819/53
f 2532/820/54 2534/822/55 2533/823/55 2531/821/54
f 2534/822/55 2536/824/56 2535/825/56 2533/823/55
f 2536/824/56 2538/826/57 2537/827/57 2535/825/56
f 2538/826/57 2540/828/58 2539/829/58 2537/827/57
f 2540/828/58 2542/830/59 2541/831/59 2539/829/58
f 2542/830/59 2544/832/60 2543/833/60 2541/831/59
f 2544/832/60 2546/834/61 2545/835/61 2543/833/60
f 2546/834/61 2548/836/62 2547/837/62 2545/835/61
f 2548/836/62 2550/838/63 2549/839/63 2547/837/62
f 2550/838/63 2552/840/64 2551/841/64 2549/839/63
f 2552/840/64 2554/842/65 2553/843/65 2551/841/64
f 2554/842/65 2556/844/66 2555/845/66 2553/843/65
f 2556/844/66 2558/846/67 2557/847/67 2555/845/66
f 2558/846/67 2560/848/68 2559/849/68 2557/847/67
f 2560/848/68 2562/850/69 2561/851/69 2559/849/68
f 2562/850/69 2564/852/70 2563/853/70 2561/851/69
f 2564/852/70 2566/854/71 2565/855/71 2563/853/70
f 2566/854/71 2568/856/72 2567/857/72 2565/855/71
f 2568/856/72 2570/858/73 2569/859/73 2567/857/72
f 2570/858/73 2572/860/74 2571/861/74 2569/859/73
f 2572/860/74 2574/862/75 2573/863/75 2571/861/74
f 2574/862/75 2576/864/76 2575/865/76 2573/863/75
f 2576/864/76 2578/866/77 2577/867/77 2575/865/76
f 2578/866/77 2580/868/78 2579/869/78 2577/867/77
f 2580/868/78 2582/870/79 2581/871/79 2579/869/78
f 2582/870/79 2584/872/80 2583/873/80 2581/871/79
f 2584/872/80 2586/874/81 2585/875/81 2583/873/80
f 2586/874/81 2588/876/82 2587/877/82 2585/875/81
f 2588/876/82 2590/878/83 2589/879/83 2587/877/82
f 2590/878/83 2592/880/84 2591/881/84 2589/879/83
f 2592/880/84 2594/882/85 2593/883/85 2591/881/84
f 2594/882/85 2596/884/86 2595/885/86 2593/883/85
f 2596/884/86 2598/886/87 2597/887/87 2595/885/86
f 2598/886/87 2600/888/88 2599/889/88 2597/887/87
f 2600/888/88 2602/890/89 2601/891/89 2599/889/88
f 2602/890/89 2604/892/90 2603/893/90 2601/891/89
f 2604/892/90 2606/894/91 2605/895/91 2603/893/90
f 2606/894/91 2608/896/92 2607/897/92 2605/895/91
f 2608/896/92 2610/898/93 2609/899/93 2607/897/92
f 2610/898/93 2612/900/94 2611/901/94 2609/899/93
f 2612/900/94 2614/902/95 2613/903/95 2611/901/94
f 2614/902/95 2616/904/96 2615/905/96 2613/903/95
f 2616/904/96 2618/906/97 2617/907/97 2615/905/96
f 2618/906/97 2620/908/98 2619/909/98 2617/907/97
f 2620/908/98 2622/910/99 2621/911/99 2619/909/98
f 2622/910/99 2624/912/100 2623/913/100 2621/911/99
f 2624/912/100 2626/914/101 2625/915/101 2623/913/100
f 2626/914/101 2628/916/102 2627/917/102 2625/915/101
f 2628/916/102 2630/918/103 2629/919/103 2627/917/102
f 2630/918/103 2632/920/104 2631/921/104 2629/919/103
f 2632/920/104 2634/922/105 2633/923/105 2631/921/104
f 2634/922/105 2636/924/106 2635/925/106 2633/923/105
f 2636/924/106 2638/926/107 2637/927/107 2635/925/106
f 2638/926/107 2640/928/108 2639/929/108 2637/927/107
f 2640/928/108 2642/930/109 2641/931/109 2639/929/108
f 2642/930/109 2644/932/110 2643/933/110 2641/931/109
f 2644/932/110 2646/934/111 2645/935/111 2643/933/110
f 2646/934/111 2648/936/112 2647/937/112 2645/935/111
f 2648/936/112 2650/938/113 2649/939/113 2647/937/112
f 2650/938/113 2652/940/114 2651/941/114 2649/939/113
f 2652/940/114 2654/942/115 2653/943/115 2651/941/114
f 2654/942/115 2656/944/116 2655/945/116 2653/943/115
f 2656/944/116 2658/946/117 2657/947/117 2655/945/116
f 2658/946/117 2660/948/118 2659/949/118 2657/947/117
f 2660/948/118 2662/950/119 2661/951/119 2659/949/118
f 2662/950/119 2664/952/120 2663/953/120 2661/951/119
f 2664/952/120 2666/954/121 2665/955/121 2663/953/120
f 2666/954/121 2668/956/122 2667/957/122 2665/955/121
f 2668/956/122 2670/958/123 2669/959/123 2667/957/122
f 2670/958/123 2672/960/124 2671/961/124 2669/959/123
f 2672/960/124 2674/962/125 2673/963/125 2671/961/124
f 2674/962/125 2676/964/126 2675/965/126 2673/963/125
f 2676/964/126 2678/966/127 2677/967/127 2675/965/126
f 2678/966/127 2680/968/128 2679/969/128 2677/967/127
f 2680/968/128 2682/970/129 2681/971/129 2679/969/128
f 2682/970/129 2684/972/130 2683/973/130 2681/971/129
f 2684/972/130 2686/974/131 2685/975/131 2683/973/130
f 2686/974/131 2688/976/132 2687/977/132 2685/975/131
f 2688/976/132 2690/978/133 2689/979/133 2687/977/132
f 2690/978/133 2692/980/134 2691/981/134 2689/979/133
f 2692/980/134 2694/982/135 2693/983/135 2691/981/134
f 2694/982/135 2696/984/136 2695/985/136 2693/983/135
f 2696/984/136 2698/986/137 2697/987/137 2695/985/136
f 2698/986/137 2700/988/138 2699/989/138 2697/987/137
f 2700/988/138 2702/990/139 2701/991/139 2699/989/138
f 2702/990/139 2704/992/140 2703/993/140 2701/991/139
f 2704/992/140 2706/994/141 2705/995/141 2703/993/140
f 2706/994/141 2708/996/142 2707/997/142 2705/995/141
f 2708/996/142 2710/998/143 2709/999/143 2707/997/142
f 2710/998/143 2712/1000/144 2711/1001/144 2709/999/143
f 2712/1000/144 2714/1002/145 2713/1003/145 2711/1001/144
f 2714/1002/145 2716/1004/146 2715/1005/146 2713/1003/145
f 2716/1004/146 2718/1006/147 2717/1007/147 2715/1005/146
f 2718/1006/147 2720/1008/148 2719/1009/148 2717/1007/147
f 2720/1008/148 2722/1010/149 2721/1011/149 2719/1009/148
f 2722/1010/149 2724/1012/150 2723/1013/150 2721/1011/149
f 2724/1012/150 2726/1014/151 2725/1015/151 2723/1013/150
f 2726/1014/151 2728/1016/152 2727/1017/152 2725/1015/151
f 2728/1016/152 2730/1018/153 2729/1019/153 2727/1017/152
f 2730/1018/153 2732/1020/154 2731/1021/154 2729/1019/153
f 2732/1020/154 2734/1022/155 2733/1023/155 2731/1021/154
f 2734/1022/155 2736/1024/156 2735/1025/156 2733/1023/155
f 2736/1024/156 2738/1026/157 2737/1027/157 2735/1025/156
f 2738/1026/157 2740/1028/158 2739/1029/158 2737/1027/157
f 2740/1028/158 2742/1030/159 2741/1031/159 2739/1029/158
f 2742/1030/159 2744/1032/160 2743/1033/160 2741/1031/159
f 2744/1032/160 2746/1034/161 2745/1035/161 2743/1033/160
f 2746/1034/161 2748/1036/162 2747/1037/162 2745/1035/161
f 2748/1036/162 2750/1038/163 2749/1039/163 2747/1037/162
f 2750/1038/163 2752/1040/164 2751/1041/164 2749/1039/163
f 2752/1040/164 2754/1042/165 2753/1043/165 2751/1041/164
f 2754/1042/165 2756/1044/166 2755/1045/166 2753/1043/165
f 2756/1044/166 2758/1046/167 2757/1047/167 2755/1045/166
f 2758/1046/167 2760/1048/168 2759/1049/168 2757/1047/167
f 2760/1048/168 2762/1050/169 2761/1051/169 2759/1049/168
f 2762/1050/169 2764/1052/170 2763/1053/170 2761/1051/169
f 2764/1052/170 2766/1054/171 2765/1055/171 2763/1053/170
f 2766/1054/171 2768/1056/172 2767/1057/172 2765/1055/171
f 2768/1056/172 2770/1058/173 2769/1059/173 2767/1057/172
f 2770/1058/173 2772/1060/174 2771/1061/174 2769/1059/173
f 2772/1060/174 2774/1062/175 2773/1063/175 2771/1061/174
f 2774/1062/175 2776/1064/176 2775/1065/176 2773/1063/175
f 2776/1064/176 2778/1066/177 2777/1067/177 2775/1065/176
f 2778/1066/177 2780/1068/178 2779/1069/178 2777/1067/177
f 2780/1068/178 2782/1070/179 2781/1071/179 2779/1069/178
f 2782/1070/179 2510/799/43 2509/13/43 2781/1071/179
f 2784/718/180 2786/1072/181 2785/1073/181 2783/24/180
f 2786/1072/181 2788/1074/182 2787/1075/182 2785/1073/181
f 2788/1074/182 2790/1076/183 2789/1077/183 2787/1075/182
f 2790/1076/183 2792/1078/184 2791/1079/184 2789/1077/183
f 2792/1078/184 2794/1080/185 2793/1081/185 2791/1079/184
f 2794/1080/185 2796/1082/186 2795/1083/186 2793/1081/185
f 2796/1082/186 2798/1084/187 2797/1085/187 2795/1083/186
f 2798/1084/187 2800/1086/188 2799/1087/188 2797/1085/187
f 2800/1086/188 2802/1088/189 2801/1089/189 2799/1087/188
f 2802/1088/189 2804/1090/190 2803/1091/190 2801/1089/189
f 2804/1090/190 2806/1092/191 2805/1093/191 2803/1091/190
f 2806/1092/191 2808/1094/192 2807/1095/192 2805/1093/191
f 2808/1094/192 2810/1096/193 2809/1097/193 2807/1095/192
f 2810/1096/193 2812/1098/194 2811/1099/194 2809/1097/193
f 2812/1098/194 2814/1100/195 2813/1101/195 2811/1099/194
f 2814/1100/195 2816/1102/196 2815/1103/196 2813/1101/195
f 2816/1102/196 2818/1104/197 2817/1105/197 2815/1103/196
f 2818/1104/197 2820/1106/198 2819/1107/198 2817/1105/197
f 2820/1106/198 2822/1108/199 2821/1109/199 2819/1107/198
f 2822/1108/199 2824/1110/200 2823/1111/200 2821/1109/199
f 2824/1110/200 2826/1112/201 2825/1113/201 2823/1111/200
f 2826/1112/201 2828/1114/202 2827/1115/202 2825/1113/201
f 2828/1114/202 2830/1116/203 2829/1117/203 2827/1115/202
f 2830/1116/203 2832/1118/204 2831/1119/204 2829/1117/203
f 2832/1118/204 2834/1120/205 2833/1121/205 2831/1119/204
f 2834/1120/205 2836/1122/206 2835/1123/206 2833/1121/205
f 2836/1122/206 2838/1124/207 2837/1125/207 2835/1123/206
f 2838/1124/207 2840/1126/208 2839/1127/208 2837/1125/207
f 2840/1126/208 2842/1128/209 2841/1129/209 2839/1127/208
f 2842/1128/209 2844/1130/210 2843/1131/210 2841/1129/209
f 2844/1130/210 2846/1132/211 2845/1133/211 2843/1131/210
f 2846/1132/211 2848/1134/212 2847/1135/212 2845/1133/211
f 2848/1134/212 2850/1136/213 2849/1137/213 2847/1135/212
f 2850/1136/213 2852/1138/214 2851/1139/214 2849/1137/213
f 2852/1138/214 2854/1140/215 2853/1141/215 2851/1139/214
f 2854/1140/215 2856/1142/216 2855/1143/216 2853/1141/215
f 2856/1142/216 2784/799/180 2783/13/180 2855/1143/216
f 2858/718/217 2860/1144/218 2859/1145/218 2857/24/217
f 2860/1144/218 2862/1146/219 2861/1147/219 2859/1145/218
f 2862/1146/219 2864/1148/220 2863/1149/220 2861/1147/219
f 2864/1148/220 2866/1150/221 2865/1151/221 2863/1149/220
f 2866/1150/221 2868/1152/222 2867/1153/222 2865/1151/221
f 2868/1152/222 2870/1154/223 2869/1155/223 2867/1153/222
f 2870/1154/223 2872/1156/224 2871/1157/224 2869/1155/223
f 2872/1156/224 2874/1158/225 2873/1159/225 2871/1157/224
f 2874/1158/225 2876/1160/226 2875/1161/226 2873/1159/225
f 2876/1160/226 2878/1162/227 2877/1163/227 2875/1161/226
f 2878/1162/227 2880/1164/228 2879/1165/228 2877/1163/227
f 2880/1164/228 2882/1166/229 2881/1167/229 2879/1165/228
f 2882/1166/229 2884/1168/230 2883/1169/230 2881/1167/229
f 2884/1168/230 2886/1170/231 2885/1171/231 2883/1169/230
f 2886/1170/231 2888/1172/232 2887/1173/232 2885/1171/231
f 2888/1172/232 2890/1174/233 2889/1175/233 2887/1173/232
f 2890/1174/233 2892/1176/234 2891/1177/234 2889/1175/233
f 2892/1176/234 2894/1178/235 2893/1179/235 2891/1177/234
f 2894/1178/235 2896/1180/236 2895/1181/236 2893/1179/235
f 2896/1180/236 2898/1182/237 2897/1183/237 2895/1181/236
f 2898/1182/237 2900/1184/238 2899/1185/238 2897/1183/237
f 2900/1184/238 2902/1186/239 2901/1187/239 2899/1185/238
f 2902/1186/239 2904/1188/240 2903/1189/240 2901/1187/239
f 2904/1188/240 2906/1190/241 2905/1191/241 2903/1189/240
f 2906/1190/241 2908/1192/242 2907/1193/242 2905/1191/241
f 2908/1192/242 2910/1194/243 2909/1195/243 2907/1193/242
f 2910/1194/243 2912/1196/244 2911/1197/244 2909/1195/243
f 2912/1196/244 2914/1198/245 2913/1199/245 2911/1197/244
f 2914/1198/245 2916/1200/246 2915/1201/246 2913/1199/245
f 2916/1200/246 2918/1202/247 2917/1203/247 2915/1201/246
f 2918/1202/247 2920/1204/248 2919/1205/248 2917/1203/247
f 2920/1204/248 2922/1206/249 2921/1207/249 2919/1205/248
f 2922/1206/249 2924/1208/250 2923/1209/250 2921/1207/249
f 2924/1208/250 2926/1210/251 2925/1211/251 2923/1209/250
f 2926/1210/251 2928/1212/252 2927/1213/252 2925/1211/251
f 2928/1212/252 2930/1214/141 2929/1215/141 2927/1213/252
f 2930/1214/141 2932/1216/253 2931/1217/253 2929/1215/141
f 2932/1216/253 2934/1218/254 2933/1219/254 2931/1217/253
f 2934/1218/254 2936/1220/255 2935/1221/255 2933/1219/254
f 2936/1220/255 2938/1222/256 2937/1223/256 2935/1221/255
f 2938/1222/256 2940/1224/257 2939/1225/257 2937/1223/256
f 2940/1224/257 2942/1226/258 2941/1227/258 2939/1225/257
f 2942/1226/258 2944/1228/259 2943/1229/259 2941/1227/258
f 2944/1228/259 2946/1230/260 2945/1231/260 2943/1229/259
f 2946/1230/260 2948/1232/261 2947/1233/261 2945/1231/260
f 2948/1232/261 2950/1234/262 2949/1235/262 2947/1233/261
f 2950/1234/262 2952/1236/263 2951/1237/263 2949/1235/262
f 2952/1236/263 2954/1238/264 2953/1239/264 2951/1237/263
f 2954/1238/264 2956/1240/265 2955/1241/265 2953/1239/264
f 2956/1240/265 2958/1242/266 2957/1243/266 2955/1241/265
f 2958/1242/266 2960/1244/267 2959/1245/267 2957/1243/266
f 2960/1244/267 2962/1246/268 2961/1247/268 2959/1245/267
f 2962/1246/268 2964/1248/269 2963/1249/269 2961/1247/268
f 2964/1248/269 2966/1250/270 2965/1251/270 2963/1249/269
f 2966/1250/270 2968/1252/271 2967/1253/271 2965/1251/270
f 2968/1252/271 2970/1254/272 2969/1255/272 2967/1253/271
f 2970/1254/272 2972/1256/273 2971/1257/273 2969/1255/272
f 2972/1256/273 2974/1258/274 2973/1259/274 2971/1257/273
f 2974/1258/274 2976/1260/275 2975/1261/275 2973/1259/274
f 2976/1260/275 2978/1262/276 2977/1263/276 2975/1261/275
f 2978/1262/276 2980/1264/277 2979/1265/277 2977/1263/276
f 2980/1264/277 2982/1266/278 2981/1267/278 2979/1265/277
f 2982/1266/278 2984/1268/279 2983/1269/279 2981/1267/278
f 2984/1268/279 2986/1270/280 2985/1271/280 2983/1269/279
f 2986/1270/280 2988/1272/281 2987/1273/281 2985/1271/280
f 2988/1272/281 2990/1274/282 2989/1275/282 2987/1273/281
f 2990/1274/282 2992/1276/283 2991/1277/283 2989/1275/282
f 2992/1276/283 2994/1278/284 2993/1279/284 2991/1277/283
f 2994/1278/284 2996/1280/285 2995/1281/285 2993/1279/284
f 2996/1280/285 2998/1282/286 2997/1283/286 2995/1281/285
f 2998/1282/286 3000/1284/287 2999/1285/287 2997/1283/286
f 3000/1284/287 3002/1286/288 3001/1287/288 2999/1285/287
f 3002/1286/288 3004/1288/289 3003/1289/289 3001/1287/288
f 3004/1288/289 3006/1290/290 3005/1291/290 3003/1289/289
f 3006/1290/290 3008/1292/291 3007/1293/291 3005/1291/290
f 3008/1292/291 3010/1294/265 3009/1295/265 3007/1293/291
f 3010/1294/265 3012/1296/266 3011/1297/266 3009/1295/265
f 3012/1296/266 3014/1298/292 3013/1299/292 3011/1297/266
f 3014/1298/292 3016/1300/105 3015/1301/105 3013/1299/292
f 3016/1300/105 3018/1302/293 3017/1303/293 3015/1301/105
f 3018/1302/293 3020/1304/294 3019/1305/294 3017/1303/293
f 3020/1304/294 3022/1306/295 3021/1307/295 3019/1305/294
f 3022/1306/295 3024/1308/296 3023/1309/296 3021/1307/295
f 3024/1308/296 3026/1310/297 3025/1311/297 3023/1309/296
f 3026/1310/297 3028/1312/298 3027/1313/298 3025/1311/297
f 3028/1312/298 3030/1314/299 3029/1315/299 3027/1313/298
f 3030/1314/299 3032/1316/300 3031/1317/300 3029/1315/299
f 3032/1316/300 3034/1318/301 3033/1319/301 3031/1317/300
f 3034/1318/301 3036/1320/302 3035/1321/302 3033/1319/301
f 3036/1320/302 3038/1322/303 3037/1323/303 3035/1321/302
f 3038/1322/303 3040/1324/304 3039/1325/304 3037/1323/303
f 3040/1324/304 3042/1326/305 3041/1327/305 3039/1325/304
f 3042/1326/305 3044/1328/306 3043/1329/306 3041/1327/305
f 3044/1328/306 3046/1330/307 3045/1331/307 3043/1329/306
f 3046/1330/307 3048/1332/308 3047/1333/308 3045/1331/307
f 3048/1332/308 3050/1334/309 3049/1335/309 3047/1333/308
f 3050/1334/309 3052/1336/310 3051/1337/310 3049/1335/309
f 3052/1336/310 3054/1338/311 3053/1339/311 3051/1337/310
f 3054/1338/311 3056/1340/312 3055/1341/312 3053/1339/311
f 3056/1340/312 3058/1342/313 3057/1343/313 3055/1341/312
f 3058/1342/313 3060/1344/314 3059/1345/314 3057/1343/313
f 3060/1344/314 3062/1346/315 3061/1347/315 3059/1345/314
f 3062/1346/315 3064/1348/265 3063/1349/265 3061/1347/315
f 3064/1348/265 3066/1350/266 3065/1351/266 3063/1349/265
f 3066/1350/266 3068/1352/40 3067/1353/40 3065/1351/266
f 3068/1352/40 3070/1354/41 3069/1355/41 3067/1353/40
f 3070/1354/41 2858/799/217 2857/13/217 3069/1355/41
f 3072/718/316 3074/1356/317 3073/1357/317 3071/24/316
f 3074/1356/317 3076/1072/318 3075/1073/318 3073/1357/317
f 3076/1072/318 3078/1358/319 3077/1359/319 3075/1073/318
f 3078/1358/319 3080/1074/320 3079/1075/320 3077/1359/319
f 3080/1074/320 3082/1360/321 3081/1361/321 3079/1075/320
f 3082/1360/321 3084/1076/322 3083/1077/322 3081/1361/321
f 3084/1076/322 3086/1362/323 3085/1363/323 3083/1077/322
f 3086/1362/323 3088/1078/324 3087/1079/324 3085/1363/323
f 3088/1078/324 3090/1364/325 3089/1365/325 3087/1079/324
f 3090/1364/325 3092/1080/326 3091/1081/326 3089/1365/325
f 3092/1080/326 3094/1366/327 3093/1367/327 3091/1081/326
f 3094/1366/327 3096/1082/328 3095/1083/328 3093/1367/327
f 3096/1082/328 3098/1368/329 3097/1369/329 3095/1083/328
f 3098/1368/329 3100/1084/330 3099/1085/330 3097/1369/329
f 3100/1084/330 3102/1370/331 3101/1371/331 3099/1085/330
f 3102/1370/331 3104/1086/332 3103/1087/332 3101/1371/331
f 3104/1086/332 3106/1372/333 3105/1373/333 3103/1087/332
f 3106/1372/333 3108/1088/334 3107/1089/334 3105/1373/333
f 3108/1088/334 3110/1374/335 3109/1375/335 3107/1089/334
f 3110/1374/335 3112/1090/336 3111/1091/336 3109/1375/335
f 3112/1090/336 3114/1376/337 3113/1377/337 3111/1091/336
f 3114/1376/337 3116/1092/338 3115/1093/338 3113/1377/337
f 3116/1092/338 3118/1378/339 3117/1379/339 3115/1093/338
f 3118/1378/339 3120/1094/340 3119/1095/340 3117/1379/339
f 3120/1094/340 3122/1380/341 3121/1381/341 3119/1095/340
f 3122/1380/341 3124/1096/342 3123/1097/342 3121/1381/341
f 3124/1096/342 3126/1382/343 3125/1383/343 3123/1097/342
f 3126/1382/343 3128/1098/344 3127/1099/344 3125/1383/343
f 3128/1098/344 3130/1384/345 3129/1385/345 3127/1099/344
f 3130/1384/345 3132/1100/346 3131/1101/346 3129/1385/345
f 3132/1100/346 3134/1386/222 3133/1387/222 3131/1101/346
f 3134/1386/222 3136/1102/347 3135/1103/347 3133/1387/222
f 3136/1102/347 3138/1388/348 3137/1389/348 3135/1103/347
f 3138/1388/348 3140/1104/349 3139/1105/349 3137/1389/348
f 3140/1104/349 3142/1390/350 3141/1391/350 3139/1105/349
f 3142/1390/350 3144/1106/351 3143/1107/351 3141/1391/350
f 3144/1106/351 3146/1392/352 3145/53/352 3143/1107/351
f 3146/1392/352 3148/1108/353 3147/1109/353 3145/53/352
f 3148/1108/353 3150/1393/354 3149/1394/354 3147/1109/353
f 3150/1393/354 3152/1110/355 3151/1111/355 3149/1394/354
f 3152/1110/355 3154/1395/356 3153/1396/356 3151/1111/355
f 3154/1395/356 3156/1112/357 3155/1113/357 3153/1396/356
f 3156/1112/357 3158/1397/358 3157/1398/358 3155/1113/357
f 3158/1397/358 3160/1114/359 3159/1115/359 3157/1398/358
f 3160/1114/359 3162/1399/360 3161/1400/360 3159/1115/359
f 3162/1399/360 3164/1116/361 3163/1117/361 3161/1400/360
f 3164/1116/361 3166/1401/362 3165/1402/362 3163/1117/361
f 3166/1401/362 3168/1118/363 3167/1119/363 3165/1402/362
f 3168/1118/363 3170/1403/364 3169/1404/364 3167/1119/363
f 3170/1403/364 3172/1120/365 3171/1121/365 3169/1404/364
f 3172/1120/365 3174/1405/366 3173/1406/366 3171/1121/365
f 3174/1405/366 3176/1122/367 3175/1123/367 3173/1406/366
f 3176/1122/367 3178/1407/368 3177/1408/368 3175/1123/367
f 3178/1407/368 3180/1124/369 3179/1125/369 3177/1408/368
f 3180/1124/369 3182/1409/370 3181/1410/370 3179/1125/369
f 3182/1409/370 3184/1126/371 3183/1127/371 3181/1410/370
f 3184/1126/371 3186/1411/372 3185/1412/372 3183/1127/371
f 3186/1411/372 3188/1128/373 3187/1129/373 3185/1412/372
f 3188/1128/373 3190/1413/374 3189/1414/374 3187/1129/373
f 3190/1413/374 3192/1130/375 3191/1131/375 3189/1414/374
f 3192/1130/375 3194/1415/376 3193/1416/376 3191/1131/375
f 3194/1415/376 3196/1132/377 3195/1133/377 3193/1416/376
f 3196/1132/377 3198/1417/378 3197/1418/378 3195/1133/377
f 3198/1417/378 3200/1134/379 3199/1135/379 3197/1418/378
f 3200/1134/379 3202/1419/380 3201/1420/380 3199/1135/379
f 3202/1419/380 3204/1136/381 3203/1137/381 3201/1420/380
f 3204/1136/381 3206/1421/382 3205/1422/382 3203/1137/381
f 3206/1421/382 3208/1138/383 3207/1139/383 3205/1422/382
f 3208/1138/383 3210/1423/384 3209/1424/384 3207/1139/383
f 3210/1423/384 3212/1140/385 3211/1141/385 3209/1424/384
f 3212/1140/385 3214/1425/386 3213/1426/386 3211/1141/385
f 3214/1425/386 3216/1142/387 3215/1143/387 3213/1426/386
f 3216/1142/387 3218/1427/388 3217/1428/388 3215/1143/387
f 3218/1427/388 3072/799/316 3071/13/316 3217/1428/388
f 3220/718/389 3222/1429/390 3221/1430/390 3219/24/389
f 3222/1429/390 3224/1431/391 3223/1432/391 3221/1430/390
f 3224/1431/391 3226/1433/392 3225/1434/392 3223/1432/391
f 3226/1433/392 3228/1435/393 3227/1436/393 3225/1434/392
f 3228/1435/393 3230/1437/394 3229/122/394 3227/1436/393
f 3230/1437/394 3232/1438/395 3231/1439/395 3229/122/394
f 3232/1438/395 3234/1440/396 3233/1441/396 3231/1439/395
f 3234/1440/396 3236/1442/397 3235/1443/397 3233/1441/396
f 3236/1442/397 3238/1444/398 3237/1445/398 3235/1443/397
f 3238/1444/398 3240/1446/399 3239/63/399 3237/1445/398
f 3240/1446/399 3242/1447/400 3241/1448/400 3239/63/399
f 3242/1447/400 3244/1449/401 3243/1450/401 3241/1448/400
f 3244/1449/401 3246/1451/402 3245/1452/402 3243/1450/401
f 3246/1451/402 3248/1453/403 3247/1454/403 3245/1452/402
f 3248/1453/403 3250/1455/404 3249/134/404 3247/1454/403
f 3250/1455/404 3252/1456/405 3251/1457/405 3249/134/404
f 3252/1456/405 3254/1458/406 3253/1459/406 3251/1457/405
f 3254/1458/406 3256/1460/407 3255/1461/407 3253/1459/406
f 3256/1460/407 3258/1462/408 3257/1463/408 3255/1461/407
f 3258/1462/408 3260/1464/409 3259/91/409 3257/1463/408
f 3260/1464/409 3262/1465/410 3261/1466/410 3259/91/409
f 3262/1465/410 3264/1467/411 3263/1468/411 3261/1466/410
f 3264/1467/411 3266/1469/412 3265/1470/412 3263/1468/411
f 3266/1469/412 3268/1471/413 3267/1472/413 3265/1470/412
f 3268/1471/413 3220/799/389 3219/13/389 3267/1472/413
f 3270/718/414 3272/1473/415 3271/1474/415 3269/24/414
f 3272/1473/415 3274/1475/416 3273/1476/416 3271/1474/415
f 3274/1475/416 3276/1477/417 3275/1478/417 3273/1476/416
f 3276/1477/417 3278/1479/418 3277/1480/418 3275/1478/417
f 3278/1479/418 3280/1481/419 3279/1482/419 3277/1480/418
f 3280/1481/419 3282/1483/420 3281/1484/420 3279/1482/419
f 3282/1483/420 3284/1485/421 3283/1486/421 3281/1484/420
f 3284/1485/421 3286/1487/422 3285/1488/422 3283/1486/421
f 3286/1487/422 3288/1489/423 3287/1490/423 3285/1488/422
f 3288/1489/423 3290/1491/424 3289/1492/424 3287/1490/423
f 3290/1491/424 3292/1493/425 3291/1494/425 3289/1492/424
f 3292/1493/425 3294/1495/426 3293/1496/426 3291/1494/425
f 3294/1495/426 3296/1497/427 3295/1498/427 3293/1496/426
f 3296/1497/427 3298/1499/428 3297/1500/428 3295/1498/427
f 3298/1499/428 3300/1501/429 3299/1502/429 3297/1500/428
f 3300/1501/429 3302/1503/430 3301/1504/430 3299/1502/429
f 3302/1503/430 3304/1505/431 3303/1506/431 3301/1504/430
f 3304/1505/431 3306/1507/432 3305/1508/432 3303/1506/431
f 3306/1507/432 3308/1509/433 3307/1510/433 3305/1508/432
f 3308/1509/433 3310/1511/434 3309/1512/434 3307/1510/433
f 3310/1511/434 3312/1513/435 3311/1514/435 3309/1512/434
f 3312/1513/435 3314/1515/436 3313/1516/436 3311/1514/435
f 3314/1515/436 3316/1517/437 3315/1518/437 3313/1516/436
f 3316/1517/437 3318/1519/438 3317/1520/438 3315/1518/437
f 3318/1519/438 3320/1521/439 3319/1522/439 3317/1520/438
f 3320/1521/439 3322/1523/440 3321/1524/440 3319/1522/439
f 3322/1523/440 3324/1525/441 3323/1526/441 3321/1524/440
f 3324/1525/441 3326/1527/442 3325/1528/442 3323/1526/441
f 3326/1527/442 3328/1529/443 3327/1530/443 3325/1528/442
f 3328/1529/443 3330/1531/444 3329/1532/444 3327/1530/443
f 3330/1531/444 3332/1533/445 3331/1534/445 3329/1532/444
f 3332/1533/445 3334/1535/446 3333/1536/446 3331/1534/445
f 3334/1535/446 3336/1537/447 3335/1538/447 3333/1536/446
f 3336/1537/447 3338/1539/448 3337/1540/448 3335/1538/447
f 3338/1539/448 3340/1541/449 3339/1542/449 3337/1540/448
f 3340/1541/449 3342/1543/450 3341/1544/450 3339/1542/449
f 3342/1543/450 3344/1545/451 3343/1546/451 3341/1544/450
f 3344/1545/451 3346/1547/452 3345/1548/452 3343/1546/451
f 3346/1547/452 3348/1549/453 3347/1550/453 3345/1548/452
f 3348/1549/453 3350/1551/454 3349/1552/454 3347/1550/453
f 3350/1551/454 3352/1553/455 3351/1554/455 3349/1552/454
f 3352/1553/455 3354/1555/456 3353/1556/456 3351/1554/455
f 3354/1555/456 3356/1557/457 3355/1558/457 3353/1556/456
f 3356/1557/457 3358/1559/458 3357/1560/458 3355/1558/457
f 3358/1559/458 3360/1561/459 3359/1562/459 3357/1560/458
f 3360/1561/459 3362/1563/460 3361/1564/460 3359/1562/459
f 3362/1563/460 3364/1565/461 3363/1566/461 3361/1564/460
f 3364/1565/461 3366/1567/462 3365/1568/462 3363/1566/461
f 3366/1567/462 3368/1569/463 3367/1570/463 3365/1568/462
f 3368/1569/463 3370/1571/464 3369/1572/464 3367/1570/463
f 3370/1571/464 3372/1573/465 3371/1574/465 3369/1572/464
f 3372/1573/465 3374/1575/466 3373/1576/466 3371/1574/465
f 3374/1575/466 3376/1577/467 3375/1578/467 3373/1576/466
f 3376/1577/467 3378/1579/468 3377/1580/468 3375/1578/467
f 3378/1579/468 3380/1581/469 3379/1582/469 3377/1580/468
f 3380/1581/469 3382/1583/470 3381/1584/470 3379/1582/469
f 3382/1583/470 3384/1585/471 3383/1586/471 3381/1584/470
f 3384/1585/471 3386/1587/472 3385/1588/472 3383/1586/471
f 3386/1587/472 3388/1589/473 3387/1590/473 3385/1588/472
f 3388/1589/473 3390/1591/474 3389/1592/474 3387/1590/473
f 3390/1591/474 3392/1593/475 3391/1594/475 3389/1592/474
f 3392/1593/475 3394/1595/476 3393/1596/476 3391/1594/475
f 3394/1595/476 3396/1597/477 3395/1598/477 3393/1596/476
f 3396/1597/477 3398/1599/478 3397/1600/478 3395/1598/477
f 3398/1599/478 3400/1601/479 3399/1602/479 3397/1600/478
f 3400/1601/479 3402/1603/480 3401/1604/480 3399/1602/479
f 3402/1603/480 3404/1392/58 3403/53/58 3401/1604/480
f 3404/1392/58 3406/1605/481 3405/1606/481 3403/53/58
f 3406/1605/481 3408/1607/482 3407/1608/482 3405/1606/481
f 3408/1607/482 3410/1609/483 3409/1610/483 3407/1608/482
f 3410/1609/483 3412/1611/484 3411/1612/484 3409/1610/483
f 3412/1611/484 3414/1613/485 3413/1614/485 3411/1612/484
f 3414/1613/485 3416/1615/486 3415/1616/486 3413/1614/485
f 3416/1615/486 3418/1617/487 3417/1618/487 3415/1616/486
f 3418/1617/487 3420/1619/488 3419/1620/488 3417/1618/487
f 3420/1619/488 3422/1621/489 3421/1622/489 3419/1620/488
f 3422/1621/489 3424/1623/490 3423/1624/490 3421/1622/489
f 3424/1623/490 3426/1625/491 3425/1626/491 3423/1624/490
f 3426/1625/491 3428/1627/492 3427/1628/492 3425/1626/491
f 3428/1627/492 3430/1629/493 3429/1630/493 3427/1628/492
f 3430/1629/493 3432/1631/494 3431/1632/494 3429/1630/493
f 3432/1631/494 3434/1633/495 3433/1634/495 3431/1632/494
f 3434/1633/495 3436/1635/496 3435/1636/496 3433/1634/495
f 3436/1635/496 3438/1637/497 3437/1638/497 3435/1636/496
f 3438/1637/497 3440/1639/498 3439/1640/498 3437/1638/497
f 3440/1639/498 3442/1641/499 3441/1642/499 3439/1640/498
f 3442/1641/499 3444/1643/500 3443/1644/500 3441/1642/499
f 3444/1643/500 3446/1645/501 3445/1646/501 3443/1644/500
f 3446/1645/501 3448/1647/502 3447/1648/502 3445/1646/501
f 3448/1647/502 3450/1649/503 3449/1650/503 3447/1648/502
f 3450/1649/503 3452/1651/504 3451/1652/504 3449/1650/503
f 3452/1651/504 3454/1653/505 3453/1654/505 3451/1652/504
f 3454/1653/505 3456/1655/506 3455/1656/506 3453/1654/505
f 3456/1655/506 3458/1657/507 3457/1658/507 3455/1656/506
f 3458/1657/507 3460/1659/508 3459/1660/508 3457/1658/507
f 3460/1659/508 3462/1661/509 3461/1662/509 3459/1660/508
f 3462/1661/509 3464/1663/510 3463/1664/510 3461/1662/509
f 3464/1663/510 3466/1665/511 3465/1666/511 3463/1664/510
f 3466/1665/511 3468/1667/512 3467/1668/512 3465/1666/511
f 3468/1667/512 3470/1669/513 3469/1670/513 3467/1668/512
f 3470/1669/513 3472/1671/514 3471/1672/514 3469/1670/513
f 3472/1671/514 3474/1673/515 3473/1674/515 3471/1672/514
f 3474/1673/515 3476/1675/516 3475/1676/516 3473/1674/515
f 3476/1675/516 3478/1677/517 3477/1678/517 3475/1676/516
f 3478/1677/517 3480/1679/518 3479/1680/518 3477/1678/517
f 3480/1679/518 3482/1681/519 3481/1682/519 3479/1680/518
f 3482/1681/519 3484/1683/520 3483/1684/520 3481/1682/519
f 3484/1683/520 3486/1685/521 3485/1686/521 3483/1684/520
f 3486/1685/521 3488/1687/522 3487/1688/522 3485/1686/521
f 3488/1687/522 3490/1689/523 3489/1690/523 3487/1688/522
f 3490/1689/523 3492/1691/524 3491/1692/524 3489/1690/523
f 3492/1691/524 3494/1693/525 3493/1694/525 3491/1692/524
f 3494/1693/525 3496/1695/526 3495/1696/526 3493/1694/525
f 3496/1695/526 3498/1697/527 3497/1698/527 3495/1696/526
f 3498/1697/527 3500/1699/528 3499/1700/528 3497/1698/527
f 3500/1699/528 3502/1701/529 3501/1702/529 3499/1700/528
f 3502/1701/529 3504/1703/530 3503/1704/530 3501/1702/529
f 3504/1703/530 3506/1705/531 3505/1706/531 3503/1704/530
f 3506/1705/531 3508/1707/532 3507/1708/532 3505/1706/531
f 3508/1707/532 3510/1709/533 3509/1710/533 3507/1708/532
f 3510/1709/533 3512/1711/534 3511/1712/534 3509/1710/533
f 3512/1711/534 3514/1713/535 3513/1714/535 3511/1712/534
f 3514/1713/535 3516/1715/536 3515/1716/536 3513/1714/535
f 3516/1715/536 3518/1717/537 3517/1718/537 3515/1716/536
f 3518/1717/537 3520/1719/538 3519/1720/538 3517/1718/537
f 3520/1719/538 3522/1721/539 3521/1722/539 3519/1720/538
f 3522/1721/539 3524/1723/540 3523/1724/540 3521/1722/539
f 3524/1723/540 3526/1725/541 3525/1726/541 3523/1724/540
f 3526/1725/541 3528/1727/542 3527/1728/542 3525/1726/541
f 3528/1727/542 3530/1729/543 3529/1730/543 3527/1728/542
f 3530/1729/543 3532/1731/544 3531/1732/544 3529/1730/543
f 3532/1731/544 3534/1733/545 3533/1734/545 3531/1732/544
f 3534/1733/545 3536/1735/546 3535/1736/546 3533/1734/545
f 3536/1735/546 3270/799/414 3269/13/414 3535/1736/546
f 3538/718/266 3540/1737/266 3539/1738/266 3537/24/266
f 3540/1737/266 3542/1739/265 3541/1740/265 3539/1738/266
f 3542/1739/265 3544/1741/265 3543/5/265 3541/1740/265
f 3544/1741/265 3546/1742/266 3545/1743/266 3543/5/265
f 3546/1742/266 3548/1744/40 3547/1745/40 3545/1743/266
f 3548/1744/40 3550/1392/41 3549/53/41 3547/1745/40
f 3550/1392/41 3552/1746/41 3551/1747/41 3549/53/41
f 3552/1746/41 3554/1748/40 3553/1749/40 3551/1747/41
f 3554/1748/40 3556/1750/40 3555/36/40 3553/1749/40
f 3556/1750/40 3558/1751/41 3557/1752/41 3555/36/40
f 3558/1751/41 3560/1753/265 3559/1754/265 3557/1752/41
f 3560/1753/265 3538/799/266 3537/13/266 3559/1754/265
f 3562/718/43 3564/800/44 3563/801/44 3561/24/43
f 3564/800/44 3566/802/45 3565/803/45 3563/801/44
f 3566/802/45 3568/804/46 3567/805/46 3565/803/45
f 3568/804/46 3570/806/47 3569/807/47 3567/805/46
f 3570/806/47 3572/808/48 3571/809/48 3569/807/47
f 3572/808/48 3574/810/49 3573/811/49 3571/809/48
f 3574/810/49 3576/812/50 3575/813/50 3573/811/49
f 3576/812/50 3578/814/51 3577/815/51 3575/813/50
f 3578/814/51 3580/816/52 3579/817/52 3577/815/51
f 3580/816/52 3582/818/53 3581/819/53 3579/817/52
f 3582/818/53 3584/820/54 3583/821/54 3581/819/53
f 3584/820/54 3586/822/55 3585/823/55 3583/821/54
f 3586/822/55 3588/824/56 3587/825/56 3585/823/55
f 3588/824/56 3590/826/57 3589/827/57 3587/825/56
f 3590/826/57 3592/828/58 3591/829/58 3589/827/57
f 3592/828/58 3594/830/547 3593/831/547 3591/829/58
f 3594/830/547 3596/832/60 3595/833/60 3593/831/547
f 3596/832/60 3598/834/61 3597/835/61 3595/833/60
f 3598/834/61 3600/836/62 3599/837/62 3597/835/61
f 3600/836/62 3602/838/548 3601/839/548 3599/837/62
f 3602/838/548 3604/840/549 3603/841/549 3601/839/548
f 3604/840/549 3606/842/550 3605/843/550 3603/841/549
f 3606/842/550 3608/844/66 3607/845/66 3605/843/550
f 3608/844/66 3610/846/67 3609/847/67 3607/845/66
f 3610/846/67 3612/848/68 3611/849/68 3609/847/67
f 3612/848/68 3614/850/69 3613/851/69 3611/849/68
f 3614/850/69 3616/852/70 3615/853/70 3613/851/69
f 3616/852/70 3618/854/71 3617/855/71 3615/853/70
f 3618/854/71 3620/856/72 3619/857/72 3617/855/71
f 3620/856/72 3622/858/73 3621/859/73 3619/857/72
f 3622/858/73 3624/860/74 3623/861/74 3621/859/73
f 3624/860/74 3626/862/75 3625/863/75 3623/861/74
f 3626/862/75 3628/864/76 3627/865/76 3625/863/75
f 3628/864/76 3630/866/77 3629/867/77 3627/865/76
f 3630/866/77 3632/868/78 3631/869/78 3629/867/77
f 3632/868/78 3634/870/79 3633/871/79 3631/869/78
f 3634/870/79 3636/872/80 3635/873/80 3633/871/79
f 3636/872/80 3638/874/81 3637/875/81 3635/873/80
f 3638/874/81 3640/876/82 3639/877/82 3637/875/81
f 3640/876/82 3642/878/83 3641/879/83 3639/877/82
f 3642/878/83 3644/880/84 3643/881/84 3641/879/83
f 3644/880/84 3646/882/85 3645/883/85 3643/881/84
f 3646/882/85 3648/884/86 3647/885/86 3645/883/85
f 3648/884/86 3650/886/87 3649/887/87 3647/885/86
f 3650/886/87 3652/888/88 3651/889/88 3649/887/87
f 3652/888/88 3654/890/89 3653/891/89 3651/889/88
f 3654/890/89 3656/892/90 3655/893/90 3653/891/89
f 3656/892/90 3658/894/91 3657/895/91 3655/893/90
f 3658/894/91 3660/896/92 3659/897/92 3657/895/91
f 3660/896/92 3662/898/93 3661/899/93 3659/897/92
f 3662/898/93 3664/900/94 3663/901/94 3661/899/93
f 3664/900/94 3666/902/95 3665/903/95 3663/901/94
f 3666/902/95 3668/904/96 3667/905/96 3665/903/95
f 3668/904/96 3670/906/97 3669/907/97 3667/905/96
f 3670/906/97 3672/908/98 3671/909/98 3669/907/97
f 3672/908/98 3674/910/99 3673/911/99 3671/909/98
f 3674/910/99 3676/912/100 3675/913/100 3673/911/99
f 3676/912/100 3678/914/101 3677/915/101 3675/913/100
f 3678/914/101 3680/916/102 3679/917/102 3677/915/101
f 3680/916/102 3682/918/103 3681/919/103 3679/917/102
f 3682/918/103 3684/920/104 3683/921/104 3681/919/103
f 3684/920/104 3686/922/105 3685/923/105 3683/921/104
f 3686/922/105 3688/924/106 3687/925/106 3685/923/105
f 3688/924/106 3690/926/107 3689/927/107 3687/925/106
f 3690/926/107 3692/928/108 3691/929/108 3689/927/107
f 3692/928/108 3694/930/109 3693/931/109 3691/929/108
f 3694/930/109 3696/932/110 3695/933/110 3693/931/109
f 3696/932/110 3698/934/111 3697/935/111 3695/933/110
f 3698/934/111 3700/936/112 3699/937/112 3697/935/111
f 3700/936/112 3702/938/113 3701/939/113 3699/937/112
f 3702/938/113 3704/940/114 3703/941/114 3701/939/113
f 3704/940/114 3706/942/115 3705/943/115 3703/941/114
f 3706/942/115 3708/944/116 3707/945/116 3705/943/115
f 3708/944/116 3710/946/117 3709/947/117 3707/945/116
f 3710/946/117 3712/948/118 3711/949/118 3709/947/117
f 3712/948/118 3714/950/119 3713/951/119 3711/949/118
f 3714/950/119 3716/952/120 3715/953/120 3713/951/119
f 3716/952/120 3718/954/121 3717/955/121 3715/953/120
f 3718/954/121 3720/956/122 3719/957/122 3717/955/121
f 3720/956/122 3722/958/123 3721/959/123 3719/957/122
f 3722/958/123 3724/960/124 3723/961/124 3721/959/123
f 3724/960/124 3726/962/551 3725/963/551 3723/961/124
f 3726/962/551 3728/964/126 3727/965/126 3725/963/551
f 3728/964/126 3730/966/127 3729/967/127 3727/965/126
f 3730/966/127 3732/968/128 3731/969/128 3729/967/127
f 3732/968/128 3734/970/552 3733/971/552 3731/969/128
f 3734/970/552 3736/972/130 3735/973/130 3733/971/552
f 3736/972/130 3738/974/131 3737/975/131 3735/973/130
f 3738/974/131 3740/976/132 3739/977/132 3737/975/131
f 3740/976/132 3742/978/133 3741/979/133 3739/977/132
f 3742/978/133 3744/980/134 3743/981/134 3741/979/133
f 3744/980/134 3746/982/135 3745/983/135 3743/981/134
f 3746/982/135 3748/984/136 3747/985/136 3745/983/135
f 3748/984/136 3750/986/137 3749/987/137 3747/985/136
f 3750/986/137 3752/988/138 3751/989/138 3749/987/137
f 3752/988/138 3754/990/139 3753/991/139 3751/989/138
f 3754/990/139 3756/992/140 3755/993/140 3753/991/139
f 3756/992/140 3758/994/141 3757/995/141 3755/993/140
f 3758/994/141 3760/996/142 3759/997/142 3757/995/141
f 3760/996/142 3762/998/143 3761/999/143 3759/997/142
f 3762/998/143 3764/1000/553 3763/1001/553 3761/999/143
f 3764/1000/553 3766/1002/145 3765/1003/145 3763/1001/553
f 3766/1002/145 3768/1004/146 3767/1005/146 3765/1003/145
f 3768/1004/146 3770/1006/147 3769/1007/147 3767/1005/146
f 3770/1006/147 3772/1008/148 3771/1009/148 3769/1007/147
f 3772/1008/148 3774/1010/149 3773/1011/149 3771/1009/148
f 3774/1010/149 3776/1012/150 3775/1013/150 3773/1011/149
f 3776/1012/150 3778/1014/151 3777/1015/151 3775/1013/150
f 3778/1014/151 3780/1016/152 3779/1017/152 3777/1015/151
f 3780/1016/152 3782/1018/153 3781/1019/153 3779/1017/152
f 3782/1018/153 3784/1020/154 3783/1021/154 3781/1019/153
f 3784/1020/154 3786/1022/155 3785/1023/155 3783/1021/154
f 3786/1022/155 3788/1024/554 3787/1025/554 3785/1023/155
f 3788/1024/554 3790/1026/555 3789/1027/555 3787/1025/554
f 3790/1026/555 3792/1028/158 3791/1029/158 3789/1027/555
f 3792/1028/158 3794/1030/159 3793/1031/159 3791/1029/158
f 3794/1030/159 3796/1032/556 3795/1033/556 3793/1031/159
f 3796/1032/556 3798/1034/161 3797/1035/161 3795/1033/556
f 3798/1034/161 3800/1036/162 3799/1037/162 3797/1035/161
f 3800/1036/162 3802/1038/163 3801/1039/163 3799/1037/162
f 3802/1038/163 3804/1040/164 3803/1041/164 3801/1039/163
f 3804/1040/164 3806/1042/165 3805/1043/165 3803/1041/164
f 3806/1042/165 3808/1044/166 3807/1045/166 3805/1043/165
f 3808/1044/166 3810/1046/167 3809/1047/167 3807/1045/166
f 3810/1046/167 3812/1048/168 3811/1049/168 3809/1047/167
f 3812/1048/168 3814/1050/557 3813/1051/557 3811/1049/168
f 3814/1050/557 3816/1052/170 3815/1053/170 3813/1051/557
f 3816/1052/170 3818/1054/558 3817/1055/558 3815/1053/170
f 3818/1054/558 3820/1056/172 3819/1057/172 3817/1055/558
f 3820/1056/172 3822/1058/173 3821/1059/173 3819/1057/172
f 3822/1058/173 3824/1060/174 3823/1061/174 3821/1059/173
f 3824/1060/174 3826/1062/175 3825/1063/175 3823/1061/174
f 3826/1062/175 3828/1064/176 3827/1065/176 3825/1063/175
f 3828/1064/176 3830/1066/177 3829/1067/177 3827/1065/176
f 3830/1066/177 3832/1068/178 3831/1069/178 3829/1067/177
f 3832/1068/178 3834/1070/179 3833/1071/179 3831/1069/178
f 3834/1070/179 3562/799/43 3561/13/43 3833/1071/179
f 3836/718/180 3838/1072/181 3837/1073/181 3835/24/180
f 3838/1072/181 3840/1074/182 3839/1075/182 3837/1073/181
f 3840/1074/182 3842/1076/183 3841/1077/183 3839/1075/182
f 3842/1076/183 3844/1078/184 3843/1079/184 3841/1077/183
f 3844/1078/184 3846/1080/185 3845/1081/185 3843/1079/184
f 3846/1080/185 3848/1082/186 3847/1083/186 3845/1081/185
f 3848/1082/186 3850/1084/187 3849/1085/187 3847/1083/186
f 3850/1084/187 3852/1086/188 3851/1087/188 3849/1085/187
f 3852/1086/188 3854/1088/189 3853/1089/189 3851/1087/188
f 3854/1088/189 3856/1090/190 3855/1091/190 3853/1089/189
f 3856/1090/190 3858/1092/191 3857/1093/191 3855/1091/190
f 3858/1092/191 3860/1094/192 3859/1095/192 3857/1093/191
f 3860/1094/192 3862/1096/559 3861/1097/559 3859/1095/192
f 3862/1096/559 3864/1098/194 3863/1099/194 3861/1097/559
f 3864/1098/194 3866/1100/195 3865/1101/195 3863/1099/194
f 3866/1100/195 3868/1102/196 3867/1103/196 3865/1101/195
f 3868/1102/196 3870/1104/197 3869/1105/197 3867/1103/196
f 3870/1104/197 3872/1106/198 3871/1107/198 3869/1105/197
f 3872/1106/198 3874/1108/199 3873/1109/199 3871/1107/198
f 3874/1108/199 3876/1110/560 3875/1111/560 3873/1109/199
f 3876/1110/560 3878/1112/201 3877/1113/201 3875/1111/560
f 3878/1112/201 3880/1114/202 3879/1115/202 3877/1113/201
f 3880/1114/202 3882/1116/203 3881/1117/203 3879/1115/202
f 3882/1116/203 3884/1118/204 3883/1119/204 3881/1117/203
f 3884/1118/204 3886/1120/205 3885/1121/205 3883/1119/204
f 3886/1120/205 3888/1122/206 3887/1123/206 3885/1121/205
f 3888/1122/206 3890/1124/207 3889/1125/207 3887/1123/206
f 3890/1124/207 3892/1126/208 3891/1127/208 3889/1125/207
f 3892/1126/208 3894/1128/209 3893/1129/209 3891/1127/208
f 3894/1128/209 3896/1130/210 3895/1131/210 3893/1129/209
f 3896/1130/210 3898/1132/211 3897/1133/211 3895/1131/210
f 3898/1132/211 3900/1134/212 3899/1135/212 3897/1133/211
f 3900/1134/212 3902/1136/213 3901/1137/213 3899/1135/212
f 3902/1136/213 3904/1138/214 3903/1139/214 3901/1137/213
f 3904/1138/214 3906/1140/215 3905/1141/215 3903/1139/214
f 3906/1140/215 3908/1142/216 3907/1143/216 3905/1141/215
f 3908/1142/216 3836/799/180 3835/13/180 3907/1143/216
f 3910/718/217 3912/1144/218 3911/1145/218 3909/24/217
f 3912/1144/218 3914/1146/219 3913/1147/219 3911/1145/218
f 3914/1146/219 3916/1148/220 3915/1149/220 3913/1147/219
f 3916/1148/220 3918/1150/221 3917/1151/221 3915/1149/220
f 3918/1150/221 3920/1152/222 3919/1153/222 3917/1151/221
f 3920/1152/222 3922/1154/223 3921/1155/223 3919/1153/222
f 3922/1154/223 3924/1156/224 3923/1157/224 3921/1155/223
f 3924/1156/224 3926/1158/225 3925/1159/225 3923/1157/224
f 3926/1158/225 3928/1160/226 3927/1161/226 3925/1159/225
f 3928/1160/226 3930/1162/227 3929/1163/227 3927/1161/226
f 3930/1162/227 3932/1164/228 3931/1165/228 3929/1163/227
f 3932/1164/228 3934/1166/229 3933/1167/229 3931/1165/228
f 3934/1166/229 3936/1168/230 3935/1169/230 3933/1167/229
f 3936/1168/230 3938/1170/231 3937/1171/231 3935/1169/230
f 3938/1170/231 3940/1172/232 3939/1173/232 3937/1171/231
f 3940/1172/232 3942/1174/233 3941/1175/233 3939/1173/232
f 3942/1174/233 3944/1176/561 3943/1177/561 3941/1175/233
f 3944/1176/561 3946/1178/235 3945/1179/235 3943/1177/561
f 3946/1178/235 3948/1180/236 3947/1181/236 3945/1179/235
f 3948/1180/236 3950/1182/237 3949/1183/237 3947/1181/236
f 3950/1182/237 3952/1184/238 3951/1185/238 3949/1183/237
f 3952/1184/238 3954/1186/239 3953/1187/239 3951/1185/238
f 3954/1186/239 3956/1188/240 3955/1189/240 3953/1187/239
f 3956/1188/240 3958/1190/241 3957/1191/241 3955/1189/240
f 3958/1190/241 3960/1192/242 3959/1193/242 3957/1191/241
f 3960/1192/242 3962/1194/243 3961/1195/243 3959/1193/242
f 3962/1194/243 3964/1196/244 3963/1197/244 3961/1195/243
f 3964/1196/244 3966/1198/245 3965/1199/245 3963/1197/244
f 3966/1198/245 3968/1200/246 3967/1201/246 3965/1199/245
f 3968/1200/246 3970/1202/247 3969/1203/247 3967/1201/246
f 3970/1202/247 3972/1204/248 3971/1205/248 3969/1203/247
f 3972/1204/248 3974/1206/249 3973/1207/249 3971/1205/248
f 3974/1206/249 3976/1208/250 3975/1209/250 3973/1207/249
f 3976/1208/250 3978/1210/251 3977/1211/251 3975/1209/250
f 3978/1210/251 3980/1212/252 3979/1213/252 3977/1211/251
f 3980/1212/252 3982/1214/141 3981/1215/141 3979/1213/252
f 3982/1214/141 3984/1216/253 3983/1217/253 3981/1215/141
f 3984/1216/253 3986/1218/254 3985/1219/254 3983/1217/253
f 3986/1218/254 3988/1220/255 3987/1221/255 3985/1219/254
f 3988/1220/255 3990/1222/256 3989/1223/256 3987/1221/255
f 3990/1222/256 3992/1224/257 3991/1225/257 3989/1223/256
f 3992/1224/257 3994/1226/258 3993/1227/258 3991/1225/257
f 3994/1226/258 3996/1228/259 3995/1229/259 3993/1227/258
f 3996/1228/259 3998/1230/260 3997/1231/260 3995/1229/259
f 3998/1230/260 4000/1232/261 3999/1233/261 3997/1231/260
f 4000/1232/261 4002/1234/262 4001/1235/262 3999/1233/261
f 4002/1234/262 4004/1236/263 4003/1237/263 4001/1235/262
f 4004/1236/263 4006/1238/264 4005/1239/264 4003/1237/263
f 4006/1238/264 4008/1240/265 4007/1241/265 4005/1239/264
f 4008/1240/265 4010/1242/266 4009/1243/266 4007/1241/265
f 4010/1242/266 4012/1244/267 4011/1245/267 4009/1243/266
f 4012/1244/267 4014/1246/268 4013/1247/268 4011/1245/267
f 4014/1246/268 4016/1248/269 4015/1249/269 4013/1247/268
f 4016/1248/269 4018/1250/270 4017/1251/270 4015/1249/269
f 4018/1250/270 4020/1252/271 4019/1253/271 4017/1251/270
f 4020/1252/271 4022/1254/272 4021/1255/272 4019/1253/271
f 4022/1254/272 4024/1256/273 4023/1257/273 4021/1255/272
f 4024/1256/273 4026/1258/274 4025/1259/274 4023/1257/273
f 4026/1258/274 4028/1260/275 4027/1261/275 4025/1259/274
f 4028/1260/275 4030/1262/276 4029/1263/276 4027/1261/275
f 4030/1262/276 4032/1264/562 4031/1265/562 4029/1263/276
f 4032/1264/562 4034/1266/278 4033/1267/278 4031/1265/562
f 4034/1266/278 4036/1268/279 4035/1269/279 4033/1267/278
f 4036/1268/279 4038/1270/280 4037/1271/280 4035/1269/279
f 4038/1270/280 4040/1272/281 4039/1273/281 4037/1271/280
f 4040/1272/281 4042/1274/282 4041/1275/282 4039/1273/281
f 4042/1274/282 4044/1276/283 4043/1277/283 4041/1275/282
f 4044/1276/283 4046/1278/284 4045/1279/284 4043/1277/283
f 4046/1278/284 4048/1280/285 4047/1281/285 4045/1279/284
f 4048/1280/285 4050/1282/286 4049/1283/286 4047/1281/285
f 4050/1282/286 4052/1284/287 4051/1285/287 4049/1283/286
f 4052/1284/287 4054/1286/288 4053/1287/288 4051/1285/287
f 4054/1286/288 4056/1288/289 4055/1289/289 4053/1287/288
f 4056/1288/289 4058/1290/290 4057/1291/290 4055/1289/289
f 4058/1290/290 4060/1292/291 4059/1293/291 4057/1291/290
f 4060/1292/291 4062/1294/265 4061/1295/265 4059/1293/291
f 4062/1294/265 4064/1296/266 4063/1297/266 4061/1295/265
f 4064/1296/266 4066/1298/292 4065/1299/292 4063/1297/266
f 4066/1298/292 4068/1300/105 4067/1301/105 4065/1299/292
f 4068/1300/105 4070/1302/293 4069/1303/293 4067/1301/105
f 4070/1302/293 4072/1304/294 4071/1305/294 4069/1303/293
f 4072/1304/294 4074/1306/295 4073/1307/295 4071/1305/294
f 4074/1306/295 4076/1308/296 4075/1309/296 4073/1307/295
f 4076/1308/296 4078/1310/297 4077/1311/297 4075/1309/296
f 4078/1310/297 4080/1312/298 4079/1313/298 4077/1311/297
f 4080/1312/298 4082/1314/299 4081/1315/299 4079/1313/298
f 4082/1314/299 4084/1316/300 4083/1317/300 4081/1315/299
f 4084/1316/300 4086/1318/301 4085/1319/301 4083/1317/300
f 4086/1318/301 4088/1320/302 4087/1321/302 4085/1319/301
f 4088/1320/302 4090/1322/303 4089/1323/303 4087/1321/302
f 4090/1322/303 4092/1324/304 4091/1325/304 4089/1323/303
f 4092/1324/304 4094/1326/305 4093/1327/305 4091/1325/304
f 4094/1326/305 4096/1328/306 4095/1329/306 4093/1327/305
f 4096/1328/306 4098/1330/307 4097/1331/307 4095/1329/306
f 4098/1330/307 4100/1332/308 4099/1333/308 4097/1331/307
f 4100/1332/308 4102/1334/309 4101/1335/309 4099/1333/308
f 4102/1334/309 4104/1336/310 4103/1337/310 4101/1335/309
f 4104/1336/310 4106/1338/311 4105/1339/311 4103/1337/310
f 4106/1338/311 4108/1340/312 4107/1341/312 4105/1339/311
f 4108/1340/312 4110/1342/313 4109/1343/313 4107/1341/312
f 4110/1342/313 4112/1344/314 4111/1345/314 4109/1343/313
f 4112/1344/314 4114/1346/315 4113/1347/315 4111/1345/314
f 4114/1346/315 4116/1348/265 4115/1349/265 4113/1347/315
f 4116/1348/265 4118/1350/266 4117/1351/266 4115/1349/265
f 4118/1350/266 4120/1352/40 4119/1353/40 4117/1351/266
f 4120/1352/40 4122/1354/41 4121/1355/41 4119/1353/40
f 4122/1354/41 3910/799/217 3909/13/217 4121/1355/41
f 4124/718/266 4126/1755/40 4125/695/40 4123/24/266
f 4126/1755/40 4128/1756/563 4127/697/563 4125/695/40
f 4128/1756/563 4130/1757/564 4129/699/564 4127/697/563
f 4130/1757/564 4132/1758/565 4131/702/565 4129/699/564
f 4132/1758/565 4134/1759/566 4133/9/566 4131/702/565
f 4134/1759/566 4136/1760/567 4135/706/567 4133/9/566
f 4136/1760/567 4138/1761/568 4137/707/568 4135/706/567
f 4138/1761/568 4140/1437/569 4139/122/569 4137/707/568
f 4140/1437/569 4142/1762/570 4141/708/570 4139/122/569
f 4142/1762/570 4144/1741/571 4143/5/571 4141/708/570
f 4144/1741/571 4146/1763/572 4145/710/572 4143/5/571
f 4146/1763/572 4148/1764/573 4147/717/573 4145/710/572
f 4148/1764/573 4150/1765/574 4149/716/574 4147/717/573
f 4150/1765/574 4152/1766/575 4151/715/575 4149/716/574
f 4152/1766/575 4154/1767/576 4153/43/576 4151/715/575
f 4154/1767/576 4156/1446/577 4155/63/577 4153/43/576
f 4156/1446/577 4158/1768/578 4157/714/578 4155/63/577
f 4158/1768/578 4160/1769/579 4159/713/579 4157/714/578
f 4160/1769/579 4162/1770/580 4161/712/580 4159/713/579
f 4162/1770/580 4164/1392/581 4163/53/581 4161/712/580
f 4164/1392/581 4166/1771/582 4165/711/582 4163/53/581
f 4166/1771/582 4168/1772/583 4167/709/583 4165/711/582
f 4168/1772/583 4170/1773/584 4169/705/584 4167/709/583
f 4170/1773/584 4172/1455/585 4171/134/585 4169/705/584
f 4172/1455/585 4174/1774/76 4173/42/76 4171/134/585
f 4174/1774/76 4176/1775/586 4175/704/586 4173/42/76
f 4176/1775/586 4178/1776/587 4177/703/587 4175/704/586
f 4178/1776/587 4180/1777/588 4179/701/588 4177/703/587
f 4180/1777/588 4182/1778/589 4181/700/589 4179/701/588
f 4182/1778/589 4184/1750/590 4183/36/590 4181/700/589
f 4184/1750/590 4186/1779/591 4185/698/591 4183/36/590
f 4186/1779/591 4188/1464/592 4187/91/592 4185/698/591
f 4188/1464/592 4190/1780/593 4189/696/593 4187/91/592
f 4190/1780/593 4192/1781/594 4191/694/594 4189/696/593
f 4192/1781/594 4194/1782/595 4193/29/595 4191/694/594
f 4194/1782/595 4196/1783/596 4195/693/596 4193/29/595
f 4196/1783/596 4198/1784/597 4197/690/597 4195/693/596
f 4198/1784/597 4200/1785/598 4199/692/598 4197/690/597
f 4200/1785/598 4202/1786/265 4201/691/265 4199/692/598
f 4202/1786/265 4124/799/266 4123/13/266 4201/691/265
f 4204/718/599 4206/1787/600 4205/1788/600 4203/24/599
f 4206/1787/600 4208/1789/601 4207/137/601 4205/1788/600
f 4208/1789/601 4210/1790/602 4209/1791/602 4207/137/601
f 4210/1790/602 4212/1792/603 4211/150/603 4209/1791/602
f 4212/1792/603 4214/1793/604 4213/1794/604 4211/150/603
f 4214/1793/604 4216/1795/605 4215/143/605 4213/1794/604
f 4216/1795/605 4218/1796/606 4217/1797/606 4215/143/605
f 4218/1796/606 4220/1798/607 4219/117/607 4217/1797/606
f 4220/1798/607 4222/1799/608 4221/1800/608 4219/117/607
f 4222/1799/608 4224/1801/609 4223/95/609 4221/1800/608
f 4224/1801/609 4226/1802/610 4225/1803/610 4223/95/609
f 4226/1802/610 4228/1804/611 4227/68/611 4225/1803/610
f 4228/1804/611 4230/1805/612 4229/1806/612 4227/68/611
f 4230/1805/612 4232/1807/613 4231/60/613 4229/1806/612
f 4232/1807/613 4234/1808/614 4233/1809/614 4231/60/613
f 4234/1808/614 4236/1810/615 4235/67/615 4233/1809/614
f 4236/1810/615 4238/1811/616 4237/1812/616 4235/67/615
f 4238/1811/616 4240/1813/617 4239/94/617 4237/1812/616
f 4240/1813/617 4242/1392/618 4241/53/618 4239/94/617
f 4242/1392/618 4244/1814/619 4243/114/619 4241/53/618
f 4244/1814/619 4246/1815/620 4245/1816/620 4243/114/619
f 4246/1815/620 4248/1817/621 4247/130/621 4245/1816/620
f 4248/1817/621 4250/1818/622 4249/1819/622 4247/130/621
f 4250/1818/622 4252/1820/623 4251/139/623 4249/1819/622
f 4252/1820/623 4254/1821/624 4253/1822/624 4251/139/623
f 4254/1821/624 4256/1823/625 4255/125/625 4253/1822/624
f 4256/1823/625 4258/1824/626 4257/1825/626 4255/125/625
f 4258/1824/626 4260/1826/627 4259/109/627 4257/1825/626
f 4260/1826/627 4262/1827/628 4261/1828/628 4259/109/627
f 4262/1827/628 4264/1829/629 4263/93/629 4261/1828/628
f 4264/1829/629 4266/1830/630 4265/1831/630 4263/93/629
f 4266/1830/630 4268/1832/631 4267/79/631 4265/1831/630
f 4268/1832/631 4270/1833/632 4269/1834/632 4267/79/631
f 4270/1833/632 4272/1835/633 4271/76/633 4269/1834/632
f 4272/1835/633 4274/1836/634 4273/1837/634 4271/76/633
f 4274/1836/634 4276/1838/265 4275/90/265 4273/1837/634
f 4276/1838/265 4278/1839/635 4277/1840/635 4275/90/265
f 4278/1839/635 4204/799/599 4203/13/599 4277/1840/635
f 4280/718/414 4282/1473/415 4281/1474/415 4279/24/414
f 4282/1473/415 4284/1475/416 4283/1476/416 4281/1474/415
f 4284/1475/416 4286/1477/417 4285/1478/417 4283/1476/416
f 4286/1477/417 4288/1479/418 4287/1480/418 4285/1478/417
f 4288/1479/418 4290/1481/419 4289/1482/419 4287/1480/418
f 4290/1481/419 4292/1483/420 4291/1484/420 4289/1482/419
f 4292/1483/420 4294/1485/421 4293/1486/421 4291/1484/420
f 4294/1485/421 4296/1487/422 4295/1488/422 4293/1486/421
f 4296/1487/422 4298/1489/423 4297/1490/423 4295/1488/422
f 4298/1489/423 4300/1491/424 4299/1492/424 4297/1490/423
f 4300/1491/424 4302/1493/425 4301/1494/425 4299/1492/424
f 4302/1493/425 4304/1495/426 4303/1496/426 4301/1494/425
f 4304/1495/426 4306/1497/427 4305/1498/427 4303/1496/426
f 4306/1497/427 4308/1499/428 4307/1500/428 4305/1498/427
f 4308/1499/428 4310/1501/429 4309/1502/429 4307/1500/428
f 4310/1501/429 4312/1503/430 4311/1504/430 4309/1502/429
f 4312/1503/430 4314/1505/431 4313/1506/431 4311/1504/430
f 4314/1505/431 4316/1507/432 4315/1508/432 4313/1506/431
f 4316/1507/432 4318/1509/636 4317/1510/636 4315/1508/432
f 4318/1509/636 4320/1511/434 4319/1512/434 4317/1510/636
f 4320/1511/434 4322/1513/435 4321/1514/435 4319/1512/434
f 4322/1513/435 4324/1515/637 4323/1516/637 4321/1514/435
f 4324/1515/637 4326/1517/638 4325/1518/638 4323/1516/637
f 4326/1517/638 4328/1519/639 4327/1520/639 4325/1518/638
f 4328/1519/639 4330/1521/640 4329/1522/640 4327/1520/639
f 4330/1521/640 4332/1523/440 4331/1524/440 4329/1522/640
f 4332/1523/440 4334/1525/441 4333/1526/441 4331/1524/440
f 4334/1525/441 4336/1527/442 4335/1528/442 4333/1526/441
f 4336/1527/442 4338/1529/443 4337/1530/443 4335/1528/442
f 4338/1529/443 4340/1531/444 4339/1532/444 4337/1530/443
f 4340/1531/444 4342/1533/445 4341/1534/445 4339/1532/444
f 4342/1533/445 4344/1535/446 4343/1536/446 4341/1534/445
f 4344/1535/446 4346/1537/447 4345/1538/447 4343/1536/446
f 4346/1537/447 4348/1539/448 4347/1540/448 4345/1538/447
f 4348/1539/448 4350/1541/449 4349/1542/449 4347/1540/448
f 4350/1541/449 4352/1543/450 4351/1544/450 4349/1542/449
f 4352/1543/450 4354/1545/451 4353/1546/451 4351/1544/450
f 4354/1545/451 4356/1547/452 4355/1548/452 4353/1546/451
f 4356/1547/452 4358/1549/453 4357/1550/453 4355/1548/452
f 4358/1549/453 4360/1551/454 4359/1552/454 4357/1550/453
f 4360/1551/454 4362/1553/455 4361/1554/455 4359/1552/454
f 4362/1553/455 4364/1555/456 4363/1556/456 4361/1554/455
f 4364/1555/456 4366/1557/457 4365/1558/457 4363/1556/456
f 4366/1557/457 4368/1559/458 4367/1560/458 4365/1558/457
f 4368/1559/458 4370/1561/459 4369/1562/459 4367/1560/458
f 4370/1561/459 4372/1563/460 4371/1564/460 4369/1562/459
f 4372/1563/460 4374/1565/461 4373/1566/461 4371/1564/460
f 4374/1565/461 4376/1567/462 4375/1568/462 4373/1566/461
f 4376/1567/462 4378/1569/463 4377/1570/463 4375/1568/462
f 4378/1569/463 4380/1571/464 4379/1572/464 4377/1570/463
f 4380/1571/464 4382/1573/465 4381/1574/465 4379/1572/464
f 4382/1573/465 4384/1575/466 4383/1576/466 4381/1574/465
f 4384/1575/466 4386/1577/467 4385/1578/467 4383/1576/466
f 4386/1577/467 4388/1579/468 4387/1580/468 4385/1578/467
f 4388/1579/468 4390/1581/469 4389/1582/469 4387/1580/468
f 4390/1581/469 4392/1583/470 4391/1584/470 4389/1582/469
f 4392/1583/470 4394/1585/471 4393/1586/471 4391/1584/470
f 4394/1585/471 4396/1587/472 4395/1588/472 4393/1586/471
f 4396/1587/472 4398/1589/473 4397/1590/473 4395/1588/472
f 4398/1589/473 4400/1591/474 4399/1592/474 4397/1590/473
f 4400/1591/474 4402/1593/475 4401/1594/475 4399/1592/474
f 4402/1593/475 4404/1595/476 4403/1596/476 4401/1594/475
f 4404/1595/476 4406/1597/477 4405/1598/477 4403/1596/476
f 4406/1597/477 4408/1599/478 4407/1600/478 4405/1598/477
f 4408/1599/478 4410/1601/479 4409/1602/479 4407/1600/478
f 4410/1601/479 4412/1603/480 4411/1604/480 4409/1602/479
f 4412/1603/480 4414/1392/58 4413/53/58 4411/1604/480
f 4414/1392/58 4416/1605/481 4415/1606/481 4413/53/58
f 4416/1605/481 4418/1607/482 4417/1608/482 4415/1606/481
f 4418/1607/482 4420/1609/483 4419/1610/483 4417/1608/482
f 4420/1609/483 4422/1611/484 4421/1612/484 4419/1610/483
f 4422/1611/484 4424/1613/485 4423/1614/485 4421/1612/484
f 4424/1613/485 4426/1615/486 4425/1616/486 4423/1614/485
f 4426/1615/486 4428/1617/487 4427/1618/487 4425/1616/486
f 4428/1617/487 4430/1619/488 4429/1620/488 4427/1618/487
f 4430/1619/488 4432/1621/489 4431/1622/489 4429/1620/488
f 4432/1621/489 4434/1623/490 4433/1624/490 4431/1622/489
f 4434/1623/490 4436/1625/491 4435/1626/491 4433/1624/490
f 4436/1625/491 4438/1627/492 4437/1628/492 4435/1626/491
f 4438/1627/492 4440/1629/493 4439/1630/493 4437/1628/492
f 4440/1629/493 4442/1631/494 4441/1632/494 4439/1630/493
f 4442/1631/494 4444/1633/495 4443/1634/495 4441/1632/494
f 4444/1633/495 4446/1635/641 4445/1636/641 4443/1634/495
f 4446/1635/641 4448/1637/497 4447/1638/497 4445/1636/641
f 4448/1637/497 4450/1639/498 4449/1640/498 4447/1638/497
f 4450/1639/498 4452/1641/499 4451/1642/499 4449/1640/498
f 4452/1641/499 4454/1643/500 4453/1644/500 4451/1642/499
f 4454/1643/500 4456/1645/501 4455/1646/501 4453/1644/500
f 4456/1645/501 4458/1647/502 4457/1648/502 4455/1646/501
f 4458/1647/502 4460/1649/503 4459/1650/503 4457/1648/502
f 4460/1649/503 4462/1651/642 4461/1652/642 4459/1650/503
f 4462/1651/642 4464/1653/505 4463/1654/505 4461/1652/642
f 4464/1653/505 4466/1655/506 4465/1656/506 4463/1654/505
f 4466/1655/506 4468/1657/507 4467/1658/507 4465/1656/506
f 4468/1657/507 4470/1659/508 4469/1660/508 4467/1658/507
f 4470/1659/508 4472/1661/509 4471/1662/509 4469/1660/508
f 4472/1661/509 4474/1663/643 4473/1664/643 4471/1662/509
f 4474/1663/643 4476/1665/511 4475/1666/511 4473/1664/643
f 4476/1665/511 4478/1667/512 4477/1668/512 4475/1666/511
f 4478/1667/512 4480/1669/513 4479/1670/513 4477/1668/512
f 4480/1669/513 4482/1671/514 4481/1672/514 4479/1670/513
f 4482/1671/514 4484/1673/515 4483/1674/515 4481/1672/514
f 4484/1673/515 4486/1675/516 4485/1676/516 4483/1674/515
f 4486/1675/516 4488/1677/517 4487/1678/517 4485/1676/516
f 4488/1677/517 4490/1679/644 4489/1680/644 4487/1678/517
f 4490/1679/644 4492/1681/519 4491/1682/519 4489/1680/644
f 4492/1681/519 4494/1683/520 4493/1684/520 4491/1682/519
f 4494/1683/520 4496/1685/521 4495/1686/521 4493/1684/520
f 4496/1685/521 4498/1687/645 4497/1688/645 4495/1686/521
f 4498/1687/645 4500/1689/523 4499/1690/523 4497/1688/645
f 4500/1689/523 4502/1691/524 4501/1692/524 4499/1690/523
f 4502/1691/524 4504/1693/525 4503/1694/525 4501/1692/524
f 4504/1693/525 4506/1695/526 4505/1696/526 4503/1694/525
f 4506/1695/526 4508/1697/646 4507/1698/646 4505/1696/526
f 4508/1697/646 4510/1699/528 4509/1700/528 4507/1698/646
f 4510/1699/528 4512/1701/529 4511/1702/529 4509/1700/528
f 4512/1701/529 4514/1703/530 4513/1704/530 4511/1702/529
f 4514/1703/530 4516/1705/531 4515/1706/531 4513/1704/530
f 4516/1705/531 4518/1707/532 4517/1708/532 4515/1706/531
f 4518/1707/532 4520/1709/533 4519/1710/533 4517/1708/532
f 4520/1709/533 4522/1711/534 4521/1712/534 4519/1710/533
f 4522/1711/534 4524/1713/647 4523/1714/647 4521/1712/534
f 4524/1713/647 4526/1715/536 4525/1716/536 4523/1714/647
f 4526/1715/536 4528/1717/537 4527/1718/537 4525/1716/536
f 4528/1717/537 4530/1719/538 4529/1720/538 4527/1718/537
f 4530/1719/538 4532/1721/539 4531/1722/539 4529/1720/538
f 4532/1721/539 4534/1723/540 4533/1724/540 4531/1722/539
f 4534/1723/540 4536/1725/541 4535/1726/541 4533/1724/540
f 4536/1725/541 4538/1727/542 4537/1728/542 4535/1726/541
f 4538/1727/542 4540/1729/543 4539/1730/543 4537/1728/542
f 4540/1729/543 4542/1731/544 4541/1732/544 4539/1730/543
f 4542/1731/544 4544/1733/648 4543/1734/648 4541/1732/544
f 4544/1733/648 4546/1735/546 4545/1736/546 4543/1734/648
f 4546/1735/546 4280/799/414 4279/13/414 4545/1736/546
f 4548/718/649 4550/1841/650 4549/1842/650 4547/24/649
f 4550/1841/650 4552/1843/651 4551/1844/651 4549/1842/650
f 4552/1843/651 4554/1845/652 4553/1846/652 4551/1844/651
f 4554/1845/652 4556/1737/653 4555/1738/653 4553/1846/652
f 4556/1737/653 4558/1847/654 4557/1848/654 4555/1738/653
f 4558/1847/654 4560/1759/655 4559/9/655 4557/1848/654
f 4560/1759/655 4562/1849/656 4561/1850/656 4559/9/655
f 4562/1849/656 4564/1739/657 4563/1740/657 4561/1850/656
f 4564/1739/657 4566/1851/658 4565/1852/658 4563/1740/657
f 4566/1851/658 4568/1853/659 4567/1854/659 4565/1852/658
f 4568/1853/659 4570/1855/660 4569/1856/660 4567/1854/659
f 4570/1855/660 4572/1741/661 4571/5/661 4569/1856/660
f 4572/1741/661 4574/1857/662 4573/1858/662 4571/5/661
f 4574/1857/662 4576/1859/663 4575/1860/663 4573/1858/662
f 4576/1859/663 4578/1861/664 4577/1862/664 4575/1860/663
f 4578/1861/664 4580/1742/665 4579/1743/665 4577/1862/664
f 4580/1742/665 4582/1863/666 4581/1864/666 4579/1743/665
f 4582/1863/666 4584/1767/667 4583/43/667 4581/1864/666
f 4584/1767/667 4586/1865/668 4585/1866/668 4583/43/667
f 4586/1865/668 4588/1744/669 4587/1745/669 4585/1866/668
f 4588/1744/669 4590/1867/670 4589/1868/670 4587/1745/669
f 4590/1867/670 4592/1869/671 4591/1870/671 4589/1868/670
f 4592/1869/671 4594/1871/672 4593/1872/672 4591/1870/671
f 4594/1871/672 4596/1392/673 4595/53/673 4593/1872/672
f 4596/1392/673 4598/1873/674 4597/1874/674 4595/53/673
f 4598/1873/674 4600/1875/675 4599/1876/675 4597/1874/674
f 4600/1875/675 4602/1877/676 4601/1878/676 4599/1876/675
f 4602/1877/676 4604/1746/677 4603/1747/677 4601/1878/676
f 4604/1746/677 4606/1879/678 4605/1880/678 4603/1747/677
f 4606/1879/678 4608/1774/679 4607/42/679 4605/1880/678
f 4608/1774/679 4610/1881/680 4609/1882/680 4607/42/679
f 4610/1881/680 4612/1748/681 4611/1749/681 4609/1882/680
f 4612/1748/681 4614/1883/682 4613/1884/682 4611/1749/681
f 4614/1883/682 4616/1885/683 4615/1886/683 4613/1884/682
f 4616/1885/683 4618/1887/684 4617/1888/684 4615/1886/683
f 4618/1887/684 4620/1750/685 4619/36/685 4617/1888/684
f 4620/1750/685 4622/1889/686 4621/1890/686 4619/36/685
f 4622/1889/686 4624/1891/687 4623/1892/687 4621/1890/686
f 4624/1891/687 4626/1893/688 4625/1894/688 4623/1892/687
f 4626/1893/688 4628/1751/689 4627/1752/689 4625/1894/688
f 4628/1751/689 4630/1895/690 4629/1896/690 4627/1752/689
f 4630/1895/690 4632/1782/691 4631/29/691 4629/1896/690
f 4632/1782/691 4634/1897/692 4633/1898/692 4631/29/691
f 4634/1897/692 4636/1753/693 4635/1754/693 4633/1898/692
f 4636/1753/693 4638/1899/694 4637/1900/694 4635/1754/693
f 4638/1899/694 4640/1901/695 4639/1902/695 4637/1900/694
f 4640/1901/695 4642/1903/696 4641/1904/696 4639/1902/695
f 4642/1903/696 4548/799/649 4547/13/649 4641/1904/696
f 4644/718/697 4646/1841/698 4645/1842/698 4643/24/697
f 4646/1841/698 4648/1843/699 4647/1844/699 4645/1842/698
f 4648/1843/699 4650/1845/700 4649/1846/700 4647/1844/699
f 4650/1845/700 4652/1737/701 4651/1738/701 4649/1846/700
f 4652/1737/701 4654/1847/702 4653/1848/702 4651/1738/701
f 4654/1847/702 4656/1759/703 4655/9/703 4653/1848/702
f 4656/1759/703 4658/1849/704 4657/1850/704 4655/9/703
f 4658/1849/704 4660/1739/705 4659/1740/705 4657/1850/704
f 4660/1739/705 4662/1851/706 4661/1852/706 4659/1740/705
f 4662/1851/706 4664/1853/707 4663/1854/707 4661/1852/706
f 4664/1853/707 4666/1855/708 4665/1856/708 4663/1854/707
f 4666/1855/708 4668/1741/709 4667/5/709 4665/1856/708
f 4668/1741/709 4670/1857/710 4669/1858/710 4667/5/709
f 4670/1857/710 4672/1859/711 4671/1860/711 4669/1858/710
f 4672/1859/711 4674/1861/712 4673/1862/712 4671/1860/711
f 4674/1861/712 4676/1742/713 4675/1743/713 4673/1862/712
f 4676/1742/713 4678/1863/714 4677/1864/714 4675/1743/713
f 4678/1863/714 4680/1767/715 4679/43/715 4677/1864/714
f 4680/1767/715 4682/1865/716 4681/1866/716 4679/43/715
f 4682/1865/716 4684/1744/717 4683/1745/717 4681/1866/716
f 4684/1744/717 4686/1867/718 4685/1868/718 4683/1745/717
f 4686/1867/718 4688/1869/719 4687/1870/719 4685/1868/718
f 4688/1869/719 4690/1871/720 4689/1872/720 4687/1870/719
f 4690/1871/720 4692/1392/721 4691/53/721 4689/1872/720
f 4692/1392/721 4694/1873/722 4693/1874/722 4691/53/721
f 4694/1873/722 4696/1875/723 4695/1876/723 4693/1874/722
f 4696/1875/723 4698/1877/724 4697/1878/724 4695/1876/723
f 4698/1877/724 4700/1746/725 4699/1747/725 4697/1878/724
f 4700/1746/725 4702/1879/726 4701/1880/726 4699/1747/725
f 4702/1879/726 4704/1774/727 4703/42/727 4701/1880/726
f 4704/1774/727 4706/1881/728 4705/1882/728 4703/42/727
f 4706/1881/728 4708/1748/729 4707/1749/729 4705/1882/728
f 4708/1748/729 4710/1883/730 4709/1884/730 4707/1749/729
f 4710/1883/730 4712/1885/731 4711/1886/731 4709/1884/730
f 4712/1885/731 4714/1887/732 4713/1888/732 4711/1886/731
f 4714/1887/732 4716/1750/733 4715/36/733 4713/1888/732
f 4716/1750/733 4718/1889/734 4717/1890/734 4715/36/733
f 4718/1889/734 4720/1891/735 4719/1892/735 4717/1890/734
f 4720/1891/735 4722/1893/736 4721/1894/736 4719/1892/735
f 4722/1893/736 4724/1751/737 4723/1752/737 4721/1894/736
f 4724/1751/737 4726/1895/738 4725/1896/738 4723/1752/737
f 4726/1895/738 4728/1782/739 4727/29/739 4725/1896/738
f 4728/1782/739 4730/1897/740 4729/1898/740 4727/29/739
f 4730/1897/740 4732/1753/741 4731/1754/741 4729/1898/740
f 4732/1753/741 4734/1899/742 4733/1900/742 4731/1754/741
f 4734/1899/742 4736/1901/743 4735/1902/743 4733/1900/742
f 4736/1901/743 4738/1903/744 4737/1904/744 4735/1902/743
f 4738/1903/744 4644/799/697 4643/13/697 4737/1904/744
f 4740/718/745 4742/1905/746 4741/1906/746 4739/24/745
f 4742/1905/746 4744/1907/747 4743/1908/747 4741/1906/746
f 4744/1907/747 4746/1789/748 4745/137/748 4743/1908/747
f 4746/1789/748 4748/1909/749 4747/1910/749 4745/137/748
f 4748/1909/749 4750/1911/750 4749/1912/750 4747/1910/749
f 4750/1911/750 4752/1792/751 4751/150/751 4749/1912/750
f 4752/1792/751 4754/1913/752 4753/1914/752 4751/150/751
f 4754/1913/752 4756/1915/753 4755/1916/753 4753/1914/752
f 4756/1915/753 4758/1795/754 4757/143/754 4755/1916/753
f 4758/1795/754 4760/1917/755 4759/1918/755 4757/143/754
f 4760/1917/755 4762/1919/756 4761/1920/756 4759/1918/755
f 4762/1919/756 4764/1798/757 4763/117/757 4761/1920/756
f 4764/1798/757 4766/1921/758 4765/1922/758 4763/117/757
f 4766/1921/758 4768/1923/759 4767/1924/759 4765/1922/758
f 4768/1923/759 4770/1801/760 4769/95/760 4767/1924/759
f 4770/1801/760 4772/1925/761 4771/1926/761 4769/95/760
f 4772/1925/761 4774/1927/762 4773/1928/762 4771/1926/761
f 4774/1927/762 4776/1804/763 4775/68/763 4773/1928/762
f 4776/1804/763 4778/1742/764 4777/1743/764 4775/68/763
f 4778/1742/764 4780/1929/765 4779/1930/765 4777/1743/764
f 4780/1929/765 4782/1807/766 4781/60/766 4779/1930/765
f 4782/1807/766 4784/1931/767 4783/1932/767 4781/60/766
f 4784/1931/767 4786/1933/768 4785/1934/768 4783/1932/767
f 4786/1933/768 4788/1810/769 4787/67/769 4785/1934/768
f 4788/1810/769 4790/1935/265 4789/1936/265 4787/67/769
f 4790/1935/265 4792/1937/266 4791/1938/266 4789/1936/265
f 4792/1937/266 4794/1813/770 4793/94/770 4791/1938/266
f 4794/1813/770 4796/1939/771 4795/1940/771 4793/94/770
f 4796/1939/771 4798/1941/772 4797/1942/772 4795/1940/771
f 4798/1941/772 4800/1814/773 4799/114/773 4797/1942/772
f 4800/1814/773 4802/1943/774 4801/1944/774 4799/114/773
f 4802/1943/774 4804/1945/775 4803/1946/775 4801/1944/774
f 4804/1945/775 4806/1817/776 4805/130/776 4803/1946/775
f 4806/1817/776 4808/1947/777 4807/1948/777 4805/130/776
f 4808/1947/777 4810/1949/778 4809/1950/778 4807/1948/777
f 4810/1949/778 4812/1820/779 4811/139/779 4809/1950/778
f 4812/1820/779 4814/1951/780 4813/1952/780 4811/139/779
f 4814/1951/780 4816/1748/781 4815/1749/781 4813/1952/780
f 4816/1748/781 4818/1823/782 4817/125/782 4815/1749/781
f 4818/1823/782 4820/1953/783 4819/1954/783 4817/125/782
f 4820/1953/783 4822/1955/784 4821/1956/784 4819/1954/783
f 4822/1955/784 4824/1826/785 4823/109/785 4821/1956/784
f 4824/1826/785 4826/1957/786 4825/1958/786 4823/109/785
f 4826/1957/786 4828/1959/787 4827/1960/787 4825/1958/786
f 4828/1959/787 4830/1829/788 4829/93/788 4827/1960/787
f 4830/1829/788 4832/1961/789 4831/1962/789 4829/93/788
f 4832/1961/789 4834/1963/790 4833/1964/790 4831/1962/789
f 4834/1963/790 4836/1832/791 4835/79/791 4833/1964/790
f 4836/1832/791 4838/1965/792 4837/1966/792 4835/79/791
f 4838/1965/792 4840/1967/793 4839/1968/793 4837/1966/792
f 4840/1967/793 4842/1835/794 4841/76/794 4839/1968/793
f 4842/1835/794 4844/1969/265 4843/1970/265 4841/76/794
f 4844/1969/265 4846/1971/266 4845/1972/266 4843/1970/265
f 4846/1971/266 4848/1838/40 4847/90/40 4845/1972/266
f 4848/1838/40 4850/1973/41 4849/1974/41 4847/90/40
f 4850/1973/41 4852/1975/41 4851/1976/41 4849/1974/41
f 4852/1975/41 4740/799/745 4739/13/745 4851/1976/41
