# Blender 4.5.4 LTS
# www.blender.org
mtllib Planet4.mtl
o Sphere
v 0.000000 0.831470 -0.555570
v 0.000000 0.555570 -0.831470
v 0.000000 0.195090 -0.980785
v 0.000000 0.000000 -1.000000
v 0.000000 -0.195090 -0.980785
v 0.000000 -0.555570 -0.831470
v 0.038060 0.980785 -0.191342
v 0.074658 0.923880 -0.375330
v 0.108386 0.831470 -0.544895
v 0.137950 0.707107 -0.693520
v 0.162212 0.555570 -0.815493
v 0.180240 0.382683 -0.906127
v 0.191342 0.195090 -0.961940
v 0.195090 0.000000 -0.980785
v 0.191342 -0.195090 -0.961940
v 0.180240 -0.382683 -0.906127
v 0.162212 -0.555570 -0.815493
v 0.137950 -0.707107 -0.693520
v 0.108386 -0.831470 -0.544895
v 0.074658 -0.923880 -0.375330
v 0.038060 -0.980785 -0.191342
v 0.074658 0.980785 -0.180240
v 0.146447 0.923880 -0.353553
v 0.212608 0.831470 -0.513280
v 0.270598 0.707107 -0.653281
v 0.318190 0.555570 -0.768178
v 0.353553 0.382683 -0.853553
v 0.375330 0.195090 -0.906127
v 0.382683 0.000000 -0.923879
v 0.375330 -0.195090 -0.906127
v 0.353553 -0.382683 -0.853553
v 0.318190 -0.555570 -0.768178
v 0.270598 -0.707107 -0.653281
v 0.212608 -0.831470 -0.513280
v 0.146447 -0.923880 -0.353553
v 0.074658 -0.980785 -0.180240
v 0.108386 0.980785 -0.162212
v 0.212608 0.923880 -0.318190
v 0.308658 0.831470 -0.461940
v 0.392847 0.707107 -0.587938
v 0.461940 0.555570 -0.691342
v 0.513280 0.382683 -0.768178
v 0.544895 0.195090 -0.815493
v 0.555570 0.000000 -0.831469
v 0.544895 -0.195090 -0.815493
v 0.513280 -0.382683 -0.768178
v 0.461940 -0.555570 -0.691342
v 0.392847 -0.707107 -0.587938
v 0.308658 -0.831470 -0.461940
v 0.212608 -0.923880 -0.318190
v 0.108386 -0.980785 -0.162212
v 0.137950 0.980785 -0.137950
v 0.270598 0.923880 -0.270598
v 0.392847 0.831470 -0.392847
v 0.500000 0.707107 -0.500000
v 0.587938 0.555570 -0.587938
v 0.653281 0.382683 -0.653281
v 0.693520 0.195090 -0.693520
v 0.707107 0.000000 -0.707107
v 0.693520 -0.195090 -0.693520
v 0.653281 -0.382683 -0.653281
v 0.587938 -0.555570 -0.587938
v 0.500000 -0.707107 -0.500000
v 0.392847 -0.831470 -0.392847
v 0.270598 -0.923880 -0.270598
v 0.137950 -0.980785 -0.137950
v 0.162212 0.980785 -0.108386
v 0.318190 0.923880 -0.212608
v 0.461940 0.831470 -0.308658
v 0.587938 0.707107 -0.392847
v 0.691342 0.555570 -0.461940
v 0.768178 0.382683 -0.513280
v 0.815493 0.195090 -0.544895
v 0.831470 0.000000 -0.555570
v 0.815493 -0.195090 -0.544895
v 0.768178 -0.382683 -0.513280
v 0.691342 -0.555570 -0.461940
v 0.587938 -0.707107 -0.392847
v 0.461940 -0.831470 -0.308658
v 0.318190 -0.923880 -0.212608
v 0.162212 -0.980785 -0.108386
v 0.000000 1.000000 0.000000
v 0.180240 0.980785 -0.074658
v 0.353553 0.923880 -0.146447
v 0.513280 0.831470 -0.212607
v 0.653281 0.707107 -0.270598
v 0.768178 0.555570 -0.318190
v 0.853553 0.382683 -0.353553
v 0.906127 0.195090 -0.375330
v 0.923879 0.000000 -0.382683
v 0.906127 -0.195090 -0.375330
v 0.853553 -0.382683 -0.353553
v 0.768178 -0.555570 -0.318190
v 0.653281 -0.707107 -0.270598
v 0.513280 -0.831470 -0.212607
v 0.353553 -0.923880 -0.146447
v 0.180240 -0.980785 -0.074658
v 0.191342 0.980785 -0.038060
v 0.375330 0.923880 -0.074658
v 0.544895 0.831470 -0.108386
v 0.693520 0.707107 -0.137950
v 0.815493 0.555570 -0.162212
v 0.906127 0.382683 -0.180240
v 0.961940 0.195090 -0.191342
v 0.980785 0.000000 -0.195090
v 0.961940 -0.195090 -0.191342
v 0.906127 -0.382683 -0.180240
v 0.815493 -0.555570 -0.162212
v 0.693520 -0.707107 -0.137950
v 0.544895 -0.831470 -0.108386
v 0.375330 -0.923880 -0.074658
v 0.191342 -0.980785 -0.038060
v 0.195090 0.980785 0.000000
v 0.382683 0.923880 0.000000
v 0.555570 0.831470 0.000000
v 0.707107 0.707107 -0.000000
v 0.831469 0.555570 0.000000
v 0.923879 0.382683 -0.000000
v 0.980785 0.195090 0.000000
v 1.000000 0.000000 0.000000
v 0.980785 -0.195090 0.000000
v 0.923879 -0.382683 -0.000000
v 0.831469 -0.555570 0.000000
v 0.707107 -0.707107 -0.000000
v 0.555570 -0.831470 0.000000
v 0.382683 -0.923880 0.000000
v 0.195090 -0.980785 0.000000
v 0.191342 0.980785 0.038060
v 0.375330 0.923880 0.074658
v 0.544895 0.831470 0.108386
v 0.693520 0.707107 0.137950
v 0.815493 0.555570 0.162212
v 0.906127 0.382683 0.180240
v 0.961940 0.195090 0.191342
v 0.980785 0.000000 0.195090
v 0.961940 -0.195090 0.191342
v 0.906127 -0.382683 0.180240
v 0.815493 -0.555570 0.162212
v 0.693520 -0.707107 0.137950
v 0.544895 -0.831470 0.108386
v 0.375330 -0.923880 0.074658
v 0.191342 -0.980785 0.038060
v 0.180240 0.980785 0.074658
v 0.353553 0.923880 0.146447
v 0.513280 0.831470 0.212608
v 0.653281 0.707107 0.270598
v 0.768178 0.555570 0.318190
v 0.853553 0.382683 0.353553
v 0.906127 0.195090 0.375330
v 0.923879 0.000000 0.382683
v 0.906127 -0.195090 0.375330
v 0.853553 -0.382683 0.353553
v 0.768178 -0.555570 0.318190
v 0.653281 -0.707107 0.270598
v 0.513280 -0.831470 0.212608
v 0.353553 -0.923880 0.146447
v 0.180240 -0.980785 0.074658
v 0.162212 0.980785 0.108386
v 0.318190 0.923880 0.212608
v 0.461940 0.831470 0.308658
v 0.587938 0.707107 0.392847
v 0.691341 0.555570 0.461940
v 0.768178 0.382683 0.513280
v 0.815493 0.195090 0.544895
v 0.831469 0.000000 0.555570
v 0.815493 -0.195090 0.544895
v 0.768178 -0.382683 0.513280
v 0.691341 -0.555570 0.461940
v 0.587938 -0.707107 0.392847
v 0.461940 -0.831470 0.308658
v 0.318190 -0.923880 0.212608
v 0.162212 -0.980785 0.108386
v 0.137950 0.980785 0.137950
v 0.270598 0.923880 0.270598
v 0.392847 0.831470 0.392847
v 0.500000 0.707107 0.500000
v 0.587938 0.555570 0.587938
v 0.653281 0.382683 0.653281
v 0.693520 0.195090 0.693520
v 0.707106 0.000000 0.707107
v 0.693520 -0.195090 0.693520
v 0.653281 -0.382683 0.653281
v 0.587938 -0.555570 0.587938
v 0.500000 -0.707107 0.500000
v 0.392847 -0.831470 0.392847
v 0.270598 -0.923880 0.270598
v 0.137950 -0.980785 0.137950
v 0.108386 0.980785 0.162212
v 0.212607 0.923880 0.318190
v 0.308658 0.831470 0.461940
v 0.392847 0.707107 0.587938
v 0.461940 0.555570 0.691342
v 0.513280 0.382683 0.768178
v 0.544895 0.195090 0.815493
v 0.555570 0.000000 0.831469
v 0.544895 -0.195090 0.815493
v 0.513280 -0.382683 0.768178
v 0.461940 -0.555570 0.691342
v 0.392847 -0.707107 0.587938
v 0.308658 -0.831470 0.461940
v 0.212607 -0.923880 0.318190
v 0.108386 -0.980785 0.162212
v 0.074658 0.980785 0.180240
v 0.146447 0.923880 0.353553
v 0.212607 0.831470 0.513280
v 0.270598 0.707107 0.653281
v 0.318189 0.555570 0.768178
v 0.353553 0.382683 0.853553
v 0.375330 0.195090 0.906127
v 0.382683 0.000000 0.923879
v 0.375330 -0.195090 0.906127
v 0.353553 -0.382683 0.853553
v 0.318189 -0.555570 0.768178
v 0.270598 -0.707107 0.653281
v 0.212607 -0.831470 0.513280
v 0.146447 -0.923880 0.353553
v 0.074658 -0.980785 0.180240
v 0.038060 0.980785 0.191342
v 0.074658 0.923880 0.375330
v 0.108386 0.831470 0.544895
v 0.137950 0.707107 0.693520
v 0.162212 0.555570 0.815493
v 0.180240 0.382683 0.906127
v 0.191342 0.195090 0.961939
v 0.195090 0.000000 0.980785
v 0.191342 -0.195090 0.961939
v 0.180240 -0.382683 0.906127
v 0.162212 -0.555570 0.815493
v 0.137950 -0.707107 0.693520
v 0.108386 -0.831470 0.544895
v 0.074658 -0.923880 0.375330
v 0.038060 -0.980785 0.191342
v -0.000000 0.980785 0.195090
v -0.000000 0.923880 0.382683
v -0.000000 0.831470 0.555570
v -0.000000 0.707107 0.707107
v -0.000000 0.555570 0.831469
v 0.000000 0.382683 0.923879
v -0.000000 0.195090 0.980785
v -0.000000 0.000000 0.999999
v -0.000000 -0.195090 0.980785
v 0.000000 -0.382683 0.923879
v -0.000000 -0.555570 0.831469
v -0.000000 -0.707107 0.707107
v -0.000000 -0.831470 0.555570
v -0.000000 -0.923880 0.382683
v -0.000000 -0.980785 0.195090
v -0.038060 0.980785 0.191342
v -0.074658 0.923880 0.375330
v -0.108386 0.831470 0.544895
v -0.137950 0.707107 0.693520
v -0.162212 0.555570 0.815493
v -0.180240 0.382683 0.906127
v -0.191342 0.195090 0.961939
v -0.195091 0.000000 0.980785
v -0.191342 -0.195090 0.961939
v -0.180240 -0.382683 0.906127
v -0.162212 -0.555570 0.815493
v -0.137950 -0.707107 0.693520
v -0.108386 -0.831470 0.544895
v -0.074658 -0.923880 0.375330
v -0.038060 -0.980785 0.191342
v -0.074658 0.980785 0.180240
v -0.146447 0.923880 0.353553
v -0.212608 0.831470 0.513280
v -0.270598 0.707107 0.653281
v -0.318190 0.555570 0.768177
v -0.353553 0.382683 0.853553
v -0.375330 0.195090 0.906127
v -0.382683 0.000000 0.923879
v -0.375330 -0.195090 0.906127
v -0.353553 -0.382683 0.853553
v -0.318190 -0.555570 0.768177
v -0.270598 -0.707107 0.653281
v -0.212608 -0.831470 0.513280
v -0.146447 -0.923880 0.353553
v -0.074658 -0.980785 0.180240
v -0.108386 0.980785 0.162212
v -0.212608 0.923880 0.318190
v -0.308658 0.831470 0.461939
v -0.392847 0.707107 0.587938
v -0.461940 0.555570 0.691341
v -0.513280 0.382683 0.768178
v -0.544895 0.195090 0.815493
v -0.555570 0.000000 0.831469
v -0.544895 -0.195090 0.815493
v -0.513280 -0.382683 0.768178
v -0.461940 -0.555570 0.691341
v -0.392847 -0.707107 0.587938
v -0.308658 -0.831470 0.461939
v -0.212608 -0.923880 0.318190
v -0.108386 -0.980785 0.162212
v -0.137950 0.980785 0.137950
v -0.270598 0.923880 0.270598
v -0.392847 0.831470 0.392847
v -0.500000 0.707107 0.500000
v -0.587938 0.555570 0.587937
v -0.653281 0.382683 0.653281
v -0.693520 0.195090 0.693520
v -0.707106 0.000000 0.707106
v -0.693520 -0.195090 0.693520
v -0.653281 -0.382683 0.653281
v -0.587938 -0.555570 0.587937
v -0.500000 -0.707107 0.500000
v -0.392847 -0.831470 0.392847
v -0.270598 -0.923880 0.270598
v -0.137950 -0.980785 0.137950
v 0.000000 -1.000000 0.000000
v -0.162212 0.980785 0.108386
v -0.318190 0.923880 0.212607
v -0.461940 0.831470 0.308658
v -0.587938 0.707107 0.392847
v -0.691341 0.555570 0.461939
v -0.768177 0.382683 0.513280
v -0.815493 0.195090 0.544895
v -0.831469 0.000000 0.555569
v -0.815493 -0.195090 0.544895
v -0.768177 -0.382683 0.513280
v -0.691341 -0.555570 0.461939
v -0.587938 -0.707107 0.392847
v -0.461940 -0.831470 0.308658
v -0.318190 -0.923880 0.212607
v -0.162212 -0.980785 0.108386
v -0.180240 0.980785 0.074658
v -0.353553 0.923880 0.146447
v -0.513280 0.831470 0.212607
v -0.653281 0.707107 0.270598
v -0.768177 0.555570 0.318189
v -0.853553 0.382683 0.353553
v -0.906127 0.195090 0.375330
v -0.923879 0.000000 0.382683
v -0.906127 -0.195090 0.375330
v -0.853553 -0.382683 0.353553
v -0.768177 -0.555570 0.318189
v -0.653281 -0.707107 0.270598
v -0.513280 -0.831470 0.212607
v -0.353553 -0.923880 0.146447
v -0.180240 -0.980785 0.074658
v -0.191342 0.980785 0.038060
v -0.375330 0.923880 0.074658
v -0.544895 0.831470 0.108386
v -0.693520 0.707107 0.137950
v -0.815493 0.555570 0.162211
v -0.906127 0.382683 0.180240
v -0.961939 0.195090 0.191341
v -0.980784 0.000000 0.195090
v -0.961939 -0.195090 0.191341
v -0.906127 -0.382683 0.180240
v -0.815493 -0.555570 0.162211
v -0.693520 -0.707107 0.137950
v -0.544895 -0.831470 0.108386
v -0.375330 -0.923880 0.074658
v -0.191342 -0.980785 0.038060
v -0.195090 0.980785 -0.000000
v -0.382683 0.923880 -0.000000
v -0.555570 0.831470 -0.000000
v -0.707107 0.707107 -0.000000
v -0.831469 0.555570 -0.000000
v -0.923879 0.382683 -0.000000
v -0.980785 0.195090 -0.000000
v -0.999999 0.000000 -0.000000
v -0.980785 -0.195090 -0.000000
v -0.923879 -0.382683 -0.000000
v -0.831469 -0.555570 -0.000000
v -0.707107 -0.707107 -0.000000
v -0.555570 -0.831470 -0.000000
v -0.382683 -0.923880 -0.000000
v -0.195090 -0.980785 -0.000000
v -0.191342 0.980785 -0.038060
v -0.375330 0.923880 -0.074658
v -0.544895 0.831470 -0.108386
v -0.693520 0.707107 -0.137950
v -0.815493 0.555570 -0.162212
v -0.906127 0.382683 -0.180240
v -0.961939 0.195090 -0.191342
v -0.980784 0.000000 -0.195091
v -0.961939 -0.195090 -0.191342
v -0.906127 -0.382683 -0.180240
v -0.815493 -0.555570 -0.162212
v -0.693520 -0.707107 -0.137950
v -0.544895 -0.831470 -0.108386
v -0.375330 -0.923880 -0.074658
v -0.191342 -0.980785 -0.038060
v -0.180240 0.980785 -0.074658
v -0.353553 0.923880 -0.146447
v -0.513279 0.831470 -0.212607
v -0.653281 0.707107 -0.270598
v -0.768177 0.555570 -0.318190
v -0.853553 0.382683 -0.353553
v -0.906127 0.195090 -0.375330
v -0.923878 0.000000 -0.382683
v -0.906127 -0.195090 -0.375330
v -0.853553 -0.382683 -0.353553
v -0.768177 -0.555570 -0.318190
v -0.653281 -0.707107 -0.270598
v -0.513279 -0.831470 -0.212607
v -0.353553 -0.923880 -0.146447
v -0.180240 -0.980785 -0.074658
v -0.162212 0.980785 -0.108386
v -0.318189 0.923880 -0.212607
v -0.461939 0.831470 -0.308658
v -0.587938 0.707107 -0.392847
v -0.691341 0.555570 -0.461940
v -0.768177 0.382683 -0.513280
v -0.815493 0.195090 -0.544895
v -0.831468 0.000000 -0.555570
v -0.815493 -0.195090 -0.544895
v -0.768177 -0.382683 -0.513280
v -0.691341 -0.555570 -0.461940
v -0.587938 -0.707107 -0.392847
v -0.461939 -0.831470 -0.308658
v -0.318189 -0.923880 -0.212607
v -0.162212 -0.980785 -0.108386
v -0.137950 0.980785 -0.137950
v -0.270598 0.923880 -0.270598
v -0.392847 0.831470 -0.392847
v -0.500000 0.707107 -0.500000
v -0.587937 0.555570 -0.587938
v -0.653281 0.382683 -0.653281
v -0.693519 0.195090 -0.693520
v -0.707106 0.000000 -0.707106
v -0.693519 -0.195090 -0.693520
v -0.653281 -0.382683 -0.653281
v -0.587937 -0.555570 -0.587938
v -0.500000 -0.707107 -0.500000
v -0.392847 -0.831470 -0.392847
v -0.270598 -0.923880 -0.270598
v -0.137950 -0.980785 -0.137950
v -0.108386 0.980785 -0.162212
v -0.212607 0.923880 -0.318190
v -0.308658 0.831470 -0.461939
v -0.392847 0.707107 -0.587938
v -0.461939 0.555570 -0.691341
v -0.513280 0.382683 -0.768177
v -0.544895 0.195090 -0.815493
v -0.555569 0.000000 -0.831469
v -0.544895 -0.195090 -0.815493
v -0.513280 -0.382683 -0.768177
v -0.461939 -0.555570 -0.691341
v -0.392847 -0.707107 -0.587938
v -0.308658 -0.831470 -0.461939
v -0.212607 -0.923880 -0.318190
v -0.108386 -0.980785 -0.162212
v -0.074658 0.980785 -0.180240
v -0.146446 0.923880 -0.353553
v -0.212607 0.831470 -0.513279
v -0.270598 0.707107 -0.653281
v -0.318189 0.555570 -0.768177
v -0.353553 0.382683 -0.853553
v -0.375330 0.195090 -0.906127
v -0.382683 0.000000 -0.923879
v -0.375330 -0.195090 -0.906127
v -0.353553 -0.382683 -0.853553
v -0.318189 -0.555570 -0.768177
v -0.270598 -0.707107 -0.653281
v -0.212607 -0.831470 -0.513279
v -0.146446 -0.923880 -0.353553
v -0.074658 -0.980785 -0.180240
v -0.038060 0.980785 -0.191342
v -0.074658 0.923880 -0.375330
v -0.108386 0.831470 -0.544895
v -0.137950 0.707107 -0.693520
v -0.162211 0.555570 -0.815493
v -0.180240 0.382683 -0.906127
v -0.191341 0.195090 -0.961939
v -0.195090 0.000000 -0.980784
v -0.191341 -0.195090 -0.961939
v -0.180240 -0.382683 -0.906127
v -0.162211 -0.555570 -0.815493
v -0.137950 -0.707107 -0.693520
v -0.108386 -0.831470 -0.544895
v -0.074658 -0.923880 -0.375330
v -0.038060 -0.980785 -0.191342
v 0.000000 0.980785 -0.195090
v 0.000000 0.923880 -0.382683
v 0.000000 0.707107 -0.707107
v 0.000000 0.382683 -0.923879
v 0.000000 -0.382683 -0.923879
v 0.000000 -0.707107 -0.707107
v 0.000000 -0.831470 -0.555570
v 0.000000 -0.923880 -0.382683
v 0.000000 -0.980785 -0.195090
v 0.000000 0.097545 -0.990393
v 0.000000 -0.097545 -0.990393
v 0.056359 0.952332 -0.283336
v 0.091522 0.877675 -0.460113
v 0.123168 0.769288 -0.619208
v 0.150081 0.631338 -0.754506
v 0.171226 0.469127 -0.860810
v 0.185791 0.288887 -0.934034
v 0.193216 0.097545 -0.971362
v 0.193216 -0.097545 -0.971362
v 0.185791 -0.288887 -0.934034
v 0.171226 -0.469127 -0.860810
v 0.150081 -0.631338 -0.754506
v 0.123168 -0.769288 -0.619208
v 0.091522 -0.877675 -0.460113
v 0.056359 -0.952332 -0.283336
v 0.081106 -0.555570 -0.823481
v 0.054193 0.831470 -0.550233
v 0.081106 0.555570 -0.823481
v 0.095671 0.195090 -0.971362
v 0.097545 0.000000 -0.990393
v 0.095671 -0.195090 -0.971362
v 0.110552 0.952332 -0.266897
v 0.179527 0.877675 -0.433417
v 0.241603 0.769288 -0.583281
v 0.294394 0.631338 -0.710730
v 0.335871 0.469127 -0.810866
v 0.364442 0.288887 -0.879840
v 0.379007 0.097545 -0.915003
v 0.379007 -0.097545 -0.915003
v 0.364442 -0.288887 -0.879840
v 0.335871 -0.469127 -0.810866
v 0.294394 -0.631338 -0.710730
v 0.241603 -0.769288 -0.583281
v 0.179527 -0.877675 -0.433417
v 0.110552 -0.952332 -0.266897
v 0.266897 -0.382683 -0.879840
v 0.283336 -0.195090 -0.934034
v 0.160497 0.831470 -0.529088
v 0.110552 0.923880 -0.364442
v 0.240201 -0.555570 -0.791835
v 0.204274 0.707107 -0.673401
v 0.204274 -0.707107 -0.673401
v 0.240201 0.555570 -0.791835
v 0.160497 -0.831470 -0.529088
v 0.266897 0.382683 -0.879840
v 0.110552 -0.923880 -0.364442
v 0.283336 0.195090 -0.934034
v 0.056359 -0.980785 -0.185791
v 0.288887 0.000000 -0.952332
v 0.056359 0.980785 -0.185791
v 0.160497 0.952332 -0.240201
v 0.260633 0.877675 -0.390065
v 0.350753 0.769288 -0.524939
v 0.427394 0.631338 -0.639640
v 0.487610 0.469127 -0.729760
v 0.529088 0.288887 -0.791835
v 0.550233 0.097545 -0.823481
v 0.550233 -0.097545 -0.823481
v 0.529088 -0.288887 -0.791835
v 0.487610 -0.469127 -0.729760
v 0.427394 -0.631338 -0.639640
v 0.350753 -0.769288 -0.524939
v 0.260633 -0.877675 -0.390065
v 0.160497 -0.952332 -0.240201
v 0.179527 -0.923880 -0.335872
v 0.260633 -0.831470 -0.487610
v 0.460113 0.195090 -0.860810
v 0.433417 0.382683 -0.810866
v 0.091522 -0.980785 -0.171226
v 0.469127 0.000000 -0.877674
v 0.091522 0.980785 -0.171226
v 0.460113 -0.195090 -0.860810
v 0.179527 0.923880 -0.335872
v 0.433417 -0.382683 -0.810866
v 0.260633 0.831470 -0.487610
v 0.390065 -0.555570 -0.729760
v 0.331723 0.707107 -0.620610
v 0.331723 -0.707107 -0.620610
v 0.390065 0.555570 -0.729760
v 0.204274 0.952332 -0.204274
v 0.331723 0.877675 -0.331723
v 0.446424 0.769288 -0.446424
v 0.543969 0.631338 -0.543969
v 0.620610 0.469127 -0.620610
v 0.673401 0.288887 -0.673401
v 0.700313 0.097545 -0.700313
v 0.700313 -0.097545 -0.700313
v 0.673401 -0.288887 -0.673401
v 0.620610 -0.469127 -0.620610
v 0.543969 -0.631338 -0.543969
v 0.446424 -0.769288 -0.446424
v 0.331723 -0.877675 -0.331723
v 0.204274 -0.952332 -0.204274
v 0.350753 0.831470 -0.427394
v 0.241603 0.923880 -0.294394
v 0.524939 -0.555570 -0.639640
v 0.583281 -0.382683 -0.710730
v 0.446424 0.707107 -0.543969
v 0.446424 -0.707107 -0.543969
v 0.524939 0.555570 -0.639640
v 0.350753 -0.831470 -0.427394
v 0.583281 0.382683 -0.710730
v 0.241603 -0.923880 -0.294394
v 0.619208 0.195090 -0.754506
v 0.123168 -0.980785 -0.150081
v 0.631338 0.000000 -0.769288
v 0.123168 0.980785 -0.150081
v 0.619208 -0.195090 -0.754506
v 0.240201 0.952332 -0.160497
v 0.390065 0.877675 -0.260633
v 0.524939 0.769288 -0.350753
v 0.639640 0.631338 -0.427394
v 0.729760 0.469127 -0.487610
v 0.791835 0.288887 -0.529087
v 0.823481 0.097545 -0.550233
v 0.823481 -0.097545 -0.550233
v 0.791835 -0.288887 -0.529087
v 0.729760 -0.469127 -0.487610
v 0.639640 -0.631338 -0.427394
v 0.524939 -0.769288 -0.350753
v 0.390065 -0.877675 -0.260633
v 0.240201 -0.952332 -0.160497
v 0.754506 0.195090 -0.619207
v 0.710729 0.382683 -0.583281
v 0.150081 -0.980785 -0.123168
v 0.294394 -0.923880 -0.241603
v 0.769288 0.000000 -0.631338
v 0.150081 0.980785 -0.123168
v 0.754506 -0.195090 -0.619207
v 0.294394 0.923880 -0.241603
v 0.710729 -0.382683 -0.583281
v 0.427394 0.831470 -0.350753
v 0.639640 -0.555570 -0.524939
v 0.543969 0.707107 -0.446424
v 0.543969 -0.707107 -0.446424
v 0.639640 0.555570 -0.524939
v 0.427394 -0.831470 -0.350753
v 0.090120 0.990393 -0.037329
v 0.266897 0.952332 -0.110552
v 0.433417 0.877675 -0.179527
v 0.583281 0.769288 -0.241603
v 0.710730 0.631338 -0.294394
v 0.810865 0.469127 -0.335871
v 0.879840 0.288887 -0.364442
v 0.915003 0.097545 -0.379007
v 0.915003 -0.097545 -0.379007
v 0.879840 -0.288887 -0.364442
v 0.810865 -0.469127 -0.335871
v 0.710730 -0.631338 -0.294394
v 0.583281 -0.769288 -0.241603
v 0.433417 -0.877675 -0.179527
v 0.266897 -0.952332 -0.110552
v 0.729760 -0.555570 -0.390065
v 0.810865 -0.382683 -0.433417
v 0.620610 0.707107 -0.331723
v 0.487610 0.831470 -0.260633
v 0.620610 -0.707107 -0.331723
v 0.729760 0.555570 -0.390065
v 0.487610 -0.831470 -0.260633
v 0.810865 0.382683 -0.433417
v 0.335872 -0.923880 -0.179527
v 0.860810 0.195090 -0.460113
v 0.171226 -0.980785 -0.091522
v 0.877674 0.000000 -0.469127
v 0.171226 0.980785 -0.091522
v 0.860810 -0.195090 -0.460113
v 0.335872 0.923880 -0.179527
v 0.283336 0.952332 -0.056359
v 0.460113 0.877675 -0.091522
v 0.619208 0.769288 -0.123168
v 0.754506 0.631338 -0.150081
v 0.860810 0.469127 -0.171226
v 0.934034 0.288887 -0.185791
v 0.971362 0.097545 -0.193216
v 0.971362 -0.097545 -0.193216
v 0.934034 -0.288887 -0.185791
v 0.860810 -0.469127 -0.171226
v 0.754506 -0.631338 -0.150081
v 0.619208 -0.769288 -0.123168
v 0.460113 -0.877675 -0.091522
v 0.283336 -0.952332 -0.056359
v 0.185791 -0.980785 -0.056359
v 0.364442 -0.923880 -0.110552
v 0.952332 0.000000 -0.288887
v 0.934034 0.195090 -0.283336
v 0.185791 0.980785 -0.056359
v 0.934034 -0.195090 -0.283336
v 0.364442 0.923880 -0.110552
v 0.879840 -0.382683 -0.266897
v 0.529087 0.831470 -0.160497
v 0.791835 -0.555570 -0.240201
v 0.673401 0.707107 -0.204274
v 0.673401 -0.707107 -0.204274
v 0.791835 0.555570 -0.240201
v 0.529087 -0.831470 -0.160497
v 0.879840 0.382683 -0.266897
v 0.288887 0.952332 0.000000
v 0.469127 0.877675 0.000000
v 0.631338 0.769288 0.000000
v 0.769288 0.631338 0.000000
v 0.877674 0.469127 0.000000
v 0.952332 0.288887 0.000000
v 0.990392 0.097545 0.000000
v 0.990392 -0.097545 0.000000
v 0.952332 -0.288887 0.000000
v 0.877674 -0.469127 0.000000
v 0.769288 -0.631338 0.000000
v 0.631338 -0.769288 0.000000
v 0.469127 -0.877675 0.000000
v 0.288887 -0.952332 0.000000
v 0.700313 0.707107 -0.068975
v 0.550233 0.831470 -0.054193
v 0.700313 -0.707107 -0.068975
v 0.823481 -0.555570 -0.081106
v 0.823481 0.555570 -0.081106
v 0.550233 -0.831470 -0.054193
v 0.915003 0.382683 -0.090120
v 0.379007 -0.923880 -0.037329
v 0.971362 0.195090 -0.095671
v 0.193216 -0.980785 -0.019030
v 0.990392 0.000000 -0.097545
v 0.193216 0.980785 -0.019030
v 0.971362 -0.195090 -0.095671
v 0.379007 0.923880 -0.037329
v 0.915003 -0.382683 -0.090120
v 0.283336 0.952332 0.056359
v 0.460113 0.877675 0.091522
v 0.619207 0.769288 0.123168
v 0.754506 0.631338 0.150081
v 0.860810 0.469127 0.171226
v 0.934033 0.288887 0.185791
v 0.971362 0.097545 0.193216
v 0.971362 -0.097545 0.193216
v 0.934033 -0.288887 0.185791
v 0.860810 -0.469127 0.171226
v 0.754506 -0.631338 0.150081
v 0.619207 -0.769288 0.123168
v 0.460113 -0.877675 0.091522
v 0.283336 -0.952332 0.056359
v 0.990392 0.000000 0.097545
v 0.971362 0.195090 0.095671
v 0.193216 0.980785 0.019030
v 0.193216 -0.980785 0.019030
v 0.971362 -0.195090 0.095671
v 0.379007 0.923880 0.037329
v 0.915003 -0.382683 0.090120
v 0.550233 0.831470 0.054193
v 0.823481 -0.555570 0.081106
v 0.700313 0.707107 0.068975
v 0.700313 -0.707107 0.068975
v 0.823481 0.555570 0.081106
v 0.550233 -0.831470 0.054193
v 0.915003 0.382683 0.090120
v 0.379007 -0.923880 0.037329
v 0.266897 0.952332 0.110552
v 0.433417 0.877675 0.179527
v 0.583281 0.769288 0.241603
v 0.710729 0.631338 0.294394
v 0.810865 0.469127 0.335871
v 0.879840 0.288887 0.364442
v 0.915003 0.097545 0.379007
v 0.915003 -0.097545 0.379007
v 0.879840 -0.288887 0.364442
v 0.810865 -0.469127 0.335871
v 0.710729 -0.631338 0.294394
v 0.583281 -0.769288 0.241603
v 0.433417 -0.877675 0.179527
v 0.266897 -0.952332 0.110552
v 0.673401 -0.707107 0.204274
v 0.791835 -0.555570 0.240201
v 0.791835 0.555570 0.240201
v 0.673401 0.707107 0.204274
v 0.529087 -0.831470 0.160497
v 0.879840 0.382683 0.266897
v 0.364442 -0.923880 0.110552
v 0.934033 0.195090 0.283336
v 0.185791 -0.980785 0.056359
v 0.952332 0.000000 0.288887
v 0.185791 0.980785 0.056359
v 0.934033 -0.195090 0.283336
v 0.364442 0.923880 0.110552
v 0.879840 -0.382683 0.266897
v 0.529087 0.831470 0.160497
v 0.240201 0.952332 0.160497
v 0.390065 0.877675 0.260633
v 0.524939 0.769288 0.350753
v 0.639640 0.631338 0.427394
v 0.729760 0.469127 0.487610
v 0.791835 0.288887 0.529087
v 0.823481 0.097545 0.550233
v 0.823481 -0.097545 0.550233
v 0.791835 -0.288887 0.529087
v 0.729760 -0.469127 0.487610
v 0.639640 -0.631338 0.427394
v 0.524939 -0.769288 0.350753
v 0.390065 -0.877675 0.260633
v 0.240201 -0.952332 0.160497
v 0.171226 -0.980785 0.091522
v 0.860810 -0.195090 0.460113
v 0.877674 0.000000 0.469127
v 0.335871 0.923880 0.179527
v 0.171226 0.980785 0.091522
v 0.810865 -0.382683 0.433417
v 0.487610 0.831470 0.260633
v 0.729759 -0.555570 0.390065
v 0.620610 0.707107 0.331723
v 0.620610 -0.707107 0.331723
v 0.729759 0.555570 0.390065
v 0.487610 -0.831470 0.260633
v 0.810865 0.382683 0.433417
v 0.335871 -0.923880 0.179527
v 0.860810 0.195090 0.460113
v 0.204274 0.952332 0.204274
v 0.331723 0.877675 0.331723
v 0.446424 0.769288 0.446424
v 0.543969 0.631338 0.543969
v 0.620609 0.469127 0.620610
v 0.673401 0.288887 0.673401
v 0.700313 0.097545 0.700313
v 0.700313 -0.097545 0.700313
v 0.673401 -0.288887 0.673401
v 0.620609 -0.469127 0.620610
v 0.543969 -0.631338 0.543969
v 0.446424 -0.769288 0.446424
v 0.331723 -0.877675 0.331723
v 0.204274 -0.952332 0.204274
v 0.427393 -0.831470 0.350753
v 0.543969 -0.707107 0.446424
v 0.710729 0.382683 0.583281
v 0.639639 0.555570 0.524939
v 0.294394 -0.923880 0.241603
v 0.754506 0.195090 0.619207
v 0.150081 -0.980785 0.123168
v 0.769288 0.000000 0.631338
v 0.150081 0.980785 0.123168
v 0.754506 -0.195090 0.619207
v 0.294394 0.923880 0.241603
v 0.710729 -0.382683 0.583281
v 0.427393 0.831470 0.350753
v 0.639639 -0.555570 0.524939
v 0.543969 0.707107 0.446424
v 0.160497 0.952332 0.240201
v 0.260633 0.877675 0.390065
v 0.350753 0.769288 0.524939
v 0.427393 0.631338 0.639640
v 0.487610 0.469127 0.729760
v 0.529087 0.288887 0.791835
v 0.550232 0.097545 0.823481
v 0.550232 -0.097545 0.823481
v 0.529087 -0.288887 0.791835
v 0.487610 -0.469127 0.729760
v 0.427393 -0.631338 0.639640
v 0.350753 -0.769288 0.524939
v 0.260633 -0.877675 0.390065
v 0.160497 -0.952332 0.240201
v 0.241603 0.923880 0.294394
v 0.123168 0.980785 0.150081
v 0.583281 -0.382683 0.710729
v 0.619207 -0.195090 0.754506
v 0.350753 0.831470 0.427394
v 0.524939 -0.555570 0.639640
v 0.446424 0.707107 0.543969
v 0.446424 -0.707107 0.543969
v 0.524939 0.555570 0.639640
v 0.350753 -0.831470 0.427394
v 0.583281 0.382683 0.710729
v 0.241603 -0.923880 0.294394
v 0.619207 0.195090 0.754506
v 0.123168 -0.980785 0.150081
v 0.631338 0.000000 0.769288
v 0.110552 0.952332 0.266897
v 0.179527 0.877675 0.433417
v 0.241603 0.769288 0.583281
v 0.294394 0.631338 0.710729
v 0.335871 0.469127 0.810865
v 0.364442 0.288887 0.879840
v 0.379007 0.097545 0.915003
v 0.379007 -0.097545 0.915003
v 0.364442 -0.288887 0.879840
v 0.335871 -0.469127 0.810865
v 0.294394 -0.631338 0.710729
v 0.241603 -0.769288 0.583281
v 0.179527 -0.877675 0.433417
v 0.110552 -0.952332 0.266897
v 0.433417 0.382683 0.810865
v 0.390064 0.555570 0.729760
v 0.179527 -0.923880 0.335871
v 0.260633 -0.831470 0.487610
v 0.460112 0.195090 0.860810
v 0.091522 -0.980785 0.171226
v 0.469126 0.000000 0.877674
v 0.091522 0.980785 0.171226
v 0.460112 -0.195090 0.860810
v 0.179527 0.923880 0.335871
v 0.433417 -0.382683 0.810865
v 0.260633 0.831470 0.487610
v 0.390064 -0.555570 0.729760
v 0.331723 0.707107 0.620610
v 0.331723 -0.707107 0.620610
v 0.056359 0.952332 0.283336
v 0.091522 0.877675 0.460113
v 0.123168 0.769288 0.619207
v 0.150081 0.631338 0.754506
v 0.171226 0.469127 0.860810
v 0.185791 0.288887 0.934033
v 0.193216 0.097545 0.971362
v 0.193216 -0.097545 0.971362
v 0.185791 -0.288887 0.934033
v 0.171226 -0.469127 0.860810
v 0.150081 -0.631338 0.754506
v 0.123168 -0.769288 0.619207
v 0.091522 -0.877675 0.460113
v 0.056359 -0.952332 0.283336
v 0.266897 -0.382683 0.879840
v 0.283336 -0.195090 0.934033
v 0.160497 0.831470 0.529087
v 0.110552 0.923880 0.364442
v 0.240200 -0.555570 0.791835
v 0.204274 0.707107 0.673401
v 0.204274 -0.707107 0.673401
v 0.240200 0.555570 0.791835
v 0.160497 -0.831470 0.529087
v 0.266897 0.382683 0.879840
v 0.110552 -0.923880 0.364442
v 0.283336 0.195090 0.934033
v 0.056359 -0.980785 0.185791
v 0.288886 0.000000 0.952332
v 0.056359 0.980785 0.185791
v -0.000000 0.952332 0.288887
v -0.000000 0.877675 0.469127
v -0.000000 0.769288 0.631338
v -0.000000 0.631338 0.769288
v -0.000000 0.469127 0.877674
v -0.000000 0.288887 0.952332
v -0.000000 0.097545 0.990392
v -0.000000 -0.097545 0.990392
v -0.000000 -0.288887 0.952332
v -0.000000 -0.469127 0.877674
v -0.000000 -0.631338 0.769288
v -0.000000 -0.769288 0.631338
v -0.000000 -0.877675 0.469127
v -0.000000 -0.952332 0.288887
v 0.037329 -0.923880 0.379007
v 0.054193 -0.831470 0.550232
v 0.095671 0.195090 0.971362
v 0.090120 0.382683 0.915003
v 0.019030 -0.980785 0.193216
v 0.097545 0.000000 0.990392
v 0.019030 0.980785 0.193216
v 0.095671 -0.195090 0.971362
v 0.037329 0.923880 0.379007
v 0.090120 -0.382683 0.915003
v 0.054193 0.831470 0.550232
v 0.081106 -0.555570 0.823481
v 0.068975 0.707107 0.700313
v 0.068975 -0.707107 0.700313
v 0.081106 0.555570 0.823481
v -0.056359 0.952332 0.283336
v -0.091522 0.877675 0.460113
v -0.123168 0.769288 0.619207
v -0.150081 0.631338 0.754506
v -0.171226 0.469127 0.860810
v -0.185791 0.288887 0.934033
v -0.193216 0.097545 0.971362
v -0.193216 -0.097545 0.971362
v -0.185791 -0.288887 0.934033
v -0.171226 -0.469127 0.860810
v -0.150081 -0.631338 0.754506
v -0.123168 -0.769288 0.619207
v -0.091522 -0.877675 0.460113
v -0.056359 -0.952332 0.283336
v -0.054193 0.831470 0.550232
v -0.037329 0.923880 0.379007
v -0.081106 -0.555570 0.823481
v -0.090120 -0.382683 0.915003
v -0.068975 0.707107 0.700313
v -0.068975 -0.707107 0.700313
v -0.081106 0.555570 0.823481
v -0.054193 -0.831470 0.550232
v -0.090120 0.382683 0.915003
v -0.037329 -0.923880 0.379007
v -0.095671 0.195090 0.971362
v -0.019030 -0.980785 0.193216
v -0.097545 0.000000 0.990392
v -0.019030 0.980785 0.193216
v -0.095671 -0.195090 0.971362
v -0.110552 0.952332 0.266897
v -0.179527 0.877675 0.433416
v -0.241603 0.769288 0.583280
v -0.294394 0.631338 0.710729
v -0.335871 0.469127 0.810865
v -0.364442 0.288887 0.879840
v -0.379007 0.097545 0.915003
v -0.379007 -0.097545 0.915003
v -0.364442 -0.288887 0.879840
v -0.335871 -0.469127 0.810865
v -0.294394 -0.631338 0.710729
v -0.241603 -0.769288 0.583280
v -0.179527 -0.877675 0.433416
v -0.110552 -0.952332 0.266897
v -0.283336 0.195090 0.934033
v -0.266897 0.382683 0.879840
v -0.056359 -0.980785 0.185791
v -0.110552 -0.923880 0.364442
v -0.288887 0.000000 0.952332
v -0.056359 0.980785 0.185791
v -0.283336 -0.195090 0.934033
v -0.110552 0.923880 0.364442
v -0.266897 -0.382683 0.879840
v -0.160497 0.831470 0.529087
v -0.240201 -0.555570 0.791835
v -0.204274 0.707107 0.673401
v -0.204274 -0.707107 0.673401
v -0.240201 0.555570 0.791835
v -0.160497 -0.831470 0.529087
v -0.160497 0.952332 0.240201
v -0.260633 0.877675 0.390064
v -0.350753 0.769288 0.524939
v -0.427394 0.631338 0.639639
v -0.487610 0.469127 0.729759
v -0.529087 0.288887 0.791835
v -0.550233 0.097545 0.823481
v -0.550233 -0.097545 0.823481
v -0.529087 -0.288887 0.791835
v -0.487610 -0.469127 0.729759
v -0.427394 -0.631338 0.639639
v -0.350753 -0.769288 0.524939
v -0.260633 -0.877675 0.390064
v -0.160497 -0.952332 0.240201
v -0.390065 -0.555570 0.729759
v -0.433416 -0.382683 0.810865
v -0.331723 0.707107 0.620610
v -0.260633 0.831470 0.487610
v -0.331723 -0.707107 0.620610
v -0.390065 0.555570 0.729759
v -0.260633 -0.831470 0.487610
v -0.433416 0.382683 0.810865
v -0.179527 -0.923880 0.335871
v -0.460113 0.195090 0.860810
v -0.091522 -0.980785 0.171226
v -0.469127 0.000000 0.877674
v -0.091522 0.980785 0.171226
v -0.460113 -0.195090 0.860810
v -0.179527 0.923880 0.335871
v -0.204274 0.952332 0.204274
v -0.331723 0.877675 0.331723
v -0.446424 0.769288 0.446424
v -0.543969 0.631338 0.543969
v -0.620609 0.469127 0.620609
v -0.673401 0.288887 0.673400
v -0.700313 0.097545 0.700313
v -0.700313 -0.097545 0.700313
v -0.673401 -0.288887 0.673400
v -0.620609 -0.469127 0.620609
v -0.543969 -0.631338 0.543969
v -0.446424 -0.769288 0.446424
v -0.331723 -0.877675 0.331723
v -0.204274 -0.952332 0.204274
v -0.068975 -0.990393 0.068975
v -0.123168 -0.980785 0.150081
v -0.241603 -0.923880 0.294394
v -0.631338 0.000000 0.769287
v -0.619207 0.195090 0.754506
v -0.123168 0.980785 0.150081
v -0.619207 -0.195090 0.754506
v -0.241603 0.923880 0.294394
v -0.583280 -0.382683 0.710729
v -0.350753 0.831470 0.427393
v -0.524939 -0.555570 0.639639
v -0.446424 0.707107 0.543969
v -0.446424 -0.707107 0.543969
v -0.524939 0.555570 0.639639
v -0.350753 -0.831470 0.427393
v -0.583280 0.382683 0.710729
v -0.240201 0.952332 0.160497
v -0.390065 0.877675 0.260633
v -0.524939 0.769288 0.350753
v -0.639640 0.631338 0.427393
v -0.729759 0.469127 0.487610
v -0.791835 0.288887 0.529087
v -0.823481 0.097545 0.550232
v -0.823481 -0.097545 0.550232
v -0.791835 -0.288887 0.529087
v -0.729759 -0.469127 0.487610
v -0.639640 -0.631338 0.427393
v -0.524939 -0.769288 0.350753
v -0.390065 -0.877675 0.260633
v -0.240201 -0.952332 0.160497
v -0.543969 -0.707107 0.446424
v -0.639639 -0.555570 0.524938
v -0.639639 0.555570 0.524938
v -0.543969 0.707107 0.446424
v -0.427393 -0.831470 0.350753
v -0.710729 0.382683 0.583281
v -0.294394 -0.923880 0.241603
v -0.754506 0.195090 0.619207
v -0.150081 -0.980785 0.123168
v -0.769288 0.000000 0.631338
v -0.150081 0.980785 0.123168
v -0.754506 -0.195090 0.619207
v -0.294394 0.923880 0.241603
v -0.710729 -0.382683 0.583281
v -0.427393 0.831470 0.350753
v -0.266897 0.952332 0.110552
v -0.433416 0.877675 0.179527
v -0.583280 0.769288 0.241603
v -0.710729 0.631338 0.294394
v -0.810865 0.469127 0.335871
v -0.879840 0.288887 0.364442
v -0.915003 0.097545 0.379006
v -0.915003 -0.097545 0.379006
v -0.879840 -0.288887 0.364442
v -0.810865 -0.469127 0.335871
v -0.710729 -0.631338 0.294394
v -0.583280 -0.769288 0.241603
v -0.433416 -0.877675 0.179527
v -0.266897 -0.952332 0.110552
v -0.171226 0.980785 0.091522
v -0.171226 -0.980785 0.091522
v -0.860810 -0.195090 0.460112
v -0.877674 0.000000 0.469126
v -0.335871 0.923880 0.179527
v -0.810865 -0.382683 0.433417
v -0.487610 0.831470 0.260633
v -0.729759 -0.555570 0.390064
v -0.620610 0.707107 0.331723
v -0.620610 -0.707107 0.331723
v -0.729759 0.555570 0.390064
v -0.487610 -0.831470 0.260633
v -0.810865 0.382683 0.433417
v -0.335871 -0.923880 0.179527
v -0.860810 0.195090 0.460112
v -0.283336 0.952332 0.056359
v -0.460112 0.877675 0.091522
v -0.619207 0.769288 0.123168
v -0.754506 0.631338 0.150081
v -0.860810 0.469127 0.171226
v -0.934033 0.288887 0.185791
v -0.971362 0.097545 0.193216
v -0.971362 -0.097545 0.193216
v -0.934033 -0.288887 0.185791
v -0.860810 -0.469127 0.171226
v -0.754506 -0.631338 0.150081
v -0.619207 -0.769288 0.123168
v -0.460112 -0.877675 0.091522
v -0.283336 -0.952332 0.056359
v -0.791835 0.555570 0.240200
v -0.673401 0.707107 0.204274
v -0.529087 -0.831470 0.160497
v -0.673401 -0.707107 0.204274
v -0.879840 0.382683 0.266897
v -0.364442 -0.923880 0.110552
v -0.934033 0.195090 0.283336
v -0.185791 -0.980785 0.056359
v -0.952332 0.000000 0.288886
v -0.185791 0.980785 0.056359
v -0.934033 -0.195090 0.283336
v -0.364442 0.923880 0.110552
v -0.879840 -0.382683 0.266897
v -0.529087 0.831470 0.160497
v -0.791835 -0.555570 0.240200
v -0.288887 0.952332 -0.000000
v -0.469127 0.877675 -0.000000
v -0.631338 0.769288 -0.000000
v -0.769288 0.631338 -0.000000
v -0.877674 0.469127 -0.000000
v -0.952332 0.288887 -0.000000
v -0.990392 0.097545 -0.000000
v -0.990392 -0.097545 -0.000000
v -0.952332 -0.288887 -0.000000
v -0.877674 -0.469127 -0.000000
v -0.769288 -0.631338 -0.000000
v -0.631338 -0.769288 -0.000000
v -0.469127 -0.877675 -0.000000
v -0.288887 -0.952332 -0.000000
v -0.971362 -0.195090 0.095671
v -0.990392 0.000000 0.097545
v -0.379007 0.923880 0.037329
v -0.193216 0.980785 0.019030
v -0.915003 -0.382683 0.090120
v -0.550232 0.831470 0.054193
v -0.823481 -0.555570 0.081106
v -0.700313 0.707107 0.068975
v -0.700313 -0.707107 0.068975
v -0.823481 0.555570 0.081106
v -0.550232 -0.831470 0.054193
v -0.915003 0.382683 0.090120
v -0.379007 -0.923880 0.037329
v -0.971362 0.195090 0.095671
v -0.193216 -0.980785 0.019030
v -0.283336 0.952332 -0.056359
v -0.460112 0.877675 -0.091522
v -0.619207 0.769288 -0.123168
v -0.754506 0.631338 -0.150081
v -0.860810 0.469127 -0.171226
v -0.934033 0.288887 -0.185791
v -0.971362 0.097545 -0.193216
v -0.971362 -0.097545 -0.193216
v -0.934033 -0.288887 -0.185791
v -0.860810 -0.469127 -0.171226
v -0.754506 -0.631338 -0.150081
v -0.619207 -0.769288 -0.123168
v -0.460112 -0.877675 -0.091522
v -0.283336 -0.952332 -0.056359
v -0.550232 -0.831470 -0.054193
v -0.700313 -0.707107 -0.068975
v -0.915003 0.382683 -0.090120
v -0.823481 0.555570 -0.081106
v -0.379007 -0.923880 -0.037329
v -0.971362 0.195090 -0.095671
v -0.193216 -0.980785 -0.019030
v -0.990392 0.000000 -0.097546
v -0.193216 0.980785 -0.019030
v -0.971362 -0.195090 -0.095671
v -0.379007 0.923880 -0.037329
v -0.915003 -0.382683 -0.090120
v -0.550232 0.831470 -0.054193
v -0.823481 -0.555570 -0.081106
v -0.700313 0.707107 -0.068975
v -0.266896 0.952332 -0.110552
v -0.433416 0.877675 -0.179527
v -0.583280 0.769288 -0.241603
v -0.710729 0.631338 -0.294394
v -0.810865 0.469127 -0.335871
v -0.879840 0.288887 -0.364442
v -0.915003 0.097545 -0.379007
v -0.915003 -0.097545 -0.379007
v -0.879840 -0.288887 -0.364442
v -0.810865 -0.469127 -0.335871
v -0.710729 -0.631338 -0.294394
v -0.583280 -0.769288 -0.241603
v -0.433416 -0.877675 -0.179527
v -0.266896 -0.952332 -0.110552
v -0.364442 0.923880 -0.110552
v -0.185791 0.980785 -0.056359
v -0.879840 -0.382683 -0.266897
v -0.934033 -0.195090 -0.283336
v -0.529087 0.831470 -0.160497
v -0.791835 -0.555570 -0.240201
v -0.673401 0.707107 -0.204274
v -0.673401 -0.707107 -0.204274
v -0.791835 0.555570 -0.240201
v -0.529087 -0.831470 -0.160497
v -0.879840 0.382683 -0.266897
v -0.364442 -0.923880 -0.110552
v -0.934033 0.195090 -0.283336
v -0.185791 -0.980785 -0.056359
v -0.952331 0.000000 -0.288887
v -0.240200 0.952332 -0.160497
v -0.390064 0.877675 -0.260633
v -0.524938 0.769288 -0.350753
v -0.639639 0.631338 -0.427393
v -0.729759 0.469127 -0.487610
v -0.791835 0.288887 -0.529087
v -0.823480 0.097545 -0.550233
v -0.823480 -0.097545 -0.550233
v -0.791835 -0.288887 -0.529087
v -0.729759 -0.469127 -0.487610
v -0.639639 -0.631338 -0.427393
v -0.524938 -0.769288 -0.350753
v -0.390064 -0.877675 -0.260633
v -0.240200 -0.952332 -0.160497
v -0.810865 0.382683 -0.433416
v -0.729759 0.555570 -0.390065
v -0.335871 -0.923880 -0.179527
v -0.487609 -0.831470 -0.260633
v -0.860810 0.195090 -0.460113
v -0.171226 -0.980785 -0.091522
v -0.877673 0.000000 -0.469127
v -0.171226 0.980785 -0.091522
v -0.860810 -0.195090 -0.460113
v -0.335871 0.923880 -0.179527
v -0.810865 -0.382683 -0.433416
v -0.487609 0.831470 -0.260633
v -0.729759 -0.555570 -0.390065
v -0.620609 0.707107 -0.331723
v -0.620609 -0.707107 -0.331723
v -0.204274 0.952332 -0.204274
v -0.331722 0.877675 -0.331723
v -0.446423 0.769288 -0.446424
v -0.543969 0.631338 -0.543969
v -0.620609 0.469127 -0.620609
v -0.673400 0.288887 -0.673400
v -0.700312 0.097545 -0.700313
v -0.700312 -0.097545 -0.700313
v -0.673400 -0.288887 -0.673400
v -0.620609 -0.469127 -0.620609
v -0.543969 -0.631338 -0.543969
v -0.446423 -0.769288 -0.446424
v -0.331722 -0.877675 -0.331723
v -0.204274 -0.952332 -0.204274
v -0.710729 -0.382683 -0.583280
v -0.754506 -0.195090 -0.619207
v -0.427393 0.831470 -0.350753
v -0.294394 0.923880 -0.241603
v -0.639639 -0.555570 -0.524939
v -0.543969 0.707107 -0.446424
v -0.543969 -0.707107 -0.446424
v -0.639639 0.555570 -0.524939
v -0.427393 -0.831470 -0.350753
v -0.710729 0.382683 -0.583280
v -0.294394 -0.923880 -0.241603
v -0.754506 0.195090 -0.619207
v -0.150081 -0.980785 -0.123168
v -0.769287 0.000000 -0.631338
v -0.150081 0.980785 -0.123168
v -0.160497 0.952332 -0.240201
v -0.260633 0.877675 -0.390064
v -0.350753 0.769288 -0.524939
v -0.427393 0.631338 -0.639639
v -0.487609 0.469127 -0.729759
v -0.529087 0.288887 -0.791835
v -0.550232 0.097545 -0.823481
v -0.550232 -0.097545 -0.823481
v -0.529087 -0.288887 -0.791835
v -0.487609 -0.469127 -0.729759
v -0.427393 -0.631338 -0.639639
v -0.350753 -0.769288 -0.524939
v -0.260633 -0.877675 -0.390064
v -0.160497 -0.952332 -0.240201
v -0.241603 -0.923880 -0.294394
v -0.350752 -0.831470 -0.427393
v -0.619207 0.195090 -0.754506
v -0.583280 0.382683 -0.710729
v -0.123168 -0.980785 -0.150081
v -0.631337 0.000000 -0.769288
v -0.123168 0.980785 -0.150081
v -0.619207 -0.195090 -0.754506
v -0.241603 0.923880 -0.294394
v -0.583280 -0.382683 -0.710729
v -0.350752 0.831470 -0.427393
v -0.524938 -0.555570 -0.639639
v -0.446424 0.707107 -0.543969
v -0.446424 -0.707107 -0.543969
v -0.524938 0.555570 -0.639639
v -0.110552 0.952332 -0.266896
v -0.179527 0.877675 -0.433416
v -0.241603 0.769288 -0.583280
v -0.294394 0.631338 -0.710729
v -0.335871 0.469127 -0.810865
v -0.364441 0.288887 -0.879840
v -0.379006 0.097545 -0.915003
v -0.379006 -0.097545 -0.915003
v -0.364441 -0.288887 -0.879840
v -0.335871 -0.469127 -0.810865
v -0.294394 -0.631338 -0.710729
v -0.241603 -0.769288 -0.583280
v -0.179527 -0.877675 -0.433416
v -0.110552 -0.952332 -0.266896
v -0.390064 -0.555570 -0.729759
v -0.433416 -0.382683 -0.810865
v -0.331723 0.707107 -0.620610
v -0.260632 0.831470 -0.487609
v -0.331723 -0.707107 -0.620610
v -0.390064 0.555570 -0.729759
v -0.260632 -0.831470 -0.487609
v -0.433416 0.382683 -0.810865
v -0.179527 -0.923880 -0.335871
v -0.460112 0.195090 -0.860810
v -0.091522 -0.980785 -0.171226
v -0.469126 0.000000 -0.877674
v -0.091522 0.980785 -0.171226
v -0.460112 -0.195090 -0.860810
v -0.179527 0.923880 -0.335871
v -0.056359 0.952332 -0.283336
v -0.091522 0.877675 -0.460112
v -0.123168 0.769288 -0.619207
v -0.150080 0.631338 -0.754506
v -0.171226 0.469127 -0.860810
v -0.185791 0.288887 -0.934033
v -0.193215 0.097545 -0.971362
v -0.193215 -0.097545 -0.971362
v -0.185791 -0.288887 -0.934033
v -0.171226 -0.469127 -0.860810
v -0.150080 -0.631338 -0.754506
v -0.123168 -0.769288 -0.619207
v -0.091522 -0.877675 -0.460112
v -0.056359 -0.952332 -0.283336
v -0.056359 -0.980785 -0.185791
v -0.110552 -0.923880 -0.364442
v -0.288886 0.000000 -0.952331
v -0.283336 0.195090 -0.934033
v -0.056359 0.980785 -0.185791
v -0.283336 -0.195090 -0.934033
v -0.110552 0.923880 -0.364442
v -0.266896 -0.382683 -0.879840
v -0.160497 0.831470 -0.529087
v -0.240200 -0.555570 -0.791835
v -0.204274 0.707107 -0.673401
v -0.204274 -0.707107 -0.673401
v -0.240200 0.555570 -0.791835
v -0.160497 -0.831470 -0.529087
v -0.266896 0.382683 -0.879840
v 0.000000 0.952332 -0.288887
v 0.000000 -0.769288 -0.631338
v 0.000000 -0.877675 -0.469126
v 0.000000 -0.952332 -0.288887
v -0.068975 0.707107 -0.700313
v -0.068975 -0.707107 -0.700313
v -0.054193 -0.831470 -0.550232
v -0.090120 0.382683 -0.915003
v -0.037329 -0.923880 -0.379007
v -0.019030 -0.980785 -0.193216
v -0.019030 0.980785 -0.193216
v -0.037329 0.923880 -0.379007
v -0.090120 -0.382683 -0.915003
v 0.000000 0.990393 -0.097545
v 0.000000 0.877675 -0.469127
v 0.000000 0.769288 -0.631338
v 0.000000 0.631338 -0.769288
v 0.000000 0.469127 -0.877674
v 0.000000 0.288887 -0.952332
v 0.000000 -0.288887 -0.952332
v 0.000000 -0.469127 -0.877674
v 0.000000 -0.631338 -0.769288
v 0.000000 -0.990393 -0.097545
v 0.019030 0.990393 -0.095671
v 0.019030 -0.990393 -0.095671
v 0.090120 -0.382683 -0.915003
v 0.068975 0.707107 -0.700313
v 0.068975 -0.707107 -0.700313
v 0.054193 -0.831470 -0.550232
v 0.090120 0.382683 -0.915003
v 0.037329 -0.923880 -0.379007
v 0.019030 -0.980785 -0.193216
v 0.019030 0.980785 -0.193216
v 0.037329 0.923880 -0.379007
v 0.037329 0.990393 -0.090120
v 0.037329 -0.990393 -0.090120
v 0.054193 0.990393 -0.081106
v 0.054193 -0.990393 -0.081106
v 0.068975 0.990393 -0.068975
v 0.068975 -0.990393 -0.068975
v 0.081106 0.990393 -0.054193
v 0.081106 -0.990393 -0.054193
v 0.090120 -0.990393 -0.037329
v 0.095671 0.990393 -0.019030
v 0.095671 -0.990393 -0.019030
v 0.097545 0.990393 0.000000
v 0.097545 -0.990393 0.000000
v 0.095671 0.990393 0.019030
v 0.095671 -0.990393 0.019030
v 0.090120 0.990393 0.037329
v 0.090120 -0.990393 0.037329
v 0.081106 0.990393 0.054193
v 0.081106 -0.990393 0.054193
v 0.068975 0.990393 0.068975
v 0.068975 -0.990393 0.068975
v 0.054193 0.990393 0.081106
v 0.054193 -0.990393 0.081106
v 0.037329 0.990393 0.090120
v 0.037329 -0.990393 0.090120
v 0.019030 0.990393 0.095671
v 0.019030 -0.990393 0.095671
v -0.000000 0.990393 0.097545
v -0.000000 -0.990393 0.097545
v -0.019030 0.990393 0.095671
v -0.019030 -0.990393 0.095671
v -0.037329 0.990393 0.090120
v -0.037329 -0.990393 0.090120
v -0.054193 0.990393 0.081106
v -0.054193 -0.990393 0.081106
v -0.068975 0.990393 0.068975
v -0.081106 0.990393 0.054193
v -0.081106 -0.990393 0.054193
v -0.090120 0.990393 0.037329
v -0.090120 -0.990393 0.037329
v -0.095671 0.990393 0.019030
v -0.095671 -0.990393 0.019030
v -0.097545 0.990393 -0.000000
v -0.097545 -0.990393 -0.000000
v -0.095671 0.990393 -0.019030
v -0.095671 -0.990393 -0.019030
v -0.090120 0.990393 -0.037329
v -0.090120 -0.990393 -0.037329
v -0.081106 0.990393 -0.054193
v -0.081106 -0.990393 -0.054193
v -0.068975 0.990393 -0.068975
v -0.068975 -0.990393 -0.068975
v -0.054193 0.990393 -0.081106
v -0.054193 -0.990393 -0.081106
v -0.037329 0.990393 -0.090120
v -0.037329 -0.990393 -0.090120
v -0.019030 0.990393 -0.095671
v -0.019030 -0.990393 -0.095671
v -0.054193 0.831470 -0.550232
v -0.081106 -0.555570 -0.823481
v -0.081106 0.555570 -0.823481
v -0.095671 0.195090 -0.971362
v -0.097545 0.000000 -0.990392
v -0.095671 -0.195090 -0.971362
v -0.085613 -0.469127 -0.869242
v -0.045761 0.877675 -0.464620
v -0.092895 -0.288887 -0.943183
v -0.028179 0.952332 -0.286111
v -0.096608 -0.097545 -0.980877
v -0.096608 0.097545 -0.980877
v -0.028179 -0.952332 -0.286111
v -0.092895 0.288887 -0.943183
v -0.045761 -0.877675 -0.464619
v -0.085613 0.469127 -0.869242
v -0.061584 -0.769288 -0.625273
v -0.075040 0.631338 -0.761897
v -0.075040 -0.631338 -0.761897
v -0.061584 0.769288 -0.625273
v -0.275116 0.288887 -0.906937
v -0.135524 -0.877675 -0.446764
v -0.253548 0.469127 -0.835837
v -0.182385 -0.769288 -0.601244
v -0.222237 0.631338 -0.732618
v -0.222237 -0.631338 -0.732618
v -0.182385 0.769288 -0.601244
v -0.253548 -0.469127 -0.835837
v -0.135524 0.877675 -0.446764
v -0.275116 -0.288887 -0.906937
v -0.083456 0.952332 -0.275116
v -0.286111 -0.097545 -0.943182
v -0.286111 0.097545 -0.943182
v -0.083456 -0.952332 -0.275116
v -0.220080 0.877675 -0.411740
v -0.446764 -0.288887 -0.835838
v -0.135524 0.952332 -0.253549
v -0.464619 -0.097545 -0.869242
v -0.464619 0.097545 -0.869242
v -0.135524 -0.952332 -0.253549
v -0.446764 0.288887 -0.835838
v -0.220080 -0.877675 -0.411740
v -0.411740 0.469127 -0.770312
v -0.296178 -0.769288 -0.554109
v -0.360893 0.631338 -0.675184
v -0.360893 -0.631338 -0.675184
v -0.296178 0.769288 -0.554109
v -0.411740 -0.469127 -0.770312
v -0.554109 0.469127 -0.675184
v -0.398588 -0.769288 -0.485681
v -0.485681 0.631338 -0.591804
v -0.485681 -0.631338 -0.591804
v -0.398588 0.769288 -0.485681
v -0.554109 -0.469127 -0.675184
v -0.296178 0.877675 -0.360894
v -0.601244 -0.288887 -0.732618
v -0.182385 0.952332 -0.222237
v -0.625272 -0.097545 -0.761897
v -0.625272 0.097545 -0.761897
v -0.182385 -0.952332 -0.222237
v -0.601244 0.288887 -0.732618
v -0.296178 -0.877675 -0.360894
v -0.222237 0.952332 -0.182385
v -0.761896 -0.097545 -0.625273
v -0.761896 0.097545 -0.625273
v -0.222237 -0.952332 -0.182385
v -0.732618 0.288887 -0.601244
v -0.360893 -0.877675 -0.296178
v -0.675184 0.469127 -0.554110
v -0.485681 -0.769288 -0.398588
v -0.591804 0.631338 -0.485681
v -0.591804 -0.631338 -0.485681
v -0.485681 0.769288 -0.398588
v -0.675184 -0.469127 -0.554110
v -0.360893 0.877675 -0.296178
v -0.732618 -0.288887 -0.601244
v -0.554109 -0.769288 -0.296178
v -0.675184 0.631338 -0.360894
v -0.675184 -0.631338 -0.360894
v -0.554109 0.769288 -0.296178
v -0.770312 -0.469127 -0.411741
v -0.411740 0.877675 -0.220080
v -0.835837 -0.288887 -0.446765
v -0.253548 0.952332 -0.135525
v -0.869242 -0.097545 -0.464620
v -0.869242 0.097545 -0.464620
v -0.253548 -0.952332 -0.135525
v -0.835837 0.288887 -0.446765
v -0.411740 -0.877675 -0.220080
v -0.770312 0.469127 -0.411741
v -0.943182 -0.097545 -0.286112
v -0.943182 0.097545 -0.286112
v -0.275116 -0.952332 -0.083456
v -0.906937 0.288887 -0.275116
v -0.446764 -0.877675 -0.135525
v -0.835837 0.469127 -0.253549
v -0.601244 -0.769288 -0.182385
v -0.732618 0.631338 -0.222237
v -0.732618 -0.631338 -0.222237
v -0.601244 0.769288 -0.182385
v -0.835837 -0.469127 -0.253549
v -0.446764 0.877675 -0.135525
v -0.906937 -0.288887 -0.275116
v -0.275116 0.952332 -0.083456
v -0.761897 0.631338 -0.075040
v -0.761897 -0.631338 -0.075040
v -0.625273 0.769288 -0.061584
v -0.869242 -0.469127 -0.085613
v -0.464619 0.877675 -0.045761
v -0.943183 -0.288887 -0.092896
v -0.286111 0.952332 -0.028180
v -0.980877 -0.097545 -0.096608
v -0.980877 0.097545 -0.096608
v -0.286111 -0.952332 -0.028180
v -0.943183 0.288887 -0.092896
v -0.464619 -0.877675 -0.045761
v -0.869242 0.469127 -0.085613
v -0.625273 -0.769288 -0.061584
v -0.980877 0.097545 0.096608
v -0.286111 -0.952332 0.028179
v -0.943183 0.288887 0.092895
v -0.464619 -0.877675 0.045761
v -0.869242 0.469127 0.085613
v -0.625273 -0.769288 0.061584
v -0.761897 0.631338 0.075040
v -0.761897 -0.631338 0.075040
v -0.625273 0.769288 0.061584
v -0.869242 -0.469127 0.085613
v -0.464619 0.877675 0.045761
v -0.943183 -0.288887 0.092895
v -0.286111 0.952332 0.028179
v -0.980877 -0.097545 0.096608
v -0.732618 -0.631338 0.222237
v -0.601244 0.769288 0.182385
v -0.835838 -0.469127 0.253548
v -0.446764 0.877675 0.135524
v -0.906937 -0.288887 0.275116
v -0.275116 0.952332 0.083456
v -0.943182 -0.097545 0.286111
v -0.943182 0.097545 0.286111
v -0.275116 -0.952332 0.083456
v -0.906937 0.288887 0.275116
v -0.446764 -0.877675 0.135524
v -0.835838 0.469127 0.253548
v -0.601244 -0.769288 0.182385
v -0.732618 0.631338 0.222237
v -0.869242 0.097545 0.464619
v -0.253549 -0.952332 0.135524
v -0.835838 0.288887 0.446764
v -0.411740 -0.877675 0.220080
v -0.770312 0.469127 0.411740
v -0.554110 -0.769288 0.296178
v -0.675184 0.631338 0.360894
v -0.675184 -0.631338 0.360894
v -0.554110 0.769288 0.296178
v -0.770312 -0.469127 0.411740
v -0.411740 0.877675 0.220080
v -0.835838 -0.288887 0.446764
v -0.253549 0.952332 0.135524
v -0.869242 -0.097545 0.464619
v -0.485681 0.769288 0.398588
v -0.675184 -0.469127 0.554109
v -0.360894 0.877675 0.296178
v -0.732618 -0.288887 0.601244
v -0.222237 0.952332 0.182385
v -0.761897 -0.097545 0.625272
v -0.761897 0.097545 0.625272
v -0.222237 -0.952332 0.182385
v -0.732618 0.288887 0.601244
v -0.360894 -0.877675 0.296178
v -0.675184 0.469127 0.554109
v -0.485681 -0.769288 0.398588
v -0.591804 0.631338 0.485681
v -0.591804 -0.631338 0.485681
v -0.601244 0.288887 0.732618
v -0.296178 -0.877675 0.360893
v -0.554110 0.469127 0.675184
v -0.398588 -0.769288 0.485681
v -0.485681 0.631338 0.591804
v -0.485681 -0.631338 0.591804
v -0.398588 0.769288 0.485681
v -0.554110 -0.469127 0.675184
v -0.296178 0.877675 0.360893
v -0.601244 -0.288887 0.732618
v -0.182385 0.952332 0.222237
v -0.625273 -0.097545 0.761897
v -0.625273 0.097545 0.761897
v -0.182385 -0.952332 0.222237
v -0.220080 0.877675 0.411740
v -0.446765 -0.288887 0.835838
v -0.135525 0.952332 0.253549
v -0.464620 -0.097545 0.869242
v -0.464620 0.097545 0.869242
v -0.135525 -0.952332 0.253549
v -0.446765 0.288887 0.835838
v -0.220080 -0.877675 0.411740
v -0.411741 0.469127 0.770312
v -0.296178 -0.769288 0.554109
v -0.360894 0.631338 0.675184
v -0.360894 -0.631338 0.675184
v -0.296178 0.769288 0.554109
v -0.411741 -0.469127 0.770312
v -0.135525 -0.877675 0.446764
v -0.253549 0.469127 0.835838
v -0.182385 -0.769288 0.601244
v -0.222237 0.631338 0.732618
v -0.222237 -0.631338 0.732618
v -0.182385 0.769288 0.601244
v -0.253549 -0.469127 0.835838
v -0.135525 0.877675 0.446764
v -0.275116 -0.288887 0.906937
v -0.083456 0.952332 0.275116
v -0.286112 -0.097545 0.943182
v -0.286112 0.097545 0.943182
v -0.083456 -0.952332 0.275116
v -0.275116 0.288887 0.906937
v -0.092895 -0.288887 0.943183
v -0.028180 0.952332 0.286111
v -0.096608 -0.097545 0.980877
v -0.096608 0.097545 0.980877
v -0.028180 -0.952332 0.286111
v -0.092895 0.288887 0.943183
v -0.045761 -0.877675 0.464620
v -0.085613 0.469127 0.869242
v -0.061584 -0.769288 0.625273
v -0.075040 0.631338 0.761897
v -0.075040 -0.631338 0.761897
v -0.061584 0.769288 0.625273
v -0.085613 -0.469127 0.869242
v -0.045761 0.877675 0.464620
v 0.085613 0.469127 0.869242
v 0.061584 -0.769288 0.625273
v 0.075040 0.631338 0.761897
v 0.075040 -0.631338 0.761897
v 0.061584 0.769288 0.625273
v 0.085613 -0.469127 0.869242
v 0.045761 0.877675 0.464620
v 0.092895 -0.288887 0.943183
v 0.028179 0.952332 0.286111
v 0.096608 -0.097545 0.980877
v 0.096608 0.097545 0.980877
v 0.028179 -0.952332 0.286111
v 0.092895 0.288887 0.943183
v 0.045761 -0.877675 0.464620
v 0.083456 0.952332 0.275116
v 0.286111 -0.097545 0.943183
v 0.286111 0.097545 0.943183
v 0.083456 -0.952332 0.275116
v 0.275116 0.288887 0.906937
v 0.135524 -0.877675 0.446765
v 0.253549 0.469127 0.835838
v 0.182385 -0.769288 0.601244
v 0.222237 0.631338 0.732618
v 0.222237 -0.631338 0.732618
v 0.182385 0.769288 0.601244
v 0.253549 -0.469127 0.835838
v 0.135524 0.877675 0.446765
v 0.275116 -0.288887 0.906937
v 0.296178 -0.769288 0.554110
v 0.360894 0.631338 0.675185
v 0.360894 -0.631338 0.675185
v 0.296178 0.769288 0.554110
v 0.411741 -0.469127 0.770312
v 0.220080 0.877675 0.411741
v 0.446765 -0.288887 0.835838
v 0.135525 0.952332 0.253549
v 0.464619 -0.097545 0.869242
v 0.464619 0.097545 0.869242
v 0.135525 -0.952332 0.253549
v 0.446765 0.288887 0.835838
v 0.220080 -0.877675 0.411741
v 0.411741 0.469127 0.770312
v 0.625273 -0.097545 0.761897
v 0.625273 0.097545 0.761897
v 0.182385 -0.952332 0.222237
v 0.601244 0.288887 0.732618
v 0.296178 -0.877675 0.360894
v 0.554110 0.469127 0.675185
v 0.398588 -0.769288 0.485681
v 0.485681 0.631338 0.591804
v 0.485681 -0.631338 0.591804
v 0.398588 0.769288 0.485681
v 0.554110 -0.469127 0.675185
v 0.296178 0.877675 0.360894
v 0.601244 -0.288887 0.732618
v 0.182385 0.952332 0.222237
v 0.591804 0.631338 0.485681
v 0.591804 -0.631338 0.485681
v 0.485681 0.769288 0.398588
v 0.675184 -0.469127 0.554110
v 0.360894 0.877675 0.296178
v 0.732618 -0.288887 0.601244
v 0.222237 0.952332 0.182385
v 0.761897 -0.097545 0.625273
v 0.761897 0.097545 0.625273
v 0.222237 -0.952332 0.182385
v 0.732618 0.288887 0.601244
v 0.360894 -0.877675 0.296178
v 0.675184 0.469127 0.554110
v 0.485681 -0.769288 0.398588
v 0.869242 0.097545 0.464620
v 0.253549 -0.952332 0.135525
v 0.835838 0.288887 0.446765
v 0.411741 -0.877675 0.220080
v 0.770312 0.469127 0.411741
v 0.554110 -0.769288 0.296178
v 0.675185 0.631338 0.360894
v 0.675185 -0.631338 0.360894
v 0.554110 0.769288 0.296178
v 0.770312 -0.469127 0.411741
v 0.411741 0.877675 0.220080
v 0.835838 -0.288887 0.446765
v 0.253549 0.952332 0.135525
v 0.869242 -0.097545 0.464620
v 0.601244 0.769288 0.182385
v 0.835838 -0.469127 0.253549
v 0.446765 0.877675 0.135525
v 0.906937 -0.288887 0.275116
v 0.275116 0.952332 0.083456
v 0.943183 -0.097545 0.286111
v 0.943183 0.097545 0.286111
v 0.275116 -0.952332 0.083456
v 0.906937 0.288887 0.275116
v 0.446765 -0.877675 0.135525
v 0.835838 0.469127 0.253549
v 0.601244 -0.769288 0.182385
v 0.732618 0.631338 0.222237
v 0.732618 -0.631338 0.222237
v 0.286111 -0.952332 0.028180
v 0.943183 0.288887 0.092895
v 0.464620 -0.877675 0.045761
v 0.869242 0.469127 0.085613
v 0.625273 -0.769288 0.061584
v 0.761897 0.631338 0.075040
v 0.761897 -0.631338 0.075040
v 0.625273 0.769288 0.061584
v 0.869242 -0.469127 0.085613
v 0.464620 0.877675 0.045761
v 0.943183 -0.288887 0.092895
v 0.286111 0.952332 0.028180
v 0.980877 -0.097545 0.096608
v 0.980877 0.097545 0.096608
v 0.869242 -0.469127 -0.085613
v 0.464620 0.877675 -0.045761
v 0.943183 -0.288887 -0.092895
v 0.286111 0.952332 -0.028180
v 0.980877 -0.097545 -0.096608
v 0.980877 0.097545 -0.096608
v 0.286111 -0.952332 -0.028180
v 0.943183 0.288887 -0.092895
v 0.464620 -0.877675 -0.045761
v 0.869242 0.469127 -0.085613
v 0.625273 -0.769288 -0.061584
v 0.761897 0.631338 -0.075040
v 0.761897 -0.631338 -0.075040
v 0.625273 0.769288 -0.061584
v 0.906937 0.288887 -0.275116
v 0.446765 -0.877675 -0.135525
v 0.835838 0.469127 -0.253549
v 0.601244 -0.769288 -0.182385
v 0.732618 0.631338 -0.222237
v 0.732618 -0.631338 -0.222237
v 0.601244 0.769288 -0.182385
v 0.835838 -0.469127 -0.253549
v 0.446765 0.877675 -0.135525
v 0.906937 -0.288887 -0.275116
v 0.275116 0.952332 -0.083456
v 0.943183 -0.097545 -0.286111
v 0.943183 0.097545 -0.286111
v 0.275116 -0.952332 -0.083456
v 0.411741 0.877675 -0.220080
v 0.835838 -0.288887 -0.446765
v 0.253549 0.952332 -0.135525
v 0.869242 -0.097545 -0.464620
v 0.869242 0.097545 -0.464620
v 0.253549 -0.952332 -0.135525
v 0.835838 0.288887 -0.446765
v 0.411741 -0.877675 -0.220080
v 0.770313 0.469127 -0.411741
v 0.554110 -0.769288 -0.296178
v 0.675185 0.631338 -0.360894
v 0.675185 -0.631338 -0.360894
v 0.554110 0.769288 -0.296178
v 0.770313 -0.469127 -0.411741
v 0.360894 -0.877675 -0.296178
v 0.675185 0.469127 -0.554110
v 0.485681 -0.769288 -0.398588
v 0.591804 0.631338 -0.485681
v 0.591804 -0.631338 -0.485681
v 0.485681 0.769288 -0.398588
v 0.675185 -0.469127 -0.554110
v 0.360894 0.877675 -0.296178
v 0.732618 -0.288887 -0.601244
v 0.222237 0.952332 -0.182385
v 0.761897 -0.097545 -0.625273
v 0.761897 0.097545 -0.625273
v 0.222237 -0.952332 -0.182385
v 0.732618 0.288887 -0.601244
v 0.601244 -0.288887 -0.732618
v 0.182385 0.952332 -0.222237
v 0.625273 -0.097545 -0.761897
v 0.625273 0.097545 -0.761897
v 0.182385 -0.952332 -0.222237
v 0.601244 0.288887 -0.732618
v 0.296178 -0.877675 -0.360894
v 0.554110 0.469127 -0.675185
v 0.398588 -0.769288 -0.485681
v 0.485681 0.631338 -0.591804
v 0.485681 -0.631338 -0.591804
v 0.398588 0.769288 -0.485681
v 0.554110 -0.469127 -0.675185
v 0.296178 0.877675 -0.360894
v 0.411741 0.469127 -0.770313
v 0.296178 -0.769288 -0.554110
v 0.360894 0.631338 -0.675185
v 0.360894 -0.631338 -0.675185
v 0.296178 0.769288 -0.554110
v 0.411741 -0.469127 -0.770313
v 0.220080 0.877675 -0.411741
v 0.446765 -0.288887 -0.835838
v 0.135525 0.952332 -0.253549
v 0.464620 -0.097545 -0.869242
v 0.464620 0.097545 -0.869242
v 0.135525 -0.952332 -0.253549
v 0.446765 0.288887 -0.835838
v 0.220080 -0.877675 -0.411741
v 0.083456 0.952332 -0.275116
v 0.286111 -0.097545 -0.943183
v 0.286111 0.097545 -0.943183
v 0.083456 -0.952332 -0.275116
v 0.275116 0.288887 -0.906937
v 0.135525 -0.877675 -0.446765
v 0.253549 0.469127 -0.835838
v 0.182385 -0.769288 -0.601244
v 0.222237 0.631338 -0.732618
v 0.222237 -0.631338 -0.732618
v 0.182385 0.769288 -0.601244
v 0.253549 -0.469127 -0.835838
v 0.135525 0.877675 -0.446765
v 0.275116 -0.288887 -0.906937
v 0.045761 0.877675 -0.464620
v 0.092895 -0.288887 -0.943183
v 0.028180 0.952332 -0.286111
v 0.096608 -0.097545 -0.980878
v 0.096608 0.097545 -0.980878
v 0.028180 -0.952332 -0.286111
v 0.092895 0.288887 -0.943183
v 0.045761 -0.877675 -0.464620
v 0.085613 0.469127 -0.869242
v 0.061584 -0.769288 -0.625273
v 0.075040 0.631338 -0.761897
v 0.075040 -0.631338 -0.761897
v 0.061584 0.769288 -0.625273
v 0.085613 -0.469127 -0.869242
v 0.000000 0.048773 -0.995196
v 0.000000 -0.146318 -0.985589
v 0.065508 0.938106 -0.329333
v 0.099954 0.854572 -0.502504
v 0.130559 0.738197 -0.656364
v 0.156146 0.593454 -0.785000
v 0.175733 0.425905 -0.883469
v 0.188566 0.241989 -0.947987
v 0.194153 0.048773 -0.976074
v 0.192279 -0.146318 -0.966651
v 0.183015 -0.335785 -0.920080
v 0.166719 -0.512349 -0.838152
v 0.144015 -0.669223 -0.724013
v 0.115777 -0.800379 -0.582051
v 0.083090 -0.900777 -0.417722
v 0.047210 -0.966559 -0.237339
v 0.040553 -0.555570 -0.827475
v 0.081290 0.831470 -0.547564
v 0.040553 0.555570 -0.827475
v 0.047835 0.195090 -0.976074
v 0.048773 0.000000 -0.995196
v 0.047835 -0.195090 -0.976074
v 0.128499 0.938106 -0.310225
v 0.196067 0.854572 -0.473348
v 0.256100 0.738197 -0.618281
v 0.306292 0.593454 -0.739454
v 0.344712 0.425905 -0.832209
v 0.369886 0.241989 -0.892984
v 0.380845 0.048773 -0.919441
v 0.377169 -0.146318 -0.910565
v 0.358998 -0.335785 -0.866697
v 0.327031 -0.512349 -0.789522
v 0.282496 -0.669223 -0.682006
v 0.227105 -0.800379 -0.548280
v 0.162987 -0.900777 -0.393485
v 0.092605 -0.966559 -0.223568
v 0.223568 -0.382683 -0.892984
v 0.329333 -0.195090 -0.920080
v 0.134442 0.831470 -0.536991
v 0.128499 0.923880 -0.358998
v 0.201206 -0.555570 -0.803664
v 0.171112 0.707107 -0.683460
v 0.171112 -0.707107 -0.683460
v 0.201206 0.555570 -0.803664
v 0.134442 -0.831470 -0.536991
v 0.223568 0.382683 -0.892984
v 0.092605 -0.923880 -0.369886
v 0.237339 0.195090 -0.947987
v 0.047210 -0.980785 -0.188566
v 0.241989 0.000000 -0.966559
v 0.047210 0.980785 -0.188566
v 0.186552 0.938106 -0.279195
v 0.284646 0.854572 -0.426002
v 0.371800 0.738197 -0.556438
v 0.444667 0.593454 -0.665491
v 0.500445 0.425905 -0.748969
v 0.536991 0.241989 -0.803664
v 0.552901 0.048773 -0.827475
v 0.547564 -0.146318 -0.819487
v 0.521184 -0.335785 -0.780007
v 0.474775 -0.512349 -0.710551
v 0.410121 -0.669223 -0.613789
v 0.329706 -0.800379 -0.493439
v 0.236620 -0.900777 -0.354127
v 0.134442 -0.966559 -0.201206
v 0.162987 -0.923880 -0.344712
v 0.284646 -0.831470 -0.474775
v 0.417721 0.195090 -0.883469
v 0.473348 0.382683 -0.789522
v 0.083090 -0.980785 -0.175733
v 0.425905 0.000000 -0.900777
v 0.083090 0.980785 -0.175733
v 0.417721 -0.195090 -0.883469
v 0.162987 0.923880 -0.344712
v 0.393485 -0.382683 -0.832209
v 0.236620 0.831470 -0.500445
v 0.354127 -0.555570 -0.748969
v 0.301160 0.707107 -0.636946
v 0.301160 -0.707107 -0.636946
v 0.354127 0.555570 -0.748969
v 0.237436 0.938106 -0.237436
v 0.362285 0.854572 -0.362285
v 0.473212 0.738197 -0.473212
v 0.565953 0.593454 -0.565953
v 0.636945 0.425905 -0.636945
v 0.683460 0.241989 -0.683460
v 0.703710 0.048773 -0.703710
v 0.696917 -0.146318 -0.696917
v 0.663341 -0.335785 -0.663341
v 0.604274 -0.512349 -0.604274
v 0.521984 -0.669223 -0.521984
v 0.419636 -0.800379 -0.419636
v 0.301160 -0.900777 -0.301160
v 0.171112 -0.966559 -0.171112
v 0.329706 0.831470 -0.444667
v 0.256100 0.923880 -0.282496
v 0.493439 -0.555570 -0.665491
v 0.618281 -0.382683 -0.682006
v 0.419636 0.707107 -0.565953
v 0.419636 -0.707107 -0.565953
v 0.493439 0.555570 -0.665491
v 0.329706 -0.831470 -0.444667
v 0.548280 0.382683 -0.739454
v 0.227105 -0.923880 -0.306292
v 0.582051 0.195090 -0.785000
v 0.115777 -0.980785 -0.156146
v 0.593454 0.000000 -0.800379
v 0.115777 0.980785 -0.156146
v 0.582051 -0.195090 -0.785000
v 0.279195 0.938106 -0.186552
v 0.426002 0.854572 -0.284646
v 0.556438 0.738197 -0.371800
v 0.665491 0.593454 -0.444667
v 0.748969 0.425905 -0.500445
v 0.803664 0.241989 -0.536991
v 0.827475 0.048773 -0.552901
v 0.819487 -0.146318 -0.547564
v 0.780007 -0.335785 -0.521184
v 0.710551 -0.512349 -0.474775
v 0.613789 -0.669223 -0.410121
v 0.493439 -0.800379 -0.329706
v 0.354127 -0.900777 -0.236620
v 0.201206 -0.966559 -0.134442
v 0.724013 0.195090 -0.656364
v 0.739454 0.382683 -0.548280
v 0.144015 -0.980785 -0.130559
v 0.306292 -0.923880 -0.227105
v 0.738197 0.000000 -0.669222
v 0.144015 0.980785 -0.130559
v 0.724013 -0.195090 -0.656364
v 0.282496 0.923880 -0.256100
v 0.682005 -0.382683 -0.618281
v 0.410121 0.831470 -0.371800
v 0.613789 -0.555570 -0.556438
v 0.521984 0.707107 -0.473212
v 0.521984 -0.707107 -0.473212
v 0.613789 0.555570 -0.556438
v 0.410121 -0.831470 -0.371800
v 0.135180 0.985589 -0.055993
v 0.310225 0.938106 -0.128499
v 0.473348 0.854572 -0.196067
v 0.618281 0.738197 -0.256100
v 0.739454 0.593454 -0.306292
v 0.832209 0.425905 -0.344712
v 0.892984 0.241989 -0.369886
v 0.919441 0.048773 -0.380845
v 0.910565 -0.146318 -0.377168
v 0.866697 -0.335785 -0.358998
v 0.789522 -0.512349 -0.327030
v 0.682006 -0.669223 -0.282496
v 0.548280 -0.800379 -0.227105
v 0.393485 -0.900777 -0.162987
v 0.223568 -0.966559 -0.092605
v 0.710551 -0.555570 -0.426002
v 0.832209 -0.382683 -0.393485
v 0.604274 0.707107 -0.362285
v 0.500445 0.831470 -0.236620
v 0.604274 -0.707107 -0.362285
v 0.710551 0.555570 -0.426002
v 0.474775 -0.831470 -0.284646
v 0.789522 0.382683 -0.473348
v 0.327031 -0.923880 -0.196067
v 0.838152 0.195090 -0.502504
v 0.166719 -0.980785 -0.099954
v 0.854572 0.000000 -0.512348
v 0.166719 0.980785 -0.099954
v 0.838152 -0.195090 -0.502504
v 0.327031 0.923880 -0.196067
v 0.329333 0.938106 -0.065508
v 0.502504 0.854572 -0.099954
v 0.656364 0.738197 -0.130559
v 0.785000 0.593454 -0.156146
v 0.883469 0.425905 -0.175733
v 0.947987 0.241989 -0.188566
v 0.976074 0.048773 -0.194153
v 0.966651 -0.146318 -0.192279
v 0.920080 -0.335785 -0.183015
v 0.838152 -0.512349 -0.166719
v 0.724013 -0.669223 -0.144015
v 0.582051 -0.800379 -0.115777
v 0.417721 -0.900777 -0.083090
v 0.237339 -0.966559 -0.047210
v 0.183015 -0.980785 -0.065508
v 0.369886 -0.923880 -0.092605
v 0.938106 0.000000 -0.335785
v 0.947987 0.195090 -0.237339
v 0.183015 0.980785 -0.065508
v 0.920080 -0.195090 -0.329333
v 0.358998 0.923880 -0.128499
v 0.866697 -0.382683 -0.310225
v 0.521184 0.831470 -0.186552
v 0.780006 -0.555570 -0.279195
v 0.663341 0.707107 -0.237436
v 0.663341 -0.707107 -0.237436
v 0.780006 0.555570 -0.279195
v 0.521184 -0.831470 -0.186552
v 0.866697 0.382683 -0.310225
v 0.335785 0.938106 0.000000
v 0.512348 0.854572 0.000000
v 0.669223 0.738197 0.000000
v 0.800379 0.593454 0.000000
v 0.900777 0.425905 -0.000000
v 0.966559 0.241989 0.000000
v 0.995196 0.048773 0.000000
v 0.985589 -0.146318 0.000000
v 0.938106 -0.335785 -0.000000
v 0.854572 -0.512349 0.000000
v 0.738197 -0.669223 0.000000
v 0.593454 -0.800379 0.000000
v 0.425905 -0.900777 0.000000
v 0.241989 -0.966559 0.000000
v 0.696917 0.707107 -0.103462
v 0.552901 0.831470 -0.027097
v 0.696917 -0.707107 -0.103462
v 0.827475 -0.555570 -0.040553
v 0.819487 0.555570 -0.121659
v 0.547564 -0.831470 -0.081290
v 0.910565 0.382683 -0.135180
v 0.377169 -0.923880 -0.055993
v 0.966651 0.195090 -0.143506
v 0.192279 -0.980785 -0.028545
v 0.985589 0.000000 -0.146318
v 0.192279 0.980785 -0.028545
v 0.966651 -0.195090 -0.143506
v 0.377169 0.923880 -0.055993
v 0.910565 -0.382683 -0.135180
v 0.329333 0.938106 0.065508
v 0.502504 0.854572 0.099954
v 0.656364 0.738197 0.130559
v 0.785000 0.593454 0.156146
v 0.883469 0.425905 0.175733
v 0.947986 0.241989 0.188566
v 0.976074 0.048773 0.194153
v 0.966651 -0.146318 0.192279
v 0.920080 -0.335785 0.183015
v 0.838152 -0.512349 0.166719
v 0.724013 -0.669223 0.144015
v 0.582051 -0.800379 0.115777
v 0.417721 -0.900777 0.083090
v 0.237339 -0.966559 0.047210
v 0.995196 0.000000 0.048773
v 0.966651 0.195090 0.143506
v 0.194153 0.980785 0.009515
v 0.192279 -0.980785 0.028545
v 0.976074 -0.195090 0.047836
v 0.380845 0.923880 0.018664
v 0.919441 -0.382683 0.045060
v 0.552901 0.831470 0.027097
v 0.827475 -0.555570 0.040553
v 0.703710 0.707107 0.034487
v 0.703710 -0.707107 0.034487
v 0.827475 0.555570 0.040553
v 0.552901 -0.831470 0.027097
v 0.919441 0.382683 0.045060
v 0.380845 -0.923880 0.018664
v 0.310225 0.938106 0.128499
v 0.473348 0.854572 0.196067
v 0.618281 0.738197 0.256100
v 0.739453 0.593454 0.306292
v 0.832209 0.425905 0.344712
v 0.892984 0.241989 0.369886
v 0.919441 0.048773 0.380845
v 0.910565 -0.146318 0.377169
v 0.866697 -0.335785 0.358998
v 0.789521 -0.512349 0.327031
v 0.682005 -0.669223 0.282496
v 0.548280 -0.800379 0.227105
v 0.393485 -0.900777 0.162987
v 0.223568 -0.966559 0.092605
v 0.683460 -0.707107 0.171112
v 0.780006 -0.555570 0.279195
v 0.803664 0.555570 0.201206
v 0.663341 0.707107 0.237436
v 0.536991 -0.831470 0.134442
v 0.892984 0.382683 0.223568
v 0.369886 -0.923880 0.092605
v 0.947986 0.195090 0.237339
v 0.188566 -0.980785 0.047210
v 0.966558 0.000000 0.241989
v 0.188566 0.980785 0.047210
v 0.947986 -0.195090 0.237339
v 0.369886 0.923880 0.092605
v 0.892984 -0.382683 0.223568
v 0.536991 0.831470 0.134442
v 0.279195 0.938106 0.186552
v 0.426002 0.854572 0.284646
v 0.556438 0.738197 0.371800
v 0.665491 0.593454 0.444667
v 0.748969 0.425905 0.500445
v 0.803664 0.241989 0.536991
v 0.827475 0.048773 0.552901
v 0.819487 -0.146318 0.547564
v 0.780006 -0.335785 0.521184
v 0.710551 -0.512349 0.474775
v 0.613789 -0.669223 0.410120
v 0.493439 -0.800379 0.329706
v 0.354127 -0.900777 0.236620
v 0.201206 -0.966559 0.134442
v 0.166719 -0.980785 0.099954
v 0.883469 -0.195090 0.417722
v 0.854572 0.000000 0.512349
v 0.344712 0.923880 0.162987
v 0.166719 0.980785 0.099954
v 0.832209 -0.382683 0.393485
v 0.500445 0.831470 0.236620
v 0.748968 -0.555570 0.354127
v 0.636945 0.707107 0.301160
v 0.636945 -0.707107 0.301160
v 0.748968 0.555570 0.354127
v 0.500445 -0.831470 0.236620
v 0.832209 0.382683 0.393485
v 0.344712 -0.923880 0.162987
v 0.883469 0.195090 0.417722
v 0.237436 0.938106 0.237436
v 0.362285 0.854572 0.362285
v 0.473212 0.738197 0.473212
v 0.565953 0.593454 0.565953
v 0.636945 0.425905 0.636945
v 0.683460 0.241989 0.683460
v 0.703710 0.048773 0.703710
v 0.696916 -0.146318 0.696917
v 0.663341 -0.335785 0.663341
v 0.604273 -0.512349 0.604274
v 0.521984 -0.669223 0.521984
v 0.419635 -0.800379 0.419636
v 0.301160 -0.900777 0.301160
v 0.171112 -0.966559 0.171112
v 0.444667 -0.831470 0.329706
v 0.521984 -0.707107 0.473212
v 0.739454 0.382683 0.548280
v 0.613788 0.555570 0.556438
v 0.306292 -0.923880 0.227105
v 0.785000 0.195090 0.582051
v 0.156146 -0.980785 0.115777
v 0.800378 0.000000 0.593454
v 0.156146 0.980785 0.115777
v 0.785000 -0.195090 0.582051
v 0.306292 0.923880 0.227105
v 0.739454 -0.382683 0.548280
v 0.444667 0.831470 0.329706
v 0.665491 -0.555570 0.493439
v 0.565953 0.707107 0.419636
v 0.186552 0.938106 0.279195
v 0.284645 0.854572 0.426002
v 0.371800 0.738197 0.556438
v 0.444667 0.593454 0.665491
v 0.500445 0.425905 0.748969
v 0.536991 0.241989 0.803664
v 0.552901 0.048773 0.827475
v 0.547564 -0.146318 0.819487
v 0.521184 -0.335785 0.780006
v 0.474775 -0.512349 0.710551
v 0.410120 -0.669223 0.613789
v 0.329705 -0.800379 0.493439
v 0.236620 -0.900777 0.354127
v 0.134442 -0.966559 0.201206
v 0.256100 0.923880 0.282496
v 0.115777 0.980785 0.156146
v 0.618281 -0.382683 0.682005
v 0.582051 -0.195090 0.785000
v 0.371800 0.831470 0.410120
v 0.556438 -0.555570 0.613789
v 0.473212 0.707107 0.521984
v 0.473212 -0.707107 0.521984
v 0.556438 0.555570 0.613789
v 0.371800 -0.831470 0.410120
v 0.618281 0.382683 0.682005
v 0.256100 -0.923880 0.282496
v 0.656363 0.195090 0.724013
v 0.130559 -0.980785 0.144015
v 0.669222 0.000000 0.738197
v 0.128499 0.938106 0.310225
v 0.196067 0.854572 0.473348
v 0.256100 0.738197 0.618281
v 0.306292 0.593454 0.739453
v 0.344712 0.425905 0.832209
v 0.369886 0.241989 0.892984
v 0.380845 0.048773 0.919441
v 0.377168 -0.146318 0.910565
v 0.358998 -0.335785 0.866697
v 0.327030 -0.512349 0.789521
v 0.282496 -0.669223 0.682005
v 0.227105 -0.800379 0.548280
v 0.162987 -0.900777 0.393485
v 0.092605 -0.966559 0.223568
v 0.473348 0.382683 0.789521
v 0.354127 0.555570 0.748968
v 0.196067 -0.923880 0.327031
v 0.236620 -0.831470 0.500445
v 0.502504 0.195090 0.838152
v 0.099954 -0.980785 0.166719
v 0.512348 0.000000 0.854572
v 0.099954 0.980785 0.166719
v 0.502504 -0.195090 0.838152
v 0.196067 0.923880 0.327031
v 0.473348 -0.382683 0.789521
v 0.284645 0.831470 0.474775
v 0.426002 -0.555570 0.710551
v 0.362285 0.707107 0.604274
v 0.362285 -0.707107 0.604274
v 0.065508 0.938106 0.329333
v 0.099954 0.854572 0.502504
v 0.130559 0.738197 0.656364
v 0.156146 0.593454 0.785000
v 0.175733 0.425905 0.883469
v 0.188566 0.241989 0.947986
v 0.194153 0.048773 0.976073
v 0.192279 -0.146318 0.966651
v 0.183015 -0.335785 0.920080
v 0.166719 -0.512349 0.838151
v 0.144015 -0.669223 0.724013
v 0.115777 -0.800379 0.582051
v 0.083090 -0.900777 0.417721
v 0.047210 -0.966559 0.237339
v 0.310225 -0.382683 0.866697
v 0.237339 -0.195090 0.947986
v 0.186552 0.831470 0.521184
v 0.092605 0.923880 0.369886
v 0.279195 -0.555570 0.780006
v 0.237436 0.707107 0.663341
v 0.237436 -0.707107 0.663341
v 0.279195 0.555570 0.780006
v 0.186552 -0.831470 0.521184
v 0.310225 0.382683 0.866697
v 0.128499 -0.923880 0.358998
v 0.329333 0.195090 0.920080
v 0.065508 -0.980785 0.183015
v 0.335785 0.000000 0.938106
v 0.065508 0.980785 0.183015
v -0.000000 0.938106 0.335785
v -0.000000 0.854572 0.512348
v -0.000000 0.738197 0.669222
v -0.000000 0.593454 0.800379
v -0.000000 0.425905 0.900777
v -0.000000 0.241989 0.966559
v -0.000000 0.048773 0.995196
v -0.000000 -0.146318 0.985589
v -0.000000 -0.335785 0.938106
v -0.000000 -0.512349 0.854572
v -0.000000 -0.669223 0.738197
v -0.000000 -0.800379 0.593454
v -0.000000 -0.900777 0.425905
v -0.000000 -0.966559 0.241988
v 0.055993 -0.923880 0.377168
v 0.027096 -0.831470 0.552901
v 0.143506 0.195090 0.966651
v 0.045060 0.382683 0.919441
v 0.028545 -0.980785 0.192279
v 0.146317 0.000000 0.985588
v 0.028545 0.980785 0.192279
v 0.143506 -0.195090 0.966651
v 0.055993 0.923880 0.377168
v 0.135180 -0.382683 0.910565
v 0.081290 0.831470 0.547564
v 0.121659 -0.555570 0.819487
v 0.103462 0.707107 0.696917
v 0.103462 -0.707107 0.696917
v 0.121659 0.555570 0.819487
v -0.065508 0.938106 0.329333
v -0.099954 0.854572 0.502504
v -0.130559 0.738197 0.656363
v -0.156146 0.593454 0.785000
v -0.175733 0.425905 0.883469
v -0.188566 0.241989 0.947986
v -0.194153 0.048773 0.976073
v -0.192279 -0.146318 0.966651
v -0.183015 -0.335785 0.920080
v -0.166719 -0.512349 0.838151
v -0.144015 -0.669223 0.724013
v -0.115777 -0.800379 0.582051
v -0.083090 -0.900777 0.417721
v -0.047210 -0.966559 0.237339
v -0.027097 0.831470 0.552901
v -0.055993 0.923880 0.377168
v -0.040553 -0.555570 0.827475
v -0.135180 -0.382683 0.910565
v -0.034487 0.707107 0.703710
v -0.034487 -0.707107 0.703710
v -0.040553 0.555570 0.827475
v -0.027097 -0.831470 0.552901
v -0.045060 0.382683 0.919441
v -0.018665 -0.923880 0.380845
v -0.047836 0.195090 0.976074
v -0.009515 -0.980785 0.194153
v -0.048773 0.000000 0.995196
v -0.009515 0.980785 0.194153
v -0.047836 -0.195090 0.976074
v -0.128499 0.938106 0.310225
v -0.196067 0.854572 0.473348
v -0.256100 0.738197 0.618281
v -0.306292 0.593454 0.739453
v -0.344712 0.425905 0.832209
v -0.369886 0.241989 0.892984
v -0.380845 0.048773 0.919441
v -0.377169 -0.146318 0.910565
v -0.358997 -0.335785 0.866697
v -0.327031 -0.512349 0.789521
v -0.282496 -0.669223 0.682005
v -0.227105 -0.800379 0.548280
v -0.162987 -0.900777 0.393485
v -0.092605 -0.966559 0.223568
v -0.237339 0.195090 0.947986
v -0.310225 0.382683 0.866697
v -0.047210 -0.980785 0.188566
v -0.128499 -0.923880 0.358998
v -0.241989 0.000000 0.966558
v -0.047210 0.980785 0.188566
v -0.237339 -0.195090 0.947986
v -0.092605 0.923880 0.369886
v -0.223568 -0.382683 0.892984
v -0.134442 0.831470 0.536991
v -0.201206 -0.555570 0.803664
v -0.171112 0.707107 0.683460
v -0.171112 -0.707107 0.683460
v -0.201206 0.555570 0.803664
v -0.134442 -0.831470 0.536991
v -0.186552 0.938106 0.279195
v -0.284645 0.854572 0.426002
v -0.371800 0.738197 0.556438
v -0.444667 0.593454 0.665490
v -0.500445 0.425905 0.748968
v -0.536991 0.241989 0.803664
v -0.552901 0.048773 0.827475
v -0.547564 -0.146318 0.819487
v -0.521184 -0.335785 0.780006
v -0.474775 -0.512349 0.710550
v -0.410120 -0.669223 0.613789
v -0.329705 -0.800379 0.493439
v -0.236620 -0.900777 0.354127
v -0.134442 -0.966559 0.201206
v -0.354127 -0.555570 0.748968
v -0.473348 -0.382683 0.789521
v -0.301160 0.707107 0.636945
v -0.284645 0.831470 0.474774
v -0.301160 -0.707107 0.636945
v -0.354127 0.555570 0.748968
v -0.236620 -0.831470 0.500445
v -0.393485 0.382683 0.832209
v -0.162987 -0.923880 0.344712
v -0.417721 0.195090 0.883469
v -0.083090 -0.980785 0.175733
v -0.425905 0.000000 0.900776
v -0.083090 0.980785 0.175733
v -0.417721 -0.195090 0.883469
v -0.162987 0.923880 0.344712
v -0.237436 0.938106 0.237436
v -0.362285 0.854572 0.362285
v -0.473212 0.738197 0.473212
v -0.565953 0.593454 0.565953
v -0.636945 0.425905 0.636945
v -0.683460 0.241989 0.683460
v -0.703710 0.048773 0.703709
v -0.696916 -0.146318 0.696916
v -0.663341 -0.335785 0.663341
v -0.604273 -0.512349 0.604273
v -0.521984 -0.669223 0.521984
v -0.419635 -0.800379 0.419635
v -0.301160 -0.900777 0.301160
v -0.171112 -0.966559 0.171112
v -0.034487 -0.995196 0.034487
v -0.115777 -0.980785 0.156146
v -0.256100 -0.923880 0.282496
v -0.593454 0.000000 0.800378
v -0.656364 0.195090 0.724013
v -0.115777 0.980785 0.156146
v -0.582051 -0.195090 0.784999
v -0.227105 0.923880 0.306292
v -0.548280 -0.382683 0.739453
v -0.329705 0.831470 0.444666
v -0.493439 -0.555570 0.665490
v -0.419636 0.707107 0.565953
v -0.419636 -0.707107 0.565953
v -0.493439 0.555570 0.665490
v -0.329705 -0.831470 0.444666
v -0.548280 0.382683 0.739453
v -0.279195 0.938106 0.186552
v -0.426002 0.854572 0.284645
v -0.556438 0.738197 0.371800
v -0.665491 0.593454 0.444666
v -0.748968 0.425905 0.500445
v -0.803664 0.241989 0.536991
v -0.827475 0.048773 0.552901
v -0.819487 -0.146318 0.547563
v -0.780006 -0.335785 0.521183
v -0.710550 -0.512349 0.474775
v -0.613789 -0.669223 0.410120
v -0.493439 -0.800379 0.329705
v -0.354127 -0.900777 0.236620
v -0.201206 -0.966559 0.134442
v -0.521984 -0.707107 0.473212
v -0.665491 -0.555570 0.493439
v -0.613789 0.555570 0.556438
v -0.565953 0.707107 0.419635
v -0.410120 -0.831470 0.371800
v -0.682005 0.382683 0.618281
v -0.282496 -0.923880 0.256100
v -0.724013 0.195090 0.656363
v -0.144015 -0.980785 0.130559
v -0.738197 0.000000 0.669222
v -0.144015 0.980785 0.130559
v -0.724013 -0.195090 0.656363
v -0.282496 0.923880 0.256100
v -0.682005 -0.382683 0.618281
v -0.410120 0.831470 0.371800
v -0.310225 0.938106 0.128499
v -0.473348 0.854572 0.196067
v -0.618281 0.738197 0.256100
v -0.739453 0.593454 0.306291
v -0.832209 0.425905 0.344712
v -0.892984 0.241989 0.369886
v -0.919441 0.048773 0.380844
v -0.910565 -0.146318 0.377168
v -0.866697 -0.335785 0.358997
v -0.789521 -0.512349 0.327030
v -0.682005 -0.669223 0.282496
v -0.548280 -0.800379 0.227105
v -0.393485 -0.900777 0.162987
v -0.223568 -0.966559 0.092605
v -0.166719 0.980785 0.099954
v -0.175733 -0.980785 0.083090
v -0.838151 -0.195090 0.502504
v -0.900776 0.000000 0.425904
v -0.327030 0.923880 0.196067
v -0.789521 -0.382683 0.473348
v -0.474775 0.831470 0.284645
v -0.710550 -0.555570 0.426002
v -0.604274 0.707107 0.362285
v -0.604274 -0.707107 0.362285
v -0.710550 0.555570 0.426002
v -0.474775 -0.831470 0.284645
v -0.789521 0.382683 0.473348
v -0.327030 -0.923880 0.196067
v -0.838151 0.195090 0.502504
v -0.329333 0.938106 0.065508
v -0.502504 0.854572 0.099954
v -0.656363 0.738197 0.130559
v -0.784999 0.593454 0.156146
v -0.883469 0.425905 0.175733
v -0.947986 0.241989 0.188566
v -0.976073 0.048773 0.194153
v -0.966651 -0.146318 0.192278
v -0.920080 -0.335785 0.183015
v -0.838151 -0.512349 0.166719
v -0.724013 -0.669223 0.144015
v -0.582051 -0.800379 0.115777
v -0.417721 -0.900777 0.083090
v -0.237339 -0.966559 0.047210
v -0.780006 0.555570 0.279195
v -0.683460 0.707107 0.171112
v -0.521183 -0.831470 0.186552
v -0.683460 -0.707107 0.171112
v -0.866697 0.382683 0.310225
v -0.358997 -0.923880 0.128499
v -0.920080 0.195090 0.329333
v -0.183015 -0.980785 0.065508
v -0.938105 0.000000 0.335784
v -0.183015 0.980785 0.065508
v -0.920080 -0.195090 0.329333
v -0.358997 0.923880 0.128499
v -0.866697 -0.382683 0.310225
v -0.521183 0.831470 0.186552
v -0.780006 -0.555570 0.279195
v -0.335785 0.938106 -0.000000
v -0.512348 0.854572 -0.000000
v -0.669222 0.738197 -0.000000
v -0.800379 0.593454 -0.000000
v -0.900777 0.425905 -0.000000
v -0.966558 0.241989 -0.000000
v -0.995196 0.048773 -0.000000
v -0.985588 -0.146318 -0.000000
v -0.938106 -0.335785 -0.000000
v -0.854572 -0.512349 -0.000000
v -0.738197 -0.669223 -0.000000
v -0.593454 -0.800379 -0.000000
v -0.425905 -0.900777 -0.000000
v -0.241988 -0.966559 -0.000000
v -0.966651 -0.195090 0.143506
v -0.995195 0.000000 0.048772
v -0.377168 0.923880 0.055993
v -0.194153 0.980785 0.009515
v -0.910565 -0.382683 0.135180
v -0.547563 0.831470 0.081290
v -0.819487 -0.555570 0.121659
v -0.696916 0.707107 0.103462
v -0.696916 -0.707107 0.103462
v -0.819487 0.555570 0.121659
v -0.547563 -0.831470 0.081290
v -0.910565 0.382683 0.135180
v -0.377168 -0.923880 0.055993
v -0.966651 0.195090 0.143506
v -0.192279 -0.980785 0.028545
v -0.329333 0.938106 -0.065508
v -0.502504 0.854572 -0.099954
v -0.656363 0.738197 -0.130559
v -0.784999 0.593454 -0.156146
v -0.883468 0.425905 -0.175733
v -0.947986 0.241989 -0.188566
v -0.976073 0.048773 -0.194153
v -0.966650 -0.146318 -0.192279
v -0.920080 -0.335785 -0.183015
v -0.838151 -0.512349 -0.166719
v -0.724013 -0.669223 -0.144015
v -0.582051 -0.800379 -0.115777
v -0.417721 -0.900777 -0.083090
v -0.237339 -0.966559 -0.047210
v -0.552901 -0.831470 -0.027097
v -0.696916 -0.707107 -0.103462
v -0.919441 0.382683 -0.045060
v -0.819487 0.555570 -0.121659
v -0.380845 -0.923880 -0.018665
v -0.976073 0.195090 -0.047836
v -0.194153 -0.980785 -0.009515
v -0.995195 0.000000 -0.048773
v -0.194153 0.980785 -0.009515
v -0.976073 -0.195090 -0.047836
v -0.380845 0.923880 -0.018665
v -0.919441 -0.382683 -0.045060
v -0.552901 0.831470 -0.027097
v -0.827475 -0.555570 -0.040553
v -0.703710 0.707107 -0.034487
v -0.310225 0.938106 -0.128499
v -0.473348 0.854572 -0.196067
v -0.618281 0.738197 -0.256100
v -0.739453 0.593454 -0.306292
v -0.832209 0.425905 -0.344712
v -0.892983 0.241989 -0.369886
v -0.919441 0.048773 -0.380845
v -0.910565 -0.146318 -0.377169
v -0.866696 -0.335785 -0.358998
v -0.789521 -0.512349 -0.327031
v -0.682005 -0.669223 -0.282496
v -0.548280 -0.800379 -0.227105
v -0.393485 -0.900777 -0.162987
v -0.223568 -0.966559 -0.092605
v -0.369886 0.923880 -0.092605
v -0.183015 0.980785 -0.065508
v -0.892984 -0.382683 -0.223568
v -0.920080 -0.195090 -0.329333
v -0.536991 0.831470 -0.134442
v -0.803664 -0.555570 -0.201206
v -0.683460 0.707107 -0.171112
v -0.683460 -0.707107 -0.171112
v -0.803664 0.555570 -0.201206
v -0.536991 -0.831470 -0.134442
v -0.892984 0.382683 -0.223568
v -0.369886 -0.923880 -0.092605
v -0.947986 0.195090 -0.237339
v -0.188566 -0.980785 -0.047210
v -0.966558 0.000000 -0.241989
v -0.279195 0.938106 -0.186552
v -0.426002 0.854572 -0.284645
v -0.556438 0.738197 -0.371800
v -0.665490 0.593454 -0.444667
v -0.748968 0.425905 -0.500445
v -0.803664 0.241989 -0.536991
v -0.827474 0.048773 -0.552901
v -0.819486 -0.146318 -0.547564
v -0.780006 -0.335785 -0.521184
v -0.710550 -0.512349 -0.474775
v -0.613788 -0.669223 -0.410120
v -0.493439 -0.800379 -0.329705
v -0.354127 -0.900777 -0.236620
v -0.201206 -0.966559 -0.134442
v -0.832209 0.382683 -0.393485
v -0.710550 0.555570 -0.426002
v -0.344712 -0.923880 -0.162987
v -0.474774 -0.831470 -0.284645
v -0.883468 0.195090 -0.417722
v -0.175733 -0.980785 -0.083090
v -0.900776 0.000000 -0.425905
v -0.175733 0.980785 -0.083090
v -0.883468 -0.195090 -0.417722
v -0.344712 0.923880 -0.162987
v -0.832209 -0.382683 -0.393485
v -0.500444 0.831470 -0.236620
v -0.748968 -0.555570 -0.354127
v -0.636945 0.707107 -0.301160
v -0.636945 -0.707107 -0.301160
v -0.237436 0.938106 -0.237436
v -0.362285 0.854572 -0.362285
v -0.473212 0.738197 -0.473212
v -0.565953 0.593454 -0.565953
v -0.636945 0.425905 -0.636945
v -0.683460 0.241989 -0.683460
v -0.703709 0.048773 -0.703710
v -0.696916 -0.146318 -0.696916
v -0.663341 -0.335785 -0.663341
v -0.604273 -0.512349 -0.604273
v -0.521984 -0.669223 -0.521984
v -0.419635 -0.800379 -0.419635
v -0.301160 -0.900777 -0.301160
v -0.171112 -0.966559 -0.171112
v -0.739453 -0.382683 -0.548280
v -0.724013 -0.195090 -0.656364
v -0.444666 0.831470 -0.329705
v -0.282496 0.923880 -0.256100
v -0.665490 -0.555570 -0.493439
v -0.565953 0.707107 -0.419636
v -0.565953 -0.707107 -0.419636
v -0.665490 0.555570 -0.493439
v -0.444666 -0.831470 -0.329705
v -0.739453 0.382683 -0.548280
v -0.306292 -0.923880 -0.227105
v -0.784999 0.195090 -0.582051
v -0.156146 -0.980785 -0.115777
v -0.800378 0.000000 -0.593454
v -0.156146 0.980785 -0.115777
v -0.186552 0.938106 -0.279195
v -0.284645 0.854572 -0.426002
v -0.371800 0.738197 -0.556438
v -0.444666 0.593454 -0.665490
v -0.500445 0.425905 -0.748968
v -0.536991 0.241989 -0.803664
v -0.552901 0.048773 -0.827475
v -0.547563 -0.146318 -0.819487
v -0.521183 -0.335785 -0.780006
v -0.474774 -0.512349 -0.710550
v -0.410120 -0.669223 -0.613789
v -0.329705 -0.800379 -0.493439
v -0.236620 -0.900777 -0.354127
v -0.134442 -0.966559 -0.201206
v -0.256100 -0.923880 -0.282496
v -0.329705 -0.831470 -0.444666
v -0.656363 0.195090 -0.724013
v -0.548280 0.382683 -0.739453
v -0.130559 -0.980785 -0.144015
v -0.669222 0.000000 -0.738197
v -0.130559 0.980785 -0.144015
v -0.656363 -0.195090 -0.724013
v -0.256100 0.923880 -0.282496
v -0.618281 -0.382683 -0.682005
v -0.371800 0.831470 -0.410120
v -0.556438 -0.555570 -0.613788
v -0.473212 0.707107 -0.521984
v -0.473212 -0.707107 -0.521984
v -0.556438 0.555570 -0.613788
v -0.128499 0.938106 -0.310225
v -0.196067 0.854572 -0.473348
v -0.256100 0.738197 -0.618281
v -0.306291 0.593454 -0.739453
v -0.344712 0.425905 -0.832209
v -0.369886 0.241989 -0.892983
v -0.380844 0.048773 -0.919441
v -0.377168 -0.146318 -0.910565
v -0.358997 -0.335785 -0.866696
v -0.327030 -0.512349 -0.789521
v -0.282496 -0.669223 -0.682005
v -0.227105 -0.800379 -0.548280
v -0.162987 -0.900777 -0.393485
v -0.092605 -0.966559 -0.223568
v -0.426002 -0.555570 -0.710550
v -0.393485 -0.382683 -0.832209
v -0.362285 0.707107 -0.604274
v -0.236620 0.831470 -0.500444
v -0.362285 -0.707107 -0.604274
v -0.426002 0.555570 -0.710550
v -0.284645 -0.831470 -0.474774
v -0.473348 0.382683 -0.789521
v -0.196067 -0.923880 -0.327030
v -0.502503 0.195090 -0.838151
v -0.099954 -0.980785 -0.166719
v -0.512348 0.000000 -0.854571
v -0.099954 0.980785 -0.166719
v -0.502503 -0.195090 -0.838151
v -0.196067 0.923880 -0.327030
v -0.065508 0.938106 -0.329333
v -0.099954 0.854572 -0.502503
v -0.130559 0.738197 -0.656363
v -0.156146 0.593454 -0.784999
v -0.175733 0.425905 -0.883468
v -0.188566 0.241989 -0.947986
v -0.194153 0.048773 -0.976073
v -0.192278 -0.146318 -0.966650
v -0.183015 -0.335785 -0.920080
v -0.166718 -0.512349 -0.838151
v -0.144015 -0.669223 -0.724013
v -0.115777 -0.800379 -0.582051
v -0.083090 -0.900777 -0.417721
v -0.047210 -0.966559 -0.237339
v -0.065508 -0.980785 -0.183015
v -0.092605 -0.923880 -0.369886
v -0.335784 0.000000 -0.938105
v -0.237338 0.195090 -0.947986
v -0.065508 0.980785 -0.183015
v -0.329333 -0.195090 -0.920080
v -0.128499 0.923880 -0.358997
v -0.310225 -0.382683 -0.866696
v -0.186552 0.831470 -0.521183
v -0.279195 -0.555570 -0.780006
v -0.237436 0.707107 -0.663341
v -0.237436 -0.707107 -0.663341
v -0.279195 0.555570 -0.780006
v -0.186552 -0.831470 -0.521183
v -0.310225 0.382683 -0.866696
v 0.000000 0.938106 -0.335785
v 0.000000 -0.800379 -0.593454
v 0.000000 -0.900777 -0.425905
v 0.000000 -0.966559 -0.241988
v -0.103462 0.707107 -0.696916
v -0.103462 -0.707107 -0.696916
v -0.081289 -0.831470 -0.547563
v -0.135180 0.382683 -0.910565
v -0.055993 -0.923880 -0.377168
v -0.028545 -0.980785 -0.192279
v -0.028545 0.980785 -0.192279
v -0.055993 0.923880 -0.377168
v -0.135180 -0.382683 -0.910565
v 0.000000 0.985589 -0.146318
v 0.000000 0.854572 -0.512348
v 0.000000 0.738197 -0.669222
v 0.000000 0.593454 -0.800379
v 0.000000 0.425905 -0.900777
v 0.000000 0.241989 -0.966559
v 0.000000 -0.335785 -0.938106
v 0.000000 -0.512349 -0.854572
v 0.000000 -0.669223 -0.738197
v 0.000000 -0.995196 -0.048773
v 0.028545 0.985589 -0.143506
v 0.009515 -0.995196 -0.047835
v 0.135180 -0.382683 -0.910565
v 0.034487 0.707107 -0.703710
v 0.034487 -0.707107 -0.703710
v 0.027097 -0.831470 -0.552901
v 0.045060 0.382683 -0.919441
v 0.018665 -0.923880 -0.380845
v 0.009515 -0.980785 -0.194153
v 0.009515 0.980785 -0.194153
v 0.018665 0.923880 -0.380845
v 0.055993 0.985589 -0.135180
v 0.018664 -0.995196 -0.045060
v 0.081290 0.985589 -0.121659
v 0.027097 -0.995196 -0.040553
v 0.103462 0.985589 -0.103462
v 0.034487 -0.995196 -0.034487
v 0.121659 0.985589 -0.081290
v 0.040553 -0.995196 -0.027097
v 0.045060 -0.995196 -0.018664
v 0.143506 0.985589 -0.028545
v 0.047835 -0.995196 -0.009515
v 0.146318 0.985589 0.000000
v 0.048773 -0.995196 0.000000
v 0.143506 0.985589 0.028545
v 0.047835 -0.995196 0.009515
v 0.135180 0.985589 0.055993
v 0.045060 -0.995196 0.018664
v 0.121659 0.985589 0.081290
v 0.040553 -0.995196 0.027097
v 0.103462 0.985589 0.103462
v 0.034487 -0.995196 0.034487
v 0.081290 0.985589 0.121659
v 0.027097 -0.995196 0.040553
v 0.055993 0.985589 0.135180
v 0.018664 -0.995196 0.045060
v 0.028545 0.985589 0.143506
v 0.009515 -0.995196 0.047835
v -0.000000 0.985589 0.146318
v -0.000000 -0.995196 0.048773
v -0.028545 0.985589 0.143506
v -0.009515 -0.995196 0.047835
v -0.055993 0.985589 0.135180
v -0.018664 -0.995196 0.045060
v -0.081290 0.985589 0.121659
v -0.027097 -0.995196 0.040553
v -0.103462 0.985589 0.103462
v -0.121659 0.985589 0.081290
v -0.040553 -0.995196 0.027097
v -0.135180 0.985589 0.055993
v -0.045060 -0.995196 0.018664
v -0.143506 0.985589 0.028545
v -0.047835 -0.995196 0.009515
v -0.146318 0.985589 -0.000000
v -0.048773 -0.995196 -0.000000
v -0.143506 0.985589 -0.028545
v -0.047835 -0.995196 -0.009515
v -0.135180 0.985589 -0.055993
v -0.045060 -0.995196 -0.018664
v -0.121659 0.985589 -0.081290
v -0.040553 -0.995196 -0.027097
v -0.103462 0.985589 -0.103462
v -0.034487 -0.995196 -0.034487
v -0.081290 0.985589 -0.121659
v -0.027097 -0.995196 -0.040553
v -0.055993 0.985589 -0.135180
v -0.018664 -0.995196 -0.045060
v -0.028545 0.985589 -0.143506
v -0.009515 -0.995196 -0.047835
v -0.027097 0.831470 -0.552901
v -0.040553 -0.555570 -0.827475
v -0.121658 0.555570 -0.819487
v -0.143506 0.195090 -0.966651
v -0.146317 0.000000 -0.985588
v -0.143506 -0.195090 -0.966651
v 0.000000 0.146318 -0.985589
v 0.000000 -0.048773 -0.995196
v 0.047210 0.966559 -0.237339
v 0.083090 0.900777 -0.417722
v 0.115777 0.800379 -0.582051
v 0.144015 0.669223 -0.724013
v 0.166719 0.512349 -0.838152
v 0.183015 0.335785 -0.920080
v 0.192279 0.146318 -0.966651
v 0.194153 -0.048773 -0.976074
v 0.188566 -0.241989 -0.947987
v 0.175733 -0.425905 -0.883469
v 0.156146 -0.593454 -0.785000
v 0.130559 -0.738197 -0.656364
v 0.099954 -0.854572 -0.502504
v 0.065508 -0.938106 -0.329333
v 0.121659 -0.555570 -0.819487
v 0.027097 0.831470 -0.552901
v 0.121659 0.555570 -0.819487
v 0.143506 0.195090 -0.966651
v 0.146318 0.000000 -0.985589
v 0.143506 -0.195090 -0.966651
v 0.092605 0.966559 -0.223568
v 0.162987 0.900777 -0.393485
v 0.227105 0.800379 -0.548280
v 0.282496 0.669223 -0.682006
v 0.327031 0.512349 -0.789522
v 0.358998 0.335785 -0.866697
v 0.377169 0.146318 -0.910565
v 0.380845 -0.048773 -0.919441
v 0.369886 -0.241989 -0.892984
v 0.344712 -0.425905 -0.832209
v 0.306292 -0.593454 -0.739454
v 0.256100 -0.738197 -0.618281
v 0.196067 -0.854572 -0.473348
v 0.128499 -0.938106 -0.310225
v 0.310225 -0.382683 -0.866697
v 0.237339 -0.195090 -0.947987
v 0.186552 0.831470 -0.521184
v 0.092605 0.923880 -0.369886
v 0.279195 -0.555570 -0.780007
v 0.237436 0.707107 -0.663341
v 0.237436 -0.707107 -0.663341
v 0.279195 0.555570 -0.780007
v 0.186552 -0.831470 -0.521184
v 0.310225 0.382683 -0.866697
v 0.128499 -0.923880 -0.358998
v 0.329333 0.195090 -0.920080
v 0.065508 -0.980785 -0.183015
v 0.335785 0.000000 -0.938106
v 0.065508 0.980785 -0.183015
v 0.134442 0.966559 -0.201206
v 0.236620 0.900777 -0.354127
v 0.329706 0.800379 -0.493439
v 0.410121 0.669223 -0.613789
v 0.474775 0.512349 -0.710551
v 0.521184 0.335785 -0.780007
v 0.547564 0.146318 -0.819487
v 0.552901 -0.048773 -0.827475
v 0.536991 -0.241989 -0.803664
v 0.500445 -0.425905 -0.748969
v 0.444667 -0.593454 -0.665491
v 0.371800 -0.738197 -0.556438
v 0.284646 -0.854572 -0.426002
v 0.186552 -0.938106 -0.279195
v 0.196067 -0.923880 -0.327031
v 0.236620 -0.831470 -0.500445
v 0.502504 0.195090 -0.838152
v 0.393485 0.382683 -0.832209
v 0.099954 -0.980785 -0.166719
v 0.512349 0.000000 -0.854572
v 0.099954 0.980785 -0.166719
v 0.502504 -0.195090 -0.838152
v 0.196067 0.923880 -0.327031
v 0.473348 -0.382683 -0.789522
v 0.284646 0.831470 -0.474775
v 0.426002 -0.555570 -0.710551
v 0.362285 0.707107 -0.604274
v 0.362285 -0.707107 -0.604274
v 0.426002 0.555570 -0.710551
v 0.171112 0.966559 -0.171112
v 0.301160 0.900777 -0.301160
v 0.419636 0.800379 -0.419636
v 0.521984 0.669223 -0.521984
v 0.604274 0.512349 -0.604274
v 0.663341 0.335785 -0.663341
v 0.696917 0.146318 -0.696917
v 0.703710 -0.048773 -0.703710
v 0.683460 -0.241989 -0.683460
v 0.636945 -0.425905 -0.636945
v 0.565953 -0.593454 -0.565953
v 0.473212 -0.738197 -0.473212
v 0.362285 -0.854572 -0.362285
v 0.237436 -0.938106 -0.237436
v 0.371800 0.831470 -0.410120
v 0.227105 0.923880 -0.306292
v 0.556438 -0.555570 -0.613789
v 0.548280 -0.382683 -0.739454
v 0.473212 0.707107 -0.521984
v 0.473212 -0.707107 -0.521984
v 0.556438 0.555570 -0.613789
v 0.371800 -0.831470 -0.410120
v 0.618281 0.382683 -0.682006
v 0.256100 -0.923880 -0.282496
v 0.656364 0.195090 -0.724013
v 0.130559 -0.980785 -0.144015
v 0.669223 0.000000 -0.738197
v 0.130559 0.980785 -0.144015
v 0.656364 -0.195090 -0.724013
v 0.201206 0.966559 -0.134442
v 0.354127 0.900777 -0.236620
v 0.493439 0.800379 -0.329706
v 0.613789 0.669223 -0.410121
v 0.710551 0.512349 -0.474775
v 0.780007 0.335785 -0.521184
v 0.819487 0.146318 -0.547564
v 0.827475 -0.048773 -0.552901
v 0.803664 -0.241989 -0.536991
v 0.748969 -0.425905 -0.500445
v 0.665491 -0.593454 -0.444667
v 0.556438 -0.738197 -0.371800
v 0.426002 -0.854572 -0.284646
v 0.279195 -0.938106 -0.186552
v 0.785000 0.195090 -0.582051
v 0.682005 0.382683 -0.618281
v 0.156146 -0.980785 -0.115777
v 0.282496 -0.923880 -0.256100
v 0.800379 0.000000 -0.593454
v 0.156146 0.980785 -0.115777
v 0.785000 -0.195090 -0.582051
v 0.306292 0.923880 -0.227105
v 0.739454 -0.382683 -0.548280
v 0.444667 0.831470 -0.329706
v 0.665491 -0.555570 -0.493439
v 0.565953 0.707107 -0.419636
v 0.565953 -0.707107 -0.419636
v 0.665491 0.555570 -0.493439
v 0.444667 -0.831470 -0.329706
v 0.045060 0.995196 -0.018664
v 0.223568 0.966559 -0.092605
v 0.393485 0.900777 -0.162987
v 0.548280 0.800379 -0.227105
v 0.682006 0.669223 -0.282496
v 0.789522 0.512349 -0.327030
v 0.866697 0.335785 -0.358998
v 0.910565 0.146318 -0.377168
v 0.919441 -0.048773 -0.380845
v 0.892984 -0.241989 -0.369886
v 0.832209 -0.425905 -0.344712
v 0.739454 -0.593454 -0.306292
v 0.618281 -0.738197 -0.256100
v 0.473348 -0.854572 -0.196067
v 0.310225 -0.938106 -0.128499
v 0.748969 -0.555570 -0.354127
v 0.789522 -0.382683 -0.473348
v 0.636946 0.707107 -0.301160
v 0.474775 0.831470 -0.284646
v 0.636946 -0.707107 -0.301160
v 0.748969 0.555570 -0.354127
v 0.500445 -0.831470 -0.236620
v 0.832209 0.382683 -0.393485
v 0.344712 -0.923880 -0.162987
v 0.883469 0.195090 -0.417721
v 0.175733 -0.980785 -0.083090
v 0.900777 0.000000 -0.425905
v 0.175733 0.980785 -0.083090
v 0.883469 -0.195090 -0.417721
v 0.344712 0.923880 -0.162987
v 0.237339 0.966559 -0.047210
v 0.417721 0.900777 -0.083090
v 0.582051 0.800379 -0.115777
v 0.724013 0.669223 -0.144015
v 0.838152 0.512349 -0.166719
v 0.920080 0.335785 -0.183015
v 0.966651 0.146318 -0.192279
v 0.976074 -0.048773 -0.194153
v 0.947987 -0.241989 -0.188566
v 0.883469 -0.425905 -0.175733
v 0.785000 -0.593454 -0.156146
v 0.656364 -0.738197 -0.130559
v 0.502504 -0.854572 -0.099954
v 0.329333 -0.938106 -0.065508
v 0.188566 -0.980785 -0.047210
v 0.358998 -0.923880 -0.128499
v 0.966559 0.000000 -0.241988
v 0.920080 0.195090 -0.329333
v 0.188566 0.980785 -0.047210
v 0.947987 -0.195090 -0.237339
v 0.369886 0.923880 -0.092605
v 0.892984 -0.382683 -0.223568
v 0.536991 0.831470 -0.134442
v 0.803664 -0.555570 -0.201206
v 0.683460 0.707107 -0.171112
v 0.683460 -0.707107 -0.171112
v 0.803664 0.555570 -0.201206
v 0.536991 -0.831470 -0.134442
v 0.892984 0.382683 -0.223568
v 0.241989 0.966559 0.000000
v 0.425905 0.900777 0.000000
v 0.593454 0.800379 0.000000
v 0.738197 0.669223 0.000000
v 0.854572 0.512349 0.000000
v 0.938106 0.335785 -0.000000
v 0.985589 0.146318 0.000000
v 0.995196 -0.048773 0.000000
v 0.966559 -0.241989 0.000000
v 0.900777 -0.425905 -0.000000
v 0.800379 -0.593454 0.000000
v 0.669223 -0.738197 0.000000
v 0.512348 -0.854572 0.000000
v 0.335785 -0.938106 0.000000
v 0.703710 0.707107 -0.034487
v 0.547564 0.831470 -0.081290
v 0.703710 -0.707107 -0.034487
v 0.819487 -0.555570 -0.121659
v 0.827475 0.555570 -0.040553
v 0.552901 -0.831470 -0.027097
v 0.919441 0.382683 -0.045060
v 0.380845 -0.923880 -0.018664
v 0.976074 0.195090 -0.047835
v 0.194153 -0.980785 -0.009515
v 0.995196 0.000000 -0.048772
v 0.194153 0.980785 -0.009515
v 0.976074 -0.195090 -0.047835
v 0.380845 0.923880 -0.018664
v 0.919441 -0.382683 -0.045060
v 0.237339 0.966559 0.047210
v 0.417721 0.900777 0.083090
v 0.582051 0.800379 0.115777
v 0.724013 0.669223 0.144015
v 0.838152 0.512349 0.166719
v 0.920080 0.335785 0.183015
v 0.966651 0.146318 0.192279
v 0.976074 -0.048773 0.194153
v 0.947986 -0.241989 0.188566
v 0.883469 -0.425905 0.175733
v 0.785000 -0.593454 0.156146
v 0.656364 -0.738197 0.130559
v 0.502504 -0.854572 0.099954
v 0.329333 -0.938106 0.065508
v 0.985589 0.000000 0.146318
v 0.976074 0.195090 0.047836
v 0.192279 0.980785 0.028545
v 0.194153 -0.980785 0.009515
v 0.966651 -0.195090 0.143506
v 0.377169 0.923880 0.055993
v 0.910565 -0.382683 0.135180
v 0.547564 0.831470 0.081290
v 0.819487 -0.555570 0.121659
v 0.696917 0.707107 0.103462
v 0.696917 -0.707107 0.103462
v 0.819487 0.555570 0.121659
v 0.547564 -0.831470 0.081290
v 0.910565 0.382683 0.135180
v 0.377169 -0.923880 0.055993
v 0.223568 0.966559 0.092605
v 0.393485 0.900777 0.162987
v 0.548280 0.800379 0.227105
v 0.682005 0.669223 0.282496
v 0.789521 0.512349 0.327031
v 0.866697 0.335785 0.358998
v 0.910565 0.146318 0.377169
v 0.919441 -0.048773 0.380845
v 0.892984 -0.241989 0.369886
v 0.832209 -0.425905 0.344712
v 0.739453 -0.593454 0.306292
v 0.618281 -0.738197 0.256100
v 0.473348 -0.854572 0.196067
v 0.310225 -0.938106 0.128499
v 0.663341 -0.707107 0.237436
v 0.803664 -0.555570 0.201206
v 0.780006 0.555570 0.279195
v 0.683460 0.707107 0.171112
v 0.521184 -0.831470 0.186552
v 0.866697 0.382683 0.310225
v 0.358998 -0.923880 0.128499
v 0.920080 0.195090 0.329333
v 0.183015 -0.980785 0.065508
v 0.938106 0.000000 0.335785
v 0.183015 0.980785 0.065508
v 0.920080 -0.195090 0.329333
v 0.358998 0.923880 0.128499
v 0.866697 -0.382683 0.310225
v 0.521184 0.831470 0.186552
v 0.201206 0.966559 0.134442
v 0.354127 0.900777 0.236620
v 0.493439 0.800379 0.329706
v 0.613789 0.669223 0.410120
v 0.710551 0.512349 0.474775
v 0.780006 0.335785 0.521184
v 0.819487 0.146318 0.547564
v 0.827475 -0.048773 0.552901
v 0.803664 -0.241989 0.536991
v 0.748969 -0.425905 0.500445
v 0.665491 -0.593454 0.444667
v 0.556438 -0.738197 0.371800
v 0.426002 -0.854572 0.284646
v 0.279195 -0.938106 0.186552
v 0.175733 -0.980785 0.083090
v 0.838151 -0.195090 0.502504
v 0.900777 0.000000 0.425905
v 0.327031 0.923880 0.196067
v 0.175733 0.980785 0.083090
v 0.789522 -0.382683 0.473348
v 0.474775 0.831470 0.284646
v 0.710550 -0.555570 0.426002
v 0.604274 0.707107 0.362285
v 0.604274 -0.707107 0.362285
v 0.710550 0.555570 0.426002
v 0.474775 -0.831470 0.284646
v 0.789522 0.382683 0.473348
v 0.327031 -0.923880 0.196067
v 0.838151 0.195090 0.502504
v 0.171112 0.966559 0.171112
v 0.301160 0.900777 0.301160
v 0.419635 0.800379 0.419636
v 0.521984 0.669223 0.521984
v 0.604273 0.512349 0.604274
v 0.663341 0.335785 0.663341
v 0.696916 0.146318 0.696917
v 0.703710 -0.048773 0.703710
v 0.683460 -0.241989 0.683460
v 0.636945 -0.425905 0.636945
v 0.565953 -0.593454 0.565953
v 0.473212 -0.738197 0.473212
v 0.362285 -0.854572 0.362285
v 0.237436 -0.938106 0.237436
v 0.410120 -0.831470 0.371800
v 0.565953 -0.707107 0.419636
v 0.682005 0.382683 0.618281
v 0.665491 0.555570 0.493439
v 0.282496 -0.923880 0.256100
v 0.724013 0.195090 0.656364
v 0.144015 -0.980785 0.130559
v 0.738197 0.000000 0.669223
v 0.144015 0.980785 0.130559
v 0.724013 -0.195090 0.656364
v 0.282496 0.923880 0.256100
v 0.682005 -0.382683 0.618281
v 0.410120 0.831470 0.371800
v 0.613788 -0.555570 0.556438
v 0.521984 0.707107 0.473212
v 0.134442 0.966559 0.201206
v 0.236620 0.900777 0.354127
v 0.329705 0.800379 0.493439
v 0.410120 0.669223 0.613789
v 0.474775 0.512349 0.710551
v 0.521184 0.335785 0.780006
v 0.547564 0.146318 0.819487
v 0.552901 -0.048773 0.827475
v 0.536991 -0.241989 0.803664
v 0.500445 -0.425905 0.748969
v 0.444667 -0.593454 0.665491
v 0.371800 -0.738197 0.556438
v 0.284645 -0.854572 0.426002
v 0.186552 -0.938106 0.279195
v 0.227105 0.923880 0.306292
v 0.130559 0.980785 0.144015
v 0.548280 -0.382683 0.739454
v 0.656363 -0.195090 0.724013
v 0.329705 0.831470 0.444667
v 0.493439 -0.555570 0.665491
v 0.419636 0.707107 0.565953
v 0.419636 -0.707107 0.565953
v 0.493439 0.555570 0.665491
v 0.329705 -0.831470 0.444667
v 0.548280 0.382683 0.739454
v 0.227105 -0.923880 0.306292
v 0.582051 0.195090 0.785000
v 0.115777 -0.980785 0.156146
v 0.593454 0.000000 0.800379
v 0.092605 0.966559 0.223568
v 0.162987 0.900777 0.393485
v 0.227105 0.800379 0.548280
v 0.282496 0.669223 0.682005
v 0.327030 0.512349 0.789521
v 0.358998 0.335785 0.866697
v 0.377168 0.146318 0.910565
v 0.380845 -0.048773 0.919441
v 0.369886 -0.241989 0.892984
v 0.344712 -0.425905 0.832209
v 0.306292 -0.593454 0.739453
v 0.256100 -0.738197 0.618281
v 0.196067 -0.854572 0.473348
v 0.128499 -0.938106 0.310225
v 0.393485 0.382683 0.832209
v 0.426002 0.555570 0.710551
v 0.162987 -0.923880 0.344712
v 0.284645 -0.831470 0.474775
v 0.417721 0.195090 0.883469
v 0.083090 -0.980785 0.175733
v 0.425905 0.000000 0.900777
v 0.083090 0.980785 0.175733
v 0.417721 -0.195090 0.883469
v 0.162987 0.923880 0.344712
v 0.393485 -0.382683 0.832209
v 0.236620 0.831470 0.500445
v 0.354127 -0.555570 0.748968
v 0.301160 0.707107 0.636945
v 0.301160 -0.707107 0.636945
v 0.047210 0.966559 0.237339
v 0.083090 0.900777 0.417721
v 0.115777 0.800379 0.582051
v 0.144015 0.669223 0.724013
v 0.166719 0.512349 0.838151
v 0.183015 0.335785 0.920080
v 0.192279 0.146318 0.966651
v 0.194153 -0.048773 0.976073
v 0.188566 -0.241989 0.947986
v 0.175733 -0.425905 0.883469
v 0.156146 -0.593454 0.785000
v 0.130559 -0.738197 0.656364
v 0.099954 -0.854572 0.502504
v 0.065508 -0.938106 0.329333
v 0.223568 -0.382683 0.892984
v 0.329333 -0.195090 0.920080
v 0.134442 0.831470 0.536991
v 0.128499 0.923880 0.358998
v 0.201206 -0.555570 0.803664
v 0.171112 0.707107 0.683460
v 0.171112 -0.707107 0.683460
v 0.201206 0.555570 0.803664
v 0.134442 -0.831470 0.536991
v 0.223568 0.382683 0.892984
v 0.092605 -0.923880 0.369886
v 0.237339 0.195090 0.947986
v 0.047210 -0.980785 0.188566
v 0.241988 0.000000 0.966558
v 0.047210 0.980785 0.188566
v -0.000000 0.966559 0.241988
v -0.000000 0.900777 0.425905
v -0.000000 0.800379 0.593454
v -0.000000 0.669223 0.738197
v -0.000000 0.512349 0.854572
v -0.000000 0.335785 0.938106
v -0.000000 0.146318 0.985589
v -0.000000 -0.048773 0.995196
v -0.000000 -0.241989 0.966559
v -0.000000 -0.425905 0.900777
v -0.000000 -0.593454 0.800379
v -0.000000 -0.738197 0.669222
v -0.000000 -0.854572 0.512348
v -0.000000 -0.938106 0.335785
v 0.018664 -0.923880 0.380845
v 0.081290 -0.831470 0.547564
v 0.047835 0.195090 0.976074
v 0.135180 0.382683 0.910565
v 0.009515 -0.980785 0.194153
v 0.048772 0.000000 0.995196
v 0.009515 0.980785 0.194153
v 0.047835 -0.195090 0.976074
v 0.018664 0.923880 0.380845
v 0.045060 -0.382683 0.919441
v 0.027096 0.831470 0.552901
v 0.040553 -0.555570 0.827475
v 0.034487 0.707107 0.703710
v 0.034487 -0.707107 0.703710
v 0.040553 0.555570 0.827475
v -0.047210 0.966559 0.237339
v -0.083090 0.900777 0.417721
v -0.115777 0.800379 0.582051
v -0.144015 0.669223 0.724013
v -0.166719 0.512349 0.838151
v -0.183015 0.335785 0.920080
v -0.192279 0.146318 0.966651
v -0.194153 -0.048773 0.976073
v -0.188566 -0.241989 0.947986
v -0.175733 -0.425905 0.883469
v -0.156146 -0.593454 0.785000
v -0.130559 -0.738197 0.656363
v -0.099954 -0.854572 0.502504
v -0.065508 -0.938106 0.329333
v -0.081290 0.831470 0.547564
v -0.018665 0.923880 0.380845
v -0.121659 -0.555570 0.819487
v -0.045060 -0.382683 0.919441
v -0.103462 0.707107 0.696916
v -0.103462 -0.707107 0.696916
v -0.121659 0.555570 0.819487
v -0.081290 -0.831470 0.547564
v -0.135180 0.382683 0.910565
v -0.055993 -0.923880 0.377168
v -0.143506 0.195090 0.966651
v -0.028545 -0.980785 0.192279
v -0.146318 0.000000 0.985588
v -0.028545 0.980785 0.192279
v -0.143506 -0.195090 0.966651
v -0.092605 0.966559 0.223568
v -0.162987 0.900777 0.393485
v -0.227105 0.800379 0.548280
v -0.282496 0.669223 0.682005
v -0.327031 0.512349 0.789521
v -0.358997 0.335785 0.866697
v -0.377169 0.146318 0.910565
v -0.380845 -0.048773 0.919441
v -0.369886 -0.241989 0.892984
v -0.344712 -0.425905 0.832209
v -0.306292 -0.593454 0.739453
v -0.256100 -0.738197 0.618281
v -0.196067 -0.854572 0.473348
v -0.128499 -0.938106 0.310225
v -0.329333 0.195090 0.920080
v -0.223568 0.382683 0.892984
v -0.065508 -0.980785 0.183015
v -0.092605 -0.923880 0.369886
v -0.335785 0.000000 0.938105
v -0.065508 0.980785 0.183015
v -0.329333 -0.195090 0.920080
v -0.128499 0.923880 0.358998
v -0.310225 -0.382683 0.866697
v -0.186552 0.831470 0.521183
v -0.279195 -0.555570 0.780006
v -0.237436 0.707107 0.663341
v -0.237436 -0.707107 0.663341
v -0.279195 0.555570 0.780006
v -0.186552 -0.831470 0.521183
v -0.134442 0.966559 0.201206
v -0.236620 0.900777 0.354127
v -0.329705 0.800379 0.493439
v -0.410120 0.669223 0.613789
v -0.474775 0.512349 0.710550
v -0.521184 0.335785 0.780006
v -0.547564 0.146318 0.819487
v -0.552901 -0.048773 0.827475
v -0.536991 -0.241989 0.803664
v -0.500445 -0.425905 0.748968
v -0.444667 -0.593454 0.665490
v -0.371800 -0.738197 0.556438
v -0.284645 -0.854572 0.426002
v -0.186552 -0.938106 0.279195
v -0.426002 -0.555570 0.710550
v -0.393485 -0.382683 0.832209
v -0.362285 0.707107 0.604274
v -0.236620 0.831470 0.500445
v -0.362285 -0.707107 0.604274
v -0.426002 0.555570 0.710550
v -0.284645 -0.831470 0.474774
v -0.473348 0.382683 0.789521
v -0.196067 -0.923880 0.327030
v -0.502504 0.195090 0.838151
v -0.099954 -0.980785 0.166719
v -0.512348 0.000000 0.854571
v -0.099954 0.980785 0.166719
v -0.502504 -0.195090 0.838151
v -0.196067 0.923880 0.327030
v -0.171112 0.966559 0.171112
v -0.301160 0.900777 0.301160
v -0.419635 0.800379 0.419635
v -0.521984 0.669223 0.521984
v -0.604273 0.512349 0.604273
v -0.663341 0.335785 0.663341
v -0.696916 0.146318 0.696916
v -0.703710 -0.048773 0.703709
v -0.683460 -0.241989 0.683460
v -0.636945 -0.425905 0.636945
v -0.565953 -0.593454 0.565953
v -0.473212 -0.738197 0.473212
v -0.362285 -0.854572 0.362285
v -0.237436 -0.938106 0.237436
v -0.103462 -0.985589 0.103462
v -0.130559 -0.980785 0.144015
v -0.227105 -0.923880 0.306292
v -0.669222 0.000000 0.738197
v -0.582051 0.195090 0.784999
v -0.130559 0.980785 0.144015
v -0.656364 -0.195090 0.724013
v -0.256100 0.923880 0.282496
v -0.618281 -0.382683 0.682005
v -0.371800 0.831470 0.410120
v -0.556438 -0.555570 0.613788
v -0.473212 0.707107 0.521984
v -0.473212 -0.707107 0.521984
v -0.556438 0.555570 0.613788
v -0.371800 -0.831470 0.410120
v -0.618281 0.382683 0.682005
v -0.201206 0.966559 0.134442
v -0.354127 0.900777 0.236620
v -0.493439 0.800379 0.329705
v -0.613789 0.669223 0.410120
v -0.710550 0.512349 0.474775
v -0.780006 0.335785 0.521183
v -0.819487 0.146318 0.547563
v -0.827475 -0.048773 0.552901
v -0.803664 -0.241989 0.536991
v -0.748968 -0.425905 0.500445
v -0.665491 -0.593454 0.444666
v -0.556438 -0.738197 0.371800
v -0.426002 -0.854572 0.284645
v -0.279195 -0.938106 0.186552
v -0.565953 -0.707107 0.419635
v -0.613789 -0.555570 0.556438
v -0.665491 0.555570 0.493439
v -0.521984 0.707107 0.473212
v -0.444666 -0.831470 0.329705
v -0.739453 0.382683 0.548280
v -0.306292 -0.923880 0.227105
v -0.785000 0.195090 0.582051
v -0.156146 -0.980785 0.115777
v -0.800378 0.000000 0.593454
v -0.156146 0.980785 0.115777
v -0.785000 -0.195090 0.582051
v -0.306292 0.923880 0.227105
v -0.739453 -0.382683 0.548280
v -0.444666 0.831470 0.329705
v -0.223568 0.966559 0.092605
v -0.393485 0.900777 0.162987
v -0.548280 0.800379 0.227105
v -0.682005 0.669223 0.282496
v -0.789521 0.512349 0.327030
v -0.866697 0.335785 0.358997
v -0.910565 0.146318 0.377168
v -0.919441 -0.048773 0.380844
v -0.892984 -0.241989 0.369886
v -0.832209 -0.425905 0.344712
v -0.739453 -0.593454 0.306291
v -0.618281 -0.738197 0.256100
v -0.473348 -0.854572 0.196067
v -0.310225 -0.938106 0.128499
v -0.175733 0.980785 0.083090
v -0.166719 -0.980785 0.099954
v -0.883469 -0.195090 0.417721
v -0.854572 0.000000 0.512348
v -0.344712 0.923880 0.162987
v -0.832209 -0.382683 0.393485
v -0.500445 0.831470 0.236620
v -0.748968 -0.555570 0.354127
v -0.636945 0.707107 0.301160
v -0.636945 -0.707107 0.301160
v -0.748968 0.555570 0.354127
v -0.500445 -0.831470 0.236620
v -0.832209 0.382683 0.393485
v -0.344712 -0.923880 0.162987
v -0.883469 0.195090 0.417721
v -0.237339 0.966559 0.047210
v -0.417721 0.900777 0.083090
v -0.582051 0.800379 0.115777
v -0.724013 0.669223 0.144015
v -0.838151 0.512349 0.166719
v -0.920080 0.335785 0.183015
v -0.966651 0.146318 0.192278
v -0.976073 -0.048773 0.194153
v -0.947986 -0.241989 0.188566
v -0.883469 -0.425905 0.175733
v -0.784999 -0.593454 0.156146
v -0.656363 -0.738197 0.130559
v -0.502504 -0.854572 0.099954
v -0.329333 -0.938106 0.065508
v -0.803664 0.555570 0.201206
v -0.663341 0.707107 0.237436
v -0.536991 -0.831470 0.134441
v -0.663341 -0.707107 0.237436
v -0.892984 0.382683 0.223568
v -0.369886 -0.923880 0.092605
v -0.947986 0.195090 0.237339
v -0.188566 -0.980785 0.047210
v -0.966558 0.000000 0.241988
v -0.188566 0.980785 0.047210
v -0.947986 -0.195090 0.237339
v -0.369886 0.923880 0.092605
v -0.892984 -0.382683 0.223568
v -0.536991 0.831470 0.134441
v -0.803664 -0.555570 0.201206
v -0.241988 0.966559 -0.000000
v -0.425905 0.900777 -0.000000
v -0.593454 0.800379 -0.000000
v -0.738197 0.669223 -0.000000
v -0.854572 0.512349 -0.000000
v -0.938106 0.335785 -0.000000
v -0.985588 0.146318 -0.000000
v -0.995196 -0.048773 -0.000000
v -0.966558 -0.241989 -0.000000
v -0.900777 -0.425905 -0.000000
v -0.800379 -0.593454 -0.000000
v -0.669222 -0.738197 -0.000000
v -0.512348 -0.854572 -0.000000
v -0.335785 -0.938106 -0.000000
v -0.976074 -0.195090 0.047835
v -0.985588 0.000000 0.146317
v -0.380845 0.923880 0.018664
v -0.192279 0.980785 0.028545
v -0.919441 -0.382683 0.045060
v -0.552901 0.831470 0.027096
v -0.827475 -0.555570 0.040553
v -0.703710 0.707107 0.034487
v -0.703710 -0.707107 0.034487
v -0.827475 0.555570 0.040553
v -0.552901 -0.831470 0.027096
v -0.919441 0.382683 0.045060
v -0.380845 -0.923880 0.018664
v -0.976074 0.195090 0.047835
v -0.194153 -0.980785 0.009515
v -0.237339 0.966559 -0.047210
v -0.417721 0.900777 -0.083090
v -0.582051 0.800379 -0.115777
v -0.724013 0.669223 -0.144015
v -0.838151 0.512349 -0.166719
v -0.920080 0.335785 -0.183015
v -0.966650 0.146318 -0.192279
v -0.976073 -0.048773 -0.194153
v -0.947986 -0.241989 -0.188566
v -0.883468 -0.425905 -0.175733
v -0.784999 -0.593454 -0.156146
v -0.656363 -0.738197 -0.130559
v -0.502504 -0.854572 -0.099954
v -0.329333 -0.938106 -0.065508
v -0.547563 -0.831470 -0.081290
v -0.703710 -0.707107 -0.034487
v -0.910565 0.382683 -0.135180
v -0.827475 0.555570 -0.040553
v -0.377168 -0.923880 -0.055993
v -0.966651 0.195090 -0.143506
v -0.192279 -0.980785 -0.028545
v -0.985588 0.000000 -0.146318
v -0.192279 0.980785 -0.028545
v -0.966651 -0.195090 -0.143506
v -0.377168 0.923880 -0.055993
v -0.910565 -0.382683 -0.135180
v -0.547563 0.831470 -0.081290
v -0.819487 -0.555570 -0.121659
v -0.696916 0.707107 -0.103462
v -0.223568 0.966559 -0.092605
v -0.393485 0.900777 -0.162987
v -0.548280 0.800379 -0.227105
v -0.682005 0.669223 -0.282496
v -0.789521 0.512349 -0.327031
v -0.866696 0.335785 -0.358998
v -0.910565 0.146318 -0.377169
v -0.919441 -0.048773 -0.380845
v -0.892983 -0.241989 -0.369886
v -0.832209 -0.425905 -0.344712
v -0.739453 -0.593454 -0.306292
v -0.618281 -0.738197 -0.256100
v -0.473348 -0.854572 -0.196067
v -0.310225 -0.938106 -0.128499
v -0.358997 0.923880 -0.128499
v -0.188566 0.980785 -0.047210
v -0.866696 -0.382683 -0.310225
v -0.947986 -0.195090 -0.237339
v -0.521183 0.831470 -0.186552
v -0.780006 -0.555570 -0.279195
v -0.663341 0.707107 -0.237436
v -0.663341 -0.707107 -0.237436
v -0.780006 0.555570 -0.279195
v -0.521183 -0.831470 -0.186552
v -0.866696 0.382683 -0.310225
v -0.358997 -0.923880 -0.128499
v -0.920080 0.195090 -0.329333
v -0.183015 -0.980785 -0.065508
v -0.938105 0.000000 -0.335785
v -0.201206 0.966559 -0.134442
v -0.354127 0.900777 -0.236620
v -0.493439 0.800379 -0.329705
v -0.613788 0.669223 -0.410120
v -0.710550 0.512349 -0.474775
v -0.780006 0.335785 -0.521184
v -0.819486 0.146318 -0.547564
v -0.827474 -0.048773 -0.552901
v -0.803664 -0.241989 -0.536991
v -0.748968 -0.425905 -0.500445
v -0.665490 -0.593454 -0.444667
v -0.556438 -0.738197 -0.371800
v -0.426002 -0.854572 -0.284645
v -0.279195 -0.938106 -0.186552
v -0.789521 0.382683 -0.473348
v -0.748968 0.555570 -0.354127
v -0.327030 -0.923880 -0.196067
v -0.500444 -0.831470 -0.236620
v -0.838151 0.195090 -0.502504
v -0.166719 -0.980785 -0.099954
v -0.854571 0.000000 -0.512348
v -0.166719 0.980785 -0.099954
v -0.838151 -0.195090 -0.502504
v -0.327030 0.923880 -0.196067
v -0.789521 -0.382683 -0.473348
v -0.474774 0.831470 -0.284645
v -0.710550 -0.555570 -0.426002
v -0.604273 0.707107 -0.362285
v -0.604273 -0.707107 -0.362285
v -0.171112 0.966559 -0.171112
v -0.301160 0.900777 -0.301160
v -0.419635 0.800379 -0.419635
v -0.521984 0.669223 -0.521984
v -0.604273 0.512349 -0.604273
v -0.663341 0.335785 -0.663341
v -0.696916 0.146318 -0.696916
v -0.703709 -0.048773 -0.703710
v -0.683460 -0.241989 -0.683460
v -0.636945 -0.425905 -0.636945
v -0.565953 -0.593454 -0.565953
v -0.473212 -0.738197 -0.473212
v -0.362285 -0.854572 -0.362285
v -0.237436 -0.938106 -0.237436
v -0.682005 -0.382683 -0.618281
v -0.784999 -0.195090 -0.582051
v -0.410120 0.831470 -0.371800
v -0.306292 0.923880 -0.227105
v -0.613788 -0.555570 -0.556438
v -0.521984 0.707107 -0.473212
v -0.521984 -0.707107 -0.473212
v -0.613788 0.555570 -0.556438
v -0.410120 -0.831470 -0.371800
v -0.682005 0.382683 -0.618281
v -0.282496 -0.923880 -0.256100
v -0.724013 0.195090 -0.656364
v -0.144015 -0.980785 -0.130559
v -0.738196 0.000000 -0.669222
v -0.144015 0.980785 -0.130559
v -0.134442 0.966559 -0.201206
v -0.236620 0.900777 -0.354127
v -0.329705 0.800379 -0.493439
v -0.410120 0.669223 -0.613789
v -0.474774 0.512349 -0.710550
v -0.521183 0.335785 -0.780006
v -0.547563 0.146318 -0.819487
v -0.552901 -0.048773 -0.827475
v -0.536991 -0.241989 -0.803664
v -0.500445 -0.425905 -0.748968
v -0.444666 -0.593454 -0.665490
v -0.371800 -0.738197 -0.556438
v -0.284645 -0.854572 -0.426002
v -0.186552 -0.938106 -0.279195
v -0.227105 -0.923880 -0.306292
v -0.371800 -0.831470 -0.410120
v -0.582051 0.195090 -0.784999
v -0.618281 0.382683 -0.682005
v -0.115777 -0.980785 -0.156146
v -0.593453 0.000000 -0.800378
v -0.115777 0.980785 -0.156146
v -0.582051 -0.195090 -0.784999
v -0.227105 0.923880 -0.306292
v -0.548280 -0.382683 -0.739453
v -0.329705 0.831470 -0.444666
v -0.493439 -0.555570 -0.665490
v -0.419635 0.707107 -0.565953
v -0.419635 -0.707107 -0.565953
v -0.493439 0.555570 -0.665490
v -0.092605 0.966559 -0.223568
v -0.162987 0.900777 -0.393485
v -0.227105 0.800379 -0.548280
v -0.282496 0.669223 -0.682005
v -0.327030 0.512349 -0.789521
v -0.358997 0.335785 -0.866696
v -0.377168 0.146318 -0.910565
v -0.380844 -0.048773 -0.919441
v -0.369886 -0.241989 -0.892983
v -0.344712 -0.425905 -0.832209
v -0.306291 -0.593454 -0.739453
v -0.256100 -0.738197 -0.618281
v -0.196067 -0.854572 -0.473348
v -0.128499 -0.938106 -0.310225
v -0.354127 -0.555570 -0.748968
v -0.473348 -0.382683 -0.789521
v -0.301160 0.707107 -0.636945
v -0.284645 0.831470 -0.474774
v -0.301160 -0.707107 -0.636945
v -0.354127 0.555570 -0.748968
v -0.236620 -0.831470 -0.500444
v -0.393485 0.382683 -0.832209
v -0.162987 -0.923880 -0.344712
v -0.417721 0.195090 -0.883468
v -0.083090 -0.980785 -0.175733
v -0.425904 0.000000 -0.900776
v -0.083090 0.980785 -0.175733
v -0.417721 -0.195090 -0.883468
v -0.162987 0.923880 -0.344712
v -0.047210 0.966559 -0.237339
v -0.083090 0.900777 -0.417721
v -0.115777 0.800379 -0.582051
v -0.144015 0.669223 -0.724013
v -0.166718 0.512349 -0.838151
v -0.183015 0.335785 -0.920080
v -0.192278 0.146318 -0.966650
v -0.194153 -0.048773 -0.976073
v -0.188566 -0.241989 -0.947986
v -0.175733 -0.425905 -0.883468
v -0.156146 -0.593454 -0.784999
v -0.130559 -0.738197 -0.656363
v -0.099954 -0.854572 -0.502503
v -0.065508 -0.938106 -0.329333
v -0.047210 -0.980785 -0.188566
v -0.128499 -0.923880 -0.358997
v -0.241988 0.000000 -0.966558
v -0.329333 0.195090 -0.920080
v -0.047210 0.980785 -0.188566
v -0.237338 -0.195090 -0.947986
v -0.092605 0.923880 -0.369886
v -0.223568 -0.382683 -0.892983
v -0.134441 0.831470 -0.536991
v -0.201206 -0.555570 -0.803664
v -0.171112 0.707107 -0.683460
v -0.171112 -0.707107 -0.683460
v -0.201206 0.555570 -0.803664
v -0.134441 -0.831470 -0.536991
v -0.223568 0.382683 -0.892983
v 0.000000 0.966559 -0.241988
v 0.000000 -0.738197 -0.669222
v 0.000000 -0.854572 -0.512348
v 0.000000 -0.938106 -0.335785
v -0.034487 0.707107 -0.703710
v -0.034487 -0.707107 -0.703710
v -0.027096 -0.831470 -0.552901
v -0.045060 0.382683 -0.919441
v -0.018664 -0.923880 -0.380845
v -0.009515 -0.980785 -0.194153
v -0.009515 0.980785 -0.194153
v -0.018664 0.923880 -0.380845
v -0.045060 -0.382683 -0.919441
v 0.000000 0.995196 -0.048773
v 0.000000 0.900777 -0.425905
v 0.000000 0.800379 -0.593454
v 0.000000 0.669223 -0.738197
v 0.000000 0.512349 -0.854572
v 0.000000 0.335785 -0.938106
v 0.000000 -0.241989 -0.966559
v 0.000000 -0.425905 -0.900777
v 0.000000 -0.593454 -0.800379
v 0.000000 -0.985589 -0.146318
v 0.009515 0.995196 -0.047835
v 0.028545 -0.985589 -0.143506
v 0.045060 -0.382683 -0.919441
v 0.103462 0.707107 -0.696917
v 0.103462 -0.707107 -0.696917
v 0.081290 -0.831470 -0.547564
v 0.135180 0.382683 -0.910565
v 0.055993 -0.923880 -0.377169
v 0.028545 -0.980785 -0.192279
v 0.028545 0.980785 -0.192279
v 0.055993 0.923880 -0.377169
v 0.018664 0.995196 -0.045060
v 0.055993 -0.985589 -0.135180
v 0.027097 0.995196 -0.040553
v 0.081290 -0.985589 -0.121659
v 0.034487 0.995196 -0.034487
v 0.103462 -0.985589 -0.103462
v 0.040553 0.995196 -0.027097
v 0.121659 -0.985589 -0.081290
v 0.135180 -0.985589 -0.055993
v 0.047835 0.995196 -0.009515
v 0.143506 -0.985589 -0.028545
v 0.048773 0.995196 0.000000
v 0.146318 -0.985589 0.000000
v 0.047835 0.995196 0.009515
v 0.143506 -0.985589 0.028545
v 0.045060 0.995196 0.018664
v 0.135180 -0.985589 0.055993
v 0.040553 0.995196 0.027097
v 0.121659 -0.985589 0.081290
v 0.034487 0.995196 0.034487
v 0.103462 -0.985589 0.103462
v 0.027097 0.995196 0.040553
v 0.081290 -0.985589 0.121659
v 0.018664 0.995196 0.045060
v 0.055993 -0.985589 0.135180
v 0.009515 0.995196 0.047835
v 0.028545 -0.985589 0.143506
v -0.000000 0.995196 0.048773
v -0.000000 -0.985589 0.146318
v -0.009515 0.995196 0.047835
v -0.028545 -0.985589 0.143506
v -0.018664 0.995196 0.045060
v -0.055993 -0.985589 0.135180
v -0.027097 0.995196 0.040553
v -0.081290 -0.985589 0.121659
v -0.034487 0.995196 0.034487
v -0.040553 0.995196 0.027097
v -0.121659 -0.985589 0.081290
v -0.045060 0.995196 0.018664
v -0.135180 -0.985589 0.055993
v -0.047835 0.995196 0.009515
v -0.143506 -0.985589 0.028545
v -0.048773 0.995196 -0.000000
v -0.146318 -0.985589 -0.000000
v -0.047835 0.995196 -0.009515
v -0.143506 -0.985589 -0.028545
v -0.045060 0.995196 -0.018664
v -0.135180 -0.985589 -0.055993
v -0.040553 0.995196 -0.027097
v -0.121659 -0.985589 -0.081290
v -0.034487 0.995196 -0.034487
v -0.103462 -0.985589 -0.103462
v -0.027097 0.995196 -0.040553
v -0.081290 -0.985589 -0.121659
v -0.018664 0.995196 -0.045060
v -0.055993 -0.985589 -0.135180
v -0.009515 0.995196 -0.047835
v -0.028545 -0.985589 -0.143506
v -0.081290 0.831470 -0.547563
v -0.121658 -0.555570 -0.819487
v -0.040553 0.555570 -0.827475
v -0.047835 0.195090 -0.976074
v -0.048772 0.000000 -0.995196
v -0.047835 -0.195090 -0.976074
v -0.042806 -0.469127 -0.873458
v -0.128419 -0.469127 -0.865026
v -0.083359 -0.512349 -0.846362
v -0.087866 -0.425905 -0.892123
v -0.022880 0.877675 -0.466873
v -0.068641 0.877675 -0.462366
v -0.049977 0.854572 -0.507426
v -0.041545 0.900777 -0.421813
v -0.046448 -0.288887 -0.947757
v -0.139343 -0.288887 -0.938608
v -0.091508 -0.335785 -0.929093
v -0.094283 -0.241989 -0.957272
v -0.014090 0.952332 -0.287499
v -0.042269 0.952332 -0.284724
v -0.032754 0.938106 -0.332559
v -0.023605 0.966559 -0.239664
v -0.048304 -0.097545 -0.985635
v -0.144912 -0.097545 -0.976119
v -0.096139 -0.146318 -0.976120
v -0.097076 -0.048773 -0.985635
v -0.009515 -0.985589 -0.145380
v -0.009515 -0.990393 -0.096608
v -0.019030 -0.985589 -0.144443
v -0.009515 0.985589 -0.145380
v -0.019030 0.985589 -0.144443
v -0.009515 0.990393 -0.096608
v -0.048304 0.097545 -0.985635
v -0.144912 0.097545 -0.976119
v -0.097076 0.048773 -0.985635
v -0.096139 0.146318 -0.976120
v -0.014090 -0.952332 -0.287499
v -0.042269 -0.952332 -0.284724
v -0.023605 -0.966559 -0.239664
v -0.032754 -0.938106 -0.332559
v -0.046448 0.288887 -0.947757
v -0.139343 0.288887 -0.938608
v -0.094283 0.241989 -0.957272
v -0.091508 0.335785 -0.929093
v -0.022880 -0.877675 -0.466873
v -0.068641 -0.877675 -0.462366
v -0.041545 -0.900777 -0.421813
v -0.049977 -0.854572 -0.507426
v -0.042806 0.469127 -0.873458
v -0.128419 0.469127 -0.865026
v -0.087866 0.425905 -0.892123
v -0.083359 0.512349 -0.846362
v -0.030792 -0.769288 -0.628305
v -0.092376 -0.769288 -0.622240
v -0.057888 -0.800379 -0.587752
v -0.065279 -0.738197 -0.662793
v -0.037520 0.631338 -0.765593
v -0.112560 0.631338 -0.758202
v -0.078073 0.593454 -0.792689
v -0.072007 0.669223 -0.731105
v -0.037520 -0.631338 -0.765593
v -0.112560 -0.631338 -0.758202
v -0.072007 -0.669223 -0.731105
v -0.078073 -0.593454 -0.792689
v -0.030792 0.769288 -0.628306
v -0.092376 0.769288 -0.622240
v -0.065279 0.738197 -0.662793
v -0.057888 0.800379 -0.587753
v -0.230453 0.288887 -0.920485
v -0.319779 0.288887 -0.893388
v -0.279226 0.241989 -0.920485
v -0.271006 0.335785 -0.893388
v -0.113523 -0.877675 -0.453438
v -0.157526 -0.877675 -0.440090
v -0.123038 -0.900777 -0.405603
v -0.148010 -0.854572 -0.487926
v -0.212387 0.469127 -0.848324
v -0.294710 0.469127 -0.823351
v -0.260222 0.425905 -0.857839
v -0.246874 0.512349 -0.813836
v -0.152776 -0.769288 -0.610225
v -0.211994 -0.769288 -0.592262
v -0.171441 -0.800379 -0.565165
v -0.193329 -0.738197 -0.637322
v -0.186159 0.631338 -0.743562
v -0.258315 0.631338 -0.721673
v -0.231219 0.593454 -0.762226
v -0.213255 0.669223 -0.703009
v -0.186159 -0.631338 -0.743562
v -0.258315 -0.631338 -0.721673
v -0.213255 -0.669223 -0.703009
v -0.231219 -0.593454 -0.762226
v -0.152776 0.769288 -0.610225
v -0.211994 0.769288 -0.592262
v -0.193329 0.738197 -0.637322
v -0.171441 0.800379 -0.565165
v -0.212387 -0.469127 -0.848324
v -0.294710 -0.469127 -0.823351
v -0.246874 -0.512349 -0.813836
v -0.260222 -0.425905 -0.857839
v -0.113523 0.877675 -0.453438
v -0.157526 0.877675 -0.440090
v -0.148010 0.854572 -0.487926
v -0.123038 0.900777 -0.405603
v -0.230453 -0.288887 -0.920485
v -0.319779 -0.288887 -0.893388
v -0.271006 -0.335785 -0.893388
v -0.279226 -0.241989 -0.920485
v -0.069907 0.952332 -0.279226
v -0.097004 0.952332 -0.271006
v -0.097004 0.938106 -0.319779
v -0.069907 0.966559 -0.230453
v -0.239663 -0.097545 -0.957272
v -0.332559 -0.097545 -0.929093
v -0.284723 -0.146318 -0.938608
v -0.287498 -0.048773 -0.947757
v -0.037695 -0.985589 -0.140731
v -0.028179 -0.990393 -0.092895
v -0.046844 -0.985589 -0.137955
v -0.037695 0.985589 -0.140731
v -0.046844 0.985589 -0.137955
v -0.028179 0.990393 -0.092895
v -0.239663 0.097545 -0.957272
v -0.332559 0.097545 -0.929093
v -0.287498 0.048773 -0.947757
v -0.284723 0.146318 -0.938608
v -0.069907 -0.952332 -0.279226
v -0.097004 -0.952332 -0.271006
v -0.069907 -0.966559 -0.230453
v -0.097004 -0.938106 -0.319779
v -0.199803 0.877675 -0.422578
v -0.240356 0.877675 -0.400902
v -0.240356 0.854572 -0.449675
v -0.199803 0.900777 -0.373806
v -0.405603 -0.288887 -0.857839
v -0.487926 -0.288887 -0.813836
v -0.440090 -0.335785 -0.823351
v -0.453438 -0.241989 -0.848324
v -0.123038 0.952332 -0.260222
v -0.148011 0.952332 -0.246875
v -0.157526 0.938106 -0.294710
v -0.113523 0.966559 -0.212387
v -0.421813 -0.097545 -0.892122
v -0.507425 -0.097545 -0.846361
v -0.462366 -0.146318 -0.865026
v -0.466872 -0.048773 -0.873458
v -0.064425 -0.985589 -0.130673
v -0.045761 -0.990393 -0.085613
v -0.072858 -0.985589 -0.126166
v -0.064425 0.985589 -0.130673
v -0.072858 0.985589 -0.126166
v -0.045761 0.990393 -0.085613
v -0.421813 0.097545 -0.892122
v -0.507425 0.097545 -0.846361
v -0.466872 0.048773 -0.873458
v -0.462366 0.146318 -0.865026
v -0.123038 -0.952332 -0.260222
v -0.148011 -0.952332 -0.246875
v -0.113523 -0.966559 -0.212387
v -0.157526 -0.938106 -0.294710
v -0.405603 0.288887 -0.857839
v -0.487926 0.288887 -0.813836
v -0.453438 0.241989 -0.848324
v -0.440090 0.335785 -0.823351
v -0.199803 -0.877675 -0.422578
v -0.240356 -0.877675 -0.400902
v -0.199803 -0.900777 -0.373806
v -0.240356 -0.854572 -0.449675
v -0.373806 0.469127 -0.790589
v -0.449675 0.469127 -0.750036
v -0.422578 0.425905 -0.790589
v -0.400902 0.512349 -0.750036
v -0.268890 -0.769288 -0.568695
v -0.323465 -0.769288 -0.539524
v -0.278405 -0.800379 -0.520859
v -0.313950 -0.738197 -0.587359
v -0.327643 0.631338 -0.692957
v -0.394143 0.631338 -0.657412
v -0.375479 0.593454 -0.702472
v -0.346308 0.669223 -0.647897
v -0.327643 -0.631338 -0.692957
v -0.394143 -0.631338 -0.657412
v -0.346308 -0.669223 -0.647897
v -0.375479 -0.593454 -0.702472
v -0.268890 0.769288 -0.568695
v -0.323465 0.769288 -0.539524
v -0.313950 0.738197 -0.587359
v -0.278405 0.800379 -0.520859
v -0.373806 -0.469127 -0.790589
v -0.449675 -0.469127 -0.750036
v -0.400902 -0.512349 -0.750036
v -0.422578 -0.425905 -0.790589
v -0.520859 0.469127 -0.702472
v -0.587359 0.469127 -0.647897
v -0.568695 0.425905 -0.692957
v -0.539524 0.512349 -0.657412
v -0.374670 -0.769288 -0.505310
v -0.422506 -0.769288 -0.466052
v -0.374670 -0.800379 -0.456537
v -0.422506 -0.738197 -0.514825
v -0.456537 0.631338 -0.615722
v -0.514825 0.631338 -0.567886
v -0.505310 0.593454 -0.615722
v -0.466052 0.669223 -0.567886
v -0.456537 -0.631338 -0.615722
v -0.514825 -0.631338 -0.567886
v -0.466052 -0.669223 -0.567886
v -0.505310 -0.593454 -0.615722
v -0.374670 0.769288 -0.505310
v -0.422506 0.769288 -0.466052
v -0.422506 0.738197 -0.514825
v -0.374670 0.800379 -0.456537
v -0.520859 -0.469127 -0.702472
v -0.587359 -0.469127 -0.647897
v -0.539524 -0.512349 -0.657412
v -0.568695 -0.425905 -0.692957
v -0.278405 0.877675 -0.375479
v -0.313950 0.877675 -0.346308
v -0.323465 0.854572 -0.394143
v -0.268890 0.900777 -0.327644
v -0.565165 -0.288887 -0.762226
v -0.637322 -0.288887 -0.703009
v -0.592262 -0.335785 -0.721673
v -0.610225 -0.241989 -0.743562
v -0.171441 0.952332 -0.231219
v -0.193329 0.952332 -0.213255
v -0.211994 0.938106 -0.258315
v -0.152777 0.966559 -0.186159
v -0.587752 -0.097545 -0.792689
v -0.662792 -0.097545 -0.731105
v -0.622240 -0.146318 -0.758202
v -0.628305 -0.048773 -0.765592
v -0.088681 -0.985589 -0.115593
v -0.061584 -0.990393 -0.075040
v -0.096071 -0.985589 -0.109528
v -0.088681 0.985589 -0.115593
v -0.096071 0.985589 -0.109528
v -0.061584 0.990393 -0.075040
v -0.587752 0.097545 -0.792689
v -0.662792 0.097545 -0.731105
v -0.628305 0.048773 -0.765592
v -0.622240 0.146318 -0.758202
v -0.171441 -0.952332 -0.231219
v -0.193329 -0.952332 -0.213255
v -0.152777 -0.966559 -0.186159
v -0.211994 -0.938106 -0.258315
v -0.565165 0.288887 -0.762226
v -0.637322 0.288887 -0.703009
v -0.610225 0.241989 -0.743562
v -0.592262 0.335785 -0.721673
v -0.278405 -0.877675 -0.375479
v -0.313950 -0.877675 -0.346308
v -0.268890 -0.900777 -0.327644
v -0.323465 -0.854572 -0.394143
v -0.213255 0.952332 -0.193330
v -0.231219 0.952332 -0.171441
v -0.258315 0.938106 -0.211994
v -0.186159 0.966559 -0.152777
v -0.731104 -0.097545 -0.662793
v -0.792688 -0.097545 -0.587753
v -0.758201 -0.146318 -0.622240
v -0.765592 -0.048773 -0.628305
v -0.109528 -0.985589 -0.096071
v -0.075040 -0.990393 -0.061584
v -0.115593 -0.985589 -0.088681
v -0.109528 0.985589 -0.096071
v -0.115593 0.985589 -0.088681
v -0.075040 0.990393 -0.061584
v -0.731104 0.097545 -0.662793
v -0.792688 0.097545 -0.587753
v -0.765592 0.048773 -0.628305
v -0.758201 0.146318 -0.622240
v -0.213255 -0.952332 -0.193330
v -0.231219 -0.952332 -0.171441
v -0.186159 -0.966559 -0.152777
v -0.258315 -0.938106 -0.211994
v -0.703009 0.288887 -0.637322
v -0.762226 0.288887 -0.565166
v -0.743562 0.241989 -0.610226
v -0.721673 0.335785 -0.592262
v -0.346308 -0.877675 -0.313950
v -0.375479 -0.877675 -0.278405
v -0.327644 -0.900777 -0.268890
v -0.394143 -0.854572 -0.323465
v -0.647897 0.469127 -0.587359
v -0.702472 0.469127 -0.520860
v -0.692957 0.425905 -0.568695
v -0.657412 0.512349 -0.539524
v -0.466052 -0.769288 -0.422506
v -0.505310 -0.769288 -0.374670
v -0.456537 -0.800379 -0.374670
v -0.514825 -0.738197 -0.422506
v -0.567886 0.631338 -0.514825
v -0.615722 0.631338 -0.456537
v -0.615722 0.593454 -0.505310
v -0.567886 0.669223 -0.466052
v -0.567886 -0.631338 -0.514825
v -0.615722 -0.631338 -0.456537
v -0.567886 -0.669223 -0.466052
v -0.615722 -0.593454 -0.505310
v -0.466052 0.769288 -0.422506
v -0.505310 0.769288 -0.374670
v -0.514825 0.738197 -0.422506
v -0.456537 0.800379 -0.374670
v -0.647897 -0.469127 -0.587359
v -0.702472 -0.469127 -0.520860
v -0.657412 -0.512349 -0.539524
v -0.692957 -0.425905 -0.568695
v -0.346308 0.877675 -0.313950
v -0.375479 0.877675 -0.278405
v -0.394143 0.854572 -0.323465
v -0.327644 0.900777 -0.268890
v -0.703009 -0.288887 -0.637322
v -0.762226 -0.288887 -0.565166
v -0.721673 -0.335785 -0.592262
v -0.743562 -0.241989 -0.610226
v -0.539524 -0.769288 -0.323465
v -0.568695 -0.769288 -0.268890
v -0.520859 -0.800379 -0.278405
v -0.587359 -0.738197 -0.313950
v -0.657412 0.631338 -0.394144
v -0.692957 0.631338 -0.327644
v -0.702472 0.593454 -0.375479
v -0.647897 0.669223 -0.346308
v -0.657412 -0.631338 -0.394144
v -0.692957 -0.631338 -0.327644
v -0.647897 -0.669223 -0.346308
v -0.702472 -0.593454 -0.375479
v -0.539524 0.769288 -0.323465
v -0.568695 0.769288 -0.268890
v -0.587359 0.738197 -0.313950
v -0.520859 0.800379 -0.278405
v -0.750036 -0.469127 -0.449675
v -0.790589 -0.469127 -0.373806
v -0.750036 -0.512349 -0.400903
v -0.790589 -0.425905 -0.422579
v -0.400902 0.877675 -0.240356
v -0.422578 0.877675 -0.199803
v -0.449675 0.854572 -0.240356
v -0.373806 0.900777 -0.199803
v -0.813836 -0.288887 -0.487926
v -0.857839 -0.288887 -0.405603
v -0.823351 -0.335785 -0.440091
v -0.848324 -0.241989 -0.453439
v -0.246874 0.952332 -0.148011
v -0.260222 0.952332 -0.123038
v -0.294710 0.938106 -0.157526
v -0.212387 0.966559 -0.113523
v -0.846361 -0.097545 -0.507426
v -0.892122 -0.097545 -0.421813
v -0.865026 -0.146318 -0.462366
v -0.873458 -0.048773 -0.466873
v -0.126166 -0.985589 -0.072858
v -0.085613 -0.990393 -0.045761
v -0.130673 -0.985589 -0.064425
v -0.126166 0.985589 -0.072858
v -0.130673 0.985589 -0.064425
v -0.085613 0.990393 -0.045761
v -0.846361 0.097545 -0.507426
v -0.892122 0.097545 -0.421813
v -0.873458 0.048773 -0.466873
v -0.865026 0.146318 -0.462366
v -0.246874 -0.952332 -0.148011
v -0.260222 -0.952332 -0.123038
v -0.212387 -0.966559 -0.113523
v -0.294710 -0.938106 -0.157526
v -0.813836 0.288887 -0.487926
v -0.857839 0.288887 -0.405603
v -0.848324 0.241989 -0.453439
v -0.823351 0.335785 -0.440091
v -0.400902 -0.877675 -0.240356
v -0.422578 -0.877675 -0.199803
v -0.373806 -0.900777 -0.199803
v -0.449675 -0.854572 -0.240356
v -0.750036 0.469127 -0.449675
v -0.790589 0.469127 -0.373806
v -0.790589 0.425905 -0.422579
v -0.750036 0.512349 -0.400903
v -0.929092 -0.097545 -0.332559
v -0.957272 -0.097545 -0.239664
v -0.938608 -0.146318 -0.284724
v -0.947757 -0.048773 -0.287499
v -0.137955 -0.985589 -0.046844
v -0.092895 -0.990393 -0.028180
v -0.140731 -0.985589 -0.037695
v -0.137955 0.985589 -0.046844
v -0.140731 0.985589 -0.037695
v -0.092895 0.990393 -0.028180
v -0.929092 0.097545 -0.332559
v -0.957272 0.097545 -0.239664
v -0.947757 0.048773 -0.287499
v -0.938608 0.146318 -0.284724
v -0.271006 -0.952332 -0.097004
v -0.279226 -0.952332 -0.069907
v -0.230453 -0.966559 -0.069907
v -0.319779 -0.938106 -0.097004
v -0.893388 0.288887 -0.319779
v -0.920485 0.288887 -0.230454
v -0.920485 0.241989 -0.279226
v -0.893388 0.335785 -0.271006
v -0.440090 -0.877675 -0.157526
v -0.453438 -0.877675 -0.113523
v -0.405603 -0.900777 -0.123038
v -0.487926 -0.854572 -0.148011
v -0.823351 0.469127 -0.294710
v -0.848324 0.469127 -0.212387
v -0.857839 0.425905 -0.260223
v -0.813836 0.512349 -0.246875
v -0.592262 -0.769288 -0.211994
v -0.610225 -0.769288 -0.152777
v -0.565165 -0.800379 -0.171441
v -0.637322 -0.738197 -0.193330
v -0.721673 0.631338 -0.258316
v -0.743562 0.631338 -0.186159
v -0.762226 0.593454 -0.231219
v -0.703009 0.669223 -0.213256
v -0.721673 -0.631338 -0.258316
v -0.743562 -0.631338 -0.186159
v -0.703009 -0.669223 -0.213256
v -0.762226 -0.593454 -0.231219
v -0.592262 0.769288 -0.211994
v -0.610225 0.769288 -0.152777
v -0.637322 0.738197 -0.193330
v -0.565165 0.800379 -0.171441
v -0.823351 -0.469127 -0.294710
v -0.848324 -0.469127 -0.212387
v -0.813836 -0.512349 -0.246875
v -0.857839 -0.425905 -0.260223
v -0.440090 0.877675 -0.157526
v -0.453438 0.877675 -0.113523
v -0.487926 0.854572 -0.148011
v -0.405603 0.900777 -0.123038
v -0.893388 -0.288887 -0.319779
v -0.920485 -0.288887 -0.230454
v -0.893388 -0.335785 -0.271006
v -0.920485 -0.241989 -0.279226
v -0.271006 0.952332 -0.097004
v -0.279226 0.952332 -0.069907
v -0.319779 0.938106 -0.097004
v -0.230453 0.966559 -0.069907
v -0.758202 0.631338 -0.112561
v -0.765592 0.631338 -0.037520
v -0.792689 0.593454 -0.078073
v -0.731105 0.669223 -0.072008
v -0.758202 -0.631338 -0.112561
v -0.765592 -0.631338 -0.037520
v -0.731105 -0.669223 -0.072008
v -0.792689 -0.593454 -0.078073
v -0.622240 0.769288 -0.092376
v -0.628305 0.769288 -0.030792
v -0.662793 0.738197 -0.065279
v -0.587752 0.800379 -0.057889
v -0.865026 -0.469127 -0.128419
v -0.873458 -0.469127 -0.042807
v -0.846361 -0.512349 -0.083359
v -0.892123 -0.425905 -0.087866
v -0.462366 0.877675 -0.068642
v -0.466873 0.877675 -0.022881
v -0.507426 0.854572 -0.049977
v -0.421813 0.900777 -0.041545
v -0.938608 -0.288887 -0.139343
v -0.947757 -0.288887 -0.046448
v -0.929093 -0.335785 -0.091508
v -0.957272 -0.241989 -0.094283
v -0.284724 0.952332 -0.042269
v -0.287499 0.952332 -0.014090
v -0.332559 0.938106 -0.032754
v -0.239664 0.966559 -0.023605
v -0.976119 -0.097545 -0.144912
v -0.985634 -0.097545 -0.048304
v -0.976119 -0.146318 -0.096140
v -0.985634 -0.048773 -0.097077
v -0.144443 -0.985589 -0.019030
v -0.096608 -0.990393 -0.009515
v -0.145380 -0.985589 -0.009515
v -0.144443 0.985589 -0.019030
v -0.145380 0.985589 -0.009515
v -0.096608 0.990393 -0.009515
v -0.976119 0.097545 -0.144912
v -0.985634 0.097545 -0.048304
v -0.985634 0.048773 -0.097077
v -0.976119 0.146318 -0.096140
v -0.284724 -0.952332 -0.042269
v -0.287499 -0.952332 -0.014090
v -0.239664 -0.966559 -0.023605
v -0.332559 -0.938106 -0.032754
v -0.938608 0.288887 -0.139343
v -0.947757 0.288887 -0.046448
v -0.957272 0.241989 -0.094283
v -0.929093 0.335785 -0.091508
v -0.462366 -0.877675 -0.068642
v -0.466873 -0.877675 -0.022881
v -0.421813 -0.900777 -0.041545
v -0.507426 -0.854572 -0.049977
v -0.865026 0.469127 -0.128419
v -0.873458 0.469127 -0.042807
v -0.892123 0.425905 -0.087866
v -0.846361 0.512349 -0.083359
v -0.622240 -0.769288 -0.092376
v -0.628305 -0.769288 -0.030792
v -0.587752 -0.800379 -0.057889
v -0.662793 -0.738197 -0.065279
v -0.145380 -0.985589 0.009515
v -0.096608 -0.990393 0.009515
v -0.144443 -0.985589 0.019030
v -0.145380 0.985589 0.009515
v -0.144443 0.985589 0.019030
v -0.096608 0.990393 0.009515
v -0.985634 0.097545 0.048304
v -0.976119 0.097545 0.144912
v -0.985634 0.048773 0.097076
v -0.976120 0.146318 0.096139
v -0.287499 -0.952332 0.014090
v -0.284724 -0.952332 0.042269
v -0.239664 -0.966559 0.023605
v -0.332559 -0.938106 0.032754
v -0.947757 0.288887 0.046448
v -0.938608 0.288887 0.139343
v -0.957272 0.241989 0.094283
v -0.929093 0.335785 0.091508
v -0.466873 -0.877675 0.022880
v -0.462366 -0.877675 0.068641
v -0.421813 -0.900777 0.041545
v -0.507426 -0.854572 0.049977
v -0.873458 0.469127 0.042806
v -0.865026 0.469127 0.128419
v -0.892123 0.425905 0.087866
v -0.846362 0.512349 0.083359
v -0.628305 -0.769288 0.030792
v -0.622240 -0.769288 0.092376
v -0.587752 -0.800379 0.057888
v -0.662793 -0.738197 0.065279
v -0.765592 0.631338 0.037520
v -0.758202 0.631338 0.112560
v -0.792689 0.593454 0.078073
v -0.731105 0.669223 0.072008
v -0.765592 -0.631338 0.037520
v -0.758202 -0.631338 0.112560
v -0.731105 -0.669223 0.072008
v -0.792689 -0.593454 0.078073
v -0.628305 0.769288 0.030792
v -0.622240 0.769288 0.092376
v -0.662793 0.738197 0.065279
v -0.587752 0.800379 0.057888
v -0.873458 -0.469127 0.042806
v -0.865026 -0.469127 0.128419
v -0.846362 -0.512349 0.083359
v -0.892123 -0.425905 0.087866
v -0.466873 0.877675 0.022880
v -0.462366 0.877675 0.068641
v -0.507426 0.854572 0.049977
v -0.421813 0.900777 0.041545
v -0.947757 -0.288887 0.046448
v -0.938608 -0.288887 0.139343
v -0.929093 -0.335785 0.091508
v -0.957272 -0.241989 0.094283
v -0.287499 0.952332 0.014090
v -0.284724 0.952332 0.042269
v -0.332559 0.938106 0.032754
v -0.239664 0.966559 0.023605
v -0.985634 -0.097545 0.048304
v -0.976119 -0.097545 0.144912
v -0.976120 -0.146318 0.096139
v -0.985634 -0.048773 0.097076
v -0.743562 -0.631338 0.186159
v -0.721674 -0.631338 0.258315
v -0.703009 -0.669223 0.213255
v -0.762226 -0.593454 0.231219
v -0.610226 0.769288 0.152777
v -0.592262 0.769288 0.211994
v -0.637322 0.738197 0.193330
v -0.565166 0.800379 0.171441
v -0.848324 -0.469127 0.212387
v -0.823351 -0.469127 0.294710
v -0.813836 -0.512349 0.246874
v -0.857839 -0.425905 0.260223
v -0.453438 0.877675 0.113523
v -0.440090 0.877675 0.157526
v -0.487926 0.854572 0.148011
v -0.405603 0.900777 0.123038
v -0.920485 -0.288887 0.230453
v -0.893388 -0.288887 0.319779
v -0.893388 -0.335785 0.271006
v -0.920485 -0.241989 0.279226
v -0.279226 0.952332 0.069907
v -0.271006 0.952332 0.097004
v -0.319779 0.938106 0.097004
v -0.230453 0.966559 0.069907
v -0.957272 -0.097545 0.239663
v -0.929093 -0.097545 0.332559
v -0.938608 -0.146318 0.284723
v -0.947757 -0.048773 0.287499
v -0.140731 -0.985589 0.037695
v -0.092895 -0.990393 0.028179
v -0.137955 -0.985589 0.046844
v -0.140731 0.985589 0.037695
v -0.137955 0.985589 0.046844
v -0.092895 0.990393 0.028179
v -0.957272 0.097545 0.239663
v -0.929093 0.097545 0.332559
v -0.947757 0.048773 0.287499
v -0.938608 0.146318 0.284723
v -0.279226 -0.952332 0.069907
v -0.271006 -0.952332 0.097004
v -0.230453 -0.966559 0.069907
v -0.319779 -0.938106 0.097004
v -0.920485 0.288887 0.230453
v -0.893388 0.288887 0.319779
v -0.920485 0.241989 0.279226
v -0.893388 0.335785 0.271006
v -0.453438 -0.877675 0.113523
v -0.440090 -0.877675 0.157526
v -0.405603 -0.900777 0.123038
v -0.487926 -0.854572 0.148011
v -0.848324 0.469127 0.212387
v -0.823351 0.469127 0.294710
v -0.857839 0.425905 0.260223
v -0.813836 0.512349 0.246874
v -0.610226 -0.769288 0.152777
v -0.592262 -0.769288 0.211994
v -0.565166 -0.800379 0.171441
v -0.637322 -0.738197 0.193330
v -0.743562 0.631338 0.186159
v -0.721674 0.631338 0.258315
v -0.762226 0.593454 0.231219
v -0.703009 0.669223 0.213255
v -0.892123 0.097545 0.421813
v -0.846362 0.097545 0.507426
v -0.873458 0.048773 0.466873
v -0.865026 0.146318 0.462366
v -0.260223 -0.952332 0.123038
v -0.246875 -0.952332 0.148011
v -0.212387 -0.966559 0.113523
v -0.294710 -0.938106 0.157526
v -0.857839 0.288887 0.405603
v -0.813836 0.288887 0.487926
v -0.848324 0.241989 0.453438
v -0.823352 0.335785 0.440090
v -0.422578 -0.877675 0.199803
v -0.400903 -0.877675 0.240356
v -0.373806 -0.900777 0.199803
v -0.449675 -0.854572 0.240356
v -0.790589 0.469127 0.373806
v -0.750036 0.469127 0.449675
v -0.790589 0.425905 0.422579
v -0.750036 0.512349 0.400902
v -0.568695 -0.769288 0.268890
v -0.539524 -0.769288 0.323465
v -0.520860 -0.800379 0.278405
v -0.587360 -0.738197 0.313950
v -0.692957 0.631338 0.327644
v -0.657412 0.631338 0.394143
v -0.702472 0.593454 0.375479
v -0.647897 0.669223 0.346308
v -0.692957 -0.631338 0.327644
v -0.657412 -0.631338 0.394143
v -0.647897 -0.669223 0.346308
v -0.702472 -0.593454 0.375479
v -0.568695 0.769288 0.268890
v -0.539524 0.769288 0.323465
v -0.587360 0.738197 0.313950
v -0.520860 0.800379 0.278405
v -0.790589 -0.469127 0.373806
v -0.750036 -0.469127 0.449675
v -0.750036 -0.512349 0.400902
v -0.790589 -0.425905 0.422579
v -0.422578 0.877675 0.199803
v -0.400903 0.877675 0.240356
v -0.449675 0.854572 0.240356
v -0.373806 0.900777 0.199803
v -0.857839 -0.288887 0.405603
v -0.813836 -0.288887 0.487926
v -0.823352 -0.335785 0.440090
v -0.848324 -0.241989 0.453438
v -0.260223 0.952332 0.123038
v -0.246875 0.952332 0.148011
v -0.294710 0.938106 0.157526
v -0.212387 0.966559 0.113523
v -0.892123 -0.097545 0.421813
v -0.846362 -0.097545 0.507426
v -0.865026 -0.146318 0.462366
v -0.873458 -0.048773 0.466873
v -0.130673 -0.985589 0.064425
v -0.085613 -0.990393 0.045761
v -0.126166 -0.985589 0.072858
v -0.130673 0.985589 0.064425
v -0.126166 0.985589 0.072858
v -0.085613 0.990393 0.045761
v -0.505310 0.769288 0.374670
v -0.466052 0.769288 0.422506
v -0.514825 0.738197 0.422506
v -0.456537 0.800379 0.374670
v -0.702472 -0.469127 0.520860
v -0.647897 -0.469127 0.587359
v -0.657412 -0.512349 0.539524
v -0.692957 -0.425905 0.568695
v -0.375479 0.877675 0.278405
v -0.346308 0.877675 0.313950
v -0.394144 0.854572 0.323465
v -0.327644 0.900777 0.268890
v -0.762227 -0.288887 0.565166
v -0.703009 -0.288887 0.637322
v -0.721674 -0.335785 0.592262
v -0.743562 -0.241989 0.610225
v -0.231219 0.952332 0.171441
v -0.213255 0.952332 0.193330
v -0.258315 0.938106 0.211994
v -0.186159 0.966559 0.152777
v -0.792689 -0.097545 0.587752
v -0.731105 -0.097545 0.662793
v -0.758202 -0.146318 0.622240
v -0.765592 -0.048773 0.628305
v -0.115593 -0.985589 0.088681
v -0.075040 -0.990393 0.061584
v -0.109528 -0.985589 0.096071
v -0.115593 0.985589 0.088681
v -0.109528 0.985589 0.096071
v -0.075040 0.990393 0.061584
v -0.792689 0.097545 0.587752
v -0.731105 0.097545 0.662793
v -0.765592 0.048773 0.628305
v -0.758202 0.146318 0.622240
v -0.231219 -0.952332 0.171441
v -0.213255 -0.952332 0.193330
v -0.186159 -0.966559 0.152777
v -0.258315 -0.938106 0.211994
v -0.762227 0.288887 0.565166
v -0.703009 0.288887 0.637322
v -0.743562 0.241989 0.610225
v -0.721674 0.335785 0.592262
v -0.375479 -0.877675 0.278405
v -0.346308 -0.877675 0.313950
v -0.327644 -0.900777 0.268890
v -0.394144 -0.854572 0.323465
v -0.702472 0.469127 0.520860
v -0.647897 0.469127 0.587359
v -0.692957 0.425905 0.568695
v -0.657412 0.512349 0.539524
v -0.505310 -0.769288 0.374670
v -0.466052 -0.769288 0.422506
v -0.456537 -0.800379 0.374670
v -0.514825 -0.738197 0.422506
v -0.615722 0.631338 0.456537
v -0.567886 0.631338 0.514825
v -0.615722 0.593454 0.505310
v -0.567886 0.669223 0.466052
v -0.615722 -0.631338 0.456537
v -0.567886 -0.631338 0.514825
v -0.567886 -0.669223 0.466052
v -0.615722 -0.593454 0.505310
v -0.637322 0.288887 0.703009
v -0.565166 0.288887 0.762226
v -0.610226 0.241989 0.743562
v -0.592262 0.335785 0.721674
v -0.313950 -0.877675 0.346308
v -0.278405 -0.877675 0.375479
v -0.268890 -0.900777 0.327644
v -0.323465 -0.854572 0.394143
v -0.587359 0.469127 0.647897
v -0.520860 0.469127 0.702472
v -0.568695 0.425905 0.692957
v -0.539524 0.512349 0.657412
v -0.422506 -0.769288 0.466052
v -0.374671 -0.769288 0.505310
v -0.374670 -0.800379 0.456537
v -0.422506 -0.738197 0.514825
v -0.514825 0.631338 0.567886
v -0.456537 0.631338 0.615722
v -0.505310 0.593454 0.615722
v -0.466052 0.669223 0.567886
v -0.514825 -0.631338 0.567886
v -0.456537 -0.631338 0.615722
v -0.466052 -0.669223 0.567886
v -0.505310 -0.593454 0.615722
v -0.422506 0.769288 0.466052
v -0.374671 0.769288 0.505310
v -0.422506 0.738197 0.514825
v -0.374670 0.800379 0.456537
v -0.587359 -0.469127 0.647897
v -0.520860 -0.469127 0.702472
v -0.539524 -0.512349 0.657412
v -0.568695 -0.425905 0.692957
v -0.313950 0.877675 0.346308
v -0.278405 0.877675 0.375479
v -0.323465 0.854572 0.394143
v -0.268890 0.900777 0.327644
v -0.637322 -0.288887 0.703009
v -0.565166 -0.288887 0.762226
v -0.592262 -0.335785 0.721674
v -0.610226 -0.241989 0.743562
v -0.193330 0.952332 0.213255
v -0.171441 0.952332 0.231219
v -0.211994 0.938106 0.258315
v -0.152777 0.966559 0.186159
v -0.662793 -0.097545 0.731105
v -0.587753 -0.097545 0.792689
v -0.622240 -0.146318 0.758201
v -0.628306 -0.048773 0.765592
v -0.096071 -0.985589 0.109528
v -0.061584 -0.990393 0.075040
v -0.088681 -0.985589 0.115593
v -0.096071 0.985589 0.109528
v -0.088681 0.985589 0.115593
v -0.061584 0.990393 0.075040
v -0.662793 0.097545 0.731105
v -0.587753 0.097545 0.792689
v -0.628306 0.048773 0.765592
v -0.622240 0.146318 0.758201
v -0.193330 -0.952332 0.213255
v -0.171441 -0.952332 0.231219
v -0.152777 -0.966559 0.186159
v -0.211994 -0.938106 0.258315
v -0.240356 0.877675 0.400902
v -0.199804 0.877675 0.422578
v -0.240356 0.854572 0.449675
v -0.199804 0.900777 0.373806
v -0.487926 -0.288887 0.813836
v -0.405603 -0.288887 0.857839
v -0.440091 -0.335785 0.823351
v -0.453439 -0.241989 0.848324
v -0.148011 0.952332 0.246875
v -0.123038 0.952332 0.260223
v -0.157526 0.938106 0.294710
v -0.113523 0.966559 0.212387
v -0.507426 -0.097545 0.846361
v -0.421813 -0.097545 0.892122
v -0.462366 -0.146318 0.865026
v -0.466873 -0.048773 0.873458
v -0.072858 -0.985589 0.126166
v -0.045761 -0.990393 0.085613
v -0.064425 -0.985589 0.130673
v -0.072858 0.985589 0.126166
v -0.064425 0.985589 0.130673
v -0.045761 0.990393 0.085613
v -0.507426 0.097545 0.846361
v -0.421813 0.097545 0.892122
v -0.466873 0.048773 0.873458
v -0.462366 0.146318 0.865026
v -0.148011 -0.952332 0.246875
v -0.123038 -0.952332 0.260223
v -0.113523 -0.966559 0.212387
v -0.157526 -0.938106 0.294710
v -0.487926 0.288887 0.813836
v -0.405603 0.288887 0.857839
v -0.453439 0.241989 0.848324
v -0.440091 0.335785 0.823351
v -0.240356 -0.877675 0.400902
v -0.199804 -0.877675 0.422578
v -0.199804 -0.900777 0.373806
v -0.240356 -0.854572 0.449675
v -0.449675 0.469127 0.750036
v -0.373806 0.469127 0.790589
v -0.422579 0.425905 0.790589
v -0.400903 0.512349 0.750036
v -0.323465 -0.769288 0.539524
v -0.268890 -0.769288 0.568695
v -0.278405 -0.800379 0.520859
v -0.313950 -0.738197 0.587359
v -0.394144 0.631338 0.657412
v -0.327644 0.631338 0.692957
v -0.375479 0.593454 0.702472
v -0.346308 0.669223 0.647897
v -0.394144 -0.631338 0.657412
v -0.327644 -0.631338 0.692957
v -0.346308 -0.669223 0.647897
v -0.375479 -0.593454 0.702472
v -0.323465 0.769288 0.539524
v -0.268890 0.769288 0.568695
v -0.313950 0.738197 0.587359
v -0.278405 0.800379 0.520859
v -0.449675 -0.469127 0.750036
v -0.373806 -0.469127 0.790589
v -0.400903 -0.512349 0.750036
v -0.422579 -0.425905 0.790589
v -0.157526 -0.877675 0.440090
v -0.113523 -0.877675 0.453438
v -0.123038 -0.900777 0.405603
v -0.148011 -0.854572 0.487926
v -0.294710 0.469127 0.823351
v -0.212387 0.469127 0.848324
v -0.260223 0.425905 0.857839
v -0.246875 0.512349 0.813836
v -0.211994 -0.769288 0.592262
v -0.152777 -0.769288 0.610226
v -0.171441 -0.800379 0.565166
v -0.193330 -0.738197 0.637322
v -0.258316 0.631338 0.721674
v -0.186159 0.631338 0.743562
v -0.231219 0.593454 0.762226
v -0.213256 0.669223 0.703009
v -0.258316 -0.631338 0.721674
v -0.186159 -0.631338 0.743562
v -0.213256 -0.669223 0.703009
v -0.231219 -0.593454 0.762226
v -0.211994 0.769288 0.592262
v -0.152777 0.769288 0.610226
v -0.193330 0.738197 0.637322
v -0.171441 0.800379 0.565166
v -0.294710 -0.469127 0.823351
v -0.212387 -0.469127 0.848324
v -0.246875 -0.512349 0.813836
v -0.260223 -0.425905 0.857839
v -0.157526 0.877675 0.440090
v -0.113523 0.877675 0.453438
v -0.148011 0.854572 0.487926
v -0.123038 0.900777 0.405603
v -0.319779 -0.288887 0.893388
v -0.230454 -0.288887 0.920485
v -0.271006 -0.335785 0.893388
v -0.279226 -0.241989 0.920485
v -0.097004 0.952332 0.271006
v -0.069907 0.952332 0.279226
v -0.097004 0.938106 0.319779
v -0.069907 0.966559 0.230453
v -0.332559 -0.097545 0.929093
v -0.239664 -0.097545 0.957272
v -0.284724 -0.146318 0.938608
v -0.287499 -0.048773 0.947757
v -0.046844 -0.985589 0.137955
v -0.028180 -0.990393 0.092895
v -0.037695 -0.985589 0.140731
v -0.046844 0.985589 0.137955
v -0.037695 0.985589 0.140731
v -0.028180 0.990393 0.092895
v -0.332559 0.097545 0.929093
v -0.239664 0.097545 0.957272
v -0.287499 0.048773 0.947757
v -0.284724 0.146318 0.938608
v -0.097004 -0.952332 0.271006
v -0.069907 -0.952332 0.279226
v -0.069907 -0.966559 0.230453
v -0.097004 -0.938106 0.319779
v -0.319779 0.288887 0.893388
v -0.230454 0.288887 0.920485
v -0.279226 0.241989 0.920485
v -0.271006 0.335785 0.893388
v -0.139343 -0.288887 0.938608
v -0.046448 -0.288887 0.947757
v -0.091508 -0.335785 0.929093
v -0.094283 -0.241989 0.957272
v -0.042269 0.952332 0.284724
v -0.014090 0.952332 0.287499
v -0.032754 0.938106 0.332559
v -0.023605 0.966559 0.239664
v -0.144912 -0.097545 0.976120
v -0.048304 -0.097545 0.985635
v -0.096140 -0.146318 0.976120
v -0.097077 -0.048773 0.985635
v -0.019030 -0.985589 0.144443
v -0.009515 -0.990393 0.096608
v -0.009515 -0.985589 0.145380
v -0.019030 0.985589 0.144443
v -0.009515 0.985589 0.145380
v -0.009515 0.990393 0.096608
v -0.144912 0.097545 0.976120
v -0.048304 0.097545 0.985635
v -0.097077 0.048773 0.985635
v -0.096140 0.146318 0.976120
v -0.042269 -0.952332 0.284724
v -0.014090 -0.952332 0.287499
v -0.023605 -0.966559 0.239664
v -0.032754 -0.938106 0.332559
v -0.139343 0.288887 0.938608
v -0.046448 0.288887 0.947757
v -0.094283 0.241989 0.957272
v -0.091508 0.335785 0.929093
v -0.068642 -0.877675 0.462366
v -0.022881 -0.877675 0.466873
v -0.041545 -0.900777 0.421813
v -0.049977 -0.854572 0.507426
v -0.128419 0.469127 0.865026
v -0.042806 0.469127 0.873458
v -0.087866 0.425905 0.892123
v -0.083359 0.512349 0.846362
v -0.092376 -0.769288 0.622240
v -0.030792 -0.769288 0.628306
v -0.057889 -0.800379 0.587753
v -0.065279 -0.738197 0.662793
v -0.112561 0.631338 0.758202
v -0.037520 0.631338 0.765593
v -0.078073 0.593454 0.792689
v -0.072008 0.669223 0.731105
v -0.112561 -0.631338 0.758202
v -0.037520 -0.631338 0.765593
v -0.072008 -0.669223 0.731105
v -0.078073 -0.593454 0.792689
v -0.092376 0.769288 0.622240
v -0.030792 0.769288 0.628306
v -0.065279 0.738197 0.662793
v -0.057889 0.800379 0.587753
v -0.128419 -0.469127 0.865026
v -0.042806 -0.469127 0.873458
v -0.083359 -0.512349 0.846362
v -0.087866 -0.425905 0.892123
v -0.068642 0.877675 0.462366
v -0.022881 0.877675 0.466873
v -0.049977 0.854572 0.507426
v -0.041545 0.900777 0.421813
v 0.042806 0.469127 0.873458
v 0.128419 0.469127 0.865026
v 0.087866 0.425905 0.892123
v 0.083359 0.512349 0.846362
v 0.030792 -0.769288 0.628306
v 0.092376 -0.769288 0.622240
v 0.057889 -0.800379 0.587753
v 0.065279 -0.738197 0.662793
v 0.037520 0.631338 0.765593
v 0.112560 0.631338 0.758202
v 0.078073 0.593454 0.792689
v 0.072008 0.669223 0.731105
v 0.037520 -0.631338 0.765593
v 0.112560 -0.631338 0.758202
v 0.072008 -0.669223 0.731105
v 0.078073 -0.593454 0.792689
v 0.030792 0.769288 0.628306
v 0.092376 0.769288 0.622240
v 0.065279 0.738197 0.662793
v 0.057889 0.800379 0.587753
v 0.042806 -0.469127 0.873458
v 0.128419 -0.469127 0.865026
v 0.083359 -0.512349 0.846362
v 0.087866 -0.425905 0.892123
v 0.022880 0.877675 0.466873
v 0.068641 0.877675 0.462366
v 0.049977 0.854572 0.507426
v 0.041545 0.900777 0.421813
v 0.046448 -0.288887 0.947757
v 0.139343 -0.288887 0.938608
v 0.091508 -0.335785 0.929093
v 0.094283 -0.241989 0.957272
v 0.014090 0.952332 0.287499
v 0.042269 0.952332 0.284724
v 0.032754 0.938106 0.332559
v 0.023605 0.966559 0.239664
v 0.048304 -0.097545 0.985635
v 0.144912 -0.097545 0.976120
v 0.096139 -0.146318 0.976120
v 0.097076 -0.048773 0.985635
v 0.009515 -0.985589 0.145380
v 0.009515 -0.990393 0.096608
v 0.019030 -0.985589 0.144443
v 0.009515 0.985589 0.145380
v 0.019030 0.985589 0.144443
v 0.009515 0.990393 0.096608
v 0.048304 0.097545 0.985635
v 0.144912 0.097545 0.976120
v 0.097076 0.048773 0.985635
v 0.096139 0.146318 0.976120
v 0.014090 -0.952332 0.287499
v 0.042269 -0.952332 0.284724
v 0.023605 -0.966559 0.239664
v 0.032754 -0.938106 0.332559
v 0.046448 0.288887 0.947757
v 0.139343 0.288887 0.938608
v 0.094283 0.241989 0.957272
v 0.091508 0.335785 0.929093
v 0.022880 -0.877675 0.466873
v 0.068641 -0.877675 0.462366
v 0.041545 -0.900777 0.421813
v 0.049977 -0.854572 0.507426
v 0.069907 0.952332 0.279226
v 0.097004 0.952332 0.271006
v 0.097004 0.938106 0.319779
v 0.069907 0.966559 0.230453
v 0.239663 -0.097545 0.957272
v 0.332559 -0.097545 0.929093
v 0.284723 -0.146318 0.938608
v 0.287499 -0.048773 0.947757
v 0.037695 -0.985589 0.140731
v 0.028179 -0.990393 0.092895
v 0.046844 -0.985589 0.137955
v 0.037695 0.985589 0.140731
v 0.046844 0.985589 0.137955
v 0.028179 0.990393 0.092895
v 0.239663 0.097545 0.957272
v 0.332559 0.097545 0.929093
v 0.287499 0.048773 0.947757
v 0.284723 0.146318 0.938608
v 0.069907 -0.952332 0.279226
v 0.097004 -0.952332 0.271006
v 0.069907 -0.966559 0.230453
v 0.097004 -0.938106 0.319779
v 0.230453 0.288887 0.920485
v 0.319779 0.288887 0.893389
v 0.279226 0.241989 0.920485
v 0.271006 0.335785 0.893389
v 0.113523 -0.877675 0.453439
v 0.157526 -0.877675 0.440091
v 0.123038 -0.900777 0.405603
v 0.148011 -0.854572 0.487926
v 0.212387 0.469127 0.848324
v 0.294710 0.469127 0.823352
v 0.260223 0.425905 0.857839
v 0.246875 0.512349 0.813836
v 0.152777 -0.769288 0.610226
v 0.211994 -0.769288 0.592262
v 0.171441 -0.800379 0.565166
v 0.193330 -0.738197 0.637322
v 0.186159 0.631338 0.743562
v 0.258315 0.631338 0.721674
v 0.231219 0.593454 0.762227
v 0.213255 0.669223 0.703009
v 0.186159 -0.631338 0.743562
v 0.258315 -0.631338 0.721674
v 0.213255 -0.669223 0.703009
v 0.231219 -0.593454 0.762227
v 0.152777 0.769288 0.610226
v 0.211994 0.769288 0.592262
v 0.193330 0.738197 0.637322
v 0.171441 0.800379 0.565166
v 0.212387 -0.469127 0.848324
v 0.294710 -0.469127 0.823352
v 0.246875 -0.512349 0.813836
v 0.260223 -0.425905 0.857839
v 0.113523 0.877675 0.453439
v 0.157526 0.877675 0.440091
v 0.148011 0.854572 0.487926
v 0.123038 0.900777 0.405603
v 0.230453 -0.288887 0.920485
v 0.319779 -0.288887 0.893389
v 0.271006 -0.335785 0.893389
v 0.279226 -0.241989 0.920485
v 0.268890 -0.769288 0.568695
v 0.323465 -0.769288 0.539524
v 0.278405 -0.800379 0.520860
v 0.313950 -0.738197 0.587360
v 0.327644 0.631338 0.692957
v 0.394144 0.631338 0.657412
v 0.375479 0.593454 0.702472
v 0.346308 0.669223 0.647897
v 0.327644 -0.631338 0.692957
v 0.394144 -0.631338 0.657412
v 0.346308 -0.669223 0.647897
v 0.375479 -0.593454 0.702472
v 0.268890 0.769288 0.568695
v 0.323465 0.769288 0.539524
v 0.313950 0.738197 0.587360
v 0.278405 0.800379 0.520860
v 0.373806 -0.469127 0.790589
v 0.449675 -0.469127 0.750036
v 0.400903 -0.512349 0.750036
v 0.422579 -0.425905 0.790589
v 0.199803 0.877675 0.422579
v 0.240356 0.877675 0.400903
v 0.240356 0.854572 0.449675
v 0.199803 0.900777 0.373806
v 0.405603 -0.288887 0.857839
v 0.487926 -0.288887 0.813837
v 0.440091 -0.335785 0.823352
v 0.453439 -0.241989 0.848324
v 0.123038 0.952332 0.260223
v 0.148011 0.952332 0.246875
v 0.157526 0.938106 0.294710
v 0.113523 0.966559 0.212387
v 0.421813 -0.097545 0.892123
v 0.507426 -0.097545 0.846362
v 0.462366 -0.146318 0.865026
v 0.466873 -0.048773 0.873458
v 0.064425 -0.985589 0.130673
v 0.045761 -0.990393 0.085613
v 0.072858 -0.985589 0.126166
v 0.064425 0.985589 0.130673
v 0.072858 0.985589 0.126166
v 0.045761 0.990393 0.085613
v 0.421813 0.097545 0.892123
v 0.507426 0.097545 0.846362
v 0.466873 0.048773 0.873458
v 0.462366 0.146318 0.865026
v 0.123038 -0.952332 0.260223
v 0.148011 -0.952332 0.246875
v 0.113523 -0.966559 0.212387
v 0.157526 -0.938106 0.294710
v 0.405603 0.288887 0.857839
v 0.487926 0.288887 0.813837
v 0.453439 0.241989 0.848324
v 0.440091 0.335785 0.823352
v 0.199803 -0.877675 0.422579
v 0.240356 -0.877675 0.400903
v 0.199803 -0.900777 0.373806
v 0.240356 -0.854572 0.449675
v 0.373806 0.469127 0.790589
v 0.449675 0.469127 0.750036
v 0.422579 0.425905 0.790589
v 0.400903 0.512349 0.750036
v 0.587752 -0.097545 0.792689
v 0.662793 -0.097545 0.731105
v 0.622240 -0.146318 0.758202
v 0.628305 -0.048773 0.765593
v 0.088681 -0.985589 0.115593
v 0.061584 -0.990393 0.075040
v 0.096071 -0.985589 0.109528
v 0.088681 0.985589 0.115593
v 0.096071 0.985589 0.109528
v 0.061584 0.990393 0.075040
v 0.587752 0.097545 0.792689
v 0.662793 0.097545 0.731105
v 0.628305 0.048773 0.765593
v 0.622240 0.146318 0.758202
v 0.171441 -0.952332 0.231219
v 0.193330 -0.952332 0.213256
v 0.152777 -0.966559 0.186159
v 0.211994 -0.938106 0.258316
v 0.565166 0.288887 0.762227
v 0.637322 0.288887 0.703009
v 0.610226 0.241989 0.743562
v 0.592262 0.335785 0.721674
v 0.278405 -0.877675 0.375479
v 0.313950 -0.877675 0.346308
v 0.268890 -0.900777 0.327644
v 0.323465 -0.854572 0.394144
v 0.520860 0.469127 0.702472
v 0.587360 0.469127 0.647897
v 0.568695 0.425905 0.692957
v 0.539524 0.512349 0.657412
v 0.374670 -0.769288 0.505310
v 0.422506 -0.769288 0.466052
v 0.374670 -0.800379 0.456537
v 0.422506 -0.738197 0.514825
v 0.456537 0.631338 0.615722
v 0.514825 0.631338 0.567886
v 0.505310 0.593454 0.615722
v 0.466052 0.669223 0.567886
v 0.456537 -0.631338 0.615722
v 0.514825 -0.631338 0.567886
v 0.466052 -0.669223 0.567886
v 0.505310 -0.593454 0.615722
v 0.374670 0.769288 0.505310
v 0.422506 0.769288 0.466052
v 0.422506 0.738197 0.514825
v 0.374670 0.800379 0.456537
v 0.520860 -0.469127 0.702472
v 0.587360 -0.469127 0.647897
v 0.539524 -0.512349 0.657412
v 0.568695 -0.425905 0.692957
v 0.278405 0.877675 0.375479
v 0.313950 0.877675 0.346308
v 0.323465 0.854572 0.394144
v 0.268890 0.900777 0.327644
v 0.565166 -0.288887 0.762227
v 0.637322 -0.288887 0.703009
v 0.592262 -0.335785 0.721674
v 0.610226 -0.241989 0.743562
v 0.171441 0.952332 0.231219
v 0.193330 0.952332 0.213256
v 0.211994 0.938106 0.258316
v 0.152777 0.966559 0.186159
v 0.567886 0.631338 0.514825
v 0.615722 0.631338 0.456537
v 0.615722 0.593454 0.505310
v 0.567886 0.669223 0.466052
v 0.567886 -0.631338 0.514825
v 0.615722 -0.631338 0.456537
v 0.567886 -0.669223 0.466052
v 0.615722 -0.593454 0.505310
v 0.466052 0.769288 0.422506
v 0.505310 0.769288 0.374671
v 0.514825 0.738197 0.422506
v 0.456537 0.800379 0.374671
v 0.647897 -0.469127 0.587360
v 0.702472 -0.469127 0.520860
v 0.657412 -0.512349 0.539524
v 0.692957 -0.425905 0.568695
v 0.346308 0.877675 0.313950
v 0.375479 0.877675 0.278405
v 0.394144 0.854572 0.323465
v 0.327644 0.900777 0.268890
v 0.703009 -0.288887 0.637322
v 0.762227 -0.288887 0.565166
v 0.721674 -0.335785 0.592262
v 0.743562 -0.241989 0.610226
v 0.213255 0.952332 0.193330
v 0.231219 0.952332 0.171441
v 0.258316 0.938106 0.211994
v 0.186159 0.966559 0.152777
v 0.731105 -0.097545 0.662793
v 0.792689 -0.097545 0.587753
v 0.758202 -0.146318 0.622240
v 0.765592 -0.048773 0.628306
v 0.109528 -0.985589 0.096071
v 0.075040 -0.990393 0.061584
v 0.115593 -0.985589 0.088681
v 0.109528 0.985589 0.096071
v 0.115593 0.985589 0.088681
v 0.075040 0.990393 0.061584
v 0.731105 0.097545 0.662793
v 0.792689 0.097545 0.587753
v 0.765592 0.048773 0.628306
v 0.758202 0.146318 0.622240
v 0.213255 -0.952332 0.193330
v 0.231219 -0.952332 0.171441
v 0.186159 -0.966559 0.152777
v 0.258316 -0.938106 0.211994
v 0.703009 0.288887 0.637322
v 0.762227 0.288887 0.565166
v 0.743562 0.241989 0.610226
v 0.721674 0.335785 0.592262
v 0.346308 -0.877675 0.313950
v 0.375479 -0.877675 0.278405
v 0.327644 -0.900777 0.268890
v 0.394144 -0.854572 0.323465
v 0.647897 0.469127 0.587360
v 0.702472 0.469127 0.520860
v 0.692957 0.425905 0.568695
v 0.657412 0.512349 0.539524
v 0.466052 -0.769288 0.422506
v 0.505310 -0.769288 0.374671
v 0.456537 -0.800379 0.374671
v 0.514825 -0.738197 0.422506
v 0.126166 0.985589 0.072858
v 0.130673 0.985589 0.064425
v 0.085613 0.990393 0.045761
v 0.846362 0.097545 0.507426
v 0.892123 0.097545 0.421813
v 0.873458 0.048773 0.466873
v 0.865026 0.146318 0.462366
v 0.246875 -0.952332 0.148011
v 0.260223 -0.952332 0.123038
v 0.212387 -0.966559 0.113523
v 0.294710 -0.938106 0.157526
v 0.813837 0.288887 0.487926
v 0.857839 0.288887 0.405603
v 0.848324 0.241989 0.453439
v 0.823352 0.335785 0.440091
v 0.400903 -0.877675 0.240356
v 0.422579 -0.877675 0.199804
v 0.373806 -0.900777 0.199804
v 0.449675 -0.854572 0.240356
v 0.750036 0.469127 0.449675
v 0.790589 0.469127 0.373806
v 0.790589 0.425905 0.422579
v 0.750036 0.512349 0.400903
v 0.539524 -0.769288 0.323465
v 0.568695 -0.769288 0.268890
v 0.520860 -0.800379 0.278405
v 0.587360 -0.738197 0.313950
v 0.657412 0.631338 0.394144
v 0.692957 0.631338 0.327644
v 0.702472 0.593454 0.375479
v 0.647897 0.669223 0.346308
v 0.657412 -0.631338 0.394144
v 0.692957 -0.631338 0.327644
v 0.647897 -0.669223 0.346308
v 0.702472 -0.593454 0.375479
v 0.539524 0.769288 0.323465
v 0.568695 0.769288 0.268890
v 0.587360 0.738197 0.313950
v 0.520860 0.800379 0.278405
v 0.750036 -0.469127 0.449675
v 0.790589 -0.469127 0.373806
v 0.750036 -0.512349 0.400903
v 0.790589 -0.425905 0.422579
v 0.400903 0.877675 0.240356
v 0.422579 0.877675 0.199804
v 0.449675 0.854572 0.240356
v 0.373806 0.900777 0.199804
v 0.813837 -0.288887 0.487926
v 0.857839 -0.288887 0.405603
v 0.823352 -0.335785 0.440091
v 0.848324 -0.241989 0.453439
v 0.246875 0.952332 0.148011
v 0.260223 0.952332 0.123038
v 0.294710 0.938106 0.157526
v 0.212387 0.966559 0.113523
v 0.846362 -0.097545 0.507426
v 0.892123 -0.097545 0.421813
v 0.865026 -0.146318 0.462366
v 0.873458 -0.048773 0.466873
v 0.126166 -0.985589 0.072858
v 0.085613 -0.990393 0.045761
v 0.130673 -0.985589 0.064425
v 0.592262 0.769288 0.211994
v 0.610226 0.769288 0.152777
v 0.637322 0.738197 0.193330
v 0.565166 0.800379 0.171441
v 0.823352 -0.469127 0.294710
v 0.848324 -0.469127 0.212387
v 0.813836 -0.512349 0.246875
v 0.857839 -0.425905 0.260223
v 0.440091 0.877675 0.157526
v 0.453439 0.877675 0.113523
v 0.487926 0.854572 0.148011
v 0.405603 0.900777 0.123038
v 0.893389 -0.288887 0.319779
v 0.920485 -0.288887 0.230454
v 0.893389 -0.335785 0.271006
v 0.920485 -0.241989 0.279226
v 0.271006 0.952332 0.097004
v 0.279226 0.952332 0.069907
v 0.319779 0.938106 0.097004
v 0.230454 0.966559 0.069907
v 0.929093 -0.097545 0.332559
v 0.957272 -0.097545 0.239664
v 0.938608 -0.146318 0.284724
v 0.947757 -0.048773 0.287499
v 0.137955 -0.985589 0.046844
v 0.092895 -0.990393 0.028180
v 0.140731 -0.985589 0.037695
v 0.137955 0.985589 0.046844
v 0.140731 0.985589 0.037695
v 0.092895 0.990393 0.028180
v 0.929093 0.097545 0.332559
v 0.957272 0.097545 0.239664
v 0.947757 0.048773 0.287499
v 0.938608 0.146318 0.284724
v 0.271006 -0.952332 0.097004
v 0.279226 -0.952332 0.069907
v 0.230454 -0.966559 0.069907
v 0.319779 -0.938106 0.097004
v 0.893389 0.288887 0.319779
v 0.920485 0.288887 0.230454
v 0.920485 0.241989 0.279226
v 0.893389 0.335785 0.271006
v 0.440091 -0.877675 0.157526
v 0.453439 -0.877675 0.113523
v 0.405603 -0.900777 0.123038
v 0.487926 -0.854572 0.148011
v 0.823352 0.469127 0.294710
v 0.848324 0.469127 0.212387
v 0.857839 0.425905 0.260223
v 0.813836 0.512349 0.246875
v 0.592262 -0.769288 0.211994
v 0.610226 -0.769288 0.152777
v 0.565166 -0.800379 0.171441
v 0.637322 -0.738197 0.193330
v 0.721674 0.631338 0.258316
v 0.743562 0.631338 0.186159
v 0.762227 0.593454 0.231219
v 0.703009 0.669223 0.213256
v 0.721674 -0.631338 0.258316
v 0.743562 -0.631338 0.186159
v 0.703009 -0.669223 0.213256
v 0.762227 -0.593454 0.231219
v 0.284724 -0.952332 0.042269
v 0.287499 -0.952332 0.014090
v 0.239664 -0.966559 0.023605
v 0.332559 -0.938106 0.032754
v 0.938608 0.288887 0.139343
v 0.947758 0.288887 0.046448
v 0.957273 0.241989 0.094283
v 0.929093 0.335785 0.091508
v 0.462366 -0.877675 0.068642
v 0.466873 -0.877675 0.022881
v 0.421813 -0.900777 0.041545
v 0.507426 -0.854572 0.049977
v 0.865026 0.469127 0.128419
v 0.873458 0.469127 0.042806
v 0.892123 0.425905 0.087866
v 0.846362 0.512349 0.083359
v 0.622240 -0.769288 0.092376
v 0.628306 -0.769288 0.030792
v 0.587753 -0.800379 0.057889
v 0.662793 -0.738197 0.065279
v 0.758202 0.631338 0.112561
v 0.765593 0.631338 0.037520
v 0.792689 0.593454 0.078073
v 0.731105 0.669223 0.072008
v 0.758202 -0.631338 0.112561
v 0.765593 -0.631338 0.037520
v 0.731105 -0.669223 0.072008
v 0.792689 -0.593454 0.078073
v 0.622240 0.769288 0.092376
v 0.628306 0.769288 0.030792
v 0.662793 0.738197 0.065279
v 0.587753 0.800379 0.057889
v 0.865026 -0.469127 0.128419
v 0.873458 -0.469127 0.042806
v 0.846362 -0.512349 0.083359
v 0.892123 -0.425905 0.087866
v 0.462366 0.877675 0.068642
v 0.466873 0.877675 0.022881
v 0.507426 0.854572 0.049977
v 0.421813 0.900777 0.041545
v 0.938608 -0.288887 0.139343
v 0.947758 -0.288887 0.046448
v 0.929093 -0.335785 0.091508
v 0.957273 -0.241989 0.094283
v 0.284724 0.952332 0.042269
v 0.287499 0.952332 0.014090
v 0.332559 0.938106 0.032754
v 0.239664 0.966559 0.023605
v 0.976120 -0.097545 0.144912
v 0.985635 -0.097545 0.048304
v 0.976120 -0.146318 0.096140
v 0.985635 -0.048773 0.097077
v 0.144443 -0.985589 0.019030
v 0.096608 -0.990393 0.009515
v 0.145381 -0.985589 0.009515
v 0.144443 0.985589 0.019030
v 0.145381 0.985589 0.009515
v 0.096608 0.990393 0.009515
v 0.976120 0.097545 0.144912
v 0.985635 0.097545 0.048304
v 0.985635 0.048773 0.097077
v 0.976120 0.146318 0.096140
v 0.873458 -0.469127 -0.042806
v 0.865026 -0.469127 -0.128419
v 0.846362 -0.512349 -0.083359
v 0.892123 -0.425905 -0.087866
v 0.466873 0.877675 -0.022880
v 0.462366 0.877675 -0.068642
v 0.507426 0.854572 -0.049977
v 0.421813 0.900777 -0.041545
v 0.947758 -0.288887 -0.046448
v 0.938608 -0.288887 -0.139343
v 0.929093 -0.335785 -0.091508
v 0.957273 -0.241989 -0.094283
v 0.287499 0.952332 -0.014090
v 0.284724 0.952332 -0.042269
v 0.332559 0.938106 -0.032754
v 0.239664 0.966559 -0.023605
v 0.985635 -0.097545 -0.048304
v 0.976120 -0.097545 -0.144912
v 0.976120 -0.146318 -0.096139
v 0.985635 -0.048773 -0.097076
v 0.145381 -0.985589 -0.009515
v 0.096608 -0.990393 -0.009515
v 0.144443 -0.985589 -0.019030
v 0.145381 0.985589 -0.009515
v 0.144443 0.985589 -0.019030
v 0.096608 0.990393 -0.009515
v 0.985635 0.097545 -0.048304
v 0.976120 0.097545 -0.144912
v 0.985635 0.048773 -0.097076
v 0.976120 0.146318 -0.096139
v 0.287499 -0.952332 -0.014090
v 0.284724 -0.952332 -0.042269
v 0.239664 -0.966559 -0.023605
v 0.332559 -0.938106 -0.032754
v 0.947758 0.288887 -0.046448
v 0.938608 0.288887 -0.139343
v 0.957273 0.241989 -0.094283
v 0.929093 0.335785 -0.091508
v 0.466873 -0.877675 -0.022880
v 0.462366 -0.877675 -0.068642
v 0.421813 -0.900777 -0.041545
v 0.507426 -0.854572 -0.049977
v 0.873458 0.469127 -0.042806
v 0.865026 0.469127 -0.128419
v 0.892123 0.425905 -0.087866
v 0.846362 0.512349 -0.083359
v 0.628306 -0.769288 -0.030792
v 0.622240 -0.769288 -0.092376
v 0.587753 -0.800379 -0.057889
v 0.662793 -0.738197 -0.065279
v 0.765593 0.631338 -0.037520
v 0.758202 0.631338 -0.112560
v 0.792689 0.593454 -0.078073
v 0.731105 0.669223 -0.072008
v 0.765593 -0.631338 -0.037520
v 0.758202 -0.631338 -0.112560
v 0.731105 -0.669223 -0.072008
v 0.792689 -0.593454 -0.078073
v 0.628306 0.769288 -0.030792
v 0.622240 0.769288 -0.092376
v 0.662793 0.738197 -0.065279
v 0.587753 0.800379 -0.057889
v 0.920485 0.288887 -0.230454
v 0.893389 0.288887 -0.319779
v 0.920485 0.241989 -0.279226
v 0.893389 0.335785 -0.271006
v 0.453439 -0.877675 -0.113523
v 0.440091 -0.877675 -0.157526
v 0.405603 -0.900777 -0.123038
v 0.487926 -0.854572 -0.148011
v 0.848324 0.469127 -0.212387
v 0.823352 0.469127 -0.294710
v 0.857839 0.425905 -0.260223
v 0.813837 0.512349 -0.246875
v 0.610226 -0.769288 -0.152777
v 0.592262 -0.769288 -0.211994
v 0.565166 -0.800379 -0.171441
v 0.637322 -0.738197 -0.193330
v 0.743562 0.631338 -0.186159
v 0.721674 0.631338 -0.258316
v 0.762227 0.593454 -0.231219
v 0.703009 0.669223 -0.213256
v 0.743562 -0.631338 -0.186159
v 0.721674 -0.631338 -0.258316
v 0.703009 -0.669223 -0.213256
v 0.762227 -0.593454 -0.231219
v 0.610226 0.769288 -0.152777
v 0.592262 0.769288 -0.211994
v 0.637322 0.738197 -0.193330
v 0.565166 0.800379 -0.171441
v 0.848324 -0.469127 -0.212387
v 0.823352 -0.469127 -0.294710
v 0.813837 -0.512349 -0.246875
v 0.857839 -0.425905 -0.260223
v 0.453439 0.877675 -0.113523
v 0.440091 0.877675 -0.157526
v 0.487926 0.854572 -0.148011
v 0.405603 0.900777 -0.123038
v 0.920485 -0.288887 -0.230454
v 0.893389 -0.288887 -0.319779
v 0.893389 -0.335785 -0.271006
v 0.920485 -0.241989 -0.279226
v 0.279226 0.952332 -0.069907
v 0.271006 0.952332 -0.097004
v 0.319779 0.938106 -0.097004
v 0.230454 0.966559 -0.069907
v 0.957273 -0.097545 -0.239664
v 0.929093 -0.097545 -0.332559
v 0.938608 -0.146318 -0.284724
v 0.947758 -0.048773 -0.287499
v 0.140731 -0.985589 -0.037695
v 0.092895 -0.990393 -0.028180
v 0.137955 -0.985589 -0.046844
v 0.140731 0.985589 -0.037695
v 0.137955 0.985589 -0.046844
v 0.092895 0.990393 -0.028180
v 0.957273 0.097545 -0.239664
v 0.929093 0.097545 -0.332559
v 0.947758 0.048773 -0.287499
v 0.938608 0.146318 -0.284724
v 0.279226 -0.952332 -0.069907
v 0.271006 -0.952332 -0.097004
v 0.230454 -0.966559 -0.069907
v 0.319779 -0.938106 -0.097004
v 0.422579 0.877675 -0.199803
v 0.400903 0.877675 -0.240356
v 0.449675 0.854572 -0.240356
v 0.373806 0.900777 -0.199804
v 0.857839 -0.288887 -0.405603
v 0.813837 -0.288887 -0.487926
v 0.823352 -0.335785 -0.440091
v 0.848324 -0.241989 -0.453439
v 0.260223 0.952332 -0.123038
v 0.246875 0.952332 -0.148011
v 0.294710 0.938106 -0.157526
v 0.212387 0.966559 -0.113523
v 0.892123 -0.097545 -0.421813
v 0.846362 -0.097545 -0.507426
v 0.865026 -0.146318 -0.462366
v 0.873458 -0.048773 -0.466873
v 0.130673 -0.985589 -0.064425
v 0.085613 -0.990393 -0.045761
v 0.126166 -0.985589 -0.072858
v 0.130673 0.985589 -0.064425
v 0.126166 0.985589 -0.072858
v 0.085613 0.990393 -0.045761
v 0.892123 0.097545 -0.421813
v 0.846362 0.097545 -0.507426
v 0.873458 0.048773 -0.466873
v 0.865026 0.146318 -0.462366
v 0.260223 -0.952332 -0.123038
v 0.246875 -0.952332 -0.148011
v 0.212387 -0.966559 -0.113523
v 0.294710 -0.938106 -0.157526
v 0.857839 0.288887 -0.405603
v 0.813837 0.288887 -0.487926
v 0.848324 0.241989 -0.453439
v 0.823352 0.335785 -0.440091
v 0.422579 -0.877675 -0.199803
v 0.400903 -0.877675 -0.240356
v 0.373806 -0.900777 -0.199804
v 0.449675 -0.854572 -0.240356
v 0.790589 0.469127 -0.373806
v 0.750036 0.469127 -0.449675
v 0.790589 0.425905 -0.422579
v 0.750036 0.512349 -0.400903
v 0.568695 -0.769288 -0.268890
v 0.539524 -0.769288 -0.323465
v 0.520860 -0.800379 -0.278405
v 0.587360 -0.738197 -0.313950
v 0.692957 0.631338 -0.327644
v 0.657412 0.631338 -0.394144
v 0.702472 0.593454 -0.375479
v 0.647897 0.669223 -0.346308
v 0.692957 -0.631338 -0.327644
v 0.657412 -0.631338 -0.394144
v 0.647897 -0.669223 -0.346308
v 0.702472 -0.593454 -0.375479
v 0.568695 0.769288 -0.268890
v 0.539524 0.769288 -0.323465
v 0.587360 0.738197 -0.313950
v 0.520860 0.800379 -0.278405
v 0.790589 -0.469127 -0.373806
v 0.750036 -0.469127 -0.449675
v 0.750036 -0.512349 -0.400903
v 0.790589 -0.425905 -0.422579
v 0.375479 -0.877675 -0.278405
v 0.346308 -0.877675 -0.313950
v 0.327644 -0.900777 -0.268890
v 0.394144 -0.854572 -0.323465
v 0.702472 0.469127 -0.520860
v 0.647897 0.469127 -0.587360
v 0.692957 0.425905 -0.568695
v 0.657412 0.512349 -0.539524
v 0.505310 -0.769288 -0.374671
v 0.466052 -0.769288 -0.422506
v 0.456537 -0.800379 -0.374671
v 0.514825 -0.738197 -0.422506
v 0.615722 0.631338 -0.456537
v 0.567887 0.631338 -0.514825
v 0.615722 0.593454 -0.505310
v 0.567887 0.669223 -0.466052
v 0.615722 -0.631338 -0.456537
v 0.567887 -0.631338 -0.514825
v 0.567887 -0.669223 -0.466052
v 0.615722 -0.593454 -0.505310
v 0.505310 0.769288 -0.374671
v 0.466052 0.769288 -0.422506
v 0.514825 0.738197 -0.422506
v 0.456537 0.800379 -0.374671
v 0.702472 -0.469127 -0.520860
v 0.647897 -0.469127 -0.587360
v 0.657412 -0.512349 -0.539524
v 0.692957 -0.425905 -0.568695
v 0.375479 0.877675 -0.278405
v 0.346308 0.877675 -0.313950
v 0.394144 0.854572 -0.323465
v 0.327644 0.900777 -0.268890
v 0.762227 -0.288887 -0.565166
v 0.703009 -0.288887 -0.637322
v 0.721674 -0.335785 -0.592262
v 0.743562 -0.241989 -0.610226
v 0.231219 0.952332 -0.171441
v 0.213256 0.952332 -0.193330
v 0.258316 0.938106 -0.211994
v 0.186159 0.966559 -0.152777
v 0.792689 -0.097545 -0.587753
v 0.731105 -0.097545 -0.662793
v 0.758202 -0.146318 -0.622240
v 0.765593 -0.048773 -0.628306
v 0.115593 -0.985589 -0.088681
v 0.075040 -0.990393 -0.061584
v 0.109528 -0.985589 -0.096071
v 0.115593 0.985589 -0.088681
v 0.109528 0.985589 -0.096071
v 0.075040 0.990393 -0.061584
v 0.792689 0.097545 -0.587753
v 0.731105 0.097545 -0.662793
v 0.765593 0.048773 -0.628306
v 0.758202 0.146318 -0.622240
v 0.231219 -0.952332 -0.171441
v 0.213256 -0.952332 -0.193330
v 0.186159 -0.966559 -0.152777
v 0.258316 -0.938106 -0.211994
v 0.762227 0.288887 -0.565166
v 0.703009 0.288887 -0.637322
v 0.743562 0.241989 -0.610226
v 0.721674 0.335785 -0.592262
v 0.637322 -0.288887 -0.703009
v 0.565166 -0.288887 -0.762227
v 0.592262 -0.335785 -0.721674
v 0.610226 -0.241989 -0.743562
v 0.193330 0.952332 -0.213256
v 0.171441 0.952332 -0.231219
v 0.211994 0.938106 -0.258316
v 0.152777 0.966559 -0.186159
v 0.662793 -0.097545 -0.731105
v 0.587753 -0.097545 -0.792689
v 0.622240 -0.146318 -0.758202
v 0.628306 -0.048773 -0.765593
v 0.096071 -0.985589 -0.109528
v 0.061584 -0.990393 -0.075040
v 0.088681 -0.985589 -0.115593
v 0.096071 0.985589 -0.109528
v 0.088681 0.985589 -0.115593
v 0.061584 0.990393 -0.075040
v 0.662793 0.097545 -0.731105
v 0.587753 0.097545 -0.792689
v 0.628306 0.048773 -0.765593
v 0.622240 0.146318 -0.758202
v 0.193330 -0.952332 -0.213256
v 0.171441 -0.952332 -0.231219
v 0.152777 -0.966559 -0.186159
v 0.211994 -0.938106 -0.258316
v 0.637322 0.288887 -0.703009
v 0.565166 0.288887 -0.762227
v 0.610226 0.241989 -0.743562
v 0.592262 0.335785 -0.721674
v 0.313950 -0.877675 -0.346308
v 0.278405 -0.877675 -0.375479
v 0.268890 -0.900777 -0.327644
v 0.323465 -0.854572 -0.394144
v 0.587360 0.469127 -0.647897
v 0.520860 0.469127 -0.702472
v 0.568695 0.425905 -0.692957
v 0.539524 0.512349 -0.657412
v 0.422506 -0.769288 -0.466052
v 0.374671 -0.769288 -0.505310
v 0.374671 -0.800379 -0.456537
v 0.422506 -0.738197 -0.514825
v 0.514825 0.631338 -0.567887
v 0.456537 0.631338 -0.615722
v 0.505310 0.593454 -0.615722
v 0.466052 0.669223 -0.567887
v 0.514825 -0.631338 -0.567887
v 0.456537 -0.631338 -0.615722
v 0.466052 -0.669223 -0.567887
v 0.505310 -0.593454 -0.615722
v 0.422506 0.769288 -0.466052
v 0.374671 0.769288 -0.505310
v 0.422506 0.738197 -0.514825
v 0.374671 0.800379 -0.456537
v 0.587360 -0.469127 -0.647897
v 0.520860 -0.469127 -0.702472
v 0.539524 -0.512349 -0.657412
v 0.568695 -0.425905 -0.692957
v 0.313950 0.877675 -0.346308
v 0.278405 0.877675 -0.375479
v 0.323465 0.854572 -0.394144
v 0.268890 0.900777 -0.327644
v 0.449675 0.469127 -0.750036
v 0.373806 0.469127 -0.790589
v 0.422579 0.425905 -0.790589
v 0.400903 0.512349 -0.750036
v 0.323465 -0.769288 -0.539524
v 0.268890 -0.769288 -0.568695
v 0.278405 -0.800379 -0.520860
v 0.313950 -0.738197 -0.587360
v 0.394144 0.631338 -0.657412
v 0.327644 0.631338 -0.692957
v 0.375479 0.593454 -0.702472
v 0.346308 0.669223 -0.647897
v 0.394144 -0.631338 -0.657412
v 0.327644 -0.631338 -0.692957
v 0.346308 -0.669223 -0.647897
v 0.375479 -0.593454 -0.702472
v 0.323465 0.769288 -0.539524
v 0.268890 0.769288 -0.568695
v 0.313950 0.738197 -0.587360
v 0.278405 0.800379 -0.520860
v 0.449675 -0.469127 -0.750036
v 0.373806 -0.469127 -0.790589
v 0.400903 -0.512349 -0.750036
v 0.422579 -0.425905 -0.790589
v 0.240356 0.877675 -0.400903
v 0.199804 0.877675 -0.422579
v 0.240356 0.854572 -0.449675
v 0.199804 0.900777 -0.373806
v 0.487926 -0.288887 -0.813837
v 0.405603 -0.288887 -0.857839
v 0.440091 -0.335785 -0.823352
v 0.453439 -0.241989 -0.848324
v 0.148011 0.952332 -0.246875
v 0.123038 0.952332 -0.260223
v 0.157526 0.938106 -0.294710
v 0.113523 0.966559 -0.212387
v 0.507426 -0.097545 -0.846362
v 0.421813 -0.097545 -0.892123
v 0.462366 -0.146318 -0.865026
v 0.466873 -0.048773 -0.873458
v 0.072858 -0.985589 -0.126166
v 0.045761 -0.990393 -0.085613
v 0.064426 -0.985589 -0.130673
v 0.072858 0.985589 -0.126166
v 0.064426 0.985589 -0.130673
v 0.045761 0.990393 -0.085613
v 0.507426 0.097545 -0.846362
v 0.421813 0.097545 -0.892123
v 0.466873 0.048773 -0.873458
v 0.462366 0.146318 -0.865026
v 0.148011 -0.952332 -0.246875
v 0.123038 -0.952332 -0.260223
v 0.113523 -0.966559 -0.212387
v 0.157526 -0.938106 -0.294710
v 0.487926 0.288887 -0.813837
v 0.405603 0.288887 -0.857839
v 0.453439 0.241989 -0.848324
v 0.440091 0.335785 -0.823352
v 0.240356 -0.877675 -0.400903
v 0.199804 -0.877675 -0.422579
v 0.199804 -0.900777 -0.373806
v 0.240356 -0.854572 -0.449675
v 0.097004 0.952332 -0.271006
v 0.069907 0.952332 -0.279226
v 0.097004 0.938106 -0.319779
v 0.069907 0.966559 -0.230454
v 0.332559 -0.097545 -0.929093
v 0.239664 -0.097545 -0.957273
v 0.284724 -0.146318 -0.938608
v 0.287499 -0.048773 -0.947758
v 0.046844 -0.985589 -0.137955
v 0.028180 -0.990393 -0.092895
v 0.037695 -0.985589 -0.140731
v 0.046844 0.985589 -0.137955
v 0.037695 0.985589 -0.140731
v 0.028180 0.990393 -0.092895
v 0.332559 0.097545 -0.929093
v 0.239664 0.097545 -0.957273
v 0.287499 0.048773 -0.947758
v 0.284724 0.146318 -0.938608
v 0.097004 -0.952332 -0.271006
v 0.069907 -0.952332 -0.279226
v 0.069907 -0.966559 -0.230454
v 0.097004 -0.938106 -0.319779
v 0.319779 0.288887 -0.893389
v 0.230454 0.288887 -0.920485
v 0.279226 0.241989 -0.920485
v 0.271006 0.335785 -0.893389
v 0.157526 -0.877675 -0.440091
v 0.113523 -0.877675 -0.453439
v 0.123038 -0.900777 -0.405603
v 0.148011 -0.854572 -0.487926
v 0.294710 0.469127 -0.823352
v 0.212387 0.469127 -0.848324
v 0.260223 0.425905 -0.857839
v 0.246875 0.512349 -0.813837
v 0.211994 -0.769288 -0.592262
v 0.152777 -0.769288 -0.610226
v 0.171441 -0.800379 -0.565166
v 0.193330 -0.738197 -0.637322
v 0.258316 0.631338 -0.721674
v 0.186159 0.631338 -0.743562
v 0.231219 0.593454 -0.762227
v 0.213256 0.669223 -0.703009
v 0.258316 -0.631338 -0.721674
v 0.186159 -0.631338 -0.743562
v 0.213256 -0.669223 -0.703009
v 0.231219 -0.593454 -0.762227
v 0.211994 0.769288 -0.592262
v 0.152777 0.769288 -0.610226
v 0.193330 0.738197 -0.637322
v 0.171441 0.800379 -0.565166
v 0.294710 -0.469127 -0.823352
v 0.212387 -0.469127 -0.848324
v 0.246875 -0.512349 -0.813837
v 0.260223 -0.425905 -0.857839
v 0.157526 0.877675 -0.440091
v 0.113523 0.877675 -0.453439
v 0.148011 0.854572 -0.487926
v 0.123038 0.900777 -0.405603
v 0.319779 -0.288887 -0.893389
v 0.230454 -0.288887 -0.920485
v 0.271006 -0.335785 -0.893389
v 0.279226 -0.241989 -0.920485
v 0.068642 0.877675 -0.462366
v 0.022881 0.877675 -0.466873
v 0.049977 0.854572 -0.507426
v 0.041545 0.900777 -0.421813
v 0.139343 -0.288887 -0.938608
v 0.046448 -0.288887 -0.947757
v 0.091508 -0.335785 -0.929093
v 0.094283 -0.241989 -0.957273
v 0.042269 0.952332 -0.284724
v 0.014090 0.952332 -0.287499
v 0.032754 0.938106 -0.332559
v 0.023605 0.966559 -0.239664
v 0.144912 -0.097545 -0.976120
v 0.048304 -0.097545 -0.985635
v 0.096139 -0.146318 -0.976120
v 0.097077 -0.048773 -0.985635
v 0.019030 -0.985589 -0.144443
v 0.009515 -0.990393 -0.096608
v 0.009515 -0.985589 -0.145380
v 0.019030 0.985589 -0.144443
v 0.009515 0.985589 -0.145380
v 0.009515 0.990393 -0.096608
v 0.144912 0.097545 -0.976120
v 0.048304 0.097545 -0.985635
v 0.097077 0.048773 -0.985635
v 0.096139 0.146318 -0.976120
v 0.042269 -0.952332 -0.284724
v 0.014090 -0.952332 -0.287499
v 0.023605 -0.966559 -0.239664
v 0.032754 -0.938106 -0.332559
v 0.139343 0.288887 -0.938608
v 0.046448 0.288887 -0.947757
v 0.094283 0.241989 -0.957273
v 0.091508 0.335785 -0.929093
v 0.068642 -0.877675 -0.462366
v 0.022881 -0.877675 -0.466873
v 0.041545 -0.900777 -0.421813
v 0.049977 -0.854572 -0.507426
v 0.128419 0.469127 -0.865026
v 0.042806 0.469127 -0.873458
v 0.087866 0.425905 -0.892123
v 0.083359 0.512349 -0.846362
v 0.092376 -0.769288 -0.622240
v 0.030792 -0.769288 -0.628305
v 0.057889 -0.800379 -0.587753
v 0.065279 -0.738197 -0.662793
v 0.112561 0.631338 -0.758202
v 0.037520 0.631338 -0.765593
v 0.078073 0.593454 -0.792689
v 0.072008 0.669223 -0.731105
v 0.112561 -0.631338 -0.758202
v 0.037520 -0.631338 -0.765593
v 0.072008 -0.669223 -0.731105
v 0.078073 -0.593454 -0.792689
v 0.092376 0.769288 -0.622240
v 0.030792 0.769288 -0.628306
v 0.065279 0.738197 -0.662793
v 0.057889 0.800379 -0.587753
v 0.128419 -0.469127 -0.865026
v 0.042806 -0.469127 -0.873458
v 0.083359 -0.512349 -0.846362
v 0.087866 -0.425905 -0.892123
v 0.043933 -0.425905 -0.896450
v 0.041680 -0.512349 -0.850467
v 0.125039 -0.512349 -0.842257
v 0.028944 0.800379 -0.590604
v 0.032640 0.738197 -0.666008
v 0.097919 0.738197 -0.659578
v 0.039037 -0.593454 -0.796534
v 0.036004 -0.669223 -0.734651
v 0.108011 -0.669223 -0.727559
v 0.036004 0.669223 -0.734651
v 0.039037 0.593454 -0.796534
v 0.117110 0.593454 -0.788845
v 0.032640 -0.738197 -0.666008
v 0.028944 -0.800379 -0.590603
v 0.086833 -0.800379 -0.584902
v 0.041680 0.512349 -0.850467
v 0.043933 0.425905 -0.896450
v 0.131800 0.425905 -0.887796
v 0.024989 -0.854572 -0.509887
v 0.020773 -0.900777 -0.423859
v 0.062318 -0.900777 -0.419767
v 0.045754 0.335785 -0.933599
v 0.047142 0.241989 -0.961916
v 0.141425 0.241989 -0.952630
v 0.016377 -0.938106 -0.334172
v 0.011802 -0.966559 -0.240826
v 0.035407 -0.966559 -0.238501
v 0.048070 0.146318 -0.980854
v 0.048538 0.048773 -0.990416
v 0.145615 0.048773 -0.980854
v 0.048538 -0.048773 -0.990416
v 0.048070 -0.146318 -0.980854
v 0.144209 -0.146318 -0.971386
v 0.011802 0.966559 -0.240826
v 0.016377 0.938106 -0.334172
v 0.049131 0.938106 -0.330946
v 0.047142 -0.241989 -0.961916
v 0.045754 -0.335785 -0.933599
v 0.137262 -0.335785 -0.924587
v 0.020773 0.900777 -0.423859
v 0.024989 0.854572 -0.509887
v 0.074966 0.854572 -0.504965
v 0.233896 -0.241989 -0.934236
v 0.227011 -0.335785 -0.906735
v 0.315002 -0.335785 -0.880043
v 0.103064 0.900777 -0.411662
v 0.123983 0.854572 -0.495215
v 0.172039 0.854572 -0.480637
v 0.217978 -0.425905 -0.870654
v 0.206797 -0.512349 -0.825994
v 0.286953 -0.512349 -0.801679
v 0.143609 0.800379 -0.573609
v 0.161944 0.738197 -0.646843
v 0.224715 0.738197 -0.627802
v 0.193683 -0.593454 -0.773613
v 0.178635 -0.669223 -0.713511
v 0.247876 -0.669223 -0.692507
v 0.178635 0.669223 -0.713511
v 0.193683 0.593454 -0.773613
v 0.268755 0.593454 -0.750840
v 0.161944 -0.738197 -0.646843
v 0.143609 -0.800379 -0.573609
v 0.199273 -0.800379 -0.556723
v 0.206797 0.512349 -0.825994
v 0.217978 0.425905 -0.870654
v 0.302468 0.425905 -0.845024
v 0.123983 -0.854572 -0.495215
v 0.103064 -0.900777 -0.411662
v 0.143013 -0.900777 -0.399544
v 0.227011 0.335785 -0.906735
v 0.233896 0.241989 -0.934236
v 0.324556 0.241989 -0.906735
v 0.081256 -0.938106 -0.324556
v 0.058558 -0.966559 -0.233896
v 0.081256 -0.966559 -0.227011
v 0.238501 0.146318 -0.952630
v 0.240826 0.048773 -0.961916
v 0.334172 0.048773 -0.933600
v 0.240826 -0.048773 -0.961916
v 0.238501 -0.146318 -0.952630
v 0.330946 -0.146318 -0.924587
v 0.058558 0.966559 -0.233896
v 0.081256 0.938106 -0.324556
v 0.112752 0.938106 -0.315002
v 0.218212 -0.854572 -0.461512
v 0.181395 -0.900777 -0.383646
v 0.218212 -0.900777 -0.363967
v 0.399544 0.335785 -0.845024
v 0.411662 0.241989 -0.870654
v 0.495215 0.241989 -0.825994
v 0.143013 -0.938106 -0.302468
v 0.103064 -0.966559 -0.217978
v 0.123983 -0.966559 -0.206797
v 0.419767 0.146318 -0.887796
v 0.423859 0.048773 -0.896450
v 0.509887 0.048773 -0.850467
v 0.423859 -0.048773 -0.896450
v 0.419767 -0.146318 -0.887796
v 0.504965 -0.146318 -0.842257
v 0.103064 0.966559 -0.217978
v 0.143013 0.938106 -0.302468
v 0.172039 0.938106 -0.286953
v 0.411662 -0.241989 -0.870654
v 0.399544 -0.335785 -0.845024
v 0.480637 -0.335785 -0.801679
v 0.181395 0.900777 -0.383646
v 0.218212 0.854572 -0.461512
v 0.262501 0.854572 -0.437839
v 0.383646 -0.425905 -0.811399
v 0.363967 -0.512349 -0.769779
v 0.437839 -0.512349 -0.730293
v 0.252755 0.800379 -0.534570
v 0.285025 0.738197 -0.602820
v 0.342875 0.738197 -0.571899
v 0.340885 -0.593454 -0.720963
v 0.314402 -0.669223 -0.664951
v 0.378214 -0.669223 -0.630843
v 0.314402 0.669223 -0.664951
v 0.340885 0.593454 -0.720963
v 0.410073 0.593454 -0.683981
v 0.285025 -0.738197 -0.602820
v 0.252755 -0.800379 -0.534570
v 0.304055 -0.800379 -0.507149
v 0.363967 0.512349 -0.769779
v 0.383646 0.425905 -0.811399
v 0.461512 0.425905 -0.769779
v 0.252755 0.900777 -0.340885
v 0.304055 0.854572 -0.410073
v 0.342875 0.854572 -0.378214
v 0.534570 -0.425905 -0.720963
v 0.507149 -0.512349 -0.683981
v 0.571899 -0.512349 -0.630843
v 0.352188 0.800379 -0.474988
v 0.397153 0.738197 -0.535632
v 0.447859 0.738197 -0.494018
v 0.474988 -0.593454 -0.640606
v 0.438087 -0.669223 -0.590838
v 0.494018 -0.669223 -0.544935
v 0.438087 0.669223 -0.590838
v 0.474988 0.593454 -0.640606
v 0.535632 0.593454 -0.590838
v 0.397153 -0.738197 -0.535632
v 0.352188 -0.800379 -0.474988
v 0.397153 -0.800379 -0.438086
v 0.507149 0.512349 -0.683981
v 0.534570 0.425905 -0.720963
v 0.602820 0.425905 -0.664951
v 0.304055 -0.854572 -0.410073
v 0.252755 -0.900777 -0.340885
v 0.285025 -0.900777 -0.314402
v 0.556723 0.335785 -0.750840
v 0.573609 0.241989 -0.773613
v 0.646843 0.241989 -0.713511
v 0.199273 -0.938106 -0.268755
v 0.143609 -0.966559 -0.193683
v 0.161944 -0.966559 -0.178635
v 0.584902 0.146318 -0.788845
v 0.590604 0.048773 -0.796534
v 0.666008 0.048773 -0.734651
v 0.590604 -0.048773 -0.796534
v 0.584902 -0.146318 -0.788845
v 0.659578 -0.146318 -0.727559
v 0.143609 0.966559 -0.193683
v 0.199273 0.938106 -0.268755
v 0.224715 0.938106 -0.247876
v 0.573609 -0.241989 -0.773613
v 0.556723 -0.335785 -0.750840
v 0.627802 -0.335785 -0.692507
v 0.692507 0.335785 -0.627802
v 0.713511 0.241989 -0.646843
v 0.773613 0.241989 -0.573609
v 0.247876 -0.938106 -0.224715
v 0.178635 -0.966559 -0.161944
v 0.193683 -0.966559 -0.143609
v 0.727559 0.146318 -0.659578
v 0.734651 0.048773 -0.666008
v 0.796534 0.048773 -0.590603
v 0.734651 -0.048773 -0.666008
v 0.727559 -0.146318 -0.659578
v 0.788845 -0.146318 -0.584902
v 0.178635 0.966559 -0.161944
v 0.247876 0.938106 -0.224715
v 0.268755 0.938106 -0.199273
v 0.713511 -0.241989 -0.646843
v 0.692507 -0.335785 -0.627802
v 0.750840 -0.335785 -0.556723
v 0.314402 0.900777 -0.285025
v 0.378214 0.854572 -0.342875
v 0.410073 0.854572 -0.304055
v 0.664951 -0.425905 -0.602820
v 0.630843 -0.512349 -0.571899
v 0.683981 -0.512349 -0.507149
v 0.438087 0.800379 -0.397153
v 0.494018 0.738197 -0.447859
v 0.535632 0.738197 -0.397153
v 0.590838 -0.593454 -0.535632
v 0.544936 -0.669223 -0.494018
v 0.590838 -0.669223 -0.438087
v 0.544936 0.669223 -0.494018
v 0.590838 0.593454 -0.535632
v 0.640606 0.593454 -0.474988
v 0.494018 -0.738197 -0.447859
v 0.438087 -0.800379 -0.397153
v 0.474988 -0.800379 -0.352188
v 0.630843 0.512349 -0.571899
v 0.664951 0.425905 -0.602820
v 0.720963 0.425905 -0.534570
v 0.378214 -0.854572 -0.342875
v 0.314402 -0.900777 -0.285025
v 0.340885 -0.900777 -0.252755
v 0.769779 -0.425905 -0.461512
v 0.730293 -0.512349 -0.437839
v 0.769779 -0.512349 -0.363967
v 0.507149 0.800379 -0.304055
v 0.571899 0.738197 -0.342875
v 0.602820 0.738197 -0.285025
v 0.683981 -0.593454 -0.410073
v 0.630843 -0.669223 -0.378214
v 0.664951 -0.669223 -0.314402
v 0.630843 0.669223 -0.378214
v 0.683981 0.593454 -0.410073
v 0.720963 0.593454 -0.340885
v 0.571899 -0.738197 -0.342875
v 0.507149 -0.800379 -0.304055
v 0.534570 -0.800379 -0.252755
v 0.730293 0.512349 -0.437839
v 0.769779 0.425905 -0.461512
v 0.811399 0.425905 -0.383646
v 0.437839 -0.854572 -0.262501
v 0.363967 -0.900777 -0.218212
v 0.383646 -0.900777 -0.181395
v 0.801679 0.335785 -0.480637
v 0.825994 0.241989 -0.495215
v 0.870654 0.241989 -0.411662
v 0.286953 -0.938106 -0.172039
v 0.206797 -0.966559 -0.123982
v 0.217978 -0.966559 -0.103064
v 0.842257 0.146318 -0.504965
v 0.850467 0.048773 -0.509887
v 0.896450 0.048773 -0.423859
v 0.850467 -0.048773 -0.509887
v 0.842257 -0.146318 -0.504965
v 0.887796 -0.146318 -0.419767
v 0.206797 0.966559 -0.123982
v 0.286953 0.938106 -0.172039
v 0.302468 0.938106 -0.143013
v 0.825994 -0.241989 -0.495215
v 0.801679 -0.335785 -0.480637
v 0.845024 -0.335785 -0.399544
v 0.363967 0.900777 -0.218212
v 0.437839 0.854572 -0.262501
v 0.461512 0.854572 -0.218212
v 0.315002 -0.938106 -0.112752
v 0.227011 -0.966559 -0.081256
v 0.233896 -0.966559 -0.058558
v 0.924587 0.146318 -0.330946
v 0.933599 0.048773 -0.334172
v 0.961916 0.048773 -0.240826
v 0.933599 -0.048773 -0.334172
v 0.924587 -0.146318 -0.330946
v 0.952630 -0.146318 -0.238501
v 0.227011 0.966559 -0.081256
v 0.315002 0.938106 -0.112752
v 0.324556 0.938106 -0.081256
v 0.906734 -0.241989 -0.324556
v 0.880043 -0.335785 -0.315002
v 0.906735 -0.335785 -0.227011
v 0.399544 0.900777 -0.143013
v 0.480637 0.854572 -0.172039
v 0.495215 0.854572 -0.123982
v 0.845024 -0.425905 -0.302468
v 0.801679 -0.512349 -0.286953
v 0.825994 -0.512349 -0.206797
v 0.556723 0.800379 -0.199273
v 0.627802 0.738197 -0.224715
v 0.646843 0.738197 -0.161944
v 0.750840 -0.593454 -0.268755
v 0.692507 -0.669223 -0.247876
v 0.713511 -0.669223 -0.178635
v 0.692507 0.669223 -0.247876
v 0.750840 0.593454 -0.268755
v 0.773613 0.593454 -0.193682
v 0.627802 -0.738197 -0.224715
v 0.556723 -0.800379 -0.199273
v 0.573609 -0.800379 -0.143609
v 0.801679 0.512349 -0.286953
v 0.845024 0.425905 -0.302468
v 0.870654 0.425905 -0.217978
v 0.480637 -0.854572 -0.172039
v 0.399544 -0.900777 -0.143013
v 0.411662 -0.900777 -0.103064
v 0.880043 0.335785 -0.315002
v 0.906734 0.241989 -0.324556
v 0.934236 0.241989 -0.233896
v 0.584902 0.800379 -0.086833
v 0.659578 0.738197 -0.097919
v 0.666008 0.738197 -0.032640
v 0.788844 -0.593454 -0.117110
v 0.727559 -0.669223 -0.108011
v 0.734651 -0.669223 -0.036004
v 0.727559 0.669223 -0.108011
v 0.788844 0.593454 -0.117110
v 0.796534 0.593454 -0.039036
v 0.659578 -0.738197 -0.097919
v 0.584902 -0.800379 -0.086833
v 0.590604 -0.800379 -0.028944
v 0.842257 0.512349 -0.125039
v 0.887796 0.425905 -0.131800
v 0.896450 0.425905 -0.043933
v 0.504965 -0.854572 -0.074966
v 0.419767 -0.900777 -0.062317
v 0.423859 -0.900777 -0.020772
v 0.924587 0.335785 -0.137262
v 0.952630 0.241989 -0.141425
v 0.961916 0.241989 -0.047142
v 0.330946 -0.938106 -0.049131
v 0.238501 -0.966559 -0.035407
v 0.240826 -0.966559 -0.011802
v 0.971385 0.146318 -0.144209
v 0.980854 0.048773 -0.145615
v 0.990416 0.048773 -0.048538
v 0.980854 -0.048773 -0.145615
v 0.971385 -0.146318 -0.144209
v 0.980854 -0.146318 -0.048070
v 0.238501 0.966559 -0.035407
v 0.330946 0.938106 -0.049131
v 0.334172 0.938106 -0.016377
v 0.952630 -0.241989 -0.141425
v 0.924587 -0.335785 -0.137262
v 0.933599 -0.335785 -0.045754
v 0.419767 0.900777 -0.062317
v 0.504965 0.854572 -0.074966
v 0.509887 0.854572 -0.024989
v 0.887796 -0.425905 -0.131800
v 0.842257 -0.512349 -0.125039
v 0.850467 -0.512349 -0.041680
v 0.980854 0.146318 0.048070
v 0.990415 0.048773 0.048538
v 0.980854 0.048773 0.145615
v 0.990415 -0.048773 0.048538
v 0.980854 -0.146318 0.048070
v 0.971385 -0.146318 0.144209
v 0.240826 0.966559 0.011802
v 0.334172 0.938106 0.016377
v 0.330946 0.938106 0.049131
v 0.961916 -0.241989 0.047142
v 0.933599 -0.335785 0.045754
v 0.924587 -0.335785 0.137262
v 0.423859 0.900777 0.020773
v 0.509887 0.854572 0.024989
v 0.504965 0.854572 0.074966
v 0.896450 -0.425905 0.043933
v 0.850467 -0.512349 0.041680
v 0.842257 -0.512349 0.125039
v 0.590603 0.800379 0.028944
v 0.666008 0.738197 0.032640
v 0.659578 0.738197 0.097919
v 0.796534 -0.593454 0.039037
v 0.734651 -0.669223 0.036004
v 0.727559 -0.669223 0.108011
v 0.734651 0.669223 0.036004
v 0.796534 0.593454 0.039037
v 0.788844 0.593454 0.117110
v 0.666008 -0.738197 0.032640
v 0.590603 -0.800379 0.028944
v 0.584902 -0.800379 0.086833
v 0.850467 0.512349 0.041680
v 0.896450 0.425905 0.043933
v 0.887796 0.425905 0.131800
v 0.509887 -0.854572 0.024989
v 0.423859 -0.900777 0.020773
v 0.419767 -0.900777 0.062318
v 0.933599 0.335785 0.045754
v 0.961916 0.241989 0.047142
v 0.952630 0.241989 0.141425
v 0.334172 -0.938106 0.016377
v 0.240826 -0.966559 0.011802
v 0.238501 -0.966559 0.035407
v 0.773613 -0.593454 0.193683
v 0.713511 -0.669223 0.178635
v 0.692507 -0.669223 0.247876
v 0.713511 0.669223 0.178635
v 0.773613 0.593454 0.193683
v 0.750840 0.593454 0.268755
v 0.646843 -0.738197 0.161944
v 0.573608 -0.800379 0.143609
v 0.556723 -0.800379 0.199273
v 0.825994 0.512349 0.206797
v 0.870654 0.425905 0.217978
v 0.845024 0.425905 0.302467
v 0.495215 -0.854572 0.123983
v 0.411662 -0.900777 0.103064
v 0.399544 -0.900777 0.143013
v 0.906735 0.335785 0.227011
v 0.934236 0.241989 0.233896
v 0.906734 0.241989 0.324556
v 0.324556 -0.938106 0.081256
v 0.233896 -0.966559 0.058558
v 0.227011 -0.966559 0.081256
v 0.952629 0.146318 0.238501
v 0.961915 0.048773 0.240826
v 0.933599 0.048773 0.334172
v 0.961915 -0.048773 0.240826
v 0.952629 -0.146318 0.238501
v 0.924587 -0.146318 0.330946
v 0.233896 0.966559 0.058558
v 0.324556 0.938106 0.081256
v 0.315002 0.938106 0.112752
v 0.934236 -0.241989 0.233896
v 0.906735 -0.335785 0.227011
v 0.880043 -0.335785 0.315002
v 0.411662 0.900777 0.103064
v 0.495215 0.854572 0.123983
v 0.480637 0.854572 0.172039
v 0.870654 -0.425905 0.217978
v 0.825994 -0.512349 0.206797
v 0.801679 -0.512349 0.286953
v 0.573608 0.800379 0.143609
v 0.646843 0.738197 0.161944
v 0.627802 0.738197 0.224715
v 0.896450 -0.048773 0.423859
v 0.887796 -0.146318 0.419767
v 0.842257 -0.146318 0.504965
v 0.217978 0.966559 0.103064
v 0.302468 0.938106 0.143013
v 0.286953 0.938106 0.172039
v 0.870654 -0.241989 0.411662
v 0.845024 -0.335785 0.399544
v 0.801679 -0.335785 0.480637
v 0.383645 0.900777 0.181395
v 0.461512 0.854572 0.218212
v 0.437839 0.854572 0.262501
v 0.811399 -0.425905 0.383645
v 0.769779 -0.512349 0.363967
v 0.730293 -0.512349 0.437839
v 0.534570 0.800379 0.252755
v 0.602820 0.738197 0.285025
v 0.571899 0.738197 0.342875
v 0.720963 -0.593454 0.340885
v 0.664951 -0.669223 0.314402
v 0.630843 -0.669223 0.378214
v 0.664951 0.669223 0.314402
v 0.720963 0.593454 0.340885
v 0.683981 0.593454 0.410073
v 0.602820 -0.738197 0.285025
v 0.534570 -0.800379 0.252755
v 0.507149 -0.800379 0.304055
v 0.769779 0.512349 0.363967
v 0.811399 0.425905 0.383645
v 0.769779 0.425905 0.461512
v 0.461512 -0.854572 0.218212
v 0.383645 -0.900777 0.181395
v 0.363967 -0.900777 0.218212
v 0.845024 0.335785 0.399544
v 0.870654 0.241989 0.411662
v 0.825994 0.241989 0.495215
v 0.302468 -0.938106 0.143013
v 0.217978 -0.966559 0.103064
v 0.206797 -0.966559 0.123982
v 0.887796 0.146318 0.419767
v 0.896450 0.048773 0.423859
v 0.850467 0.048773 0.509887
v 0.535632 -0.738197 0.397153
v 0.474988 -0.800379 0.352188
v 0.438086 -0.800379 0.397153
v 0.683981 0.512349 0.507149
v 0.720963 0.425905 0.534570
v 0.664951 0.425905 0.602820
v 0.410073 -0.854572 0.304055
v 0.340885 -0.900777 0.252755
v 0.314402 -0.900777 0.285025
v 0.750840 0.335785 0.556723
v 0.773613 0.241989 0.573608
v 0.713511 0.241989 0.646843
v 0.268755 -0.938106 0.199273
v 0.193682 -0.966559 0.143609
v 0.178635 -0.966559 0.161944
v 0.788844 0.146318 0.584902
v 0.796534 0.048773 0.590604
v 0.734651 0.048773 0.666008
v 0.796534 -0.048773 0.590604
v 0.788844 -0.146318 0.584902
v 0.727559 -0.146318 0.659578
v 0.193682 0.966559 0.143609
v 0.268755 0.938106 0.199273
v 0.247876 0.938106 0.224715
v 0.773613 -0.241989 0.573608
v 0.750840 -0.335785 0.556723
v 0.692507 -0.335785 0.627802
v 0.340885 0.900777 0.252755
v 0.410073 0.854572 0.304055
v 0.378214 0.854572 0.342875
v 0.720963 -0.425905 0.534570
v 0.683981 -0.512349 0.507149
v 0.630843 -0.512349 0.571899
v 0.474988 0.800379 0.352188
v 0.535632 0.738197 0.397153
v 0.494018 0.738197 0.447859
v 0.640606 -0.593454 0.474988
v 0.590838 -0.669223 0.438086
v 0.544935 -0.669223 0.494018
v 0.590838 0.669223 0.438086
v 0.640606 0.593454 0.474988
v 0.590837 0.593454 0.535632
v 0.161944 0.966559 0.178635
v 0.224715 0.938106 0.247876
v 0.199273 0.938106 0.268755
v 0.646843 -0.241989 0.713511
v 0.627802 -0.335785 0.692507
v 0.556723 -0.335785 0.750840
v 0.285025 0.900777 0.314402
v 0.342875 0.854572 0.378214
v 0.304055 0.854572 0.410073
v 0.602820 -0.425905 0.664951
v 0.571899 -0.512349 0.630843
v 0.507149 -0.512349 0.683981
v 0.397153 0.800379 0.438086
v 0.447859 0.738197 0.494018
v 0.397153 0.738197 0.535632
v 0.535631 -0.593454 0.590838
v 0.494018 -0.669223 0.544935
v 0.438086 -0.669223 0.590838
v 0.494018 0.669223 0.544935
v 0.535631 0.593454 0.590838
v 0.474988 0.593454 0.640606
v 0.447859 -0.738197 0.494018
v 0.397153 -0.800379 0.438086
v 0.352188 -0.800379 0.474988
v 0.571899 0.512349 0.630843
v 0.602820 0.425905 0.664951
v 0.534570 0.425905 0.720963
v 0.342875 -0.854572 0.378214
v 0.285025 -0.900777 0.314402
v 0.252755 -0.900777 0.340885
v 0.627802 0.335785 0.692507
v 0.646843 0.241989 0.713511
v 0.573608 0.241989 0.773613
v 0.224715 -0.938106 0.247876
v 0.161944 -0.966559 0.178635
v 0.143609 -0.966559 0.193683
v 0.659578 0.146318 0.727559
v 0.666007 0.048773 0.734651
v 0.590603 0.048773 0.796534
v 0.666007 -0.048773 0.734651
v 0.659578 -0.146318 0.727559
v 0.584902 -0.146318 0.788844
v 0.437839 0.512349 0.730293
v 0.461512 0.425905 0.769779
v 0.383645 0.425905 0.811399
v 0.262501 -0.854572 0.437839
v 0.218212 -0.900777 0.363967
v 0.181395 -0.900777 0.383645
v 0.480637 0.335785 0.801679
v 0.495215 0.241989 0.825994
v 0.411662 0.241989 0.870654
v 0.172039 -0.938106 0.286953
v 0.123982 -0.966559 0.206797
v 0.103064 -0.966559 0.217978
v 0.504965 0.146318 0.842257
v 0.509887 0.048773 0.850467
v 0.423859 0.048773 0.896450
v 0.509887 -0.048773 0.850467
v 0.504965 -0.146318 0.842257
v 0.419767 -0.146318 0.887796
v 0.123982 0.966559 0.206797
v 0.172039 0.938106 0.286953
v 0.143013 0.938106 0.302467
v 0.495215 -0.241989 0.825994
v 0.480637 -0.335785 0.801679
v 0.399544 -0.335785 0.845024
v 0.218212 0.900777 0.363967
v 0.262501 0.854572 0.437839
v 0.218212 0.854572 0.461512
v 0.461512 -0.425905 0.769779
v 0.437839 -0.512349 0.730293
v 0.363966 -0.512349 0.769779
v 0.304055 0.800379 0.507149
v 0.342875 0.738197 0.571899
v 0.285025 0.738197 0.602820
v 0.410073 -0.593454 0.683981
v 0.378214 -0.669223 0.630843
v 0.314402 -0.669223 0.664951
v 0.378214 0.669223 0.630843
v 0.410073 0.593454 0.683981
v 0.340885 0.593454 0.720963
v 0.342875 -0.738197 0.571899
v 0.304055 -0.800379 0.507149
v 0.252755 -0.800379 0.534570
v 0.324556 -0.241989 0.906734
v 0.315002 -0.335785 0.880043
v 0.227011 -0.335785 0.906734
v 0.143013 0.900777 0.399544
v 0.172039 0.854572 0.480637
v 0.123982 0.854572 0.495215
v 0.302467 -0.425905 0.845024
v 0.286952 -0.512349 0.801679
v 0.206797 -0.512349 0.825994
v 0.199273 0.800379 0.556723
v 0.224715 0.738197 0.627802
v 0.161944 0.738197 0.646843
v 0.268755 -0.593454 0.750840
v 0.247876 -0.669223 0.692507
v 0.178635 -0.669223 0.713511
v 0.247876 0.669223 0.692507
v 0.268755 0.593454 0.750840
v 0.193682 0.593454 0.773613
v 0.224715 -0.738197 0.627802
v 0.199273 -0.800379 0.556723
v 0.143609 -0.800379 0.573608
v 0.286952 0.512349 0.801679
v 0.302467 0.425905 0.845024
v 0.217978 0.425905 0.870654
v 0.172039 -0.854572 0.480637
v 0.143013 -0.900777 0.399544
v 0.103064 -0.900777 0.411662
v 0.315002 0.335785 0.880043
v 0.324556 0.241989 0.906734
v 0.233896 0.241989 0.934236
v 0.112752 -0.938106 0.315002
v 0.081256 -0.966559 0.227011
v 0.058558 -0.966559 0.233896
v 0.330946 0.146318 0.924587
v 0.334172 0.048773 0.933599
v 0.240826 0.048773 0.961915
v 0.334172 -0.048773 0.933599
v 0.330946 -0.146318 0.924587
v 0.238501 -0.146318 0.952629
v 0.081256 0.966559 0.227011
v 0.112752 0.938106 0.315002
v 0.081256 0.938106 0.324556
v 0.074966 -0.854572 0.504965
v 0.062317 -0.900777 0.419767
v 0.020772 -0.900777 0.423859
v 0.137262 0.335785 0.924587
v 0.141425 0.241989 0.952629
v 0.047141 0.241989 0.961915
v 0.049131 -0.938106 0.330946
v 0.035407 -0.966559 0.238501
v 0.011802 -0.966559 0.240826
v 0.144209 0.146318 0.971385
v 0.145615 0.048773 0.980854
v 0.048538 0.048773 0.990415
v 0.145615 -0.048773 0.980854
v 0.144209 -0.146318 0.971385
v 0.048070 -0.146318 0.980854
v 0.035407 0.966559 0.238501
v 0.049131 0.938106 0.330946
v 0.016377 0.938106 0.334172
v 0.141425 -0.241989 0.952629
v 0.137262 -0.335785 0.924587
v 0.045754 -0.335785 0.933599
v 0.062317 0.900777 0.419767
v 0.074966 0.854572 0.504965
v 0.024988 0.854572 0.509887
v 0.131800 -0.425905 0.887796
v 0.125039 -0.512349 0.842257
v 0.041680 -0.512349 0.850467
v 0.086833 0.800379 0.584902
v 0.097919 0.738197 0.659578
v 0.032640 0.738197 0.666008
v 0.117110 -0.593454 0.788844
v 0.108011 -0.669223 0.727559
v 0.036004 -0.669223 0.734651
v 0.108011 0.669223 0.727559
v 0.117110 0.593454 0.788844
v 0.039036 0.593454 0.796534
v 0.097919 -0.738197 0.659578
v 0.086833 -0.800379 0.584902
v 0.028944 -0.800379 0.590603
v 0.125039 0.512349 0.842257
v 0.131800 0.425905 0.887796
v 0.043933 0.425905 0.896450
v -0.020773 0.900777 0.423859
v -0.024989 0.854572 0.509887
v -0.074966 0.854572 0.504965
v -0.043933 -0.425905 0.896450
v -0.041680 -0.512349 0.850467
v -0.125039 -0.512349 0.842257
v -0.028944 0.800379 0.590603
v -0.032640 0.738197 0.666008
v -0.097919 0.738197 0.659578
v -0.039037 -0.593454 0.796534
v -0.036004 -0.669223 0.734651
v -0.108011 -0.669223 0.727559
v -0.036004 0.669223 0.734651
v -0.039037 0.593454 0.796534
v -0.117110 0.593454 0.788844
v -0.032640 -0.738197 0.666008
v -0.028944 -0.800379 0.590603
v -0.086833 -0.800379 0.584902
v -0.041680 0.512349 0.850467
v -0.043933 0.425905 0.896450
v -0.131800 0.425905 0.887796
v -0.024989 -0.854572 0.509887
v -0.020773 -0.900777 0.423859
v -0.062318 -0.900777 0.419767
v -0.045754 0.335785 0.933599
v -0.047142 0.241989 0.961915
v -0.141425 0.241989 0.952629
v -0.016377 -0.938106 0.334172
v -0.011802 -0.966559 0.240826
v -0.035407 -0.966559 0.238501
v -0.048070 0.146318 0.980854
v -0.048539 0.048773 0.990415
v -0.145615 0.048773 0.980854
v -0.048539 -0.048773 0.990415
v -0.048070 -0.146318 0.980854
v -0.144209 -0.146318 0.971385
v -0.011802 0.966559 0.240826
v -0.016377 0.938106 0.334172
v -0.049131 0.938106 0.330946
v -0.047142 -0.241989 0.961915
v -0.045754 -0.335785 0.933599
v -0.137262 -0.335785 0.924587
v -0.227011 0.335785 0.906734
v -0.233896 0.241989 0.934236
v -0.324556 0.241989 0.906734
v -0.081256 -0.938106 0.324556
v -0.058558 -0.966559 0.233896
v -0.081256 -0.966559 0.227011
v -0.238501 0.146318 0.952629
v -0.240826 0.048773 0.961915
v -0.334172 0.048773 0.933599
v -0.240826 -0.048773 0.961915
v -0.238501 -0.146318 0.952629
v -0.330946 -0.146318 0.924586
v -0.058558 0.966559 0.233896
v -0.081256 0.938106 0.324556
v -0.112752 0.938106 0.315002
v -0.233896 -0.241989 0.934236
v -0.227011 -0.335785 0.906734
v -0.315002 -0.335785 0.880042
v -0.103064 0.900777 0.411662
v -0.123983 0.854572 0.495215
v -0.172039 0.854572 0.480637
v -0.217978 -0.425905 0.870654
v -0.206797 -0.512349 0.825994
v -0.286953 -0.512349 0.801679
v -0.143609 0.800379 0.573608
v -0.161944 0.738197 0.646843
v -0.224715 0.738197 0.627802
v -0.193683 -0.593454 0.773613
v -0.178635 -0.669223 0.713511
v -0.247876 -0.669223 0.692507
v -0.178635 0.669223 0.713511
v -0.193683 0.593454 0.773613
v -0.268755 0.593454 0.750840
v -0.161944 -0.738197 0.646843
v -0.143609 -0.800379 0.573608
v -0.199273 -0.800379 0.556723
v -0.206797 0.512349 0.825994
v -0.217978 0.425905 0.870654
v -0.302467 0.425905 0.845024
v -0.123983 -0.854572 0.495215
v -0.103064 -0.900777 0.411662
v -0.143013 -0.900777 0.399544
v -0.383645 -0.425905 0.811399
v -0.363967 -0.512349 0.769779
v -0.437839 -0.512349 0.730293
v -0.252755 0.800379 0.534570
v -0.285025 0.738197 0.602820
v -0.342875 0.738197 0.571899
v -0.340885 -0.593454 0.720963
v -0.314402 -0.669223 0.664951
v -0.378214 -0.669223 0.630843
v -0.314402 0.669223 0.664951
v -0.340885 0.593454 0.720963
v -0.410073 0.593454 0.683981
v -0.285025 -0.738197 0.602820
v -0.252755 -0.800379 0.534570
v -0.304055 -0.800379 0.507149
v -0.363967 0.512349 0.769779
v -0.383645 0.425905 0.811399
v -0.461512 0.425905 0.769779
v -0.218212 -0.854572 0.461511
v -0.181395 -0.900777 0.383645
v -0.218212 -0.900777 0.363966
v -0.399544 0.335785 0.845024
v -0.411662 0.241989 0.870654
v -0.495215 0.241989 0.825994
v -0.143013 -0.938106 0.302467
v -0.103064 -0.966559 0.217978
v -0.123982 -0.966559 0.206797
v -0.419767 0.146318 0.887795
v -0.423859 0.048773 0.896449
v -0.509887 0.048773 0.850466
v -0.423859 -0.048773 0.896449
v -0.419767 -0.146318 0.887795
v -0.504965 -0.146318 0.842256
v -0.103064 0.966559 0.217978
v -0.143013 0.938106 0.302467
v -0.172039 0.938106 0.286952
v -0.411662 -0.241989 0.870654
v -0.399544 -0.335785 0.845024
v -0.480637 -0.335785 0.801679
v -0.181395 0.900777 0.383645
v -0.218212 0.854572 0.461511
v -0.262501 0.854572 0.437838
v -0.199273 -0.938106 0.268755
v -0.143609 -0.966559 0.193682
v -0.161944 -0.966559 0.178635
v -0.584902 0.146318 0.788844
v -0.590603 0.048773 0.796533
v -0.666008 0.048773 0.734651
v -0.590603 -0.048773 0.796533
v -0.584902 -0.146318 0.788844
v -0.659578 -0.146318 0.727559
v -0.143609 0.966559 0.193682
v -0.199273 0.938106 0.268755
v -0.224715 0.938106 0.247876
v -0.573608 -0.241989 0.773613
v -0.556723 -0.335785 0.750840
v -0.627802 -0.335785 0.692507
v -0.252755 0.900777 0.340885
v -0.304055 0.854572 0.410073
v -0.342875 0.854572 0.378214
v -0.534570 -0.425905 0.720963
v -0.507149 -0.512349 0.683981
v -0.571899 -0.512349 0.630843
v -0.352188 0.800379 0.474988
v -0.397153 0.738197 0.535631
v -0.447859 0.738197 0.494018
v -0.474988 -0.593454 0.640606
v -0.438086 -0.669223 0.590838
v -0.494018 -0.669223 0.544935
v -0.438086 0.669223 0.590838
v -0.474988 0.593454 0.640606
v -0.535631 0.593454 0.590837
v -0.397153 -0.738197 0.535631
v -0.352188 -0.800379 0.474988
v -0.397153 -0.800379 0.438086
v -0.507149 0.512349 0.683981
v -0.534570 0.425905 0.720963
v -0.602820 0.425905 0.664951
v -0.304055 -0.854572 0.410073
v -0.252755 -0.900777 0.340885
v -0.285025 -0.900777 0.314402
v -0.556723 0.335785 0.750840
v -0.573608 0.241989 0.773613
v -0.646843 0.241989 0.713511
v -0.590837 -0.593454 0.535631
v -0.544935 -0.669223 0.494018
v -0.590838 -0.669223 0.438086
v -0.544935 0.669223 0.494018
v -0.590837 0.593454 0.535631
v -0.640606 0.593454 0.474988
v -0.494018 -0.738197 0.447859
v -0.438086 -0.800379 0.397153
v -0.474988 -0.800379 0.352188
v -0.630843 0.512349 0.571899
v -0.664951 0.425905 0.602820
v -0.720963 0.425905 0.534570
v -0.378214 -0.854572 0.342875
v -0.314402 -0.900777 0.285025
v -0.340885 -0.900777 0.252755
v -0.692507 0.335785 0.627802
v -0.713511 0.241989 0.646843
v -0.773613 0.241989 0.573608
v -0.247876 -0.938106 0.224715
v -0.178635 -0.966559 0.161944
v -0.193682 -0.966559 0.143609
v -0.727559 0.146318 0.659578
v -0.734651 0.048773 0.666007
v -0.796534 0.048773 0.590603
v -0.734651 -0.048773 0.666007
v -0.727559 -0.146318 0.659578
v -0.788844 -0.146318 0.584902
v -0.178635 0.966559 0.161944
v -0.247876 0.938106 0.224715
v -0.268755 0.938106 0.199273
v -0.713511 -0.241989 0.646843
v -0.692507 -0.335785 0.627802
v -0.750840 -0.335785 0.556723
v -0.314402 0.900777 0.285025
v -0.378214 0.854572 0.342875
v -0.410073 0.854572 0.304055
v -0.664951 -0.425905 0.602820
v -0.630843 -0.512349 0.571899
v -0.683981 -0.512349 0.507149
v -0.438086 0.800379 0.397153
v -0.494018 0.738197 0.447859
v -0.535632 0.738197 0.397153
v -0.850467 -0.048773 0.509887
v -0.842256 -0.146318 0.504965
v -0.887796 -0.146318 0.419767
v -0.206797 0.966559 0.123982
v -0.286953 0.938106 0.172039
v -0.302467 0.938106 0.143013
v -0.825994 -0.241989 0.495215
v -0.801679 -0.335785 0.480637
v -0.845024 -0.335785 0.399544
v -0.363966 0.900777 0.218212
v -0.437839 0.854572 0.262501
v -0.461512 0.854572 0.218212
v -0.769779 -0.425905 0.461512
v -0.730293 -0.512349 0.437838
v -0.769779 -0.512349 0.363966
v -0.507149 0.800379 0.304055
v -0.571899 0.738197 0.342875
v -0.602820 0.738197 0.285025
v -0.683981 -0.593454 0.410073
v -0.630843 -0.669223 0.378214
v -0.664951 -0.669223 0.314402
v -0.630843 0.669223 0.378214
v -0.683981 0.593454 0.410073
v -0.720963 0.593454 0.340885
v -0.571899 -0.738197 0.342875
v -0.507149 -0.800379 0.304055
v -0.534570 -0.800379 0.252755
v -0.730293 0.512349 0.437838
v -0.769779 0.425905 0.461512
v -0.811399 0.425905 0.383645
v -0.437839 -0.854572 0.262501
v -0.363966 -0.900777 0.218212
v -0.383645 -0.900777 0.181395
v -0.801679 0.335785 0.480637
v -0.825994 0.241989 0.495215
v -0.870654 0.241989 0.411662
v -0.286953 -0.938106 0.172039
v -0.206797 -0.966559 0.123982
v -0.217978 -0.966559 0.103064
v -0.842256 0.146318 0.504965
v -0.850467 0.048773 0.509887
v -0.896449 0.048773 0.423859
v -0.692507 0.669223 0.247876
v -0.750840 0.593454 0.268755
v -0.773613 0.593454 0.193682
v -0.627802 -0.738197 0.224715
v -0.556723 -0.800379 0.199273
v -0.573608 -0.800379 0.143609
v -0.801679 0.512349 0.286952
v -0.845024 0.425905 0.302467
v -0.870654 0.425905 0.217978
v -0.480637 -0.854572 0.172039
v -0.399544 -0.900777 0.143012
v -0.411662 -0.900777 0.103064
v -0.880042 0.335785 0.315002
v -0.906734 0.241989 0.324556
v -0.934236 0.241989 0.233896
v -0.315002 -0.938106 0.112752
v -0.227011 -0.966559 0.081256
v -0.233896 -0.966559 0.058558
v -0.924586 0.146318 0.330946
v -0.933599 0.048773 0.334172
v -0.961915 0.048773 0.240826
v -0.933599 -0.048773 0.334172
v -0.924586 -0.146318 0.330946
v -0.952629 -0.146318 0.238501
v -0.227011 0.966559 0.081256
v -0.315002 0.938106 0.112752
v -0.324556 0.938106 0.081256
v -0.906734 -0.241989 0.324556
v -0.880042 -0.335785 0.315002
v -0.906734 -0.335785 0.227011
v -0.399544 0.900777 0.143012
v -0.480637 0.854572 0.172039
v -0.495215 0.854572 0.123982
v -0.845024 -0.425905 0.302467
v -0.801679 -0.512349 0.286952
v -0.825994 -0.512349 0.206796
v -0.556723 0.800379 0.199273
v -0.627802 0.738197 0.224715
v -0.646843 0.738197 0.161944
v -0.750840 -0.593454 0.268755
v -0.692507 -0.669223 0.247876
v -0.713511 -0.669223 0.178635
v -0.980854 -0.048773 0.145614
v -0.971385 -0.146318 0.144209
v -0.980854 -0.146318 0.048069
v -0.238501 0.966559 0.035407
v -0.330946 0.938106 0.049131
v -0.334172 0.938106 0.016377
v -0.952629 -0.241989 0.141424
v -0.924587 -0.335785 0.137261
v -0.933599 -0.335785 0.045754
v -0.419767 0.900777 0.062317
v -0.504965 0.854572 0.074966
v -0.509887 0.854572 0.024988
v -0.887796 -0.425905 0.131800
v -0.842256 -0.512349 0.125039
v -0.850467 -0.512349 0.041680
v -0.584902 0.800379 0.086833
v -0.659578 0.738197 0.097919
v -0.666008 0.738197 0.032640
v -0.788844 -0.593454 0.117109
v -0.727559 -0.669223 0.108011
v -0.734651 -0.669223 0.036004
v -0.727559 0.669223 0.108011
v -0.788844 0.593454 0.117109
v -0.796534 0.593454 0.039036
v -0.659578 -0.738197 0.097919
v -0.584902 -0.800379 0.086833
v -0.590603 -0.800379 0.028944
v -0.842256 0.512349 0.125039
v -0.887796 0.425905 0.131800
v -0.896450 0.425905 0.043933
v -0.504965 -0.854572 0.074966
v -0.419767 -0.900777 0.062317
v -0.423859 -0.900777 0.020772
v -0.924587 0.335785 0.137261
v -0.952629 0.241989 0.141424
v -0.961915 0.241989 0.047141
v -0.330946 -0.938106 0.049131
v -0.238501 -0.966559 0.035407
v -0.240826 -0.966559 0.011802
v -0.971385 0.146318 0.144209
v -0.980854 0.048773 0.145614
v -0.990415 0.048773 0.048538
v -0.666008 -0.738197 -0.032640
v -0.590603 -0.800379 -0.028944
v -0.584902 -0.800379 -0.086833
v -0.850467 0.512349 -0.041680
v -0.896450 0.425905 -0.043933
v -0.887795 0.425905 -0.131800
v -0.509887 -0.854572 -0.024989
v -0.423859 -0.900777 -0.020773
v -0.419767 -0.900777 -0.062318
v -0.933599 0.335785 -0.045754
v -0.961915 0.241989 -0.047142
v -0.952629 0.241989 -0.141425
v -0.334172 -0.938106 -0.016377
v -0.240826 -0.966559 -0.011802
v -0.238501 -0.966559 -0.035407
v -0.980854 0.146318 -0.048070
v -0.990415 0.048773 -0.048539
v -0.980854 0.048773 -0.145615
v -0.990415 -0.048773 -0.048539
v -0.980854 -0.146318 -0.048070
v -0.971385 -0.146318 -0.144209
v -0.240826 0.966559 -0.011802
v -0.334172 0.938106 -0.016377
v -0.330946 0.938106 -0.049131
v -0.961915 -0.241989 -0.047142
v -0.933599 -0.335785 -0.045754
v -0.924586 -0.335785 -0.137262
v -0.423859 0.900777 -0.020773
v -0.509887 0.854572 -0.024989
v -0.504965 0.854572 -0.074966
v -0.896450 -0.425905 -0.043933
v -0.850467 -0.512349 -0.041680
v -0.842256 -0.512349 -0.125039
v -0.590603 0.800379 -0.028944
v -0.666008 0.738197 -0.032640
v -0.659578 0.738197 -0.097919
v -0.796534 -0.593454 -0.039037
v -0.734651 -0.669223 -0.036004
v -0.727559 -0.669223 -0.108011
v -0.734651 0.669223 -0.036004
v -0.796534 0.593454 -0.039037
v -0.788844 0.593454 -0.117110
v -0.233896 0.966559 -0.058558
v -0.324556 0.938106 -0.081256
v -0.315002 0.938106 -0.112752
v -0.934235 -0.241989 -0.233896
v -0.906734 -0.335785 -0.227011
v -0.880042 -0.335785 -0.315002
v -0.411662 0.900777 -0.103064
v -0.495215 0.854572 -0.123983
v -0.480637 0.854572 -0.172039
v -0.870654 -0.425905 -0.217978
v -0.825994 -0.512349 -0.206797
v -0.801679 -0.512349 -0.286953
v -0.573608 0.800379 -0.143609
v -0.646843 0.738197 -0.161944
v -0.627801 0.738197 -0.224715
v -0.773613 -0.593454 -0.193683
v -0.713511 -0.669223 -0.178635
v -0.692507 -0.669223 -0.247876
v -0.713511 0.669223 -0.178635
v -0.773613 0.593454 -0.193683
v -0.750840 0.593454 -0.268755
v -0.646843 -0.738197 -0.161944
v -0.573608 -0.800379 -0.143609
v -0.556723 -0.800379 -0.199273
v -0.825994 0.512349 -0.206797
v -0.870654 0.425905 -0.217978
v -0.845024 0.425905 -0.302467
v -0.495215 -0.854572 -0.123983
v -0.411662 -0.900777 -0.103064
v -0.399544 -0.900777 -0.143013
v -0.906734 0.335785 -0.227011
v -0.934235 0.241989 -0.233896
v -0.906734 0.241989 -0.324556
v -0.324556 -0.938106 -0.081256
v -0.233896 -0.966559 -0.058558
v -0.227011 -0.966559 -0.081256
v -0.952629 0.146318 -0.238501
v -0.961915 0.048773 -0.240826
v -0.933599 0.048773 -0.334172
v -0.961915 -0.048773 -0.240826
v -0.952629 -0.146318 -0.238501
v -0.924586 -0.146318 -0.330946
v -0.769778 0.512349 -0.363967
v -0.811399 0.425905 -0.383645
v -0.769778 0.425905 -0.461512
v -0.461511 -0.854572 -0.218212
v -0.383645 -0.900777 -0.181395
v -0.363966 -0.900777 -0.218212
v -0.845024 0.335785 -0.399544
v -0.870654 0.241989 -0.411662
v -0.825994 0.241989 -0.495215
v -0.302467 -0.938106 -0.143013
v -0.217978 -0.966559 -0.103064
v -0.206797 -0.966559 -0.123982
v -0.887795 0.146318 -0.419767
v -0.896449 0.048773 -0.423859
v -0.850466 0.048773 -0.509887
v -0.896449 -0.048773 -0.423859
v -0.887795 -0.146318 -0.419767
v -0.842256 -0.146318 -0.504965
v -0.217978 0.966559 -0.103064
v -0.302467 0.938106 -0.143013
v -0.286952 0.938106 -0.172039
v -0.870654 -0.241989 -0.411662
v -0.845024 -0.335785 -0.399544
v -0.801679 -0.335785 -0.480637
v -0.383645 0.900777 -0.181395
v -0.461511 0.854572 -0.218212
v -0.437838 0.854572 -0.262501
v -0.811399 -0.425905 -0.383645
v -0.769778 -0.512349 -0.363967
v -0.730293 -0.512349 -0.437839
v -0.534570 0.800379 -0.252755
v -0.602820 0.738197 -0.285025
v -0.571899 0.738197 -0.342875
v -0.720962 -0.593454 -0.340885
v -0.664951 -0.669223 -0.314402
v -0.630843 -0.669223 -0.378214
v -0.664951 0.669223 -0.314402
v -0.720962 0.593454 -0.340885
v -0.683981 0.593454 -0.410073
v -0.602820 -0.738197 -0.285025
v -0.534570 -0.800379 -0.252755
v -0.507149 -0.800379 -0.304055
v -0.773613 -0.241989 -0.573608
v -0.750840 -0.335785 -0.556723
v -0.692507 -0.335785 -0.627801
v -0.340885 0.900777 -0.252755
v -0.410073 0.854572 -0.304055
v -0.378214 0.854572 -0.342875
v -0.720963 -0.425905 -0.534570
v -0.683981 -0.512349 -0.507149
v -0.630842 -0.512349 -0.571899
v -0.474988 0.800379 -0.352188
v -0.535631 0.738197 -0.397153
v -0.494018 0.738197 -0.447859
v -0.640606 -0.593454 -0.474988
v -0.590837 -0.669223 -0.438086
v -0.544935 -0.669223 -0.494018
v -0.590837 0.669223 -0.438086
v -0.640606 0.593454 -0.474988
v -0.590837 0.593454 -0.535631
v -0.535631 -0.738197 -0.397153
v -0.474988 -0.800379 -0.352188
v -0.438086 -0.800379 -0.397153
v -0.683981 0.512349 -0.507149
v -0.720963 0.425905 -0.534570
v -0.664951 0.425905 -0.602820
v -0.410073 -0.854572 -0.304055
v -0.340885 -0.900777 -0.252755
v -0.314402 -0.900777 -0.285025
v -0.750840 0.335785 -0.556723
v -0.773613 0.241989 -0.573608
v -0.713511 0.241989 -0.646843
v -0.268755 -0.938106 -0.199273
v -0.193682 -0.966559 -0.143609
v -0.178635 -0.966559 -0.161944
v -0.788844 0.146318 -0.584902
v -0.796533 0.048773 -0.590603
v -0.734650 0.048773 -0.666008
v -0.796533 -0.048773 -0.590603
v -0.788844 -0.146318 -0.584902
v -0.727559 -0.146318 -0.659578
v -0.193682 0.966559 -0.143609
v -0.268755 0.938106 -0.199273
v -0.247876 0.938106 -0.224715
v -0.342875 -0.854572 -0.378214
v -0.285025 -0.900777 -0.314402
v -0.252755 -0.900777 -0.340885
v -0.627801 0.335785 -0.692507
v -0.646843 0.241989 -0.713511
v -0.573608 0.241989 -0.773613
v -0.224715 -0.938106 -0.247876
v -0.161944 -0.966559 -0.178635
v -0.143609 -0.966559 -0.193682
v -0.659578 0.146318 -0.727559
v -0.666007 0.048773 -0.734651
v -0.590603 0.048773 -0.796534
v -0.666007 -0.048773 -0.734651
v -0.659578 -0.146318 -0.727559
v -0.584901 -0.146318 -0.788844
v -0.161944 0.966559 -0.178635
v -0.224715 0.938106 -0.247876
v -0.199273 0.938106 -0.268755
v -0.646843 -0.241989 -0.713511
v -0.627801 -0.335785 -0.692507
v -0.556723 -0.335785 -0.750840
v -0.285025 0.900777 -0.314402
v -0.342875 0.854572 -0.378214
v -0.304055 0.854572 -0.410073
v -0.602820 -0.425905 -0.664951
v -0.571898 -0.512349 -0.630843
v -0.507149 -0.512349 -0.683981
v -0.397153 0.800379 -0.438086
v -0.447859 0.738197 -0.494018
v -0.397153 0.738197 -0.535632
v -0.535631 -0.593454 -0.590837
v -0.494018 -0.669223 -0.544935
v -0.438086 -0.669223 -0.590838
v -0.494018 0.669223 -0.544935
v -0.535631 0.593454 -0.590837
v -0.474988 0.593454 -0.640606
v -0.447859 -0.738197 -0.494018
v -0.397153 -0.800379 -0.438086
v -0.352188 -0.800379 -0.474988
v -0.571898 0.512349 -0.630843
v -0.602820 0.425905 -0.664951
v -0.534570 0.425905 -0.720963
v -0.461511 -0.425905 -0.769779
v -0.437838 -0.512349 -0.730293
v -0.363966 -0.512349 -0.769778
v -0.304055 0.800379 -0.507149
v -0.342875 0.738197 -0.571899
v -0.285025 0.738197 -0.602820
v -0.410073 -0.593454 -0.683981
v -0.378214 -0.669223 -0.630843
v -0.314402 -0.669223 -0.664951
v -0.378214 0.669223 -0.630843
v -0.410073 0.593454 -0.683981
v -0.340885 0.593454 -0.720963
v -0.342875 -0.738197 -0.571899
v -0.304055 -0.800379 -0.507149
v -0.252755 -0.800379 -0.534570
v -0.437838 0.512349 -0.730293
v -0.461511 0.425905 -0.769779
v -0.383645 0.425905 -0.811399
v -0.262501 -0.854572 -0.437838
v -0.218212 -0.900777 -0.363966
v -0.181395 -0.900777 -0.383645
v -0.480637 0.335785 -0.801679
v -0.495215 0.241989 -0.825994
v -0.411662 0.241989 -0.870654
v -0.172039 -0.938106 -0.286952
v -0.123982 -0.966559 -0.206797
v -0.103064 -0.966559 -0.217978
v -0.504964 0.146318 -0.842256
v -0.509887 0.048773 -0.850466
v -0.423858 0.048773 -0.896449
v -0.509887 -0.048773 -0.850466
v -0.504964 -0.146318 -0.842256
v -0.419767 -0.146318 -0.887795
v -0.123982 0.966559 -0.206797
v -0.172039 0.938106 -0.286952
v -0.143012 0.938106 -0.302467
v -0.495215 -0.241989 -0.825994
v -0.480637 -0.335785 -0.801679
v -0.399544 -0.335785 -0.845024
v -0.218212 0.900777 -0.363966
v -0.262501 0.854572 -0.437838
v -0.218212 0.854572 -0.461511
v -0.112752 -0.938106 -0.315002
v -0.081256 -0.966559 -0.227011
v -0.058558 -0.966559 -0.233896
v -0.330946 0.146318 -0.924586
v -0.334171 0.048773 -0.933599
v -0.240826 0.048773 -0.961915
v -0.334171 -0.048773 -0.933599
v -0.330946 -0.146318 -0.924586
v -0.238501 -0.146318 -0.952629
v -0.081256 0.966559 -0.227011
v -0.112752 0.938106 -0.315002
v -0.081256 0.938106 -0.324556
v -0.324556 -0.241989 -0.906734
v -0.315002 -0.335785 -0.880042
v -0.227011 -0.335785 -0.906734
v -0.143012 0.900777 -0.399544
v -0.172039 0.854572 -0.480637
v -0.123982 0.854572 -0.495215
v -0.302467 -0.425905 -0.845024
v -0.286952 -0.512349 -0.801679
v -0.206796 -0.512349 -0.825994
v -0.199273 0.800379 -0.556723
v -0.224715 0.738197 -0.627802
v -0.161944 0.738197 -0.646843
v -0.268755 -0.593454 -0.750840
v -0.247876 -0.669223 -0.692507
v -0.178635 -0.669223 -0.713511
v -0.247876 0.669223 -0.692507
v -0.268755 0.593454 -0.750840
v -0.193682 0.593454 -0.773613
v -0.224715 -0.738197 -0.627802
v -0.199273 -0.800379 -0.556723
v -0.143609 -0.800379 -0.573608
v -0.286952 0.512349 -0.801679
v -0.302467 0.425905 -0.845024
v -0.217978 0.425905 -0.870654
v -0.172039 -0.854572 -0.480637
v -0.143012 -0.900777 -0.399544
v -0.103064 -0.900777 -0.411662
v -0.315002 0.335785 -0.880042
v -0.324556 0.241989 -0.906734
v -0.233896 0.241989 -0.934235
v -0.086833 0.800379 -0.584902
v -0.097919 0.738197 -0.659578
v -0.032640 0.738197 -0.666008
v -0.117109 -0.593454 -0.788844
v -0.108011 -0.669223 -0.727559
v -0.036004 -0.669223 -0.734651
v -0.108011 0.669223 -0.727559
v -0.117109 0.593454 -0.788844
v -0.039036 0.593454 -0.796534
v -0.097919 -0.738197 -0.659578
v -0.086833 -0.800379 -0.584902
v -0.028944 -0.800379 -0.590603
v -0.125039 0.512349 -0.842256
v -0.131800 0.425905 -0.887795
v -0.043933 0.425905 -0.896450
v -0.074965 -0.854572 -0.504965
v -0.062317 -0.900777 -0.419767
v -0.020772 -0.900777 -0.423859
v -0.137261 0.335785 -0.924586
v -0.141424 0.241989 -0.952629
v -0.047141 0.241989 -0.961916
v -0.049131 -0.938106 -0.330946
v -0.035407 -0.966559 -0.238501
v -0.011802 -0.966559 -0.240826
v -0.144209 0.146318 -0.971385
v -0.145614 0.048773 -0.980854
v -0.048538 0.048773 -0.990415
v -0.145614 -0.048773 -0.980854
v -0.144209 -0.146318 -0.971385
v -0.048070 -0.146318 -0.980854
v -0.035407 0.966559 -0.238501
v -0.049131 0.938106 -0.330946
v -0.016377 0.938106 -0.334172
v -0.141424 -0.241989 -0.952629
v -0.137261 -0.335785 -0.924586
v -0.045754 -0.335785 -0.933599
v -0.062317 0.900777 -0.419767
v -0.074965 0.854572 -0.504965
v -0.024988 0.854572 -0.509887
v -0.131800 -0.425905 -0.887795
v -0.125039 -0.512349 -0.842256
v -0.041680 -0.512349 -0.850467
v -0.043933 -0.425905 -0.896450
v -0.020772 0.900777 -0.423859
v -0.047141 -0.241989 -0.961916
v -0.011802 0.966559 -0.240826
v -0.048538 -0.048773 -0.990415
v -0.048070 0.146318 -0.980854
v -0.016377 -0.938106 -0.334172
v -0.045754 0.335785 -0.933599
v -0.024988 -0.854572 -0.509887
v -0.041680 0.512349 -0.850467
v -0.032640 -0.738197 -0.666008
v -0.036004 0.669223 -0.734651
v -0.039036 -0.593454 -0.796534
v -0.028944 0.800379 -0.590603
v -0.227011 0.335785 -0.906734
v -0.123982 -0.854572 -0.495215
v -0.206796 0.512349 -0.825994
v -0.161944 -0.738197 -0.646843
v -0.178635 0.669223 -0.713511
v -0.193682 -0.593454 -0.773613
v -0.143609 0.800379 -0.573608
v -0.217978 -0.425905 -0.870654
v -0.103064 0.900777 -0.411662
v -0.233896 -0.241989 -0.934235
v -0.058558 0.966559 -0.233896
v -0.240826 -0.048773 -0.961915
v -0.238501 0.146318 -0.952629
v -0.081256 -0.938106 -0.324556
v -0.181395 0.900777 -0.383645
v -0.411662 -0.241989 -0.870654
v -0.103064 0.966559 -0.217978
v -0.423858 -0.048773 -0.896449
v -0.419767 0.146318 -0.887795
v -0.143012 -0.938106 -0.302467
v -0.399544 0.335785 -0.845024
v -0.218212 -0.854572 -0.461511
v -0.363966 0.512349 -0.769778
v -0.285025 -0.738197 -0.602820
v -0.314402 0.669223 -0.664951
v -0.340885 -0.593454 -0.720963
v -0.252755 0.800379 -0.534570
v -0.383645 -0.425905 -0.811399
v -0.507149 0.512349 -0.683981
v -0.397153 -0.738197 -0.535632
v -0.438086 0.669223 -0.590838
v -0.474988 -0.593454 -0.640606
v -0.352188 0.800379 -0.474988
v -0.534570 -0.425905 -0.720963
v -0.252755 0.900777 -0.340885
v -0.573608 -0.241989 -0.773613
v -0.143609 0.966559 -0.193682
v -0.590603 -0.048773 -0.796534
v -0.584901 0.146318 -0.788844
v -0.199273 -0.938106 -0.268755
v -0.556723 0.335785 -0.750840
v -0.304055 -0.854572 -0.410073
v -0.178635 0.966559 -0.161944
v -0.734650 -0.048773 -0.666008
v -0.727559 0.146318 -0.659578
v -0.247876 -0.938106 -0.224715
v -0.692507 0.335785 -0.627801
v -0.378214 -0.854572 -0.342875
v -0.630842 0.512349 -0.571899
v -0.494018 -0.738197 -0.447859
v -0.544935 0.669223 -0.494018
v -0.590837 -0.593454 -0.535631
v -0.438086 0.800379 -0.397153
v -0.664951 -0.425905 -0.602820
v -0.314402 0.900777 -0.285025
v -0.713511 -0.241989 -0.646843
v -0.571899 -0.738197 -0.342875
v -0.630843 0.669223 -0.378214
v -0.683981 -0.593454 -0.410073
v -0.507149 0.800379 -0.304055
v -0.769778 -0.425905 -0.461512
v -0.363966 0.900777 -0.218212
v -0.825994 -0.241989 -0.495215
v -0.206797 0.966559 -0.123982
v -0.850466 -0.048773 -0.509887
v -0.842256 0.146318 -0.504965
v -0.286952 -0.938106 -0.172039
v -0.801679 0.335785 -0.480637
v -0.437838 -0.854572 -0.262501
v -0.730293 0.512349 -0.437839
v -0.933599 -0.048773 -0.334172
v -0.924586 0.146318 -0.330946
v -0.315002 -0.938106 -0.112752
v -0.880042 0.335785 -0.315002
v -0.480637 -0.854572 -0.172039
v -0.801679 0.512349 -0.286953
v -0.627801 -0.738197 -0.224715
v -0.692507 0.669223 -0.247876
v -0.750840 -0.593454 -0.268755
v -0.556723 0.800379 -0.199273
v -0.845024 -0.425905 -0.302467
v -0.399544 0.900777 -0.143013
v -0.906734 -0.241989 -0.324556
v -0.227011 0.966559 -0.081256
v -0.727559 0.669223 -0.108011
v -0.788844 -0.593454 -0.117110
v -0.584902 0.800379 -0.086833
v -0.887795 -0.425905 -0.131800
v -0.419767 0.900777 -0.062318
v -0.952629 -0.241989 -0.141425
v -0.238501 0.966559 -0.035407
v -0.980854 -0.048773 -0.145615
v -0.971385 0.146318 -0.144209
v -0.330946 -0.938106 -0.049131
v -0.924586 0.335785 -0.137262
v -0.504965 -0.854572 -0.074966
v -0.842256 0.512349 -0.125039
v -0.659578 -0.738197 -0.097919
v -0.980854 0.146318 0.048069
v -0.334172 -0.938106 0.016377
v -0.933599 0.335785 0.045754
v -0.509887 -0.854572 0.024988
v -0.850467 0.512349 0.041680
v -0.666008 -0.738197 0.032640
v -0.734651 0.669223 0.036004
v -0.796534 -0.593454 0.039036
v -0.590603 0.800379 0.028944
v -0.896450 -0.425905 0.043933
v -0.423859 0.900777 0.020772
v -0.961915 -0.241989 0.047141
v -0.240826 0.966559 0.011802
v -0.990415 -0.048773 0.048538
v -0.773613 -0.593454 0.193682
v -0.573608 0.800379 0.143609
v -0.870654 -0.425905 0.217978
v -0.411662 0.900777 0.103064
v -0.934236 -0.241989 0.233896
v -0.233896 0.966559 0.058558
v -0.961915 -0.048773 0.240826
v -0.952629 0.146318 0.238501
v -0.324556 -0.938106 0.081256
v -0.906734 0.335785 0.227011
v -0.495215 -0.854572 0.123982
v -0.825994 0.512349 0.206796
v -0.646843 -0.738197 0.161944
v -0.713511 0.669223 0.178635
v -0.887796 0.146318 0.419767
v -0.302467 -0.938106 0.143013
v -0.845024 0.335785 0.399544
v -0.461512 -0.854572 0.218212
v -0.769779 0.512349 0.363966
v -0.602820 -0.738197 0.285025
v -0.664951 0.669223 0.314402
v -0.720963 -0.593454 0.340885
v -0.534570 0.800379 0.252755
v -0.811399 -0.425905 0.383645
v -0.383645 0.900777 0.181395
v -0.870654 -0.241989 0.411662
v -0.217978 0.966559 0.103064
v -0.896449 -0.048773 0.423859
v -0.474988 0.800379 0.352188
v -0.720963 -0.425905 0.534570
v -0.340885 0.900777 0.252755
v -0.773613 -0.241989 0.573608
v -0.193682 0.966559 0.143609
v -0.796534 -0.048773 0.590603
v -0.788844 0.146318 0.584902
v -0.268755 -0.938106 0.199273
v -0.750840 0.335785 0.556723
v -0.410073 -0.854572 0.304055
v -0.683981 0.512349 0.507149
v -0.535632 -0.738197 0.397153
v -0.590838 0.669223 0.438086
v -0.640606 -0.593454 0.474988
v -0.627802 0.335785 0.692507
v -0.342875 -0.854572 0.378214
v -0.571899 0.512349 0.630843
v -0.447859 -0.738197 0.494018
v -0.494018 0.669223 0.544935
v -0.535631 -0.593454 0.590837
v -0.397153 0.800379 0.438086
v -0.602820 -0.425905 0.664951
v -0.285025 0.900777 0.314402
v -0.646843 -0.241989 0.713511
v -0.161944 0.966559 0.178635
v -0.666008 -0.048773 0.734651
v -0.659578 0.146318 0.727559
v -0.224715 -0.938106 0.247876
v -0.218212 0.900777 0.363966
v -0.495215 -0.241989 0.825994
v -0.123982 0.966559 0.206797
v -0.509887 -0.048773 0.850466
v -0.504965 0.146318 0.842256
v -0.172039 -0.938106 0.286952
v -0.480637 0.335785 0.801679
v -0.262501 -0.854572 0.437838
v -0.437839 0.512349 0.730293
v -0.342875 -0.738197 0.571899
v -0.378214 0.669223 0.630843
v -0.410073 -0.593454 0.683981
v -0.304055 0.800379 0.507149
v -0.461512 -0.425905 0.769779
v -0.172039 -0.854572 0.480637
v -0.286953 0.512349 0.801679
v -0.224715 -0.738197 0.627802
v -0.247876 0.669223 0.692507
v -0.268755 -0.593454 0.750840
v -0.199273 0.800379 0.556723
v -0.302467 -0.425905 0.845024
v -0.143013 0.900777 0.399544
v -0.324556 -0.241989 0.906734
v -0.081256 0.966559 0.227011
v -0.334172 -0.048773 0.933599
v -0.330946 0.146318 0.924586
v -0.112752 -0.938106 0.315002
v -0.315002 0.335785 0.880042
v -0.141425 -0.241989 0.952629
v -0.035407 0.966559 0.238501
v -0.145615 -0.048773 0.980854
v -0.144209 0.146318 0.971385
v -0.049131 -0.938106 0.330946
v -0.137262 0.335785 0.924587
v -0.074966 -0.854572 0.504965
v -0.125039 0.512349 0.842257
v -0.097919 -0.738197 0.659578
v -0.108011 0.669223 0.727559
v -0.117110 -0.593454 0.788844
v -0.086833 0.800379 0.584902
v -0.131800 -0.425905 0.887796
v -0.062318 0.900777 0.419767
v 0.041680 0.512349 0.850467
v 0.032640 -0.738197 0.666008
v 0.036004 0.669223 0.734651
v 0.039036 -0.593454 0.796534
v 0.028944 0.800379 0.590603
v 0.043933 -0.425905 0.896450
v 0.020772 0.900777 0.423859
v 0.047141 -0.241989 0.961915
v 0.011802 0.966559 0.240826
v 0.048538 -0.048773 0.990415
v 0.048070 0.146318 0.980854
v 0.016377 -0.938106 0.334172
v 0.045754 0.335785 0.933599
v 0.024988 -0.854572 0.509887
v 0.058558 0.966559 0.233896
v 0.240826 -0.048773 0.961915
v 0.238501 0.146318 0.952629
v 0.081256 -0.938106 0.324556
v 0.227011 0.335785 0.906734
v 0.123982 -0.854572 0.495215
v 0.206797 0.512349 0.825994
v 0.161944 -0.738197 0.646843
v 0.178635 0.669223 0.713511
v 0.193682 -0.593454 0.773613
v 0.143609 0.800379 0.573608
v 0.217978 -0.425905 0.870654
v 0.103064 0.900777 0.411662
v 0.233896 -0.241989 0.934236
v 0.285025 -0.738197 0.602820
v 0.314402 0.669223 0.664951
v 0.340885 -0.593454 0.720963
v 0.252755 0.800379 0.534570
v 0.383645 -0.425905 0.811399
v 0.181395 0.900777 0.383645
v 0.411662 -0.241989 0.870654
v 0.103064 0.966559 0.217978
v 0.423859 -0.048773 0.896450
v 0.419767 0.146318 0.887796
v 0.143013 -0.938106 0.302467
v 0.399544 0.335785 0.845024
v 0.218212 -0.854572 0.461512
v 0.363966 0.512349 0.769779
v 0.590603 -0.048773 0.796534
v 0.584902 0.146318 0.788844
v 0.199273 -0.938106 0.268755
v 0.556723 0.335785 0.750840
v 0.304055 -0.854572 0.410073
v 0.507149 0.512349 0.683981
v 0.397153 -0.738197 0.535632
v 0.438086 0.669223 0.590838
v 0.474988 -0.593454 0.640606
v 0.352188 0.800379 0.474988
v 0.534570 -0.425905 0.720963
v 0.252755 0.900777 0.340885
v 0.573608 -0.241989 0.773613
v 0.143609 0.966559 0.193683
v 0.544935 0.669223 0.494018
v 0.590837 -0.593454 0.535632
v 0.438086 0.800379 0.397153
v 0.664951 -0.425905 0.602820
v 0.314402 0.900777 0.285025
v 0.713511 -0.241989 0.646843
v 0.178635 0.966559 0.161944
v 0.734651 -0.048773 0.666008
v 0.727559 0.146318 0.659578
v 0.247876 -0.938106 0.224715
v 0.692507 0.335785 0.627802
v 0.378214 -0.854572 0.342875
v 0.630843 0.512349 0.571899
v 0.494018 -0.738197 0.447859
v 0.842257 0.146318 0.504965
v 0.286953 -0.938106 0.172039
v 0.801679 0.335785 0.480637
v 0.437839 -0.854572 0.262501
v 0.730293 0.512349 0.437839
v 0.571899 -0.738197 0.342875
v 0.630843 0.669223 0.378214
v 0.683981 -0.593454 0.410073
v 0.507149 0.800379 0.304055
v 0.769779 -0.425905 0.461512
v 0.363967 0.900777 0.218212
v 0.825994 -0.241989 0.495215
v 0.206797 0.966559 0.123982
v 0.850467 -0.048773 0.509887
v 0.556723 0.800379 0.199273
v 0.845024 -0.425905 0.302467
v 0.399544 0.900777 0.143013
v 0.906734 -0.241989 0.324556
v 0.227011 0.966559 0.081256
v 0.933599 -0.048773 0.334172
v 0.924587 0.146318 0.330946
v 0.315002 -0.938106 0.112752
v 0.880043 0.335785 0.315002
v 0.480637 -0.854572 0.172039
v 0.801679 0.512349 0.286953
v 0.627802 -0.738197 0.224715
v 0.692507 0.669223 0.247876
v 0.750840 -0.593454 0.268755
v 0.330946 -0.938106 0.049131
v 0.924587 0.335785 0.137262
v 0.504965 -0.854572 0.074966
v 0.842257 0.512349 0.125039
v 0.659578 -0.738197 0.097919
v 0.727559 0.669223 0.108011
v 0.788844 -0.593454 0.117110
v 0.584902 0.800379 0.086833
v 0.887796 -0.425905 0.131800
v 0.419767 0.900777 0.062318
v 0.952630 -0.241989 0.141425
v 0.238501 0.966559 0.035407
v 0.980854 -0.048773 0.145615
v 0.971385 0.146318 0.144209
v 0.896450 -0.425905 -0.043933
v 0.423859 0.900777 -0.020772
v 0.961916 -0.241989 -0.047142
v 0.240826 0.966559 -0.011802
v 0.990416 -0.048773 -0.048538
v 0.980854 0.146318 -0.048070
v 0.334172 -0.938106 -0.016377
v 0.933599 0.335785 -0.045754
v 0.509887 -0.854572 -0.024989
v 0.850467 0.512349 -0.041680
v 0.666008 -0.738197 -0.032640
v 0.734651 0.669223 -0.036004
v 0.796534 -0.593454 -0.039036
v 0.590604 0.800379 -0.028944
v 0.906735 0.335785 -0.227011
v 0.495215 -0.854572 -0.123982
v 0.825994 0.512349 -0.206797
v 0.646843 -0.738197 -0.161944
v 0.713511 0.669223 -0.178635
v 0.773613 -0.593454 -0.193682
v 0.573609 0.800379 -0.143609
v 0.870654 -0.425905 -0.217978
v 0.411662 0.900777 -0.103064
v 0.934236 -0.241989 -0.233896
v 0.233896 0.966559 -0.058558
v 0.961916 -0.048773 -0.240826
v 0.952630 0.146318 -0.238501
v 0.324556 -0.938106 -0.081256
v 0.383646 0.900777 -0.181395
v 0.870654 -0.241989 -0.411662
v 0.217978 0.966559 -0.103064
v 0.896450 -0.048773 -0.423859
v 0.887796 0.146318 -0.419767
v 0.302468 -0.938106 -0.143013
v 0.845024 0.335785 -0.399544
v 0.461512 -0.854572 -0.218212
v 0.769779 0.512349 -0.363967
v 0.602820 -0.738197 -0.285025
v 0.664951 0.669223 -0.314402
v 0.720963 -0.593454 -0.340885
v 0.534570 0.800379 -0.252755
v 0.811399 -0.425905 -0.383646
v 0.410073 -0.854572 -0.304055
v 0.683981 0.512349 -0.507149
v 0.535632 -0.738197 -0.397153
v 0.590838 0.669223 -0.438087
v 0.640606 -0.593454 -0.474988
v 0.474988 0.800379 -0.352188
v 0.720963 -0.425905 -0.534570
v 0.340885 0.900777 -0.252755
v 0.773613 -0.241989 -0.573609
v 0.193683 0.966559 -0.143609
v 0.796534 -0.048773 -0.590603
v 0.788845 0.146318 -0.584902
v 0.268755 -0.938106 -0.199273
v 0.750840 0.335785 -0.556723
v 0.646843 -0.241989 -0.713511
v 0.161944 0.966559 -0.178635
v 0.666008 -0.048773 -0.734651
v 0.659578 0.146318 -0.727559
v 0.224715 -0.938106 -0.247876
v 0.627802 0.335785 -0.692507
v 0.342875 -0.854572 -0.378214
v 0.571899 0.512349 -0.630843
v 0.447859 -0.738197 -0.494018
v 0.494018 0.669223 -0.544935
v 0.535632 -0.593454 -0.590838
v 0.397153 0.800379 -0.438086
v 0.602820 -0.425905 -0.664951
v 0.285025 0.900777 -0.314402
v 0.437839 0.512349 -0.730293
v 0.342875 -0.738197 -0.571899
v 0.378214 0.669223 -0.630843
v 0.410073 -0.593454 -0.683981
v 0.304055 0.800379 -0.507149
v 0.461512 -0.425905 -0.769779
v 0.218212 0.900777 -0.363967
v 0.495215 -0.241989 -0.825994
v 0.123983 0.966559 -0.206797
v 0.509887 -0.048773 -0.850467
v 0.504965 0.146318 -0.842257
v 0.172039 -0.938106 -0.286953
v 0.480637 0.335785 -0.801679
v 0.262501 -0.854572 -0.437839
v 0.081256 0.966559 -0.227011
v 0.334172 -0.048773 -0.933600
v 0.330946 0.146318 -0.924587
v 0.112752 -0.938106 -0.315002
v 0.315002 0.335785 -0.880043
v 0.172039 -0.854572 -0.480637
v 0.286953 0.512349 -0.801679
v 0.224715 -0.738197 -0.627802
v 0.247876 0.669223 -0.692507
v 0.268755 -0.593454 -0.750840
v 0.199273 0.800379 -0.556723
v 0.302468 -0.425905 -0.845024
v 0.143013 0.900777 -0.399544
v 0.324556 -0.241989 -0.906735
v 0.062317 0.900777 -0.419767
v 0.141425 -0.241989 -0.952630
v 0.035407 0.966559 -0.238501
v 0.145615 -0.048773 -0.980854
v 0.144209 0.146318 -0.971386
v 0.049131 -0.938106 -0.330946
v 0.137262 0.335785 -0.924587
v 0.074966 -0.854572 -0.504965
v 0.125039 0.512349 -0.842257
v 0.097919 -0.738197 -0.659578
v 0.108011 0.669223 -0.727559
v 0.117110 -0.593454 -0.788845
v 0.086833 0.800379 -0.584902
v 0.131800 -0.425905 -0.887796
vn -0.0000 0.8286 -0.5598
vn -0.0000 0.5528 -0.8333
vn -0.0000 0.1939 -0.9810
vn -0.0000 -0.0000 -1.0000
vn -0.0000 -0.1939 -0.9810
vn -0.0000 -0.5528 -0.8333
vn 0.0392 0.9796 -0.1971
vn 0.0757 0.9217 -0.3804
vn 0.1092 0.8286 -0.5490
vn 0.1385 0.7041 -0.6965
vn 0.1626 0.5528 -0.8173
vn 0.1804 0.3805 -0.9070
vn 0.1914 0.1939 -0.9622
vn 0.1951 -0.0000 -0.9808
vn 0.1914 -0.1939 -0.9622
vn 0.1804 -0.3805 -0.9070
vn 0.1626 -0.5528 -0.8173
vn 0.1385 -0.7041 -0.6965
vn 0.1092 -0.8286 -0.5490
vn 0.0757 -0.9217 -0.3804
vn 0.0392 -0.9796 -0.1971
vn 0.0769 0.9796 -0.1857
vn 0.1484 0.9217 -0.3584
vn 0.2142 0.8286 -0.5172
vn 0.2718 0.7041 -0.6561
vn 0.3189 0.5528 -0.7699
vn 0.3539 0.3805 -0.8544
vn 0.3754 0.1939 -0.9063
vn 0.3827 -0.0000 -0.9239
vn 0.3754 -0.1939 -0.9063
vn 0.3539 -0.3805 -0.8544
vn 0.3189 -0.5528 -0.7699
vn 0.2718 -0.7041 -0.6561
vn 0.2142 -0.8286 -0.5172
vn 0.1484 -0.9217 -0.3584
vn 0.0769 -0.9796 -0.1857
vn 0.1117 0.9796 -0.1671
vn 0.2155 0.9217 -0.3225
vn 0.3110 0.8286 -0.4654
vn 0.3945 0.7041 -0.5905
vn 0.4630 0.5528 -0.6929
vn 0.5138 0.3805 -0.7689
vn 0.5450 0.1939 -0.8157
vn 0.5556 -0.0000 -0.8315
vn 0.5450 -0.1939 -0.8157
vn 0.5138 -0.3805 -0.7689
vn 0.4630 -0.5528 -0.6929
vn 0.3945 -0.7041 -0.5905
vn 0.3110 -0.8286 -0.4654
vn 0.2155 -0.9217 -0.3225
vn 0.1117 -0.9796 -0.1671
vn 0.1421 0.9796 -0.1421
vn 0.2743 0.9217 -0.2743
vn 0.3958 0.8286 -0.3958
vn 0.5021 0.7041 -0.5021
vn 0.5893 0.5528 -0.5893
vn 0.6539 0.3805 -0.6539
vn 0.6937 0.1939 -0.6937
vn 0.7071 -0.0000 -0.7071
vn 0.6937 -0.1939 -0.6937
vn 0.6539 -0.3805 -0.6539
vn 0.5893 -0.5528 -0.5893
vn 0.5021 -0.7041 -0.5021
vn 0.3958 -0.8286 -0.3958
vn 0.2743 -0.9217 -0.2743
vn 0.1421 -0.9796 -0.1421
vn 0.1671 0.9796 -0.1117
vn 0.3225 0.9217 -0.2155
vn 0.4654 0.8286 -0.3110
vn 0.5905 0.7041 -0.3945
vn 0.6929 0.5528 -0.4630
vn 0.7689 0.3805 -0.5138
vn 0.8157 0.1939 -0.5450
vn 0.8315 -0.0000 -0.5556
vn 0.8157 -0.1939 -0.5450
vn 0.7689 -0.3805 -0.5138
vn 0.6929 -0.5528 -0.4630
vn 0.5905 -0.7041 -0.3945
vn 0.4654 -0.8286 -0.3110
vn 0.3225 -0.9217 -0.2155
vn 0.1671 -0.9796 -0.1117
vn -0.0000 1.0000 -0.0000
vn 0.1857 0.9796 -0.0769
vn 0.3584 0.9217 -0.1484
vn 0.5172 0.8286 -0.2142
vn 0.6561 0.7041 -0.2718
vn 0.7699 0.5528 -0.3189
vn 0.8544 0.3805 -0.3539
vn 0.9063 0.1939 -0.3754
vn 0.9239 -0.0000 -0.3827
vn 0.9063 -0.1939 -0.3754
vn 0.8544 -0.3805 -0.3539
vn 0.7699 -0.5528 -0.3189
vn 0.6561 -0.7041 -0.2718
vn 0.5172 -0.8286 -0.2142
vn 0.3584 -0.9217 -0.1484
vn 0.1857 -0.9796 -0.0769
vn 0.1971 0.9796 -0.0392
vn 0.3804 0.9217 -0.0757
vn 0.5490 0.8286 -0.1092
vn 0.6965 0.7041 -0.1385
vn 0.8173 0.5528 -0.1626
vn 0.9070 0.3805 -0.1804
vn 0.9622 0.1939 -0.1914
vn 0.9808 -0.0000 -0.1951
vn 0.9622 -0.1939 -0.1914
vn 0.9070 -0.3805 -0.1804
vn 0.8173 -0.5528 -0.1626
vn 0.6965 -0.7041 -0.1385
vn 0.5490 -0.8286 -0.1092
vn 0.3804 -0.9217 -0.0757
vn 0.1971 -0.9796 -0.0392
vn 0.2010 0.9796 -0.0000
vn 0.3879 0.9217 -0.0000
vn 0.5598 0.8286 -0.0000
vn 0.7101 0.7041 -0.0000
vn 0.8333 0.5528 -0.0000
vn 0.9248 0.3805 -0.0000
vn 0.9810 0.1939 -0.0000
vn 1.0000 -0.0000 -0.0000
vn 0.9810 -0.1939 -0.0000
vn 0.9248 -0.3805 -0.0000
vn 0.8333 -0.5528 -0.0000
vn 0.7101 -0.7041 -0.0000
vn 0.5598 -0.8286 -0.0000
vn 0.3879 -0.9217 -0.0000
vn 0.2010 -0.9796 -0.0000
vn 0.1971 0.9796 0.0392
vn 0.3804 0.9217 0.0757
vn 0.5490 0.8286 0.1092
vn 0.6965 0.7041 0.1385
vn 0.8173 0.5528 0.1626
vn 0.9070 0.3805 0.1804
vn 0.9622 0.1939 0.1914
vn 0.9808 -0.0000 0.1951
vn 0.9622 -0.1939 0.1914
vn 0.9070 -0.3805 0.1804
vn 0.8173 -0.5528 0.1626
vn 0.6965 -0.7041 0.1385
vn 0.5490 -0.8286 0.1092
vn 0.3804 -0.9217 0.0757
vn 0.1971 -0.9796 0.0392
vn 0.1857 0.9796 0.0769
vn 0.3584 0.9217 0.1484
vn 0.5172 0.8286 0.2142
vn 0.6561 0.7041 0.2718
vn 0.7699 0.5528 0.3189
vn 0.8544 0.3805 0.3539
vn 0.9063 0.1939 0.3754
vn 0.9239 -0.0000 0.3827
vn 0.9063 -0.1939 0.3754
vn 0.8544 -0.3805 0.3539
vn 0.7699 -0.5528 0.3189
vn 0.6561 -0.7041 0.2718
vn 0.5172 -0.8286 0.2142
vn 0.3584 -0.9217 0.1484
vn 0.1857 -0.9796 0.0769
vn 0.1671 0.9796 0.1117
vn 0.3225 0.9217 0.2155
vn 0.4654 0.8286 0.3110
vn 0.5905 0.7041 0.3945
vn 0.6929 0.5528 0.4630
vn 0.7689 0.3805 0.5138
vn 0.8157 0.1939 0.5450
vn 0.8315 -0.0000 0.5556
vn 0.8157 -0.1939 0.5450
vn 0.7689 -0.3805 0.5138
vn 0.6929 -0.5528 0.4630
vn 0.5905 -0.7041 0.3945
vn 0.4654 -0.8286 0.3110
vn 0.3225 -0.9217 0.2155
vn 0.1671 -0.9796 0.1117
vn 0.1421 0.9796 0.1421
vn 0.2743 0.9217 0.2743
vn 0.3958 0.8286 0.3958
vn 0.5021 0.7041 0.5021
vn 0.5893 0.5528 0.5893
vn 0.6539 0.3805 0.6539
vn 0.6937 0.1939 0.6937
vn 0.7071 -0.0000 0.7071
vn 0.6937 -0.1939 0.6937
vn 0.6539 -0.3805 0.6539
vn 0.5893 -0.5528 0.5893
vn 0.5021 -0.7041 0.5021
vn 0.3958 -0.8286 0.3958
vn 0.2743 -0.9217 0.2743
vn 0.1421 -0.9796 0.1421
vn 0.1116 0.9796 0.1671
vn 0.2155 0.9217 0.3225
vn 0.3110 0.8286 0.4654
vn 0.3945 0.7041 0.5905
vn 0.4630 0.5528 0.6929
vn 0.5138 0.3805 0.7689
vn 0.5450 0.1939 0.8157
vn 0.5556 -0.0000 0.8315
vn 0.5450 -0.1939 0.8157
vn 0.5138 -0.3805 0.7689
vn 0.4630 -0.5528 0.6929
vn 0.3945 -0.7041 0.5905
vn 0.3110 -0.8286 0.4654
vn 0.2155 -0.9217 0.3225
vn 0.1116 -0.9796 0.1671
vn 0.0769 0.9796 0.1857
vn 0.1484 0.9217 0.3584
vn 0.2142 0.8286 0.5172
vn 0.2718 0.7041 0.6561
vn 0.3189 0.5528 0.7699
vn 0.3539 0.3805 0.8544
vn 0.3754 0.1939 0.9063
vn 0.3827 -0.0000 0.9239
vn 0.3754 -0.1939 0.9063
vn 0.3539 -0.3805 0.8544
vn 0.3189 -0.5528 0.7699
vn 0.2718 -0.7041 0.6561
vn 0.2142 -0.8286 0.5172
vn 0.1484 -0.9217 0.3584
vn 0.0769 -0.9796 0.1857
vn 0.0392 0.9796 0.1971
vn 0.0757 0.9217 0.3804
vn 0.1092 0.8286 0.5490
vn 0.1385 0.7041 0.6965
vn 0.1626 0.5528 0.8173
vn 0.1804 0.3805 0.9070
vn 0.1914 0.1939 0.9622
vn 0.1951 -0.0000 0.9808
vn 0.1914 -0.1939 0.9622
vn 0.1804 -0.3805 0.9070
vn 0.1626 -0.5528 0.8173
vn 0.1385 -0.7041 0.6965
vn 0.1092 -0.8286 0.5490
vn 0.0757 -0.9217 0.3804
vn 0.0392 -0.9796 0.1971
vn -0.0000 0.9796 0.2010
vn -0.0000 0.9217 0.3879
vn -0.0000 0.8286 0.5598
vn -0.0000 0.7041 0.7101
vn -0.0000 0.5528 0.8333
vn -0.0000 0.3805 0.9248
vn -0.0000 0.1939 0.9810
vn -0.0000 -0.0000 1.0000
vn -0.0000 -0.1939 0.9810
vn -0.0000 -0.3805 0.9248
vn -0.0000 -0.5528 0.8333
vn -0.0000 -0.7041 0.7101
vn -0.0000 -0.8286 0.5598
vn -0.0000 -0.9217 0.3879
vn -0.0000 -0.9796 0.2010
vn -0.0392 0.9796 0.1971
vn -0.0757 0.9217 0.3804
vn -0.1092 0.8286 0.5490
vn -0.1385 0.7041 0.6965
vn -0.1626 0.5528 0.8173
vn -0.1804 0.3805 0.9070
vn -0.1914 0.1939 0.9622
vn -0.1951 -0.0000 0.9808
vn -0.1914 -0.1939 0.9622
vn -0.1804 -0.3805 0.9070
vn -0.1626 -0.5528 0.8173
vn -0.1385 -0.7041 0.6965
vn -0.1092 -0.8286 0.5490
vn -0.0757 -0.9217 0.3804
vn -0.0392 -0.9796 0.1971
vn -0.0769 0.9796 0.1857
vn -0.1484 0.9217 0.3584
vn -0.2142 0.8286 0.5172
vn -0.2718 0.7041 0.6561
vn -0.3189 0.5528 0.7699
vn -0.3539 0.3805 0.8544
vn -0.3754 0.1939 0.9063
vn -0.3827 -0.0000 0.9239
vn -0.3754 -0.1939 0.9063
vn -0.3539 -0.3805 0.8544
vn -0.3189 -0.5528 0.7699
vn -0.2718 -0.7041 0.6561
vn -0.2142 -0.8286 0.5172
vn -0.1484 -0.9217 0.3584
vn -0.0769 -0.9796 0.1857
vn -0.1117 0.9796 0.1671
vn -0.2155 0.9217 0.3225
vn -0.3110 0.8286 0.4654
vn -0.3945 0.7041 0.5905
vn -0.4630 0.5528 0.6929
vn -0.5138 0.3805 0.7689
vn -0.5450 0.1939 0.8157
vn -0.5556 -0.0000 0.8315
vn -0.5450 -0.1939 0.8157
vn -0.5138 -0.3805 0.7689
vn -0.4630 -0.5528 0.6929
vn -0.3945 -0.7041 0.5905
vn -0.3110 -0.8286 0.4654
vn -0.2155 -0.9217 0.3225
vn -0.1117 -0.9796 0.1671
vn -0.1421 0.9796 0.1421
vn -0.2743 0.9217 0.2743
vn -0.3958 0.8286 0.3958
vn -0.5021 0.7041 0.5021
vn -0.5893 0.5528 0.5893
vn -0.6539 0.3805 0.6539
vn -0.6937 0.1939 0.6937
vn -0.7071 -0.0000 0.7071
vn -0.6937 -0.1939 0.6937
vn -0.6539 -0.3805 0.6539
vn -0.5893 -0.5528 0.5893
vn -0.5021 -0.7041 0.5021
vn -0.3958 -0.8286 0.3958
vn -0.2743 -0.9217 0.2743
vn -0.1421 -0.9796 0.1421
vn -0.0000 -1.0000 -0.0000
vn -0.1671 0.9796 0.1117
vn -0.3225 0.9217 0.2155
vn -0.4654 0.8286 0.3110
vn -0.5905 0.7041 0.3945
vn -0.6929 0.5528 0.4630
vn -0.7689 0.3805 0.5138
vn -0.8157 0.1939 0.5450
vn -0.8315 -0.0000 0.5556
vn -0.8157 -0.1939 0.5450
vn -0.7689 -0.3805 0.5138
vn -0.6929 -0.5528 0.4630
vn -0.5905 -0.7041 0.3945
vn -0.4654 -0.8286 0.3110
vn -0.3225 -0.9217 0.2155
vn -0.1671 -0.9796 0.1117
vn -0.1857 0.9796 0.0769
vn -0.3584 0.9217 0.1484
vn -0.5172 0.8286 0.2142
vn -0.6561 0.7041 0.2718
vn -0.7699 0.5528 0.3189
vn -0.8544 0.3805 0.3539
vn -0.9063 0.1939 0.3754
vn -0.9239 -0.0000 0.3827
vn -0.9063 -0.1939 0.3754
vn -0.8544 -0.3805 0.3539
vn -0.7699 -0.5528 0.3189
vn -0.6561 -0.7041 0.2718
vn -0.5172 -0.8286 0.2142
vn -0.3584 -0.9217 0.1484
vn -0.1857 -0.9796 0.0769
vn -0.1971 0.9796 0.0392
vn -0.3804 0.9217 0.0757
vn -0.5490 0.8286 0.1092
vn -0.6965 0.7041 0.1385
vn -0.8173 0.5528 0.1626
vn -0.9070 0.3805 0.1804
vn -0.9622 0.1939 0.1914
vn -0.9808 -0.0000 0.1951
vn -0.9622 -0.1939 0.1914
vn -0.9070 -0.3805 0.1804
vn -0.8173 -0.5528 0.1626
vn -0.6965 -0.7041 0.1385
vn -0.5490 -0.8286 0.1092
vn -0.3804 -0.9217 0.0757
vn -0.1971 -0.9796 0.0392
vn -0.2010 0.9796 -0.0000
vn -0.3879 0.9217 -0.0000
vn -0.5598 0.8286 -0.0000
vn -0.7101 0.7041 -0.0000
vn -0.8333 0.5528 -0.0000
vn -0.9248 0.3805 -0.0000
vn -0.9810 0.1939 -0.0000
vn -1.0000 -0.0000 -0.0000
vn -0.9810 -0.1939 -0.0000
vn -0.9248 -0.3805 -0.0000
vn -0.8333 -0.5528 -0.0000
vn -0.7101 -0.7041 -0.0000
vn -0.5598 -0.8286 -0.0000
vn -0.3879 -0.9217 -0.0000
vn -0.2010 -0.9796 -0.0000
vn -0.1971 0.9796 -0.0392
vn -0.3804 0.9217 -0.0757
vn -0.5490 0.8286 -0.1092
vn -0.6965 0.7041 -0.1385
vn -0.8173 0.5528 -0.1626
vn -0.9070 0.3805 -0.1804
vn -0.9622 0.1939 -0.1914
vn -0.9808 -0.0000 -0.1951
vn -0.9622 -0.1939 -0.1914
vn -0.9070 -0.3805 -0.1804
vn -0.8173 -0.5528 -0.1626
vn -0.6965 -0.7041 -0.1385
vn -0.5490 -0.8286 -0.1092
vn -0.3804 -0.9217 -0.0757
vn -0.1971 -0.9796 -0.0392
vn -0.1857 0.9796 -0.0769
vn -0.3584 0.9217 -0.1484
vn -0.5172 0.8286 -0.2142
vn -0.6561 0.7041 -0.2718
vn -0.7699 0.5528 -0.3189
vn -0.8544 0.3805 -0.3539
vn -0.9063 0.1939 -0.3754
vn -0.9239 -0.0000 -0.3827
vn -0.9063 -0.1939 -0.3754
vn -0.8544 -0.3805 -0.3539
vn -0.7699 -0.5528 -0.3189
vn -0.6561 -0.7041 -0.2718
vn -0.5172 -0.8286 -0.2142
vn -0.3584 -0.9217 -0.1484
vn -0.1857 -0.9796 -0.0769
vn -0.1671 0.9796 -0.1117
vn -0.3225 0.9217 -0.2155
vn -0.4654 0.8286 -0.3110
vn -0.5905 0.7041 -0.3945
vn -0.6929 0.5528 -0.4630
vn -0.7689 0.3805 -0.5138
vn -0.8157 0.1939 -0.5450
vn -0.8315 -0.0000 -0.5556
vn -0.8157 -0.1939 -0.5450
vn -0.7689 -0.3805 -0.5138
vn -0.6929 -0.5528 -0.4630
vn -0.5905 -0.7041 -0.3945
vn -0.4654 -0.8286 -0.3110
vn -0.3225 -0.9217 -0.2155
vn -0.1671 -0.9796 -0.1117
vn -0.1421 0.9796 -0.1421
vn -0.2743 0.9217 -0.2743
vn -0.3958 0.8286 -0.3958
vn -0.5021 0.7041 -0.5021
vn -0.5893 0.5528 -0.5893
vn -0.6539 0.3805 -0.6539
vn -0.6937 0.1939 -0.6937
vn -0.7071 -0.0000 -0.7071
vn -0.6937 -0.1939 -0.6937
vn -0.6539 -0.3805 -0.6539
vn -0.5893 -0.5528 -0.5893
vn -0.5021 -0.7041 -0.5021
vn -0.3958 -0.8286 -0.3958
vn -0.2743 -0.9217 -0.2743
vn -0.1421 -0.9796 -0.1421
vn -0.1116 0.9796 -0.1671
vn -0.2155 0.9217 -0.3225
vn -0.3110 0.8286 -0.4654
vn -0.3945 0.7041 -0.5905
vn -0.4630 0.5528 -0.6929
vn -0.5138 0.3805 -0.7689
vn -0.5450 0.1939 -0.8157
vn -0.5556 -0.0000 -0.8315
vn -0.5450 -0.1939 -0.8157
vn -0.5138 -0.3805 -0.7689
vn -0.4630 -0.5528 -0.6929
vn -0.3945 -0.7041 -0.5905
vn -0.3110 -0.8286 -0.4654
vn -0.2155 -0.9217 -0.3225
vn -0.1116 -0.9796 -0.1671
vn -0.0769 0.9796 -0.1857
vn -0.1484 0.9217 -0.3584
vn -0.2142 0.8286 -0.5172
vn -0.2718 0.7041 -0.6561
vn -0.3189 0.5528 -0.7699
vn -0.3539 0.3805 -0.8544
vn -0.3754 0.1939 -0.9063
vn -0.3827 -0.0000 -0.9239
vn -0.3754 -0.1939 -0.9063
vn -0.3539 -0.3805 -0.8544
vn -0.3189 -0.5528 -0.7699
vn -0.2718 -0.7041 -0.6561
vn -0.2142 -0.8286 -0.5172
vn -0.1484 -0.9217 -0.3584
vn -0.0769 -0.9796 -0.1857
vn -0.0392 0.9796 -0.1971
vn -0.0757 0.9217 -0.3804
vn -0.1092 0.8286 -0.5490
vn -0.1385 0.7041 -0.6965
vn -0.1626 0.5528 -0.8173
vn -0.1804 0.3805 -0.9070
vn -0.1914 0.1939 -0.9622
vn -0.1951 -0.0000 -0.9808
vn -0.1914 -0.1939 -0.9622
vn -0.1804 -0.3805 -0.9070
vn -0.1626 -0.5528 -0.8173
vn -0.1385 -0.7041 -0.6965
vn -0.1092 -0.8286 -0.5490
vn -0.0757 -0.9217 -0.3804
vn -0.0392 -0.9796 -0.1971
vn -0.0000 0.9796 -0.2010
vn -0.0000 0.9217 -0.3879
vn -0.0000 0.7041 -0.7101
vn -0.0000 0.3805 -0.9248
vn -0.0000 -0.3805 -0.9248
vn -0.0000 -0.7041 -0.7101
vn -0.0000 -0.8286 -0.5598
vn -0.0000 -0.9217 -0.3879
vn -0.0000 -0.9796 -0.2010
vn -0.0000 0.0980 -0.9952
vn -0.0000 -0.0980 -0.9952
vn 0.0566 0.9569 -0.2847
vn 0.0920 0.8819 -0.4623
vn 0.1238 0.7730 -0.6222
vn 0.1508 0.6344 -0.7582
vn 0.1721 0.4714 -0.8650
vn 0.1867 0.2903 -0.9386
vn 0.1942 0.0980 -0.9761
vn 0.1942 -0.0980 -0.9761
vn 0.1867 -0.2903 -0.9386
vn 0.1721 -0.4714 -0.8650
vn 0.1508 -0.6344 -0.7582
vn 0.1238 -0.7730 -0.6222
vn 0.0920 -0.8819 -0.4623
vn 0.0566 -0.9569 -0.2847
vn 0.0816 -0.5538 -0.8287
vn 0.0546 0.8303 -0.5547
vn 0.0816 0.5538 -0.8287
vn 0.0962 0.1942 -0.9762
vn 0.0980 -0.0000 -0.9952
vn 0.0962 -0.1942 -0.9762
vn 0.1111 0.9569 -0.2682
vn 0.1804 0.8819 -0.4355
vn 0.2428 0.7730 -0.5861
vn 0.2958 0.6344 -0.7142
vn 0.3375 0.4714 -0.8148
vn 0.3662 0.2903 -0.8841
vn 0.3808 0.0980 -0.9194
vn 0.3808 -0.0980 -0.9194
vn 0.3662 -0.2903 -0.8841
vn 0.3375 -0.4714 -0.8148
vn 0.2958 -0.6344 -0.7142
vn 0.2428 -0.7730 -0.5861
vn 0.1804 -0.8819 -0.4355
vn 0.1111 -0.9569 -0.2682
vn 0.2684 -0.3811 -0.8847
vn 0.2848 -0.1942 -0.9387
vn 0.1618 0.8303 -0.5334
vn 0.1115 0.9232 -0.3677
vn 0.2417 -0.5538 -0.7968
vn 0.2057 0.7054 -0.6783
vn 0.2057 -0.7054 -0.6783
vn 0.2417 0.5538 -0.7968
vn 0.1618 -0.8303 -0.5334
vn 0.2684 0.3811 -0.8847
vn 0.1115 -0.9232 -0.3677
vn 0.2848 0.1942 -0.9387
vn 0.0569 -0.9806 -0.1875
vn 0.2903 -0.0000 -0.9569
vn 0.0569 0.9806 -0.1875
vn 0.1613 0.9569 -0.2414
vn 0.2619 0.8819 -0.3920
vn 0.3524 0.7730 -0.5275
vn 0.4295 0.6344 -0.6427
vn 0.4900 0.4714 -0.7333
vn 0.5316 0.2903 -0.7957
vn 0.5529 0.0980 -0.8275
vn 0.5529 -0.0980 -0.8275
vn 0.5316 -0.2903 -0.7957
vn 0.4900 -0.4714 -0.7333
vn 0.4295 -0.6344 -0.6427
vn 0.3524 -0.7730 -0.5275
vn 0.2619 -0.8819 -0.3920
vn 0.1613 -0.9569 -0.2414
vn 0.1811 -0.9232 -0.3389
vn 0.2628 -0.8303 -0.4916
vn 0.4624 0.1942 -0.8651
vn 0.4358 0.3811 -0.8154
vn 0.0924 -0.9806 -0.1728
vn 0.4714 -0.0000 -0.8819
vn 0.0924 0.9806 -0.1728
vn 0.4624 -0.1942 -0.8651
vn 0.1811 0.9232 -0.3389
vn 0.4358 -0.3811 -0.8154
vn 0.2628 0.8303 -0.4916
vn 0.3925 -0.5538 -0.7344
vn 0.3341 0.7054 -0.6251
vn 0.3341 -0.7054 -0.6251
vn 0.3925 0.5538 -0.7344
vn 0.2053 0.9569 -0.2053
vn 0.3333 0.8819 -0.3333
vn 0.4486 0.7730 -0.4486
vn 0.5466 0.6344 -0.5466
vn 0.6236 0.4714 -0.6236
vn 0.6767 0.2903 -0.6767
vn 0.7037 0.0980 -0.7037
vn 0.7037 -0.0980 -0.7037
vn 0.6767 -0.2903 -0.6767
vn 0.6236 -0.4714 -0.6236
vn 0.5466 -0.6344 -0.5466
vn 0.4486 -0.7730 -0.4486
vn 0.3333 -0.8819 -0.3333
vn 0.2053 -0.9569 -0.2053
vn 0.3536 0.8303 -0.4309
vn 0.2438 0.9232 -0.2970
vn 0.5282 -0.5538 -0.6437
vn 0.5865 -0.3811 -0.7147
vn 0.4496 0.7054 -0.5479
vn 0.4496 -0.7054 -0.5479
vn 0.5282 0.5538 -0.6437
vn 0.3536 -0.8303 -0.4309
vn 0.5865 0.3811 -0.7147
vn 0.2438 -0.9232 -0.2970
vn 0.6223 0.1942 -0.7583
vn 0.1243 -0.9806 -0.1515
vn 0.6344 -0.0000 -0.7730
vn 0.1243 0.9806 -0.1515
vn 0.6223 -0.1942 -0.7583
vn 0.2414 0.9569 -0.1613
vn 0.3920 0.8819 -0.2619
vn 0.5275 0.7730 -0.3524
vn 0.6427 0.6344 -0.4295
vn 0.7333 0.4714 -0.4900
vn 0.7957 0.2903 -0.5316
vn 0.8275 0.0980 -0.5529
vn 0.8275 -0.0980 -0.5529
vn 0.7957 -0.2903 -0.5316
vn 0.7333 -0.4714 -0.4900
vn 0.6427 -0.6344 -0.4295
vn 0.5275 -0.7730 -0.3524
vn 0.3920 -0.8819 -0.2619
vn 0.2414 -0.9569 -0.1613
vn 0.7583 0.1942 -0.6223
vn 0.7147 0.3811 -0.5865
vn 0.1515 -0.9806 -0.1243
vn 0.2970 -0.9232 -0.2438
vn 0.7730 -0.0000 -0.6344
vn 0.1515 0.9806 -0.1243
vn 0.7583 -0.1942 -0.6223
vn 0.2970 0.9232 -0.2438
vn 0.7147 -0.3811 -0.5865
vn 0.4309 0.8303 -0.3536
vn 0.6437 -0.5538 -0.5282
vn 0.5479 0.7054 -0.4496
vn 0.5479 -0.7054 -0.4496
vn 0.6437 0.5538 -0.5282
vn 0.4309 -0.8303 -0.3536
vn 0.0906 0.9952 -0.0375
vn 0.2682 0.9569 -0.1111
vn 0.4355 0.8819 -0.1804
vn 0.5861 0.7730 -0.2428
vn 0.7142 0.6344 -0.2958
vn 0.8148 0.4714 -0.3375
vn 0.8841 0.2903 -0.3662
vn 0.9194 0.0980 -0.3808
vn 0.9194 -0.0980 -0.3808
vn 0.8841 -0.2903 -0.3662
vn 0.8148 -0.4714 -0.3375
vn 0.7142 -0.6344 -0.2958
vn 0.5861 -0.7730 -0.2428
vn 0.4355 -0.8819 -0.1804
vn 0.2682 -0.9569 -0.1111
vn 0.7344 -0.5538 -0.3925
vn 0.8154 -0.3811 -0.4358
vn 0.6251 0.7054 -0.3341
vn 0.4916 0.8303 -0.2628
vn 0.6251 -0.7054 -0.3341
vn 0.7344 0.5538 -0.3925
vn 0.4916 -0.8303 -0.2628
vn 0.8154 0.3811 -0.4358
vn 0.3389 -0.9232 -0.1811
vn 0.8651 0.1942 -0.4624
vn 0.1728 -0.9806 -0.0924
vn 0.8819 -0.0000 -0.4714
vn 0.1728 0.9806 -0.0924
vn 0.8651 -0.1942 -0.4624
vn 0.3389 0.9232 -0.1811
vn 0.2847 0.9569 -0.0566
vn 0.4623 0.8819 -0.0920
vn 0.6222 0.7730 -0.1238
vn 0.7582 0.6344 -0.1508
vn 0.8650 0.4714 -0.1721
vn 0.9386 0.2903 -0.1867
vn 0.9761 0.0980 -0.1942
vn 0.9761 -0.0980 -0.1942
vn 0.9386 -0.2903 -0.1867
vn 0.8650 -0.4714 -0.1721
vn 0.7582 -0.6344 -0.1508
vn 0.6222 -0.7730 -0.1238
vn 0.4623 -0.8819 -0.0920
vn 0.2847 -0.9569 -0.0566
vn 0.1875 -0.9806 -0.0569
vn 0.3677 -0.9232 -0.1115
vn 0.9569 -0.0000 -0.2903
vn 0.9387 0.1942 -0.2848
vn 0.1875 0.9806 -0.0569
vn 0.9387 -0.1942 -0.2848
vn 0.3677 0.9232 -0.1115
vn 0.8847 -0.3811 -0.2684
vn 0.5334 0.8303 -0.1618
vn 0.7968 -0.5538 -0.2417
vn 0.6783 0.7054 -0.2057
vn 0.6783 -0.7054 -0.2057
vn 0.7968 0.5538 -0.2417
vn 0.5334 -0.8303 -0.1618
vn 0.8847 0.3811 -0.2684
vn 0.2903 0.9569 -0.0000
vn 0.4714 0.8819 -0.0000
vn 0.6344 0.7730 -0.0000
vn 0.7730 0.6344 -0.0000
vn 0.8819 0.4714 -0.0000
vn 0.9569 0.2903 -0.0000
vn 0.9952 0.0980 -0.0000
vn 0.9952 -0.0980 -0.0000
vn 0.9569 -0.2903 -0.0000
vn 0.8819 -0.4714 -0.0000
vn 0.7730 -0.6344 -0.0000
vn 0.6344 -0.7730 -0.0000
vn 0.4714 -0.8819 -0.0000
vn 0.2903 -0.9569 -0.0000
vn 0.7054 0.7054 -0.0695
vn 0.5547 0.8303 -0.0546
vn 0.7054 -0.7054 -0.0695
vn 0.8287 -0.5538 -0.0816
vn 0.8287 0.5538 -0.0816
vn 0.5547 -0.8303 -0.0546
vn 0.9201 0.3811 -0.0906
vn 0.3824 -0.9232 -0.0377
vn 0.9762 0.1942 -0.0962
vn 0.1950 -0.9806 -0.0192
vn 0.9952 -0.0000 -0.0980
vn 0.1950 0.9806 -0.0192
vn 0.9762 -0.1942 -0.0962
vn 0.3824 0.9232 -0.0377
vn 0.9201 -0.3811 -0.0906
vn 0.2847 0.9569 0.0566
vn 0.4623 0.8819 0.0920
vn 0.6222 0.7730 0.1238
vn 0.7582 0.6344 0.1508
vn 0.8650 0.4714 0.1721
vn 0.9386 0.2903 0.1867
vn 0.9761 0.0980 0.1942
vn 0.9761 -0.0980 0.1942
vn 0.9386 -0.2903 0.1867
vn 0.8650 -0.4714 0.1721
vn 0.7582 -0.6344 0.1508
vn 0.6222 -0.7730 0.1238
vn 0.4623 -0.8819 0.0920
vn 0.2847 -0.9569 0.0566
vn 0.9952 -0.0000 0.0980
vn 0.9762 0.1942 0.0962
vn 0.1950 0.9806 0.0192
vn 0.1950 -0.9806 0.0192
vn 0.9762 -0.1942 0.0962
vn 0.3824 0.9232 0.0377
vn 0.9201 -0.3811 0.0906
vn 0.5547 0.8303 0.0546
vn 0.8287 -0.5538 0.0816
vn 0.7054 0.7054 0.0695
vn 0.7054 -0.7054 0.0695
vn 0.8287 0.5538 0.0816
vn 0.5547 -0.8303 0.0546
vn 0.9201 0.3811 0.0906
vn 0.3824 -0.9232 0.0377
vn 0.2682 0.9569 0.1111
vn 0.4355 0.8819 0.1804
vn 0.5861 0.7730 0.2428
vn 0.7142 0.6344 0.2958
vn 0.8148 0.4714 0.3375
vn 0.8841 0.2903 0.3662
vn 0.9194 0.0980 0.3808
vn 0.9194 -0.0980 0.3808
vn 0.8841 -0.2903 0.3662
vn 0.8148 -0.4714 0.3375
vn 0.7142 -0.6344 0.2958
vn 0.5861 -0.7730 0.2428
vn 0.4355 -0.8819 0.1804
vn 0.2682 -0.9569 0.1111
vn 0.6783 -0.7054 0.2057
vn 0.7968 -0.5538 0.2417
vn 0.7968 0.5538 0.2417
vn 0.6783 0.7054 0.2057
vn 0.5334 -0.8303 0.1618
vn 0.8847 0.3811 0.2684
vn 0.3677 -0.9232 0.1115
vn 0.9387 0.1942 0.2848
vn 0.1875 -0.9806 0.0569
vn 0.9569 -0.0000 0.2903
vn 0.1875 0.9806 0.0569
vn 0.9387 -0.1942 0.2848
vn 0.3677 0.9232 0.1115
vn 0.8847 -0.3811 0.2684
vn 0.5334 0.8303 0.1618
vn 0.2414 0.9569 0.1613
vn 0.3920 0.8819 0.2619
vn 0.5275 0.7730 0.3524
vn 0.6427 0.6344 0.4295
vn 0.7333 0.4714 0.4900
vn 0.7957 0.2903 0.5316
vn 0.8275 0.0980 0.5529
vn 0.8275 -0.0980 0.5529
vn 0.7957 -0.2903 0.5316
vn 0.7333 -0.4714 0.4900
vn 0.6427 -0.6344 0.4295
vn 0.5275 -0.7730 0.3524
vn 0.3920 -0.8819 0.2619
vn 0.2414 -0.9569 0.1613
vn 0.1728 -0.9806 0.0924
vn 0.8651 -0.1942 0.4624
vn 0.8819 -0.0000 0.4714
vn 0.3389 0.9232 0.1811
vn 0.1728 0.9806 0.0924
vn 0.8154 -0.3811 0.4358
vn 0.4916 0.8303 0.2628
vn 0.7344 -0.5538 0.3925
vn 0.6251 0.7054 0.3341
vn 0.6251 -0.7054 0.3341
vn 0.7344 0.5538 0.3925
vn 0.4916 -0.8303 0.2628
vn 0.8154 0.3811 0.4358
vn 0.3389 -0.9232 0.1811
vn 0.8651 0.1942 0.4624
vn 0.2053 0.9569 0.2053
vn 0.3333 0.8819 0.3333
vn 0.4486 0.7730 0.4486
vn 0.5466 0.6344 0.5466
vn 0.6236 0.4714 0.6236
vn 0.6767 0.2903 0.6767
vn 0.7037 0.0980 0.7037
vn 0.7037 -0.0980 0.7037
vn 0.6767 -0.2903 0.6767
vn 0.6236 -0.4714 0.6236
vn 0.5466 -0.6344 0.5466
vn 0.4486 -0.7730 0.4486
vn 0.3333 -0.8819 0.3333
vn 0.2053 -0.9569 0.2053
vn 0.4309 -0.8303 0.3536
vn 0.5479 -0.7054 0.4496
vn 0.7147 0.3811 0.5865
vn 0.6437 0.5538 0.5282
vn 0.2970 -0.9232 0.2438
vn 0.7583 0.1942 0.6223
vn 0.1515 -0.9806 0.1243
vn 0.7730 -0.0000 0.6344
vn 0.1515 0.9806 0.1243
vn 0.7583 -0.1942 0.6223
vn 0.2970 0.9232 0.2438
vn 0.7147 -0.3811 0.5865
vn 0.4309 0.8303 0.3536
vn 0.6437 -0.5538 0.5282
vn 0.5479 0.7054 0.4496
vn 0.1613 0.9569 0.2414
vn 0.2619 0.8819 0.3920
vn 0.3525 0.7730 0.5275
vn 0.4295 0.6344 0.6427
vn 0.4900 0.4714 0.7333
vn 0.5316 0.2903 0.7957
vn 0.5529 0.0980 0.8275
vn 0.5529 -0.0980 0.8275
vn 0.5316 -0.2903 0.7957
vn 0.4900 -0.4714 0.7333
vn 0.4295 -0.6344 0.6427
vn 0.3524 -0.7730 0.5275
vn 0.2619 -0.8819 0.3920
vn 0.1613 -0.9569 0.2414
vn 0.2438 0.9232 0.2970
vn 0.1243 0.9806 0.1515
vn 0.5865 -0.3811 0.7147
vn 0.6223 -0.1942 0.7583
vn 0.3536 0.8303 0.4309
vn 0.5282 -0.5538 0.6437
vn 0.4496 0.7054 0.5479
vn 0.4496 -0.7054 0.5479
vn 0.5282 0.5538 0.6437
vn 0.3536 -0.8303 0.4309
vn 0.5865 0.3811 0.7147
vn 0.2438 -0.9232 0.2970
vn 0.6223 0.1942 0.7583
vn 0.1243 -0.9806 0.1515
vn 0.6344 -0.0000 0.7730
vn 0.1111 0.9569 0.2682
vn 0.1804 0.8819 0.4355
vn 0.2428 0.7730 0.5861
vn 0.2958 0.6344 0.7142
vn 0.3375 0.4714 0.8148
vn 0.3662 0.2903 0.8841
vn 0.3808 0.0980 0.9194
vn 0.3808 -0.0980 0.9194
vn 0.3662 -0.2903 0.8841
vn 0.3375 -0.4714 0.8148
vn 0.2958 -0.6344 0.7142
vn 0.2428 -0.7730 0.5861
vn 0.1804 -0.8819 0.4355
vn 0.1111 -0.9569 0.2682
vn 0.4358 0.3811 0.8154
vn 0.3925 0.5538 0.7344
vn 0.1811 -0.9232 0.3389
vn 0.2628 -0.8303 0.4916
vn 0.4624 0.1942 0.8651
vn 0.0924 -0.9806 0.1728
vn 0.4714 -0.0000 0.8819
vn 0.0924 0.9806 0.1728
vn 0.4624 -0.1942 0.8651
vn 0.1811 0.9232 0.3389
vn 0.4358 -0.3811 0.8154
vn 0.2628 0.8303 0.4916
vn 0.3925 -0.5538 0.7344
vn 0.3341 0.7054 0.6251
vn 0.3341 -0.7054 0.6251
vn 0.0566 0.9569 0.2847
vn 0.0920 0.8819 0.4623
vn 0.1238 0.7730 0.6222
vn 0.1508 0.6344 0.7582
vn 0.1721 0.4714 0.8650
vn 0.1867 0.2903 0.9386
vn 0.1942 0.0980 0.9761
vn 0.1942 -0.0980 0.9761
vn 0.1867 -0.2903 0.9386
vn 0.1721 -0.4714 0.8650
vn 0.1508 -0.6344 0.7582
vn 0.1238 -0.7730 0.6222
vn 0.0920 -0.8819 0.4623
vn 0.0566 -0.9569 0.2847
vn 0.2684 -0.3811 0.8847
vn 0.2848 -0.1942 0.9387
vn 0.1618 0.8303 0.5334
vn 0.1115 0.9232 0.3677
vn 0.2417 -0.5538 0.7968
vn 0.2057 0.7054 0.6783
vn 0.2057 -0.7054 0.6783
vn 0.2417 0.5538 0.7968
vn 0.1618 -0.8303 0.5334
vn 0.2684 0.3811 0.8847
vn 0.1115 -0.9232 0.3677
vn 0.2848 0.1942 0.9387
vn 0.0569 -0.9806 0.1875
vn 0.2903 -0.0000 0.9569
vn 0.0569 0.9806 0.1875
vn -0.0000 0.9569 0.2903
vn -0.0000 0.8819 0.4714
vn -0.0000 0.7730 0.6344
vn -0.0000 0.6344 0.7730
vn -0.0000 0.4714 0.8819
vn -0.0000 0.2903 0.9569
vn -0.0000 0.0980 0.9952
vn -0.0000 -0.0980 0.9952
vn -0.0000 -0.2903 0.9569
vn -0.0000 -0.4714 0.8819
vn -0.0000 -0.6344 0.7730
vn -0.0000 -0.7730 0.6344
vn -0.0000 -0.8819 0.4714
vn -0.0000 -0.9569 0.2903
vn 0.0377 -0.9232 0.3824
vn 0.0546 -0.8303 0.5547
vn 0.0962 0.1942 0.9762
vn 0.0906 0.3811 0.9201
vn 0.0192 -0.9806 0.1950
vn 0.0980 -0.0000 0.9952
vn 0.0192 0.9806 0.1950
vn 0.0962 -0.1942 0.9762
vn 0.0377 0.9232 0.3824
vn 0.0906 -0.3811 0.9201
vn 0.0546 0.8303 0.5547
vn 0.0816 -0.5538 0.8287
vn 0.0695 0.7054 0.7054
vn 0.0695 -0.7054 0.7054
vn 0.0816 0.5538 0.8287
vn -0.0566 0.9569 0.2847
vn -0.0920 0.8819 0.4623
vn -0.1238 0.7730 0.6222
vn -0.1508 0.6344 0.7582
vn -0.1721 0.4714 0.8650
vn -0.1867 0.2903 0.9386
vn -0.1942 0.0980 0.9761
vn -0.1942 -0.0980 0.9761
vn -0.1867 -0.2903 0.9386
vn -0.1721 -0.4714 0.8650
vn -0.1508 -0.6344 0.7582
vn -0.1238 -0.7730 0.6222
vn -0.0920 -0.8819 0.4623
vn -0.0566 -0.9569 0.2847
vn -0.0546 0.8303 0.5547
vn -0.0377 0.9232 0.3824
vn -0.0816 -0.5538 0.8287
vn -0.0906 -0.3811 0.9201
vn -0.0695 0.7054 0.7054
vn -0.0695 -0.7054 0.7054
vn -0.0816 0.5538 0.8287
vn -0.0546 -0.8303 0.5547
vn -0.0906 0.3811 0.9201
vn -0.0377 -0.9232 0.3824
vn -0.0962 0.1942 0.9762
vn -0.0192 -0.9806 0.1950
vn -0.0980 -0.0000 0.9952
vn -0.0192 0.9806 0.1950
vn -0.0962 -0.1942 0.9762
vn -0.1111 0.9569 0.2682
vn -0.1804 0.8819 0.4355
vn -0.2428 0.7730 0.5861
vn -0.2958 0.6344 0.7142
vn -0.3375 0.4714 0.8148
vn -0.3662 0.2903 0.8841
vn -0.3808 0.0980 0.9194
vn -0.3808 -0.0980 0.9194
vn -0.3662 -0.2903 0.8841
vn -0.3375 -0.4714 0.8148
vn -0.2958 -0.6344 0.7142
vn -0.2428 -0.7730 0.5861
vn -0.1804 -0.8819 0.4355
vn -0.1111 -0.9569 0.2682
vn -0.2848 0.1942 0.9387
vn -0.2684 0.3811 0.8847
vn -0.0569 -0.9806 0.1875
vn -0.1115 -0.9232 0.3677
vn -0.2903 -0.0000 0.9569
vn -0.0569 0.9806 0.1875
vn -0.2848 -0.1942 0.9387
vn -0.1115 0.9232 0.3677
vn -0.2684 -0.3811 0.8847
vn -0.1618 0.8303 0.5334
vn -0.2417 -0.5538 0.7968
vn -0.2057 0.7054 0.6783
vn -0.2057 -0.7054 0.6783
vn -0.2417 0.5538 0.7968
vn -0.1618 -0.8303 0.5334
vn -0.1613 0.9569 0.2414
vn -0.2619 0.8819 0.3920
vn -0.3524 0.7730 0.5275
vn -0.4295 0.6344 0.6427
vn -0.4900 0.4714 0.7333
vn -0.5316 0.2903 0.7957
vn -0.5529 0.0980 0.8275
vn -0.5529 -0.0980 0.8275
vn -0.5316 -0.2903 0.7957
vn -0.4900 -0.4714 0.7333
vn -0.4295 -0.6344 0.6427
vn -0.3524 -0.7730 0.5275
vn -0.2619 -0.8819 0.3920
vn -0.1613 -0.9569 0.2414
vn -0.3925 -0.5538 0.7344
vn -0.4358 -0.3811 0.8154
vn -0.3341 0.7054 0.6251
vn -0.2628 0.8303 0.4916
vn -0.3341 -0.7054 0.6251
vn -0.3925 0.5538 0.7344
vn -0.2628 -0.8303 0.4916
vn -0.4358 0.3811 0.8154
vn -0.1811 -0.9232 0.3389
vn -0.4624 0.1942 0.8651
vn -0.0924 -0.9806 0.1728
vn -0.4714 -0.0000 0.8819
vn -0.0924 0.9806 0.1728
vn -0.4624 -0.1942 0.8651
vn -0.1811 0.9232 0.3389
vn -0.2053 0.9569 0.2053
vn -0.3333 0.8819 0.3333
vn -0.4486 0.7730 0.4486
vn -0.5466 0.6344 0.5466
vn -0.6236 0.4714 0.6236
vn -0.6767 0.2903 0.6767
vn -0.7037 0.0980 0.7037
vn -0.7037 -0.0980 0.7037
vn -0.6767 -0.2903 0.6767
vn -0.6236 -0.4714 0.6236
vn -0.5466 -0.6344 0.5466
vn -0.4486 -0.7730 0.4486
vn -0.3333 -0.8819 0.3333
vn -0.2053 -0.9569 0.2053
vn -0.0693 -0.9952 0.0693
vn -0.1243 -0.9806 0.1515
vn -0.2438 -0.9232 0.2970
vn -0.6344 -0.0000 0.7730
vn -0.6223 0.1942 0.7583
vn -0.1243 0.9806 0.1515
vn -0.6223 -0.1942 0.7583
vn -0.2438 0.9232 0.2970
vn -0.5865 -0.3811 0.7147
vn -0.3536 0.8303 0.4309
vn -0.5282 -0.5538 0.6437
vn -0.4496 0.7054 0.5479
vn -0.4496 -0.7054 0.5479
vn -0.5282 0.5538 0.6437
vn -0.3536 -0.8303 0.4309
vn -0.5865 0.3811 0.7147
vn -0.2414 0.9569 0.1613
vn -0.3920 0.8819 0.2619
vn -0.5275 0.7730 0.3524
vn -0.6427 0.6344 0.4295
vn -0.7333 0.4714 0.4900
vn -0.7957 0.2903 0.5316
vn -0.8275 0.0980 0.5529
vn -0.8275 -0.0980 0.5529
vn -0.7957 -0.2903 0.5316
vn -0.7333 -0.4714 0.4900
vn -0.6427 -0.6344 0.4295
vn -0.5275 -0.7730 0.3524
vn -0.3920 -0.8819 0.2619
vn -0.2414 -0.9569 0.1613
vn -0.5479 -0.7054 0.4496
vn -0.6437 -0.5538 0.5282
vn -0.6437 0.5538 0.5282
vn -0.5479 0.7054 0.4496
vn -0.4309 -0.8303 0.3536
vn -0.7147 0.3811 0.5865
vn -0.2970 -0.9232 0.2438
vn -0.7583 0.1942 0.6223
vn -0.1515 -0.9806 0.1243
vn -0.7730 -0.0000 0.6344
vn -0.1515 0.9806 0.1243
vn -0.7583 -0.1942 0.6223
vn -0.2970 0.9232 0.2438
vn -0.7147 -0.3811 0.5865
vn -0.4309 0.8303 0.3536
vn -0.2682 0.9569 0.1111
vn -0.4355 0.8819 0.1804
vn -0.5861 0.7730 0.2428
vn -0.7142 0.6344 0.2958
vn -0.8148 0.4714 0.3375
vn -0.8841 0.2903 0.3662
vn -0.9194 0.0980 0.3808
vn -0.9194 -0.0980 0.3808
vn -0.8841 -0.2903 0.3662
vn -0.8148 -0.4714 0.3375
vn -0.7142 -0.6344 0.2958
vn -0.5861 -0.7730 0.2428
vn -0.4355 -0.8819 0.1804
vn -0.2682 -0.9569 0.1111
vn -0.1728 0.9806 0.0924
vn -0.1728 -0.9806 0.0924
vn -0.8651 -0.1942 0.4624
vn -0.8819 -0.0000 0.4714
vn -0.3389 0.9232 0.1811
vn -0.8154 -0.3811 0.4358
vn -0.4916 0.8303 0.2628
vn -0.7344 -0.5538 0.3925
vn -0.6251 0.7054 0.3341
vn -0.6251 -0.7054 0.3341
vn -0.7344 0.5538 0.3925
vn -0.4916 -0.8303 0.2628
vn -0.8154 0.3811 0.4358
vn -0.3389 -0.9232 0.1811
vn -0.8651 0.1942 0.4624
vn -0.2847 0.9569 0.0566
vn -0.4623 0.8819 0.0920
vn -0.6222 0.7730 0.1238
vn -0.7582 0.6344 0.1508
vn -0.8650 0.4714 0.1721
vn -0.9386 0.2903 0.1867
vn -0.9761 0.0980 0.1942
vn -0.9761 -0.0980 0.1942
vn -0.9386 -0.2903 0.1867
vn -0.8650 -0.4714 0.1721
vn -0.7582 -0.6344 0.1508
vn -0.6222 -0.7730 0.1238
vn -0.4623 -0.8819 0.0920
vn -0.2847 -0.9569 0.0566
vn -0.7968 0.5538 0.2417
vn -0.6783 0.7054 0.2057
vn -0.5334 -0.8303 0.1618
vn -0.6783 -0.7054 0.2057
vn -0.8847 0.3811 0.2684
vn -0.3677 -0.9232 0.1115
vn -0.9387 0.1942 0.2848
vn -0.1875 -0.9806 0.0569
vn -0.9569 -0.0000 0.2903
vn -0.1875 0.9806 0.0569
vn -0.9387 -0.1942 0.2848
vn -0.3677 0.9232 0.1115
vn -0.8847 -0.3811 0.2684
vn -0.5334 0.8303 0.1618
vn -0.7968 -0.5538 0.2417
vn -0.2903 0.9569 -0.0000
vn -0.4714 0.8819 -0.0000
vn -0.6344 0.7730 -0.0000
vn -0.7730 0.6344 -0.0000
vn -0.8819 0.4714 -0.0000
vn -0.9569 0.2903 -0.0000
vn -0.9952 0.0980 -0.0000
vn -0.9952 -0.0980 -0.0000
vn -0.9569 -0.2903 -0.0000
vn -0.8819 -0.4714 -0.0000
vn -0.7730 -0.6344 -0.0000
vn -0.6344 -0.7730 -0.0000
vn -0.4714 -0.8819 -0.0000
vn -0.2903 -0.9569 -0.0000
vn -0.9762 -0.1942 0.0962
vn -0.9952 -0.0000 0.0980
vn -0.3824 0.9232 0.0377
vn -0.1950 0.9806 0.0192
vn -0.9201 -0.3811 0.0906
vn -0.5547 0.8303 0.0546
vn -0.8287 -0.5538 0.0816
vn -0.7054 0.7054 0.0695
vn -0.7054 -0.7054 0.0695
vn -0.8287 0.5538 0.0816
vn -0.5547 -0.8303 0.0546
vn -0.9201 0.3811 0.0906
vn -0.3824 -0.9232 0.0377
vn -0.9762 0.1942 0.0962
vn -0.1950 -0.9806 0.0192
vn -0.2847 0.9569 -0.0566
vn -0.4623 0.8819 -0.0920
vn -0.6222 0.7730 -0.1238
vn -0.7582 0.6344 -0.1508
vn -0.8650 0.4714 -0.1721
vn -0.9386 0.2903 -0.1867
vn -0.9761 0.0980 -0.1942
vn -0.9761 -0.0980 -0.1942
vn -0.9386 -0.2903 -0.1867
vn -0.8650 -0.4714 -0.1721
vn -0.7582 -0.6344 -0.1508
vn -0.6222 -0.7730 -0.1238
vn -0.4623 -0.8819 -0.0920
vn -0.2847 -0.9569 -0.0566
vn -0.5547 -0.8303 -0.0546
vn -0.7054 -0.7054 -0.0695
vn -0.9201 0.3811 -0.0906
vn -0.8287 0.5538 -0.0816
vn -0.3824 -0.9232 -0.0377
vn -0.9762 0.1942 -0.0962
vn -0.1950 -0.9806 -0.0192
vn -0.9952 -0.0000 -0.0980
vn -0.1950 0.9806 -0.0192
vn -0.9762 -0.1942 -0.0962
vn -0.3824 0.9232 -0.0377
vn -0.9201 -0.3811 -0.0906
vn -0.5547 0.8303 -0.0546
vn -0.8287 -0.5538 -0.0816
vn -0.7054 0.7054 -0.0695
vn -0.2682 0.9569 -0.1111
vn -0.4355 0.8819 -0.1804
vn -0.5861 0.7730 -0.2428
vn -0.7142 0.6344 -0.2958
vn -0.8148 0.4714 -0.3375
vn -0.8841 0.2903 -0.3662
vn -0.9194 0.0980 -0.3808
vn -0.9194 -0.0980 -0.3808
vn -0.8841 -0.2903 -0.3662
vn -0.8148 -0.4714 -0.3375
vn -0.7142 -0.6344 -0.2958
vn -0.5861 -0.7730 -0.2428
vn -0.4355 -0.8819 -0.1804
vn -0.2682 -0.9569 -0.1111
vn -0.3677 0.9232 -0.1115
vn -0.1875 0.9806 -0.0569
vn -0.8847 -0.3811 -0.2684
vn -0.9387 -0.1942 -0.2848
vn -0.5334 0.8303 -0.1618
vn -0.7968 -0.5538 -0.2417
vn -0.6783 0.7054 -0.2057
vn -0.6783 -0.7054 -0.2057
vn -0.7968 0.5538 -0.2417
vn -0.5334 -0.8303 -0.1618
vn -0.8847 0.3811 -0.2684
vn -0.3677 -0.9232 -0.1115
vn -0.9387 0.1942 -0.2848
vn -0.1875 -0.9806 -0.0569
vn -0.9569 -0.0000 -0.2903
vn -0.2414 0.9569 -0.1613
vn -0.3920 0.8819 -0.2619
vn -0.5275 0.7730 -0.3524
vn -0.6427 0.6344 -0.4295
vn -0.7333 0.4714 -0.4900
vn -0.7957 0.2903 -0.5316
vn -0.8275 0.0980 -0.5529
vn -0.8275 -0.0980 -0.5529
vn -0.7957 -0.2903 -0.5316
vn -0.7333 -0.4714 -0.4900
vn -0.6427 -0.6344 -0.4295
vn -0.5275 -0.7730 -0.3524
vn -0.3920 -0.8819 -0.2619
vn -0.2414 -0.9569 -0.1613
vn -0.8154 0.3811 -0.4358
vn -0.7344 0.5538 -0.3925
vn -0.3389 -0.9232 -0.1811
vn -0.4916 -0.8303 -0.2628
vn -0.8651 0.1942 -0.4624
vn -0.1728 -0.9806 -0.0924
vn -0.8819 -0.0000 -0.4714
vn -0.1728 0.9806 -0.0924
vn -0.8651 -0.1942 -0.4624
vn -0.3389 0.9232 -0.1811
vn -0.8154 -0.3811 -0.4358
vn -0.4916 0.8303 -0.2628
vn -0.7344 -0.5538 -0.3925
vn -0.6251 0.7054 -0.3341
vn -0.6251 -0.7054 -0.3341
vn -0.2053 0.9569 -0.2053
vn -0.3333 0.8819 -0.3333
vn -0.4486 0.7730 -0.4486
vn -0.5466 0.6344 -0.5466
vn -0.6236 0.4714 -0.6236
vn -0.6767 0.2903 -0.6767
vn -0.7037 0.0980 -0.7037
vn -0.7037 -0.0980 -0.7037
vn -0.6767 -0.2903 -0.6767
vn -0.6236 -0.4714 -0.6236
vn -0.5466 -0.6344 -0.5466
vn -0.4486 -0.7730 -0.4486
vn -0.3333 -0.8819 -0.3333
vn -0.2053 -0.9569 -0.2053
vn -0.7147 -0.3811 -0.5865
vn -0.7583 -0.1942 -0.6223
vn -0.4309 0.8303 -0.3536
vn -0.2970 0.9232 -0.2438
vn -0.6437 -0.5538 -0.5282
vn -0.5479 0.7054 -0.4496
vn -0.5479 -0.7054 -0.4496
vn -0.6437 0.5538 -0.5282
vn -0.4309 -0.8303 -0.3536
vn -0.7147 0.3811 -0.5865
vn -0.2970 -0.9232 -0.2438
vn -0.7583 0.1942 -0.6223
vn -0.1515 -0.9806 -0.1243
vn -0.7730 -0.0000 -0.6344
vn -0.1515 0.9806 -0.1243
vn -0.1613 0.9569 -0.2414
vn -0.2619 0.8819 -0.3920
vn -0.3524 0.7730 -0.5275
vn -0.4295 0.6344 -0.6427
vn -0.4900 0.4714 -0.7333
vn -0.5316 0.2903 -0.7957
vn -0.5529 0.0980 -0.8275
vn -0.5529 -0.0980 -0.8275
vn -0.5316 -0.2903 -0.7957
vn -0.4900 -0.4714 -0.7333
vn -0.4295 -0.6344 -0.6427
vn -0.3524 -0.7730 -0.5275
vn -0.2619 -0.8819 -0.3920
vn -0.1613 -0.9569 -0.2414
vn -0.2438 -0.9232 -0.2970
vn -0.3536 -0.8303 -0.4309
vn -0.6223 0.1942 -0.7583
vn -0.5865 0.3811 -0.7147
vn -0.1243 -0.9806 -0.1515
vn -0.6344 -0.0000 -0.7730
vn -0.1243 0.9806 -0.1515
vn -0.6223 -0.1942 -0.7583
vn -0.2438 0.9232 -0.2970
vn -0.5865 -0.3811 -0.7147
vn -0.3536 0.8303 -0.4309
vn -0.5282 -0.5538 -0.6437
vn -0.4496 0.7054 -0.5479
vn -0.4496 -0.7054 -0.5479
vn -0.5282 0.5538 -0.6437
vn -0.1111 0.9569 -0.2682
vn -0.1804 0.8819 -0.4355
vn -0.2428 0.7730 -0.5861
vn -0.2958 0.6344 -0.7142
vn -0.3375 0.4714 -0.8148
vn -0.3662 0.2903 -0.8841
vn -0.3808 0.0980 -0.9194
vn -0.3808 -0.0980 -0.9194
vn -0.3662 -0.2903 -0.8841
vn -0.3375 -0.4714 -0.8148
vn -0.2958 -0.6344 -0.7142
vn -0.2428 -0.7730 -0.5861
vn -0.1804 -0.8819 -0.4355
vn -0.1111 -0.9569 -0.2682
vn -0.3925 -0.5538 -0.7344
vn -0.4358 -0.3811 -0.8154
vn -0.3341 0.7054 -0.6251
vn -0.2627 0.8303 -0.4916
vn -0.3341 -0.7054 -0.6251
vn -0.3925 0.5538 -0.7344
vn -0.2628 -0.8303 -0.4916
vn -0.4358 0.3811 -0.8154
vn -0.1811 -0.9232 -0.3389
vn -0.4624 0.1942 -0.8651
vn -0.0924 -0.9806 -0.1728
vn -0.4714 -0.0000 -0.8819
vn -0.0924 0.9806 -0.1728
vn -0.4624 -0.1942 -0.8651
vn -0.1811 0.9232 -0.3389
vn -0.0566 0.9569 -0.2847
vn -0.0920 0.8819 -0.4623
vn -0.1238 0.7730 -0.6222
vn -0.1508 0.6344 -0.7582
vn -0.1721 0.4714 -0.8650
vn -0.1867 0.2903 -0.9386
vn -0.1942 0.0980 -0.9761
vn -0.1942 -0.0980 -0.9761
vn -0.1867 -0.2903 -0.9386
vn -0.1721 -0.4714 -0.8650
vn -0.1508 -0.6344 -0.7582
vn -0.1238 -0.7730 -0.6222
vn -0.0920 -0.8819 -0.4623
vn -0.0566 -0.9569 -0.2847
vn -0.0569 -0.9806 -0.1875
vn -0.1115 -0.9232 -0.3677
vn -0.2903 -0.0000 -0.9569
vn -0.2848 0.1942 -0.9387
vn -0.0569 0.9806 -0.1875
vn -0.2848 -0.1942 -0.9387
vn -0.1115 0.9232 -0.3677
vn -0.2684 -0.3811 -0.8847
vn -0.1618 0.8303 -0.5334
vn -0.2417 -0.5538 -0.7968
vn -0.2057 0.7054 -0.6783
vn -0.2057 -0.7054 -0.6783
vn -0.2417 0.5538 -0.7968
vn -0.1618 -0.8303 -0.5334
vn -0.2684 0.3811 -0.8847
vn -0.0000 0.9569 -0.2903
vn -0.0000 -0.7730 -0.6344
vn -0.0000 -0.8819 -0.4714
vn -0.0000 -0.9569 -0.2903
vn -0.0695 0.7054 -0.7054
vn -0.0695 -0.7054 -0.7054
vn -0.0546 -0.8303 -0.5547
vn -0.0906 0.3811 -0.9201
vn -0.0377 -0.9232 -0.3824
vn -0.0192 -0.9806 -0.1950
vn -0.0192 0.9806 -0.1950
vn -0.0377 0.9232 -0.3824
vn -0.0906 -0.3811 -0.9201
vn -0.0000 0.9952 -0.0980
vn -0.0000 0.8819 -0.4714
vn -0.0000 0.7730 -0.6344
vn -0.0000 0.6344 -0.7730
vn -0.0000 0.4714 -0.8819
vn -0.0000 0.2903 -0.9569
vn -0.0000 -0.2903 -0.9569
vn -0.0000 -0.4714 -0.8819
vn -0.0000 -0.6344 -0.7730
vn -0.0000 -0.9952 -0.0980
vn 0.0191 0.9952 -0.0961
vn 0.0191 -0.9952 -0.0961
vn 0.0906 -0.3811 -0.9201
vn 0.0695 0.7054 -0.7054
vn 0.0695 -0.7054 -0.7054
vn 0.0546 -0.8303 -0.5547
vn 0.0906 0.3811 -0.9201
vn 0.0377 -0.9232 -0.3824
vn 0.0192 -0.9806 -0.1950
vn 0.0192 0.9806 -0.1950
vn 0.0377 0.9232 -0.3824
vn 0.0375 0.9952 -0.0906
vn 0.0375 -0.9952 -0.0906
vn 0.0545 0.9952 -0.0815
vn 0.0545 -0.9952 -0.0815
vn 0.0693 0.9952 -0.0693
vn 0.0693 -0.9952 -0.0693
vn 0.0815 0.9952 -0.0545
vn 0.0815 -0.9952 -0.0545
vn 0.0906 -0.9952 -0.0375
vn 0.0961 0.9952 -0.0191
vn 0.0961 -0.9952 -0.0191
vn 0.0980 0.9952 -0.0000
vn 0.0980 -0.9952 -0.0000
vn 0.0961 0.9952 0.0191
vn 0.0961 -0.9952 0.0191
vn 0.0906 0.9952 0.0375
vn 0.0906 -0.9952 0.0375
vn 0.0815 0.9952 0.0545
vn 0.0815 -0.9952 0.0545
vn 0.0693 0.9952 0.0693
vn 0.0693 -0.9952 0.0693
vn 0.0545 0.9952 0.0815
vn 0.0545 -0.9952 0.0815
vn 0.0375 0.9952 0.0906
vn 0.0375 -0.9952 0.0906
vn 0.0191 0.9952 0.0961
vn 0.0191 -0.9952 0.0961
vn -0.0000 0.9952 0.0980
vn -0.0000 -0.9952 0.0980
vn -0.0191 0.9952 0.0961
vn -0.0191 -0.9952 0.0961
vn -0.0375 0.9952 0.0906
vn -0.0375 -0.9952 0.0906
vn -0.0545 0.9952 0.0815
vn -0.0545 -0.9952 0.0815
vn -0.0693 0.9952 0.0693
vn -0.0815 0.9952 0.0545
vn -0.0815 -0.9952 0.0545
vn -0.0906 0.9952 0.0375
vn -0.0906 -0.9952 0.0375
vn -0.0961 0.9952 0.0191
vn -0.0961 -0.9952 0.0191
vn -0.0980 0.9952 -0.0000
vn -0.0980 -0.9952 -0.0000
vn -0.0961 0.9952 -0.0191
vn -0.0961 -0.9952 -0.0191
vn -0.0906 0.9952 -0.0375
vn -0.0906 -0.9952 -0.0375
vn -0.0815 0.9952 -0.0545
vn -0.0815 -0.9952 -0.0545
vn -0.0693 0.9952 -0.0693
vn -0.0693 -0.9952 -0.0693
vn -0.0545 0.9952 -0.0815
vn -0.0545 -0.9952 -0.0815
vn -0.0375 0.9952 -0.0906
vn -0.0375 -0.9952 -0.0906
vn -0.0191 0.9952 -0.0961
vn -0.0191 -0.9952 -0.0961
vn -0.0546 0.8303 -0.5547
vn -0.0816 -0.5538 -0.8287
vn -0.0816 0.5538 -0.8287
vn -0.0962 0.1942 -0.9762
vn -0.0980 -0.0000 -0.9952
vn -0.0962 -0.1942 -0.9762
vn -0.0865 -0.4696 -0.8786
vn -0.0464 0.8810 -0.4709
vn -0.0938 -0.2890 -0.9527
vn -0.0286 0.9565 -0.2902
vn -0.0976 -0.0975 -0.9904
vn -0.0976 0.0975 -0.9904
vn -0.0286 -0.9565 -0.2902
vn -0.0938 0.2890 -0.9527
vn -0.0464 -0.8810 -0.4709
vn -0.0865 0.4696 -0.8786
vn -0.0624 -0.7715 -0.6332
vn -0.0759 0.6326 -0.7708
vn -0.0759 -0.6326 -0.7708
vn -0.0624 0.7715 -0.6332
vn -0.2779 0.2890 -0.9161
vn -0.1374 -0.8810 -0.4528
vn -0.2563 0.4696 -0.8448
vn -0.1847 -0.7715 -0.6088
vn -0.2248 0.6326 -0.7412
vn -0.2248 -0.6326 -0.7412
vn -0.1847 0.7715 -0.6088
vn -0.2563 -0.4696 -0.8448
vn -0.1374 0.8810 -0.4528
vn -0.2779 -0.2890 -0.9161
vn -0.0846 0.9565 -0.2790
vn -0.2889 -0.0975 -0.9524
vn -0.2889 0.0975 -0.9524
vn -0.0846 -0.9565 -0.2790
vn -0.2231 0.8810 -0.4173
vn -0.4513 -0.2890 -0.8443
vn -0.1374 0.9565 -0.2571
vn -0.4691 -0.0975 -0.8777
vn -0.4691 0.0975 -0.8777
vn -0.1374 -0.9565 -0.2571
vn -0.4513 0.2890 -0.8443
vn -0.2231 -0.8810 -0.4173
vn -0.4162 0.4696 -0.7786
vn -0.2999 -0.7715 -0.5611
vn -0.3651 0.6326 -0.6831
vn -0.3651 -0.6326 -0.6831
vn -0.2999 0.7715 -0.5611
vn -0.4162 -0.4696 -0.7786
vn -0.5601 0.4696 -0.6825
vn -0.4036 -0.7715 -0.4918
vn -0.4913 0.6326 -0.5987
vn -0.4913 -0.6326 -0.5987
vn -0.4036 0.7715 -0.4918
vn -0.5601 -0.4696 -0.6825
vn -0.3002 0.8810 -0.3658
vn -0.6073 -0.2890 -0.7400
vn -0.1850 0.9565 -0.2254
vn -0.6314 -0.0975 -0.7693
vn -0.6314 0.0975 -0.7693
vn -0.1850 -0.9565 -0.2254
vn -0.6073 0.2890 -0.7400
vn -0.3002 -0.8810 -0.3658
vn -0.2254 0.9565 -0.1850
vn -0.7693 -0.0975 -0.6314
vn -0.7693 0.0975 -0.6314
vn -0.2254 -0.9565 -0.1850
vn -0.7400 0.2890 -0.6073
vn -0.3658 -0.8810 -0.3002
vn -0.6825 0.4696 -0.5601
vn -0.4918 -0.7715 -0.4036
vn -0.5987 0.6326 -0.4913
vn -0.5987 -0.6326 -0.4913
vn -0.4918 0.7715 -0.4036
vn -0.6825 -0.4696 -0.5601
vn -0.3658 0.8810 -0.3002
vn -0.7400 -0.2890 -0.6073
vn -0.5611 -0.7715 -0.2999
vn -0.6831 0.6326 -0.3651
vn -0.6831 -0.6326 -0.3651
vn -0.5611 0.7715 -0.2999
vn -0.7786 -0.4696 -0.4162
vn -0.4173 0.8810 -0.2231
vn -0.8443 -0.2890 -0.4513
vn -0.2571 0.9565 -0.1374
vn -0.8777 -0.0975 -0.4691
vn -0.8777 0.0975 -0.4691
vn -0.2571 -0.9565 -0.1374
vn -0.8443 0.2890 -0.4513
vn -0.4173 -0.8810 -0.2231
vn -0.7786 0.4696 -0.4162
vn -0.9524 -0.0975 -0.2889
vn -0.9524 0.0975 -0.2889
vn -0.2790 -0.9565 -0.0846
vn -0.9161 0.2890 -0.2779
vn -0.4528 -0.8810 -0.1374
vn -0.8448 0.4696 -0.2563
vn -0.6088 -0.7715 -0.1847
vn -0.7412 0.6326 -0.2248
vn -0.7412 -0.6326 -0.2248
vn -0.6088 0.7715 -0.1847
vn -0.8448 -0.4696 -0.2563
vn -0.4528 0.8810 -0.1374
vn -0.9161 -0.2890 -0.2779
vn -0.2790 0.9565 -0.0846
vn -0.7708 0.6326 -0.0759
vn -0.7708 -0.6326 -0.0759
vn -0.6332 0.7715 -0.0624
vn -0.8786 -0.4696 -0.0865
vn -0.4709 0.8810 -0.0464
vn -0.9527 -0.2890 -0.0938
vn -0.2902 0.9565 -0.0286
vn -0.9904 -0.0975 -0.0976
vn -0.9904 0.0975 -0.0976
vn -0.2902 -0.9565 -0.0286
vn -0.9527 0.2890 -0.0938
vn -0.4709 -0.8810 -0.0464
vn -0.8786 0.4696 -0.0865
vn -0.6332 -0.7715 -0.0624
vn -0.9904 0.0975 0.0975
vn -0.2902 -0.9565 0.0286
vn -0.9527 0.2890 0.0938
vn -0.4709 -0.8810 0.0464
vn -0.8786 0.4696 0.0865
vn -0.6332 -0.7715 0.0624
vn -0.7708 0.6326 0.0759
vn -0.7708 -0.6326 0.0759
vn -0.6332 0.7715 0.0624
vn -0.8786 -0.4696 0.0865
vn -0.4709 0.8810 0.0464
vn -0.9527 -0.2890 0.0938
vn -0.2902 0.9565 0.0286
vn -0.9904 -0.0975 0.0975
vn -0.7412 -0.6326 0.2248
vn -0.6088 0.7715 0.1847
vn -0.8448 -0.4696 0.2563
vn -0.4528 0.8810 0.1374
vn -0.9161 -0.2890 0.2779
vn -0.2790 0.9565 0.0846
vn -0.9524 -0.0975 0.2889
vn -0.9524 0.0975 0.2889
vn -0.2790 -0.9565 0.0846
vn -0.9161 0.2890 0.2779
vn -0.4528 -0.8810 0.1374
vn -0.8448 0.4696 0.2563
vn -0.6088 -0.7715 0.1847
vn -0.7412 0.6326 0.2248
vn -0.8777 0.0975 0.4691
vn -0.2571 -0.9565 0.1374
vn -0.8443 0.2890 0.4513
vn -0.4173 -0.8810 0.2230
vn -0.7786 0.4696 0.4162
vn -0.5611 -0.7715 0.2999
vn -0.6831 0.6326 0.3651
vn -0.6831 -0.6326 0.3651
vn -0.5611 0.7715 0.2999
vn -0.7786 -0.4696 0.4162
vn -0.4173 0.8810 0.2230
vn -0.8443 -0.2890 0.4513
vn -0.2571 0.9565 0.1374
vn -0.8777 -0.0975 0.4691
vn -0.4918 0.7715 0.4036
vn -0.6825 -0.4696 0.5601
vn -0.3658 0.8810 0.3002
vn -0.7400 -0.2890 0.6073
vn -0.2254 0.9565 0.1850
vn -0.7693 -0.0975 0.6314
vn -0.7693 0.0975 0.6314
vn -0.2254 -0.9565 0.1850
vn -0.7400 0.2890 0.6073
vn -0.3658 -0.8810 0.3002
vn -0.6825 0.4696 0.5601
vn -0.4918 -0.7715 0.4036
vn -0.5987 0.6326 0.4913
vn -0.5987 -0.6326 0.4913
vn -0.6073 0.2890 0.7400
vn -0.3002 -0.8810 0.3658
vn -0.5601 0.4696 0.6825
vn -0.4036 -0.7715 0.4918
vn -0.4913 0.6326 0.5987
vn -0.4913 -0.6326 0.5987
vn -0.4036 0.7715 0.4918
vn -0.5601 -0.4696 0.6825
vn -0.3002 0.8810 0.3658
vn -0.6073 -0.2890 0.7400
vn -0.1850 0.9565 0.2254
vn -0.6314 -0.0975 0.7693
vn -0.6314 0.0975 0.7693
vn -0.1850 -0.9565 0.2254
vn -0.2231 0.8810 0.4173
vn -0.4513 -0.2890 0.8443
vn -0.1374 0.9565 0.2571
vn -0.4691 -0.0975 0.8777
vn -0.4691 0.0975 0.8777
vn -0.1374 -0.9565 0.2571
vn -0.4513 0.2890 0.8443
vn -0.2230 -0.8810 0.4173
vn -0.4162 0.4696 0.7786
vn -0.2999 -0.7715 0.5611
vn -0.3651 0.6326 0.6831
vn -0.3651 -0.6326 0.6831
vn -0.2999 0.7715 0.5611
vn -0.4162 -0.4696 0.7786
vn -0.1374 -0.8810 0.4528
vn -0.2563 0.4696 0.8448
vn -0.1847 -0.7715 0.6088
vn -0.2248 0.6326 0.7412
vn -0.2248 -0.6326 0.7412
vn -0.1847 0.7715 0.6088
vn -0.2563 -0.4696 0.8448
vn -0.1374 0.8810 0.4528
vn -0.2779 -0.2890 0.9161
vn -0.0846 0.9565 0.2790
vn -0.2889 -0.0975 0.9524
vn -0.2889 0.0975 0.9524
vn -0.0846 -0.9565 0.2790
vn -0.2779 0.2890 0.9161
vn -0.0938 -0.2890 0.9527
vn -0.0286 0.9565 0.2902
vn -0.0975 -0.0975 0.9904
vn -0.0975 0.0975 0.9904
vn -0.0286 -0.9565 0.2902
vn -0.0938 0.2890 0.9527
vn -0.0464 -0.8810 0.4709
vn -0.0865 0.4696 0.8786
vn -0.0624 -0.7715 0.6332
vn -0.0759 0.6326 0.7708
vn -0.0759 -0.6326 0.7708
vn -0.0624 0.7715 0.6332
vn -0.0865 -0.4696 0.8786
vn -0.0464 0.8810 0.4709
vn 0.0865 0.4696 0.8786
vn 0.0624 -0.7715 0.6332
vn 0.0759 0.6326 0.7708
vn 0.0759 -0.6326 0.7708
vn 0.0624 0.7715 0.6332
vn 0.0865 -0.4696 0.8786
vn 0.0464 0.8810 0.4709
vn 0.0938 -0.2890 0.9527
vn 0.0286 0.9565 0.2902
vn 0.0975 -0.0975 0.9904
vn 0.0975 0.0975 0.9904
vn 0.0286 -0.9565 0.2902
vn 0.0938 0.2890 0.9527
vn 0.0464 -0.8810 0.4709
vn 0.0846 0.9565 0.2790
vn 0.2889 -0.0975 0.9524
vn 0.2889 0.0975 0.9524
vn 0.0846 -0.9565 0.2790
vn 0.2779 0.2890 0.9161
vn 0.1374 -0.8810 0.4528
vn 0.2563 0.4696 0.8448
vn 0.1847 -0.7715 0.6088
vn 0.2248 0.6326 0.7412
vn 0.2248 -0.6326 0.7412
vn 0.1847 0.7715 0.6088
vn 0.2563 -0.4696 0.8448
vn 0.1374 0.8810 0.4528
vn 0.2779 -0.2890 0.9161
vn 0.2999 -0.7715 0.5611
vn 0.3651 0.6326 0.6831
vn 0.3651 -0.6326 0.6831
vn 0.2999 0.7715 0.5611
vn 0.4162 -0.4696 0.7786
vn 0.2231 0.8810 0.4173
vn 0.4513 -0.2890 0.8443
vn 0.1374 0.9565 0.2571
vn 0.4691 -0.0975 0.8777
vn 0.4691 0.0975 0.8777
vn 0.1374 -0.9565 0.2571
vn 0.4513 0.2890 0.8443
vn 0.2231 -0.8810 0.4173
vn 0.4162 0.4696 0.7786
vn 0.6314 -0.0975 0.7693
vn 0.6314 0.0975 0.7693
vn 0.1850 -0.9565 0.2254
vn 0.6073 0.2890 0.7400
vn 0.3002 -0.8810 0.3658
vn 0.5601 0.4696 0.6825
vn 0.4036 -0.7715 0.4918
vn 0.4913 0.6326 0.5987
vn 0.4913 -0.6326 0.5987
vn 0.4036 0.7715 0.4918
vn 0.5601 -0.4696 0.6825
vn 0.3002 0.8810 0.3658
vn 0.6073 -0.2890 0.7400
vn 0.1850 0.9565 0.2254
vn 0.5987 0.6326 0.4913
vn 0.5987 -0.6326 0.4913
vn 0.4918 0.7715 0.4036
vn 0.6825 -0.4696 0.5601
vn 0.3658 0.8810 0.3002
vn 0.7400 -0.2890 0.6073
vn 0.2254 0.9565 0.1850
vn 0.7693 -0.0975 0.6314
vn 0.7693 0.0975 0.6314
vn 0.2254 -0.9565 0.1850
vn 0.7400 0.2890 0.6073
vn 0.3658 -0.8810 0.3002
vn 0.6825 0.4696 0.5601
vn 0.4918 -0.7715 0.4036
vn 0.8777 0.0975 0.4691
vn 0.2571 -0.9565 0.1374
vn 0.8443 0.2890 0.4513
vn 0.4173 -0.8810 0.2231
vn 0.7786 0.4696 0.4162
vn 0.5611 -0.7715 0.2999
vn 0.6831 0.6326 0.3651
vn 0.6831 -0.6326 0.3651
vn 0.5611 0.7715 0.2999
vn 0.7786 -0.4696 0.4162
vn 0.4173 0.8810 0.2231
vn 0.8443 -0.2890 0.4513
vn 0.2571 0.9565 0.1374
vn 0.8777 -0.0975 0.4691
vn 0.6088 0.7715 0.1847
vn 0.8448 -0.4696 0.2563
vn 0.4528 0.8810 0.1374
vn 0.9161 -0.2890 0.2779
vn 0.2790 0.9565 0.0846
vn 0.9524 -0.0975 0.2889
vn 0.9524 0.0975 0.2889
vn 0.2790 -0.9565 0.0846
vn 0.9161 0.2890 0.2779
vn 0.4528 -0.8810 0.1374
vn 0.8448 0.4696 0.2563
vn 0.6088 -0.7715 0.1847
vn 0.7412 0.6326 0.2248
vn 0.7412 -0.6326 0.2248
vn 0.2902 -0.9565 0.0286
vn 0.9527 0.2890 0.0938
vn 0.4709 -0.8810 0.0464
vn 0.8786 0.4696 0.0865
vn 0.6332 -0.7715 0.0624
vn 0.7708 0.6326 0.0759
vn 0.7708 -0.6326 0.0759
vn 0.6332 0.7715 0.0624
vn 0.8786 -0.4696 0.0865
vn 0.4709 0.8810 0.0464
vn 0.9527 -0.2890 0.0938
vn 0.2902 0.9565 0.0286
vn 0.9904 -0.0975 0.0976
vn 0.9904 0.0975 0.0976
vn 0.8786 -0.4696 -0.0865
vn 0.4709 0.8810 -0.0464
vn 0.9527 -0.2890 -0.0938
vn 0.2902 0.9565 -0.0286
vn 0.9904 -0.0975 -0.0975
vn 0.9904 0.0975 -0.0975
vn 0.2902 -0.9565 -0.0286
vn 0.9527 0.2890 -0.0938
vn 0.4709 -0.8810 -0.0464
vn 0.8786 0.4696 -0.0865
vn 0.6332 -0.7715 -0.0624
vn 0.7708 0.6326 -0.0759
vn 0.7708 -0.6326 -0.0759
vn 0.6332 0.7715 -0.0624
vn 0.9161 0.2890 -0.2779
vn 0.4528 -0.8810 -0.1374
vn 0.8448 0.4696 -0.2563
vn 0.6088 -0.7715 -0.1847
vn 0.7412 0.6326 -0.2248
vn 0.7412 -0.6326 -0.2248
vn 0.6088 0.7715 -0.1847
vn 0.8448 -0.4696 -0.2563
vn 0.4528 0.8810 -0.1374
vn 0.9161 -0.2890 -0.2779
vn 0.2790 0.9565 -0.0846
vn 0.9524 -0.0975 -0.2889
vn 0.9524 0.0975 -0.2889
vn 0.2790 -0.9565 -0.0846
vn 0.4173 0.8810 -0.2230
vn 0.8443 -0.2890 -0.4513
vn 0.2571 0.9565 -0.1374
vn 0.8777 -0.0975 -0.4691
vn 0.8777 0.0975 -0.4691
vn 0.2571 -0.9565 -0.1374
vn 0.8443 0.2890 -0.4513
vn 0.4173 -0.8810 -0.2230
vn 0.7786 0.4696 -0.4162
vn 0.5611 -0.7715 -0.2999
vn 0.6831 0.6326 -0.3651
vn 0.6831 -0.6326 -0.3651
vn 0.5611 0.7715 -0.2999
vn 0.7786 -0.4696 -0.4162
vn 0.3658 -0.8810 -0.3002
vn 0.6825 0.4696 -0.5601
vn 0.4918 -0.7715 -0.4036
vn 0.5987 0.6326 -0.4913
vn 0.5987 -0.6326 -0.4913
vn 0.4918 0.7715 -0.4036
vn 0.6825 -0.4696 -0.5601
vn 0.3658 0.8810 -0.3002
vn 0.7400 -0.2890 -0.6073
vn 0.2254 0.9565 -0.1850
vn 0.7693 -0.0975 -0.6314
vn 0.7693 0.0975 -0.6314
vn 0.2254 -0.9565 -0.1850
vn 0.7400 0.2890 -0.6073
vn 0.6073 -0.2890 -0.7400
vn 0.1850 0.9565 -0.2254
vn 0.6314 -0.0975 -0.7693
vn 0.6314 0.0975 -0.7693
vn 0.1850 -0.9565 -0.2254
vn 0.6073 0.2890 -0.7400
vn 0.3002 -0.8810 -0.3658
vn 0.5601 0.4696 -0.6825
vn 0.4036 -0.7715 -0.4918
vn 0.4913 0.6326 -0.5987
vn 0.4913 -0.6326 -0.5987
vn 0.4036 0.7715 -0.4918
vn 0.5601 -0.4696 -0.6825
vn 0.3002 0.8810 -0.3658
vn 0.4162 0.4696 -0.7786
vn 0.2999 -0.7715 -0.5611
vn 0.3651 0.6326 -0.6831
vn 0.3651 -0.6326 -0.6831
vn 0.2999 0.7715 -0.5611
vn 0.4162 -0.4696 -0.7786
vn 0.2231 0.8810 -0.4173
vn 0.4513 -0.2890 -0.8443
vn 0.1374 0.9565 -0.2571
vn 0.4691 -0.0975 -0.8777
vn 0.4691 0.0975 -0.8777
vn 0.1374 -0.9565 -0.2571
vn 0.4513 0.2890 -0.8443
vn 0.2231 -0.8810 -0.4173
vn 0.0846 0.9565 -0.2790
vn 0.2889 -0.0975 -0.9524
vn 0.2889 0.0975 -0.9524
vn 0.0846 -0.9565 -0.2790
vn 0.2779 0.2890 -0.9161
vn 0.1374 -0.8810 -0.4528
vn 0.2563 0.4696 -0.8448
vn 0.1847 -0.7715 -0.6088
vn 0.2248 0.6326 -0.7412
vn 0.2248 -0.6326 -0.7412
vn 0.1847 0.7715 -0.6088
vn 0.2563 -0.4696 -0.8448
vn 0.1374 0.8810 -0.4528
vn 0.2779 -0.2890 -0.9161
vn 0.0464 0.8810 -0.4709
vn 0.0938 -0.2890 -0.9527
vn 0.0286 0.9565 -0.2902
vn 0.0975 -0.0975 -0.9904
vn 0.0975 0.0975 -0.9904
vn 0.0286 -0.9565 -0.2902
vn 0.0938 0.2890 -0.9527
vn 0.0464 -0.8810 -0.4709
vn 0.0865 0.4696 -0.8786
vn 0.0624 -0.7715 -0.6332
vn 0.0759 0.6326 -0.7708
vn 0.0759 -0.6326 -0.7708
vn 0.0624 0.7715 -0.6332
vn 0.0865 -0.4696 -0.8786
vn 0.3524 0.7730 0.5275
vn 0.3525 -0.7730 0.5275
vn -0.3525 0.7730 0.5275
vn -0.5275 0.7730 -0.3525
vn -0.2628 0.8303 -0.4916
vn -0.0096 -0.9951 -0.0980
vn -0.0097 -0.9951 -0.0980
vn -0.0096 0.9951 -0.0980
vn -0.0097 0.9951 -0.0980
vn -0.0286 -0.9951 -0.0942
vn -0.0286 0.9951 -0.0942
vn -0.2230 0.8810 -0.4173
vn -0.0464 -0.9951 -0.0869
vn -0.0464 0.9951 -0.0869
vn -0.2230 -0.8810 -0.4173
vn -0.0625 -0.9951 -0.0761
vn -0.0625 0.9951 -0.0761
vn -0.0761 -0.9951 -0.0625
vn -0.0761 0.9951 -0.0625
vn -0.0869 -0.9951 -0.0464
vn -0.0869 0.9951 -0.0464
vn -0.0942 -0.9951 -0.0286
vn -0.0942 0.9951 -0.0286
vn -0.9904 -0.0975 -0.0975
vn -0.0980 -0.9951 -0.0097
vn -0.0980 0.9951 -0.0097
vn -0.9904 0.0975 -0.0975
vn -0.0980 -0.9951 0.0097
vn -0.0980 0.9951 0.0097
vn -0.0942 -0.9951 0.0286
vn -0.0942 0.9951 0.0286
vn -0.4173 0.8810 0.2231
vn -0.0869 -0.9951 0.0464
vn -0.0869 0.9951 0.0464
vn -0.0761 -0.9951 0.0625
vn -0.0761 0.9951 0.0625
vn -0.0625 -0.9951 0.0761
vn -0.0625 0.9951 0.0761
vn -0.2230 0.8810 0.4173
vn -0.0464 -0.9951 0.0869
vn -0.0464 0.9951 0.0869
vn -0.0286 -0.9951 0.0942
vn -0.0286 0.9951 0.0942
vn -0.0976 -0.0975 0.9904
vn -0.0097 -0.9951 0.0980
vn -0.0096 0.9951 0.0980
vn -0.0097 0.9951 0.0980
vn -0.0976 0.0975 0.9904
vn 0.0097 -0.9951 0.0980
vn 0.0096 0.9951 0.0980
vn 0.0097 0.9951 0.0980
vn 0.0286 -0.9951 0.0942
vn 0.0286 0.9951 0.0942
vn 0.0464 -0.9951 0.0869
vn 0.0464 0.9951 0.0869
vn 0.2230 -0.8810 0.4173
vn 0.0625 -0.9951 0.0761
vn 0.0625 0.9951 0.0761
vn 0.0761 -0.9951 0.0625
vn 0.0761 0.9951 0.0625
vn 0.0869 0.9951 0.0464
vn 0.4173 -0.8810 0.2230
vn 0.4173 0.8810 0.2230
vn 0.0869 -0.9951 0.0464
vn 0.0942 -0.9951 0.0286
vn 0.0942 0.9951 0.0286
vn 0.9904 -0.0975 0.0975
vn 0.0980 -0.9951 0.0097
vn 0.0980 0.9951 0.0097
vn 0.9904 0.0975 0.0975
vn 0.0980 -0.9951 -0.0097
vn 0.0980 0.9951 -0.0097
vn 0.0942 -0.9951 -0.0286
vn 0.0942 0.9951 -0.0286
vn 0.4173 0.8810 -0.2231
vn 0.0869 -0.9951 -0.0464
vn 0.0869 0.9951 -0.0464
vn 0.4173 -0.8810 -0.2231
vn 0.7693 -0.0976 -0.6314
vn 0.0761 -0.9951 -0.0625
vn 0.0761 0.9951 -0.0625
vn 0.7693 0.0976 -0.6314
vn 0.0625 -0.9951 -0.0761
vn 0.0625 0.9951 -0.0761
vn 0.0464 -0.9951 -0.0869
vn 0.0464 0.9951 -0.0869
vn 0.2230 -0.8810 -0.4173
vn 0.2889 -0.0976 -0.9524
vn 0.0286 -0.9951 -0.0942
vn 0.0286 0.9951 -0.0942
vn 0.2889 0.0976 -0.9524
vn 0.0976 -0.0975 -0.9904
vn 0.0975 -0.0976 -0.9904
vn 0.0097 -0.9951 -0.0980
vn 0.0096 0.9951 -0.0980
vn 0.0097 0.9951 -0.0980
vn 0.0976 0.0975 -0.9904
vn 0.0975 0.0976 -0.9904
vn 0.0976 0.0976 -0.9904
vn 0.0976 -0.0976 -0.9904
vn 0.2230 0.8810 0.4173
vn -0.2231 -0.8810 0.4173
vt 0.726562 0.359375
vt 0.726562 0.375000
vt 0.718750 0.375000
vt 0.718750 0.359375
vt 0.726562 0.796875
vt 0.726562 0.812500
vt 0.718750 0.812500
vt 0.718750 0.796875
vt 0.726562 0.296875
vt 0.726562 0.312500
vt 0.718750 0.312500
vt 0.718750 0.296875
vt 0.726562 0.734375
vt 0.726562 0.750000
vt 0.718750 0.750000
vt 0.718750 0.734375
vt 0.726562 0.234375
vt 0.726562 0.250000
vt 0.718750 0.250000
vt 0.718750 0.234375
vt 0.726562 0.671875
vt 0.726562 0.687500
vt 0.718750 0.687500
vt 0.718750 0.671875
vt 0.726562 0.171875
vt 0.726562 0.187500
vt 0.718750 0.187500
vt 0.718750 0.171875
vt 0.726562 0.609375
vt 0.726562 0.625000
vt 0.718750 0.625000
vt 0.718750 0.609375
vt 0.726562 0.109375
vt 0.726562 0.125000
vt 0.718750 0.125000
vt 0.718750 0.109375
vt 0.726562 0.546875
vt 0.726562 0.562500
vt 0.718750 0.562500
vt 0.718750 0.546875
vt 0.750000 0.937500
vt 0.746094 0.953125
vt 0.742188 0.937500
vt 0.734375 0.000000
vt 0.738281 0.015625
vt 0.730469 0.015625
vt 0.726562 0.484375
vt 0.726562 0.500000
vt 0.718750 0.500000
vt 0.718750 0.484375
vt 0.726562 0.921875
vt 0.726562 0.937500
vt 0.718750 0.937500
vt 0.718750 0.921875
vt 0.726562 0.421875
vt 0.726562 0.437500
vt 0.718750 0.437500
vt 0.718750 0.421875
vt 0.726562 0.859375
vt 0.726562 0.875000
vt 0.718750 0.875000
vt 0.718750 0.859375
vt 0.695312 0.421875
vt 0.695312 0.437500
vt 0.687500 0.437500
vt 0.687500 0.421875
vt 0.695312 0.859375
vt 0.695312 0.875000
vt 0.687500 0.875000
vt 0.687500 0.859375
vt 0.695312 0.359375
vt 0.695312 0.375000
vt 0.687500 0.375000
vt 0.687500 0.359375
vt 0.695312 0.796875
vt 0.695312 0.812500
vt 0.687500 0.812500
vt 0.687500 0.796875
vt 0.695312 0.296875
vt 0.695312 0.312500
vt 0.687500 0.312500
vt 0.687500 0.296875
vt 0.695312 0.734375
vt 0.695312 0.750000
vt 0.687500 0.750000
vt 0.687500 0.734375
vt 0.695312 0.234375
vt 0.695312 0.250000
vt 0.687500 0.250000
vt 0.687500 0.234375
vt 0.695312 0.671875
vt 0.695312 0.687500
vt 0.687500 0.687500
vt 0.687500 0.671875
vt 0.695312 0.171875
vt 0.695312 0.187500
vt 0.687500 0.187500
vt 0.687500 0.171875
vt 0.695312 0.609375
vt 0.695312 0.625000
vt 0.687500 0.625000
vt 0.687500 0.609375
vt 0.695312 0.109375
vt 0.695312 0.125000
vt 0.687500 0.125000
vt 0.687500 0.109375
vt 0.695312 0.546875
vt 0.695312 0.562500
vt 0.687500 0.562500
vt 0.687500 0.546875
vt 0.714844 0.953125
vt 0.710938 0.937500
vt 0.703125 0.000000
vt 0.707031 0.015625
vt 0.699219 0.015625
vt 0.695312 0.484375
vt 0.695312 0.500000
vt 0.687500 0.500000
vt 0.687500 0.484375
vt 0.695312 0.921875
vt 0.695312 0.937500
vt 0.687500 0.937500
vt 0.687500 0.921875
vt 0.664062 0.171875
vt 0.664062 0.187500
vt 0.656250 0.187500
vt 0.656250 0.171875
vt 0.664062 0.609375
vt 0.664062 0.625000
vt 0.656250 0.625000
vt 0.656250 0.609375
vt 0.664062 0.109375
vt 0.664062 0.125000
vt 0.656250 0.125000
vt 0.656250 0.109375
vt 0.664062 0.546875
vt 0.664062 0.562500
vt 0.656250 0.562500
vt 0.656250 0.546875
vt 0.683594 0.953125
vt 0.679688 0.937500
vt 0.671875 0.000000
vt 0.675781 0.015625
vt 0.667969 0.015625
vt 0.664062 0.484375
vt 0.664062 0.500000
vt 0.656250 0.500000
vt 0.656250 0.484375
vt 0.664062 0.921875
vt 0.664062 0.937500
vt 0.656250 0.937500
vt 0.656250 0.921875
vt 0.664062 0.421875
vt 0.664062 0.437500
vt 0.656250 0.437500
vt 0.656250 0.421875
vt 0.664062 0.859375
vt 0.664062 0.875000
vt 0.656250 0.875000
vt 0.656250 0.859375
vt 0.664062 0.359375
vt 0.664062 0.375000
vt 0.656250 0.375000
vt 0.656250 0.359375
vt 0.664062 0.796875
vt 0.664062 0.812500
vt 0.656250 0.812500
vt 0.656250 0.796875
vt 0.664062 0.296875
vt 0.664062 0.312500
vt 0.656250 0.312500
vt 0.656250 0.296875
vt 0.664062 0.734375
vt 0.664062 0.750000
vt 0.656250 0.750000
vt 0.656250 0.734375
vt 0.664062 0.234375
vt 0.664062 0.250000
vt 0.656250 0.250000
vt 0.656250 0.234375
vt 0.664062 0.671875
vt 0.664062 0.687500
vt 0.656250 0.687500
vt 0.656250 0.671875
vt 0.632812 0.859375
vt 0.632812 0.875000
vt 0.625000 0.875000
vt 0.625000 0.859375
vt 0.632812 0.359375
vt 0.632812 0.375000
vt 0.625000 0.375000
vt 0.625000 0.359375
vt 0.632812 0.796875
vt 0.632812 0.812500
vt 0.625000 0.812500
vt 0.625000 0.796875
vt 0.632812 0.296875
vt 0.632812 0.312500
vt 0.625000 0.312500
vt 0.625000 0.296875
vt 0.632812 0.734375
vt 0.632812 0.750000
vt 0.625000 0.750000
vt 0.625000 0.734375
vt 0.632812 0.234375
vt 0.632812 0.250000
vt 0.625000 0.250000
vt 0.625000 0.234375
vt 0.632812 0.671875
vt 0.632812 0.687500
vt 0.625000 0.687500
vt 0.625000 0.671875
vt 0.632812 0.171875
vt 0.632812 0.187500
vt 0.625000 0.187500
vt 0.625000 0.171875
vt 0.632812 0.609375
vt 0.632812 0.625000
vt 0.625000 0.625000
vt 0.625000 0.609375
vt 0.632812 0.109375
vt 0.632812 0.125000
vt 0.625000 0.125000
vt 0.625000 0.109375
vt 0.632812 0.546875
vt 0.632812 0.562500
vt 0.625000 0.562500
vt 0.625000 0.546875
vt 0.652344 0.953125
vt 0.648438 0.937500
vt 0.640625 0.000000
vt 0.644531 0.015625
vt 0.636719 0.015625
vt 0.632812 0.484375
vt 0.632812 0.500000
vt 0.625000 0.500000
vt 0.625000 0.484375
vt 0.632812 0.921875
vt 0.632812 0.937500
vt 0.625000 0.937500
vt 0.625000 0.921875
vt 0.632812 0.421875
vt 0.632812 0.437500
vt 0.625000 0.437500
vt 0.625000 0.421875
vt 0.601562 0.609375
vt 0.601562 0.625000
vt 0.593750 0.625000
vt 0.593750 0.609375
vt 0.601562 0.109375
vt 0.601562 0.125000
vt 0.593750 0.125000
vt 0.593750 0.109375
vt 0.601562 0.546875
vt 0.601562 0.562500
vt 0.593750 0.562500
vt 0.593750 0.546875
vt 0.621094 0.953125
vt 0.617188 0.937500
vt 0.609375 0.000000
vt 0.613281 0.015625
vt 0.605469 0.015625
vt 0.601562 0.484375
vt 0.601562 0.500000
vt 0.593750 0.500000
vt 0.593750 0.484375
vt 0.601562 0.921875
vt 0.601562 0.937500
vt 0.593750 0.937500
vt 0.593750 0.921875
vt 0.601562 0.421875
vt 0.601562 0.437500
vt 0.593750 0.437500
vt 0.593750 0.421875
vt 0.601562 0.859375
vt 0.601562 0.875000
vt 0.593750 0.875000
vt 0.593750 0.859375
vt 0.601562 0.359375
vt 0.601562 0.375000
vt 0.593750 0.375000
vt 0.593750 0.359375
vt 0.601562 0.796875
vt 0.601562 0.812500
vt 0.593750 0.812500
vt 0.593750 0.796875
vt 0.601562 0.296875
vt 0.601562 0.312500
vt 0.593750 0.312500
vt 0.593750 0.296875
vt 0.601562 0.734375
vt 0.601562 0.750000
vt 0.593750 0.750000
vt 0.593750 0.734375
vt 0.601562 0.234375
vt 0.601562 0.250000
vt 0.593750 0.250000
vt 0.593750 0.234375
vt 0.601562 0.671875
vt 0.601562 0.687500
vt 0.593750 0.687500
vt 0.593750 0.671875
vt 0.601562 0.171875
vt 0.601562 0.187500
vt 0.593750 0.187500
vt 0.593750 0.171875
vt 0.570312 0.359375
vt 0.570312 0.375000
vt 0.562500 0.375000
vt 0.562500 0.359375
vt 0.570312 0.796875
vt 0.570312 0.812500
vt 0.562500 0.812500
vt 0.562500 0.796875
vt 0.570312 0.296875
vt 0.570312 0.312500
vt 0.562500 0.312500
vt 0.562500 0.296875
vt 0.570312 0.734375
vt 0.570312 0.750000
vt 0.562500 0.750000
vt 0.562500 0.734375
vt 0.570312 0.234375
vt 0.570312 0.250000
vt 0.562500 0.250000
vt 0.562500 0.234375
vt 0.570312 0.671875
vt 0.570312 0.687500
vt 0.562500 0.687500
vt 0.562500 0.671875
vt 0.570312 0.171875
vt 0.570312 0.187500
vt 0.562500 0.187500
vt 0.562500 0.171875
vt 0.570312 0.609375
vt 0.570312 0.625000
vt 0.562500 0.625000
vt 0.562500 0.609375
vt 0.570312 0.109375
vt 0.570312 0.125000
vt 0.562500 0.125000
vt 0.562500 0.109375
vt 0.570312 0.546875
vt 0.570312 0.562500
vt 0.562500 0.562500
vt 0.562500 0.546875
vt 0.589844 0.953125
vt 0.585938 0.937500
vt 0.578125 0.000000
vt 0.582031 0.015625
vt 0.574219 0.015625
vt 0.570312 0.484375
vt 0.570312 0.500000
vt 0.562500 0.500000
vt 0.562500 0.484375
vt 0.570312 0.921875
vt 0.570312 0.937500
vt 0.562500 0.937500
vt 0.562500 0.921875
vt 0.570312 0.421875
vt 0.570312 0.437500
vt 0.562500 0.437500
vt 0.562500 0.421875
vt 0.570312 0.859375
vt 0.570312 0.875000
vt 0.562500 0.875000
vt 0.562500 0.859375
vt 0.539062 0.109375
vt 0.539062 0.125000
vt 0.531250 0.125000
vt 0.531250 0.109375
vt 0.539062 0.546875
vt 0.539062 0.562500
vt 0.531250 0.562500
vt 0.531250 0.546875
vt 0.558594 0.953125
vt 0.554688 0.937500
vt 0.546875 0.000000
vt 0.550781 0.015625
vt 0.542969 0.015625
vt 0.539062 0.484375
vt 0.539062 0.500000
vt 0.531250 0.500000
vt 0.531250 0.484375
vt 0.539062 0.921875
vt 0.539062 0.937500
vt 0.531250 0.937500
vt 0.531250 0.921875
vt 0.539062 0.421875
vt 0.539062 0.437500
vt 0.531250 0.437500
vt 0.531250 0.421875
vt 0.539062 0.859375
vt 0.539062 0.875000
vt 0.531250 0.875000
vt 0.531250 0.859375
vt 0.539062 0.359375
vt 0.539062 0.375000
vt 0.531250 0.375000
vt 0.531250 0.359375
vt 0.539062 0.796875
vt 0.539062 0.812500
vt 0.531250 0.812500
vt 0.531250 0.796875
vt 0.539062 0.296875
vt 0.539062 0.312500
vt 0.531250 0.312500
vt 0.531250 0.296875
vt 0.539062 0.734375
vt 0.539062 0.750000
vt 0.531250 0.750000
vt 0.531250 0.734375
vt 0.539062 0.234375
vt 0.539062 0.250000
vt 0.531250 0.250000
vt 0.531250 0.234375
vt 0.539062 0.671875
vt 0.539062 0.687500
vt 0.531250 0.687500
vt 0.531250 0.671875
vt 0.539062 0.171875
vt 0.539062 0.187500
vt 0.531250 0.187500
vt 0.531250 0.171875
vt 0.539062 0.609375
vt 0.539062 0.625000
vt 0.531250 0.625000
vt 0.531250 0.609375
vt 0.507812 0.796875
vt 0.507812 0.812500
vt 0.500000 0.812500
vt 0.500000 0.796875
vt 0.507812 0.296875
vt 0.507812 0.312500
vt 0.500000 0.312500
vt 0.500000 0.296875
vt 0.507812 0.734375
vt 0.507812 0.750000
vt 0.500000 0.750000
vt 0.500000 0.734375
vt 0.507812 0.234375
vt 0.507812 0.250000
vt 0.500000 0.250000
vt 0.500000 0.234375
vt 0.507812 0.671875
vt 0.507812 0.687500
vt 0.500000 0.687500
vt 0.500000 0.671875
vt 0.507812 0.171875
vt 0.507812 0.187500
vt 0.500000 0.187500
vt 0.500000 0.171875
vt 0.507812 0.609375
vt 0.507812 0.625000
vt 0.500000 0.625000
vt 0.500000 0.609375
vt 0.507812 0.109375
vt 0.507812 0.125000
vt 0.500000 0.125000
vt 0.500000 0.109375
vt 0.507812 0.546875
vt 0.507812 0.562500
vt 0.500000 0.562500
vt 0.500000 0.546875
vt 0.527344 0.953125
vt 0.523438 0.937500
vt 0.515625 0.000000
vt 0.519531 0.015625
vt 0.511719 0.015625
vt 0.507812 0.484375
vt 0.507812 0.500000
vt 0.500000 0.500000
vt 0.500000 0.484375
vt 0.507812 0.921875
vt 0.507812 0.937500
vt 0.500000 0.937500
vt 0.500000 0.921875
vt 0.507812 0.421875
vt 0.507812 0.437500
vt 0.500000 0.437500
vt 0.500000 0.421875
vt 0.507812 0.859375
vt 0.507812 0.875000
vt 0.500000 0.875000
vt 0.500000 0.859375
vt 0.507812 0.359375
vt 0.507812 0.375000
vt 0.500000 0.375000
vt 0.500000 0.359375
vt 0.476562 0.546875
vt 0.476562 0.562500
vt 0.468750 0.562500
vt 0.468750 0.546875
vt 0.496094 0.953125
vt 0.492188 0.937500
vt 0.484375 0.000000
vt 0.488281 0.015625
vt 0.480469 0.015625
vt 0.476562 0.484375
vt 0.476562 0.500000
vt 0.468750 0.500000
vt 0.468750 0.484375
vt 0.476562 0.921875
vt 0.476562 0.937500
vt 0.468750 0.937500
vt 0.468750 0.921875
vt 0.476562 0.421875
vt 0.476562 0.437500
vt 0.468750 0.437500
vt 0.468750 0.421875
vt 0.476562 0.859375
vt 0.476562 0.875000
vt 0.468750 0.875000
vt 0.468750 0.859375
vt 0.476562 0.359375
vt 0.476562 0.375000
vt 0.468750 0.375000
vt 0.468750 0.359375
vt 0.476562 0.796875
vt 0.476562 0.812500
vt 0.468750 0.812500
vt 0.468750 0.796875
vt 0.476562 0.296875
vt 0.476562 0.312500
vt 0.468750 0.312500
vt 0.468750 0.296875
vt 0.476562 0.734375
vt 0.476562 0.750000
vt 0.468750 0.750000
vt 0.468750 0.734375
vt 0.476562 0.234375
vt 0.476562 0.250000
vt 0.468750 0.250000
vt 0.468750 0.234375
vt 0.476562 0.671875
vt 0.476562 0.687500
vt 0.468750 0.687500
vt 0.468750 0.671875
vt 0.476562 0.171875
vt 0.476562 0.187500
vt 0.468750 0.187500
vt 0.468750 0.171875
vt 0.476562 0.609375
vt 0.476562 0.625000
vt 0.468750 0.625000
vt 0.468750 0.609375
vt 0.476562 0.109375
vt 0.476562 0.125000
vt 0.468750 0.125000
vt 0.468750 0.109375
vt 0.445312 0.296875
vt 0.445312 0.312500
vt 0.437500 0.312500
vt 0.437500 0.296875
vt 0.445312 0.734375
vt 0.445312 0.750000
vt 0.437500 0.750000
vt 0.437500 0.734375
vt 0.445312 0.234375
vt 0.445312 0.250000
vt 0.437500 0.250000
vt 0.437500 0.234375
vt 0.445312 0.671875
vt 0.445312 0.687500
vt 0.437500 0.687500
vt 0.437500 0.671875
vt 0.445312 0.171875
vt 0.445312 0.187500
vt 0.437500 0.187500
vt 0.437500 0.171875
vt 0.445312 0.609375
vt 0.445312 0.625000
vt 0.437500 0.625000
vt 0.437500 0.609375
vt 0.445312 0.109375
vt 0.445312 0.125000
vt 0.437500 0.125000
vt 0.437500 0.109375
vt 0.445312 0.546875
vt 0.445312 0.562500
vt 0.437500 0.562500
vt 0.437500 0.546875
vt 0.464844 0.953125
vt 0.460938 0.937500
vt 0.453125 0.000000
vt 0.457031 0.015625
vt 0.449219 0.015625
vt 0.445312 0.484375
vt 0.445312 0.500000
vt 0.437500 0.500000
vt 0.437500 0.484375
vt 0.445312 0.921875
vt 0.445312 0.937500
vt 0.437500 0.937500
vt 0.437500 0.921875
vt 0.445312 0.421875
vt 0.445312 0.437500
vt 0.437500 0.437500
vt 0.437500 0.421875
vt 0.445312 0.859375
vt 0.445312 0.875000
vt 0.437500 0.875000
vt 0.437500 0.859375
vt 0.445312 0.359375
vt 0.445312 0.375000
vt 0.437500 0.375000
vt 0.437500 0.359375
vt 0.445312 0.796875
vt 0.445312 0.812500
vt 0.437500 0.812500
vt 0.437500 0.796875
vt 0.421875 0.000000
vt 0.425781 0.015625
vt 0.417969 0.015625
vt 0.414062 0.484375
vt 0.414062 0.500000
vt 0.406250 0.500000
vt 0.406250 0.484375
vt 0.414062 0.921875
vt 0.414062 0.937500
vt 0.406250 0.937500
vt 0.406250 0.921875
vt 0.414062 0.421875
vt 0.414062 0.437500
vt 0.406250 0.437500
vt 0.406250 0.421875
vt 0.414062 0.859375
vt 0.414062 0.875000
vt 0.406250 0.875000
vt 0.406250 0.859375
vt 0.414062 0.359375
vt 0.414062 0.375000
vt 0.406250 0.375000
vt 0.406250 0.359375
vt 0.414062 0.796875
vt 0.414062 0.812500
vt 0.406250 0.812500
vt 0.406250 0.796875
vt 0.414062 0.296875
vt 0.414062 0.312500
vt 0.406250 0.312500
vt 0.406250 0.296875
vt 0.414062 0.734375
vt 0.414062 0.750000
vt 0.406250 0.750000
vt 0.406250 0.734375
vt 0.414062 0.234375
vt 0.414062 0.250000
vt 0.406250 0.250000
vt 0.406250 0.234375
vt 0.414062 0.671875
vt 0.414062 0.687500
vt 0.406250 0.687500
vt 0.406250 0.671875
vt 0.414062 0.171875
vt 0.414062 0.187500
vt 0.406250 0.187500
vt 0.406250 0.171875
vt 0.414062 0.609375
vt 0.414062 0.625000
vt 0.406250 0.625000
vt 0.406250 0.609375
vt 0.414062 0.109375
vt 0.414062 0.125000
vt 0.406250 0.125000
vt 0.406250 0.109375
vt 0.414062 0.546875
vt 0.414062 0.562500
vt 0.406250 0.562500
vt 0.406250 0.546875
vt 0.433594 0.953125
vt 0.429688 0.937500
vt 0.382812 0.234375
vt 0.382812 0.250000
vt 0.375000 0.250000
vt 0.375000 0.234375
vt 0.382812 0.671875
vt 0.382812 0.687500
vt 0.375000 0.687500
vt 0.375000 0.671875
vt 0.382812 0.171875
vt 0.382812 0.187500
vt 0.375000 0.187500
vt 0.375000 0.171875
vt 0.382812 0.609375
vt 0.382812 0.625000
vt 0.375000 0.625000
vt 0.375000 0.609375
vt 0.382812 0.109375
vt 0.382812 0.125000
vt 0.375000 0.125000
vt 0.375000 0.109375
vt 0.382812 0.546875
vt 0.382812 0.562500
vt 0.375000 0.562500
vt 0.375000 0.546875
vt 0.402344 0.953125
vt 0.398438 0.937500
vt 0.390625 0.000000
vt 0.394531 0.015625
vt 0.386719 0.015625
vt 0.382812 0.484375
vt 0.382812 0.500000
vt 0.375000 0.500000
vt 0.375000 0.484375
vt 0.382812 0.921875
vt 0.382812 0.937500
vt 0.375000 0.937500
vt 0.375000 0.921875
vt 0.382812 0.421875
vt 0.382812 0.437500
vt 0.375000 0.437500
vt 0.375000 0.421875
vt 0.382812 0.859375
vt 0.382812 0.875000
vt 0.375000 0.875000
vt 0.375000 0.859375
vt 0.382812 0.359375
vt 0.382812 0.375000
vt 0.375000 0.375000
vt 0.375000 0.359375
vt 0.382812 0.796875
vt 0.382812 0.812500
vt 0.375000 0.812500
vt 0.375000 0.796875
vt 0.382812 0.296875
vt 0.382812 0.312500
vt 0.375000 0.312500
vt 0.375000 0.296875
vt 0.382812 0.734375
vt 0.382812 0.750000
vt 0.375000 0.750000
vt 0.375000 0.734375
vt 0.351562 0.921875
vt 0.351562 0.937500
vt 0.343750 0.937500
vt 0.343750 0.921875
vt 0.351562 0.421875
vt 0.351562 0.437500
vt 0.343750 0.437500
vt 0.343750 0.421875
vt 0.351562 0.859375
vt 0.351562 0.875000
vt 0.343750 0.875000
vt 0.343750 0.859375
vt 0.351562 0.359375
vt 0.351562 0.375000
vt 0.343750 0.375000
vt 0.343750 0.359375
vt 0.351562 0.796875
vt 0.351562 0.812500
vt 0.343750 0.812500
vt 0.343750 0.796875
vt 0.351562 0.296875
vt 0.351562 0.312500
vt 0.343750 0.312500
vt 0.343750 0.296875
vt 0.351562 0.734375
vt 0.351562 0.750000
vt 0.343750 0.750000
vt 0.343750 0.734375
vt 0.351562 0.234375
vt 0.351562 0.250000
vt 0.343750 0.250000
vt 0.343750 0.234375
vt 0.351562 0.671875
vt 0.351562 0.687500
vt 0.343750 0.687500
vt 0.343750 0.671875
vt 0.351562 0.171875
vt 0.351562 0.187500
vt 0.343750 0.187500
vt 0.343750 0.171875
vt 0.351562 0.609375
vt 0.351562 0.625000
vt 0.343750 0.625000
vt 0.343750 0.609375
vt 0.351562 0.109375
vt 0.351562 0.125000
vt 0.343750 0.125000
vt 0.343750 0.109375
vt 0.351562 0.546875
vt 0.351562 0.562500
vt 0.343750 0.562500
vt 0.343750 0.546875
vt 0.371094 0.953125
vt 0.367188 0.937500
vt 0.359375 0.000000
vt 0.363281 0.015625
vt 0.355469 0.015625
vt 0.351562 0.484375
vt 0.351562 0.500000
vt 0.343750 0.500000
vt 0.343750 0.484375
vt 0.320312 0.671875
vt 0.320312 0.687500
vt 0.312500 0.687500
vt 0.312500 0.671875
vt 0.320312 0.171875
vt 0.320312 0.187500
vt 0.312500 0.187500
vt 0.312500 0.171875
vt 0.320312 0.609375
vt 0.320312 0.625000
vt 0.312500 0.625000
vt 0.312500 0.609375
vt 0.320312 0.109375
vt 0.320312 0.125000
vt 0.312500 0.125000
vt 0.312500 0.109375
vt 0.320312 0.546875
vt 0.320312 0.562500
vt 0.312500 0.562500
vt 0.312500 0.546875
vt 0.339844 0.953125
vt 0.335938 0.937500
vt 0.328125 0.000000
vt 0.332031 0.015625
vt 0.324219 0.015625
vt 0.320312 0.484375
vt 0.320312 0.500000
vt 0.312500 0.500000
vt 0.312500 0.484375
vt 0.320312 0.921875
vt 0.320312 0.937500
vt 0.312500 0.937500
vt 0.312500 0.921875
vt 0.320312 0.421875
vt 0.320312 0.437500
vt 0.312500 0.437500
vt 0.312500 0.421875
vt 0.320312 0.859375
vt 0.320312 0.875000
vt 0.312500 0.875000
vt 0.312500 0.859375
vt 0.320312 0.359375
vt 0.320312 0.375000
vt 0.312500 0.375000
vt 0.312500 0.359375
vt 0.320312 0.796875
vt 0.320312 0.812500
vt 0.312500 0.812500
vt 0.312500 0.796875
vt 0.320312 0.296875
vt 0.320312 0.312500
vt 0.312500 0.312500
vt 0.312500 0.296875
vt 0.320312 0.734375
vt 0.320312 0.750000
vt 0.312500 0.750000
vt 0.312500 0.734375
vt 0.320312 0.234375
vt 0.320312 0.250000
vt 0.312500 0.250000
vt 0.312500 0.234375
vt 0.289062 0.421875
vt 0.289062 0.437500
vt 0.281250 0.437500
vt 0.281250 0.421875
vt 0.289062 0.859375
vt 0.289062 0.875000
vt 0.281250 0.875000
vt 0.281250 0.859375
vt 0.289062 0.359375
vt 0.289062 0.375000
vt 0.281250 0.375000
vt 0.281250 0.359375
vt 0.289062 0.796875
vt 0.289062 0.812500
vt 0.281250 0.812500
vt 0.281250 0.796875
vt 0.289062 0.296875
vt 0.289062 0.312500
vt 0.281250 0.312500
vt 0.281250 0.296875
vt 0.289062 0.734375
vt 0.289062 0.750000
vt 0.281250 0.750000
vt 0.281250 0.734375
vt 0.289062 0.234375
vt 0.289062 0.250000
vt 0.281250 0.250000
vt 0.281250 0.234375
vt 0.289062 0.671875
vt 0.289062 0.687500
vt 0.281250 0.687500
vt 0.281250 0.671875
vt 0.289062 0.171875
vt 0.289062 0.187500
vt 0.281250 0.187500
vt 0.281250 0.171875
vt 0.289062 0.609375
vt 0.289062 0.625000
vt 0.281250 0.625000
vt 0.281250 0.609375
vt 0.289062 0.109375
vt 0.289062 0.125000
vt 0.281250 0.125000
vt 0.281250 0.109375
vt 0.289062 0.546875
vt 0.289062 0.562500
vt 0.281250 0.562500
vt 0.281250 0.546875
vt 0.308594 0.953125
vt 0.304688 0.937500
vt 0.296875 0.000000
vt 0.300781 0.015625
vt 0.292969 0.015625
vt 0.289062 0.484375
vt 0.289062 0.500000
vt 0.281250 0.500000
vt 0.281250 0.484375
vt 0.289062 0.921875
vt 0.289062 0.937500
vt 0.281250 0.937500
vt 0.281250 0.921875
vt 0.257812 0.171875
vt 0.257812 0.187500
vt 0.250000 0.187500
vt 0.250000 0.171875
vt 0.257812 0.609375
vt 0.257812 0.625000
vt 0.250000 0.625000
vt 0.250000 0.609375
vt 0.257812 0.109375
vt 0.257812 0.125000
vt 0.250000 0.125000
vt 0.250000 0.109375
vt 0.257812 0.546875
vt 0.257812 0.562500
vt 0.250000 0.562500
vt 0.250000 0.546875
vt 0.277344 0.953125
vt 0.273438 0.937500
vt 0.265625 0.000000
vt 0.269531 0.015625
vt 0.261719 0.015625
vt 0.257812 0.484375
vt 0.257812 0.500000
vt 0.250000 0.500000
vt 0.250000 0.484375
vt 0.257812 0.921875
vt 0.257812 0.937500
vt 0.250000 0.937500
vt 0.250000 0.921875
vt 0.257812 0.421875
vt 0.257812 0.437500
vt 0.250000 0.437500
vt 0.250000 0.421875
vt 0.257812 0.859375
vt 0.257812 0.875000
vt 0.250000 0.875000
vt 0.250000 0.859375
vt 0.257812 0.359375
vt 0.257812 0.375000
vt 0.250000 0.375000
vt 0.250000 0.359375
vt 0.257812 0.796875
vt 0.257812 0.812500
vt 0.250000 0.812500
vt 0.250000 0.796875
vt 0.257812 0.296875
vt 0.257812 0.312500
vt 0.250000 0.312500
vt 0.250000 0.296875
vt 0.257812 0.734375
vt 0.257812 0.750000
vt 0.250000 0.750000
vt 0.250000 0.734375
vt 0.257812 0.234375
vt 0.257812 0.250000
vt 0.250000 0.250000
vt 0.250000 0.234375
vt 0.257812 0.671875
vt 0.257812 0.687500
vt 0.250000 0.687500
vt 0.250000 0.671875
vt 0.226562 0.859375
vt 0.226562 0.875000
vt 0.218750 0.875000
vt 0.218750 0.859375
vt 0.226562 0.359375
vt 0.226562 0.375000
vt 0.218750 0.375000
vt 0.218750 0.359375
vt 0.226562 0.796875
vt 0.226562 0.812500
vt 0.218750 0.812500
vt 0.218750 0.796875
vt 0.226562 0.296875
vt 0.226562 0.312500
vt 0.218750 0.312500
vt 0.218750 0.296875
vt 0.226562 0.734375
vt 0.226562 0.750000
vt 0.218750 0.750000
vt 0.218750 0.734375
vt 0.226562 0.234375
vt 0.226562 0.250000
vt 0.218750 0.250000
vt 0.218750 0.234375
vt 0.226562 0.671875
vt 0.226562 0.687500
vt 0.218750 0.687500
vt 0.218750 0.671875
vt 0.226562 0.171875
vt 0.226562 0.187500
vt 0.218750 0.187500
vt 0.218750 0.171875
vt 0.226562 0.609375
vt 0.226562 0.625000
vt 0.218750 0.625000
vt 0.218750 0.609375
vt 0.226562 0.109375
vt 0.226562 0.125000
vt 0.218750 0.125000
vt 0.218750 0.109375
vt 0.226562 0.546875
vt 0.226562 0.562500
vt 0.218750 0.562500
vt 0.218750 0.546875
vt 0.246094 0.953125
vt 0.242188 0.937500
vt 0.234375 0.000000
vt 0.238281 0.015625
vt 0.230469 0.015625
vt 0.226562 0.484375
vt 0.226562 0.500000
vt 0.218750 0.500000
vt 0.218750 0.484375
vt 0.226562 0.921875
vt 0.226562 0.937500
vt 0.218750 0.937500
vt 0.218750 0.921875
vt 0.226562 0.421875
vt 0.226562 0.437500
vt 0.218750 0.437500
vt 0.218750 0.421875
vt 0.195312 0.609375
vt 0.195312 0.625000
vt 0.187500 0.625000
vt 0.187500 0.609375
vt 0.195312 0.109375
vt 0.195312 0.125000
vt 0.187500 0.125000
vt 0.187500 0.109375
vt 0.195312 0.546875
vt 0.195312 0.562500
vt 0.187500 0.562500
vt 0.187500 0.546875
vt 0.214844 0.953125
vt 0.210938 0.937500
vt 0.203125 0.000000
vt 0.207031 0.015625
vt 0.199219 0.015625
vt 0.195312 0.484375
vt 0.195312 0.500000
vt 0.187500 0.500000
vt 0.187500 0.484375
vt 0.195312 0.921875
vt 0.195312 0.937500
vt 0.187500 0.937500
vt 0.187500 0.921875
vt 0.195312 0.421875
vt 0.195312 0.437500
vt 0.187500 0.437500
vt 0.187500 0.421875
vt 0.195312 0.859375
vt 0.195312 0.875000
vt 0.187500 0.875000
vt 0.187500 0.859375
vt 0.195312 0.359375
vt 0.195312 0.375000
vt 0.187500 0.375000
vt 0.187500 0.359375
vt 0.195312 0.796875
vt 0.195312 0.812500
vt 0.187500 0.812500
vt 0.187500 0.796875
vt 0.195312 0.296875
vt 0.195312 0.312500
vt 0.187500 0.312500
vt 0.187500 0.296875
vt 0.195312 0.734375
vt 0.195312 0.750000
vt 0.187500 0.750000
vt 0.187500 0.734375
vt 0.195312 0.234375
vt 0.195312 0.250000
vt 0.187500 0.250000
vt 0.187500 0.234375
vt 0.195312 0.671875
vt 0.195312 0.687500
vt 0.187500 0.687500
vt 0.187500 0.671875
vt 0.195312 0.171875
vt 0.195312 0.187500
vt 0.187500 0.187500
vt 0.187500 0.171875
vt 0.164062 0.359375
vt 0.164063 0.375000
vt 0.156250 0.375000
vt 0.156250 0.359375
vt 0.164062 0.796875
vt 0.164062 0.812500
vt 0.156250 0.812500
vt 0.156250 0.796875
vt 0.164062 0.296875
vt 0.164062 0.312500
vt 0.156250 0.312500
vt 0.156250 0.296875
vt 0.164062 0.734375
vt 0.164062 0.750000
vt 0.156250 0.750000
vt 0.156250 0.734375
vt 0.164062 0.234375
vt 0.164062 0.250000
vt 0.156250 0.250000
vt 0.156250 0.234375
vt 0.164062 0.671875
vt 0.164062 0.687500
vt 0.156250 0.687500
vt 0.156250 0.671875
vt 0.164062 0.171875
vt 0.164062 0.187500
vt 0.156250 0.187500
vt 0.156250 0.171875
vt 0.164062 0.609375
vt 0.164063 0.625000
vt 0.156250 0.625000
vt 0.156250 0.609375
vt 0.164062 0.109375
vt 0.164062 0.125000
vt 0.156250 0.125000
vt 0.156250 0.109375
vt 0.164062 0.546875
vt 0.164062 0.562500
vt 0.156250 0.562500
vt 0.156250 0.546875
vt 0.183594 0.953125
vt 0.179688 0.937500
vt 0.171875 0.000000
vt 0.175781 0.015625
vt 0.167969 0.015625
vt 0.164062 0.484375
vt 0.164062 0.500000
vt 0.156250 0.500000
vt 0.156250 0.484375
vt 0.164062 0.921875
vt 0.164063 0.937500
vt 0.156250 0.937500
vt 0.156250 0.921875
vt 0.164062 0.421875
vt 0.164062 0.437500
vt 0.156250 0.437500
vt 0.156250 0.421875
vt 0.164062 0.859375
vt 0.164062 0.875000
vt 0.156250 0.875000
vt 0.156250 0.859375
vt 0.132812 0.109375
vt 0.132812 0.125000
vt 0.125000 0.125000
vt 0.125000 0.109375
vt 0.132812 0.546875
vt 0.132812 0.562500
vt 0.125000 0.562500
vt 0.125000 0.546875
vt 0.152344 0.953125
vt 0.148438 0.937500
vt 0.140625 0.000000
vt 0.144531 0.015625
vt 0.136719 0.015625
vt 0.132812 0.484375
vt 0.132812 0.500000
vt 0.125000 0.500000
vt 0.125000 0.484375
vt 0.132812 0.921875
vt 0.132812 0.937500
vt 0.125000 0.937500
vt 0.125000 0.921875
vt 0.132812 0.421875
vt 0.132812 0.437500
vt 0.125000 0.437500
vt 0.125000 0.421875
vt 0.132812 0.859375
vt 0.132812 0.875000
vt 0.125000 0.875000
vt 0.125000 0.859375
vt 0.132812 0.359375
vt 0.132812 0.375000
vt 0.125000 0.375000
vt 0.125000 0.359375
vt 0.132812 0.796875
vt 0.132812 0.812500
vt 0.125000 0.812500
vt 0.125000 0.796875
vt 0.132812 0.296875
vt 0.132812 0.312500
vt 0.125000 0.312500
vt 0.125000 0.296875
vt 0.132812 0.734375
vt 0.132812 0.750000
vt 0.125000 0.750000
vt 0.125000 0.734375
vt 0.132812 0.234375
vt 0.132812 0.250000
vt 0.125000 0.250000
vt 0.125000 0.234375
vt 0.132812 0.671875
vt 0.132812 0.687500
vt 0.125000 0.687500
vt 0.125000 0.671875
vt 0.132812 0.171875
vt 0.132812 0.187500
vt 0.125000 0.187500
vt 0.125000 0.171875
vt 0.132812 0.609375
vt 0.132812 0.625000
vt 0.125000 0.625000
vt 0.125000 0.609375
vt 0.101562 0.296875
vt 0.101562 0.312500
vt 0.093750 0.312500
vt 0.093750 0.296875
vt 0.101562 0.734375
vt 0.101562 0.750000
vt 0.093750 0.750000
vt 0.093750 0.734375
vt 0.101562 0.234375
vt 0.101562 0.250000
vt 0.093750 0.250000
vt 0.093750 0.234375
vt 0.101562 0.671875
vt 0.101562 0.687500
vt 0.093750 0.687500
vt 0.093750 0.671875
vt 0.101562 0.171875
vt 0.101562 0.187500
vt 0.093750 0.187500
vt 0.093750 0.171875
vt 0.101562 0.609375
vt 0.101562 0.625000
vt 0.093750 0.625000
vt 0.093750 0.609375
vt 0.101562 0.109375
vt 0.101562 0.125000
vt 0.093750 0.125000
vt 0.093750 0.109375
vt 0.101562 0.546875
vt 0.101562 0.562500
vt 0.093750 0.562500
vt 0.093750 0.546875
vt 0.121094 0.953125
vt 0.117188 0.937500
vt 0.109375 0.000000
vt 0.113281 0.015625
vt 0.105469 0.015625
vt 0.101562 0.484375
vt 0.101562 0.500000
vt 0.093750 0.500000
vt 0.093750 0.484375
vt 0.101562 0.921875
vt 0.101562 0.937500
vt 0.093750 0.937500
vt 0.093750 0.921875
vt 0.101562 0.421875
vt 0.101562 0.437500
vt 0.093750 0.437500
vt 0.093750 0.421875
vt 0.101562 0.859375
vt 0.101562 0.875000
vt 0.093750 0.875000
vt 0.093750 0.859375
vt 0.101562 0.359375
vt 0.101562 0.375000
vt 0.093750 0.375000
vt 0.093750 0.359375
vt 0.101562 0.796875
vt 0.101562 0.812500
vt 0.093750 0.812500
vt 0.093750 0.796875
vt 0.089844 0.953125
vt 0.085938 0.937500
vt 0.078125 0.000000
vt 0.082031 0.015625
vt 0.074219 0.015625
vt 0.070312 0.484375
vt 0.070312 0.500000
vt 0.062500 0.500000
vt 0.062500 0.484375
vt 0.070312 0.921875
vt 0.070312 0.937500
vt 0.062500 0.937500
vt 0.062500 0.921875
vt 0.070312 0.421875
vt 0.070312 0.437500
vt 0.062500 0.437500
vt 0.062500 0.421875
vt 0.070312 0.859375
vt 0.070312 0.875000
vt 0.062500 0.875000
vt 0.062500 0.859375
vt 0.070313 0.359375
vt 0.070313 0.375000
vt 0.062500 0.375000
vt 0.062500 0.359375
vt 0.070312 0.796875
vt 0.070312 0.812500
vt 0.062500 0.812500
vt 0.062500 0.796875
vt 0.070312 0.296875
vt 0.070312 0.312500
vt 0.062500 0.312500
vt 0.062500 0.296875
vt 0.070313 0.734375
vt 0.070313 0.750000
vt 0.062500 0.750000
vt 0.062500 0.734375
vt 0.070313 0.234375
vt 0.070313 0.250000
vt 0.062500 0.250000
vt 0.062500 0.234375
vt 0.070312 0.671875
vt 0.070312 0.687500
vt 0.062500 0.687500
vt 0.062500 0.671875
vt 0.070312 0.171875
vt 0.070312 0.187500
vt 0.062500 0.187500
vt 0.062500 0.171875
vt 0.070313 0.609375
vt 0.070313 0.625000
vt 0.062500 0.625000
vt 0.062500 0.609375
vt 0.070312 0.109375
vt 0.070312 0.125000
vt 0.062500 0.125000
vt 0.062500 0.109375
vt 0.070312 0.546875
vt 0.070312 0.562500
vt 0.062500 0.562500
vt 0.062500 0.546875
vt 0.039062 0.734375
vt 0.039063 0.750000
vt 0.031250 0.750000
vt 0.031250 0.734375
vt 0.039062 0.234375
vt 0.039063 0.250000
vt 0.031250 0.250000
vt 0.031250 0.234375
vt 0.039062 0.671875
vt 0.039062 0.687500
vt 0.031250 0.687500
vt 0.031250 0.671875
vt 0.039062 0.171875
vt 0.039062 0.187500
vt 0.031250 0.187500
vt 0.031250 0.171875
vt 0.039062 0.609375
vt 0.039063 0.625000
vt 0.031250 0.625000
vt 0.031250 0.609375
vt 0.039062 0.109375
vt 0.039062 0.125000
vt 0.031250 0.125000
vt 0.031250 0.109375
vt 0.039062 0.546875
vt 0.039062 0.562500
vt 0.031250 0.562500
vt 0.031250 0.546875
vt 0.058594 0.953125
vt 0.054688 0.937500
vt 0.046875 0.000000
vt 0.050781 0.015625
vt 0.042969 0.015625
vt 0.039062 0.484375
vt 0.039062 0.500000
vt 0.031250 0.500000
vt 0.031250 0.484375
vt 0.039062 0.921875
vt 0.039062 0.937500
vt 0.031250 0.937500
vt 0.031250 0.921875
vt 0.039062 0.421875
vt 0.039062 0.437500
vt 0.031250 0.437500
vt 0.031250 0.421875
vt 0.039062 0.859375
vt 0.039062 0.875000
vt 0.031250 0.875000
vt 0.031250 0.859375
vt 0.039062 0.359375
vt 0.039063 0.375000
vt 0.031250 0.375000
vt 0.031250 0.359375
vt 0.039062 0.796875
vt 0.039062 0.812500
vt 0.031250 0.812500
vt 0.031250 0.796875
vt 0.039062 0.296875
vt 0.039062 0.312500
vt 0.031250 0.312500
vt 0.031250 0.296875
vt 0.007812 0.484375
vt 0.007812 0.500000
vt 0.000000 0.500000
vt 0.000000 0.484375
vt 0.007812 0.921875
vt 0.007812 0.937500
vt 0.000000 0.937500
vt 0.000000 0.921875
vt 0.007812 0.421875
vt 0.007812 0.437500
vt 0.000000 0.437500
vt 0.000000 0.421875
vt 0.007812 0.859375
vt 0.007812 0.875000
vt 0.000000 0.875000
vt 0.000000 0.859375
vt 0.007812 0.359375
vt 0.007812 0.375000
vt 0.000000 0.375000
vt 0.000000 0.359375
vt 0.007812 0.796875
vt 0.007812 0.812500
vt 0.000000 0.812500
vt 0.000000 0.796875
vt 0.007812 0.296875
vt 0.007812 0.312500
vt 0.000000 0.312500
vt 0.000000 0.296875
vt 0.007812 0.734375
vt 0.007812 0.750000
vt 0.000000 0.750000
vt 0.000000 0.734375
vt 0.007812 0.234375
vt 0.007812 0.250000
vt 0.000000 0.250000
vt 0.000000 0.234375
vt 0.007812 0.671875
vt 0.007812 0.687500
vt 0.000000 0.687500
vt 0.000000 0.671875
vt 0.007812 0.171875
vt 0.007812 0.187500
vt 0.000000 0.187500
vt 0.000000 0.171875
vt 0.007812 0.609375
vt 0.007812 0.625000
vt 0.000000 0.625000
vt 0.000000 0.609375
vt 0.007812 0.109375
vt 0.007812 0.125000
vt 0.000000 0.125000
vt 0.000000 0.109375
vt 0.007812 0.546875
vt 0.007812 0.562500
vt 0.000000 0.562500
vt 0.000000 0.546875
vt 0.027344 0.953125
vt 0.023438 0.937500
vt 0.015625 0.000000
vt 0.019531 0.015625
vt 0.011719 0.015625
vt 0.976562 0.234375
vt 0.976562 0.250000
vt 0.968750 0.250000
vt 0.968750 0.234375
vt 0.976562 0.671875
vt 0.976562 0.687500
vt 0.968750 0.687500
vt 0.968750 0.671875
vt 0.976562 0.171875
vt 0.976562 0.187500
vt 0.968750 0.187500
vt 0.968750 0.171875
vt 0.976562 0.609375
vt 0.976562 0.625000
vt 0.968750 0.625000
vt 0.968750 0.609375
vt 0.976562 0.109375
vt 0.976562 0.125000
vt 0.968750 0.125000
vt 0.968750 0.109375
vt 0.976562 0.546875
vt 0.976562 0.562500
vt 0.968750 0.562500
vt 0.968750 0.546875
vt 1.000000 0.937500
vt 0.996094 0.953125
vt 0.992188 0.937500
vt 0.984375 0.000000
vt 0.988281 0.015625
vt 0.980469 0.015625
vt 0.976562 0.484375
vt 0.976562 0.500000
vt 0.968750 0.500000
vt 0.968750 0.484375
vt 0.976562 0.921875
vt 0.976562 0.937500
vt 0.968750 0.937500
vt 0.968750 0.921875
vt 0.976562 0.421875
vt 0.976562 0.437500
vt 0.968750 0.437500
vt 0.968750 0.421875
vt 0.976562 0.859375
vt 0.976562 0.875000
vt 0.968750 0.875000
vt 0.968750 0.859375
vt 0.976562 0.359375
vt 0.976562 0.375000
vt 0.968750 0.375000
vt 0.968750 0.359375
vt 0.976562 0.796875
vt 0.976562 0.812500
vt 0.968750 0.812500
vt 0.968750 0.796875
vt 0.976562 0.296875
vt 0.976562 0.312500
vt 0.968750 0.312500
vt 0.968750 0.296875
vt 0.976562 0.734375
vt 0.976562 0.750000
vt 0.968750 0.750000
vt 0.968750 0.734375
vt 0.945312 0.921875
vt 0.945312 0.937500
vt 0.937500 0.937500
vt 0.937500 0.921875
vt 0.945312 0.421875
vt 0.945312 0.437500
vt 0.937500 0.437500
vt 0.937500 0.421875
vt 0.945312 0.859375
vt 0.945312 0.875000
vt 0.937500 0.875000
vt 0.937500 0.859375
vt 0.945312 0.359375
vt 0.945312 0.375000
vt 0.937500 0.375000
vt 0.937500 0.359375
vt 0.945312 0.796875
vt 0.945312 0.812500
vt 0.937500 0.812500
vt 0.937500 0.796875
vt 0.945312 0.296875
vt 0.945312 0.312500
vt 0.937500 0.312500
vt 0.937500 0.296875
vt 0.945312 0.734375
vt 0.945312 0.750000
vt 0.937500 0.750000
vt 0.937500 0.734375
vt 0.945312 0.234375
vt 0.945312 0.250000
vt 0.937500 0.250000
vt 0.937500 0.234375
vt 0.945312 0.671875
vt 0.945312 0.687500
vt 0.937500 0.687500
vt 0.937500 0.671875
vt 0.945312 0.171875
vt 0.945312 0.187500
vt 0.937500 0.187500
vt 0.937500 0.171875
vt 0.945312 0.609375
vt 0.945312 0.625000
vt 0.937500 0.625000
vt 0.937500 0.609375
vt 0.945312 0.109375
vt 0.945312 0.125000
vt 0.937500 0.125000
vt 0.937500 0.109375
vt 0.945312 0.546875
vt 0.945312 0.562500
vt 0.937500 0.562500
vt 0.937500 0.546875
vt 0.964844 0.953125
vt 0.960938 0.937500
vt 0.953125 0.000000
vt 0.957031 0.015625
vt 0.949219 0.015625
vt 0.945312 0.484375
vt 0.945312 0.500000
vt 0.937500 0.500000
vt 0.937500 0.484375
vt 0.914062 0.671875
vt 0.914062 0.687500
vt 0.906250 0.687500
vt 0.906250 0.671875
vt 0.914062 0.171875
vt 0.914062 0.187500
vt 0.906250 0.187500
vt 0.906250 0.171875
vt 0.914062 0.609375
vt 0.914062 0.625000
vt 0.906250 0.625000
vt 0.906250 0.609375
vt 0.914062 0.109375
vt 0.914062 0.125000
vt 0.906250 0.125000
vt 0.906250 0.109375
vt 0.914062 0.546875
vt 0.914062 0.562500
vt 0.906250 0.562500
vt 0.906250 0.546875
vt 0.933594 0.953125
vt 0.929688 0.937500
vt 0.921875 0.000000
vt 0.925781 0.015625
vt 0.917969 0.015625
vt 0.914062 0.484375
vt 0.914062 0.500000
vt 0.906250 0.500000
vt 0.906250 0.484375
vt 0.914062 0.921875
vt 0.914062 0.937500
vt 0.906250 0.937500
vt 0.906250 0.921875
vt 0.914062 0.421875
vt 0.914062 0.437500
vt 0.906250 0.437500
vt 0.906250 0.421875
vt 0.914062 0.859375
vt 0.914062 0.875000
vt 0.906250 0.875000
vt 0.906250 0.859375
vt 0.914062 0.359375
vt 0.914062 0.375000
vt 0.906250 0.375000
vt 0.906250 0.359375
vt 0.914062 0.796875
vt 0.914062 0.812500
vt 0.906250 0.812500
vt 0.906250 0.796875
vt 0.914062 0.296875
vt 0.914062 0.312500
vt 0.906250 0.312500
vt 0.906250 0.296875
vt 0.914062 0.734375
vt 0.914062 0.750000
vt 0.906250 0.750000
vt 0.906250 0.734375
vt 0.914062 0.234375
vt 0.914062 0.250000
vt 0.906250 0.250000
vt 0.906250 0.234375
vt 0.882812 0.421875
vt 0.882812 0.437500
vt 0.875000 0.437500
vt 0.875000 0.421875
vt 0.882812 0.859375
vt 0.882812 0.875000
vt 0.875000 0.875000
vt 0.875000 0.859375
vt 0.882812 0.359375
vt 0.882812 0.375000
vt 0.875000 0.375000
vt 0.875000 0.359375
vt 0.882812 0.796875
vt 0.882812 0.812500
vt 0.875000 0.812500
vt 0.875000 0.796875
vt 0.882812 0.296875
vt 0.882812 0.312500
vt 0.875000 0.312500
vt 0.875000 0.296875
vt 0.882812 0.734375
vt 0.882812 0.750000
vt 0.875000 0.750000
vt 0.875000 0.734375
vt 0.882812 0.234375
vt 0.882812 0.250000
vt 0.875000 0.250000
vt 0.875000 0.234375
vt 0.882812 0.671875
vt 0.882812 0.687500
vt 0.875000 0.687500
vt 0.875000 0.671875
vt 0.882812 0.171875
vt 0.882812 0.187500
vt 0.875000 0.187500
vt 0.875000 0.171875
vt 0.882812 0.609375
vt 0.882812 0.625000
vt 0.875000 0.625000
vt 0.875000 0.609375
vt 0.882812 0.109375
vt 0.882812 0.125000
vt 0.875000 0.125000
vt 0.875000 0.109375
vt 0.882812 0.546875
vt 0.882812 0.562500
vt 0.875000 0.562500
vt 0.875000 0.546875
vt 0.902344 0.953125
vt 0.898438 0.937500
vt 0.890625 0.000000
vt 0.894531 0.015625
vt 0.886719 0.015625
vt 0.882812 0.484375
vt 0.882812 0.500000
vt 0.875000 0.500000
vt 0.875000 0.484375
vt 0.882812 0.921875
vt 0.882812 0.937500
vt 0.875000 0.937500
vt 0.875000 0.921875
vt 0.851562 0.171875
vt 0.851562 0.187500
vt 0.843750 0.187500
vt 0.843750 0.171875
vt 0.851562 0.609375
vt 0.851562 0.625000
vt 0.843750 0.625000
vt 0.843750 0.609375
vt 0.851562 0.109375
vt 0.851562 0.125000
vt 0.843750 0.125000
vt 0.843750 0.109375
vt 0.851562 0.546875
vt 0.851562 0.562500
vt 0.843750 0.562500
vt 0.843750 0.546875
vt 0.871094 0.953125
vt 0.867188 0.937500
vt 0.859375 0.000000
vt 0.863281 0.015625
vt 0.855469 0.015625
vt 0.851562 0.484375
vt 0.851562 0.500000
vt 0.843750 0.500000
vt 0.843750 0.484375
vt 0.851562 0.921875
vt 0.851562 0.937500
vt 0.843750 0.937500
vt 0.843750 0.921875
vt 0.851562 0.421875
vt 0.851562 0.437500
vt 0.843750 0.437500
vt 0.843750 0.421875
vt 0.851562 0.859375
vt 0.851562 0.875000
vt 0.843750 0.875000
vt 0.843750 0.859375
vt 0.851562 0.359375
vt 0.851562 0.375000
vt 0.843750 0.375000
vt 0.843750 0.359375
vt 0.851562 0.796875
vt 0.851562 0.812500
vt 0.843750 0.812500
vt 0.843750 0.796875
vt 0.851562 0.296875
vt 0.851562 0.312500
vt 0.843750 0.312500
vt 0.843750 0.296875
vt 0.851562 0.734375
vt 0.851562 0.750000
vt 0.843750 0.750000
vt 0.843750 0.734375
vt 0.851562 0.234375
vt 0.851562 0.250000
vt 0.843750 0.250000
vt 0.843750 0.234375
vt 0.851562 0.671875
vt 0.851562 0.687500
vt 0.843750 0.687500
vt 0.843750 0.671875
vt 0.820312 0.359375
vt 0.820312 0.375000
vt 0.812500 0.375000
vt 0.812500 0.359375
vt 0.820312 0.796875
vt 0.820312 0.812500
vt 0.812500 0.812500
vt 0.812500 0.796875
vt 0.820312 0.296875
vt 0.820312 0.312500
vt 0.812500 0.312500
vt 0.812500 0.296875
vt 0.820312 0.734375
vt 0.820312 0.750000
vt 0.812500 0.750000
vt 0.812500 0.734375
vt 0.820312 0.234375
vt 0.820312 0.250000
vt 0.812500 0.250000
vt 0.812500 0.234375
vt 0.820312 0.671875
vt 0.820312 0.687500
vt 0.812500 0.687500
vt 0.812500 0.671875
vt 0.820312 0.171875
vt 0.820312 0.187500
vt 0.812500 0.187500
vt 0.812500 0.171875
vt 0.820312 0.609375
vt 0.820312 0.625000
vt 0.812500 0.625000
vt 0.812500 0.609375
vt 0.820312 0.109375
vt 0.820312 0.125000
vt 0.812500 0.125000
vt 0.812500 0.109375
vt 0.820312 0.546875
vt 0.820312 0.562500
vt 0.812500 0.562500
vt 0.812500 0.546875
vt 0.839844 0.953125
vt 0.835938 0.937500
vt 0.828125 0.000000
vt 0.832031 0.015625
vt 0.824219 0.015625
vt 0.820312 0.484375
vt 0.820312 0.500000
vt 0.812500 0.500000
vt 0.812500 0.484375
vt 0.820312 0.921875
vt 0.820312 0.937500
vt 0.812500 0.937500
vt 0.812500 0.921875
vt 0.820312 0.421875
vt 0.820312 0.437500
vt 0.812500 0.437500
vt 0.812500 0.421875
vt 0.820312 0.859375
vt 0.820312 0.875000
vt 0.812500 0.875000
vt 0.812500 0.859375
vt 0.789062 0.109375
vt 0.789062 0.125000
vt 0.781250 0.125000
vt 0.781250 0.109375
vt 0.789062 0.546875
vt 0.789062 0.562500
vt 0.781250 0.562500
vt 0.781250 0.546875
vt 0.808594 0.953125
vt 0.804688 0.937500
vt 0.796875 0.000000
vt 0.800781 0.015625
vt 0.792969 0.015625
vt 0.789062 0.484375
vt 0.789062 0.500000
vt 0.781250 0.500000
vt 0.781250 0.484375
vt 0.789062 0.921875
vt 0.789062 0.937500
vt 0.781250 0.937500
vt 0.781250 0.921875
vt 0.789062 0.421875
vt 0.789062 0.437500
vt 0.781250 0.437500
vt 0.781250 0.421875
vt 0.789062 0.859375
vt 0.789062 0.875000
vt 0.781250 0.875000
vt 0.781250 0.859375
vt 0.789062 0.359375
vt 0.789062 0.375000
vt 0.781250 0.375000
vt 0.781250 0.359375
vt 0.789062 0.796875
vt 0.789062 0.812500
vt 0.781250 0.812500
vt 0.781250 0.796875
vt 0.789062 0.296875
vt 0.789062 0.312500
vt 0.781250 0.312500
vt 0.781250 0.296875
vt 0.789062 0.734375
vt 0.789062 0.750000
vt 0.781250 0.750000
vt 0.781250 0.734375
vt 0.789062 0.234375
vt 0.789062 0.250000
vt 0.781250 0.250000
vt 0.781250 0.234375
vt 0.789062 0.671875
vt 0.789062 0.687500
vt 0.781250 0.687500
vt 0.781250 0.671875
vt 0.789062 0.171875
vt 0.789062 0.187500
vt 0.781250 0.187500
vt 0.781250 0.171875
vt 0.789062 0.609375
vt 0.789062 0.625000
vt 0.781250 0.625000
vt 0.781250 0.609375
vt 0.757812 0.796875
vt 0.757812 0.812500
vt 0.750000 0.812500
vt 0.750000 0.796875
vt 0.757812 0.296875
vt 0.757812 0.312500
vt 0.750000 0.312500
vt 0.750000 0.296875
vt 0.757812 0.734375
vt 0.757812 0.750000
vt 0.750000 0.750000
vt 0.750000 0.734375
vt 0.757812 0.234375
vt 0.757812 0.250000
vt 0.750000 0.250000
vt 0.750000 0.234375
vt 0.757812 0.671875
vt 0.757812 0.687500
vt 0.750000 0.687500
vt 0.750000 0.671875
vt 0.757812 0.171875
vt 0.757812 0.187500
vt 0.750000 0.187500
vt 0.750000 0.171875
vt 0.757812 0.609375
vt 0.757812 0.625000
vt 0.750000 0.625000
vt 0.750000 0.609375
vt 0.757812 0.109375
vt 0.757812 0.125000
vt 0.750000 0.125000
vt 0.750000 0.109375
vt 0.757812 0.546875
vt 0.757812 0.562500
vt 0.750000 0.562500
vt 0.750000 0.546875
vt 0.777344 0.953125
vt 0.773438 0.937500
vt 0.765625 0.000000
vt 0.769531 0.015625
vt 0.761719 0.015625
vt 0.757812 0.484375
vt 0.757812 0.500000
vt 0.750000 0.500000
vt 0.750000 0.484375
vt 0.757812 0.921875
vt 0.757812 0.937500
vt 0.750000 0.921875
vt 0.757812 0.421875
vt 0.757812 0.437500
vt 0.750000 0.437500
vt 0.750000 0.421875
vt 0.757812 0.859375
vt 0.757812 0.875000
vt 0.750000 0.875000
vt 0.750000 0.859375
vt 0.757812 0.359375
vt 0.757812 0.375000
vt 0.750000 0.375000
vt 0.750000 0.359375
vt 0.757812 0.328125
vt 0.757812 0.343750
vt 0.750000 0.343750
vt 0.750000 0.328125
vt 0.773438 0.328125
vt 0.773438 0.343750
vt 0.765625 0.343750
vt 0.765625 0.328125
vt 0.773438 0.359375
vt 0.773438 0.375000
vt 0.765625 0.375000
vt 0.765625 0.359375
vt 0.757812 0.828125
vt 0.757812 0.843750
vt 0.750000 0.843750
vt 0.750000 0.828125
vt 0.773438 0.828125
vt 0.773438 0.843750
vt 0.765625 0.843750
vt 0.765625 0.828125
vt 0.773438 0.859375
vt 0.773438 0.875000
vt 0.765625 0.875000
vt 0.765625 0.859375
vt 0.757812 0.390625
vt 0.757812 0.406250
vt 0.750000 0.406250
vt 0.750000 0.390625
vt 0.773438 0.390625
vt 0.773438 0.406250
vt 0.765625 0.406250
vt 0.765625 0.390625
vt 0.773438 0.421875
vt 0.773438 0.437500
vt 0.765625 0.437500
vt 0.765625 0.421875
vt 0.757812 0.890625
vt 0.757812 0.906250
vt 0.750000 0.906250
vt 0.750000 0.890625
vt 0.773438 0.890625
vt 0.773438 0.906250
vt 0.765625 0.906250
vt 0.765625 0.890625
vt 0.773438 0.921875
vt 0.765625 0.937500
vt 0.765625 0.921875
vt 0.757812 0.453125
vt 0.757812 0.468750
vt 0.750000 0.468750
vt 0.750000 0.453125
vt 0.773437 0.453125
vt 0.773437 0.468750
vt 0.765625 0.468750
vt 0.765625 0.453125
vt 0.773437 0.484375
vt 0.773437 0.500000
vt 0.765625 0.500000
vt 0.765625 0.484375
vt 0.757812 0.031250
vt 0.761719 0.046875
vt 0.753906 0.046875
vt 0.765625 0.031250
vt 0.773438 0.031250
vt 0.777344 0.046875
vt 0.769531 0.046875
vt 0.761719 0.953125
vt 0.769531 0.953125
vt 0.773438 0.968750
vt 0.769531 0.984375
vt 0.765625 0.968750
vt 0.757812 0.515625
vt 0.757812 0.531250
vt 0.750000 0.531250
vt 0.750000 0.515625
vt 0.773437 0.515625
vt 0.773437 0.531250
vt 0.765625 0.531250
vt 0.765625 0.515625
vt 0.773437 0.546875
vt 0.773438 0.562500
vt 0.765625 0.562500
vt 0.765625 0.546875
vt 0.757812 0.078125
vt 0.757812 0.093750
vt 0.750000 0.093750
vt 0.750000 0.078125
vt 0.773438 0.078125
vt 0.773438 0.093750
vt 0.765625 0.093750
vt 0.765625 0.078125
vt 0.773438 0.109375
vt 0.773438 0.125000
vt 0.765625 0.125000
vt 0.765625 0.109375
vt 0.757812 0.578125
vt 0.757812 0.593750
vt 0.750000 0.593750
vt 0.750000 0.578125
vt 0.773438 0.578125
vt 0.773438 0.593750
vt 0.765625 0.593750
vt 0.765625 0.578125
vt 0.773438 0.609375
vt 0.773438 0.625000
vt 0.765625 0.625000
vt 0.765625 0.609375
vt 0.757812 0.140625
vt 0.757812 0.156250
vt 0.750000 0.156250
vt 0.750000 0.140625
vt 0.773438 0.140625
vt 0.773438 0.156250
vt 0.765625 0.156250
vt 0.765625 0.140625
vt 0.773438 0.171875
vt 0.773437 0.187500
vt 0.765625 0.187500
vt 0.765625 0.171875
vt 0.757812 0.640625
vt 0.757812 0.656250
vt 0.750000 0.656250
vt 0.750000 0.640625
vt 0.773438 0.640625
vt 0.773438 0.656250
vt 0.765625 0.656250
vt 0.765625 0.640625
vt 0.773438 0.671875
vt 0.773438 0.687500
vt 0.765625 0.687500
vt 0.765625 0.671875
vt 0.757812 0.203125
vt 0.757812 0.218750
vt 0.750000 0.218750
vt 0.750000 0.203125
vt 0.773438 0.203125
vt 0.773438 0.218750
vt 0.765625 0.218750
vt 0.765625 0.203125
vt 0.773438 0.234375
vt 0.773438 0.250000
vt 0.765625 0.250000
vt 0.765625 0.234375
vt 0.757812 0.703125
vt 0.757812 0.718750
vt 0.750000 0.718750
vt 0.750000 0.703125
vt 0.773438 0.703125
vt 0.773438 0.718750
vt 0.765625 0.718750
vt 0.765625 0.703125
vt 0.773438 0.734375
vt 0.773438 0.750000
vt 0.765625 0.750000
vt 0.765625 0.734375
vt 0.757812 0.265625
vt 0.757812 0.281250
vt 0.750000 0.281250
vt 0.750000 0.265625
vt 0.773438 0.265625
vt 0.773438 0.281250
vt 0.765625 0.281250
vt 0.765625 0.265625
vt 0.773438 0.296875
vt 0.773438 0.312500
vt 0.765625 0.312500
vt 0.765625 0.296875
vt 0.757812 0.765625
vt 0.757812 0.781250
vt 0.750000 0.781250
vt 0.750000 0.765625
vt 0.773438 0.765625
vt 0.773438 0.781250
vt 0.765625 0.781250
vt 0.765625 0.765625
vt 0.773438 0.796875
vt 0.773438 0.812500
vt 0.765625 0.812500
vt 0.765625 0.796875
vt 0.789062 0.578125
vt 0.789062 0.593750
vt 0.781250 0.593750
vt 0.781250 0.578125
vt 0.804688 0.578125
vt 0.804688 0.593750
vt 0.796875 0.593750
vt 0.796875 0.578125
vt 0.804688 0.609375
vt 0.804688 0.625000
vt 0.796875 0.625000
vt 0.796875 0.609375
vt 0.789062 0.140625
vt 0.789062 0.156250
vt 0.781250 0.156250
vt 0.781250 0.140625
vt 0.804688 0.140625
vt 0.804688 0.156250
vt 0.796875 0.156250
vt 0.796875 0.140625
vt 0.804688 0.171875
vt 0.804687 0.187500
vt 0.796875 0.187500
vt 0.796875 0.171875
vt 0.789062 0.640625
vt 0.789062 0.656250
vt 0.781250 0.656250
vt 0.781250 0.640625
vt 0.804688 0.640625
vt 0.804688 0.656250
vt 0.796875 0.656250
vt 0.796875 0.640625
vt 0.804688 0.671875
vt 0.804687 0.687500
vt 0.796875 0.687500
vt 0.796875 0.671875
vt 0.789062 0.203125
vt 0.789062 0.218750
vt 0.781250 0.218750
vt 0.781250 0.203125
vt 0.804688 0.203125
vt 0.804688 0.218750
vt 0.796875 0.218750
vt 0.796875 0.203125
vt 0.804688 0.234375
vt 0.804688 0.250000
vt 0.796875 0.250000
vt 0.796875 0.234375
vt 0.789062 0.703125
vt 0.789062 0.718750
vt 0.781250 0.718750
vt 0.781250 0.703125
vt 0.804688 0.703125
vt 0.804688 0.718750
vt 0.796875 0.718750
vt 0.796875 0.703125
vt 0.804688 0.734375
vt 0.804688 0.750000
vt 0.796875 0.750000
vt 0.796875 0.734375
vt 0.789062 0.265625
vt 0.789062 0.281250
vt 0.781250 0.281250
vt 0.781250 0.265625
vt 0.804688 0.265625
vt 0.804688 0.281250
vt 0.796875 0.281250
vt 0.796875 0.265625
vt 0.804688 0.296875
vt 0.804687 0.312500
vt 0.796875 0.312500
vt 0.796875 0.296875
vt 0.789062 0.765625
vt 0.789062 0.781250
vt 0.781250 0.781250
vt 0.781250 0.765625
vt 0.804688 0.765625
vt 0.804688 0.781250
vt 0.796875 0.781250
vt 0.796875 0.765625
vt 0.804688 0.796875
vt 0.804687 0.812500
vt 0.796875 0.812500
vt 0.796875 0.796875
vt 0.789062 0.328125
vt 0.789062 0.343750
vt 0.781250 0.343750
vt 0.781250 0.328125
vt 0.804688 0.328125
vt 0.804688 0.343750
vt 0.796875 0.343750
vt 0.796875 0.328125
vt 0.804688 0.359375
vt 0.804688 0.375000
vt 0.796875 0.375000
vt 0.796875 0.359375
vt 0.789062 0.828125
vt 0.789062 0.843750
vt 0.781250 0.843750
vt 0.781250 0.828125
vt 0.804688 0.828125
vt 0.804688 0.843750
vt 0.796875 0.843750
vt 0.796875 0.828125
vt 0.804688 0.859375
vt 0.804688 0.875000
vt 0.796875 0.875000
vt 0.796875 0.859375
vt 0.789062 0.390625
vt 0.789062 0.406250
vt 0.781250 0.406250
vt 0.781250 0.390625
vt 0.804688 0.390625
vt 0.804688 0.406250
vt 0.796875 0.406250
vt 0.796875 0.390625
vt 0.804688 0.421875
vt 0.804687 0.437500
vt 0.796875 0.437500
vt 0.796875 0.421875
vt 0.789062 0.890625
vt 0.789062 0.906250
vt 0.781250 0.906250
vt 0.781250 0.890625
vt 0.804688 0.890625
vt 0.804688 0.906250
vt 0.796875 0.906250
vt 0.796875 0.890625
vt 0.804688 0.921875
vt 0.796875 0.937500
vt 0.796875 0.921875
vt 0.789062 0.453125
vt 0.789062 0.468750
vt 0.781250 0.468750
vt 0.781250 0.453125
vt 0.804687 0.453125
vt 0.804687 0.468750
vt 0.796875 0.468750
vt 0.796875 0.453125
vt 0.804687 0.484375
vt 0.804687 0.500000
vt 0.796875 0.500000
vt 0.796875 0.484375
vt 0.789062 0.031250
vt 0.792969 0.046875
vt 0.785156 0.046875
vt 0.796875 0.031250
vt 0.804688 0.031250
vt 0.808594 0.046875
vt 0.800781 0.046875
vt 0.792969 0.953125
vt 0.800781 0.953125
vt 0.804688 0.968750
vt 0.800781 0.984375
vt 0.796875 0.968750
vt 0.789062 0.515625
vt 0.789062 0.531250
vt 0.781250 0.531250
vt 0.781250 0.515625
vt 0.804687 0.515625
vt 0.804687 0.531250
vt 0.796875 0.531250
vt 0.796875 0.515625
vt 0.804687 0.546875
vt 0.804687 0.562500
vt 0.796875 0.562500
vt 0.796875 0.546875
vt 0.789062 0.078125
vt 0.789062 0.093750
vt 0.781250 0.093750
vt 0.781250 0.078125
vt 0.804688 0.078125
vt 0.804688 0.093750
vt 0.796875 0.093750
vt 0.796875 0.078125
vt 0.804688 0.109375
vt 0.804688 0.125000
vt 0.796875 0.125000
vt 0.796875 0.109375
vt 0.820312 0.828125
vt 0.820312 0.843750
vt 0.812500 0.843750
vt 0.812500 0.828125
vt 0.835938 0.828125
vt 0.835938 0.843750
vt 0.828125 0.843750
vt 0.828125 0.828125
vt 0.835938 0.859375
vt 0.835938 0.875000
vt 0.828125 0.875000
vt 0.828125 0.859375
vt 0.820312 0.390625
vt 0.820312 0.406250
vt 0.812500 0.406250
vt 0.812500 0.390625
vt 0.835938 0.390625
vt 0.835938 0.406250
vt 0.828125 0.406250
vt 0.828125 0.390625
vt 0.835938 0.421875
vt 0.835937 0.437500
vt 0.828125 0.437500
vt 0.828125 0.421875
vt 0.820312 0.890625
vt 0.820312 0.906250
vt 0.812500 0.906250
vt 0.812500 0.890625
vt 0.835938 0.890625
vt 0.835938 0.906250
vt 0.828125 0.906250
vt 0.828125 0.890625
vt 0.835938 0.921875
vt 0.828125 0.937500
vt 0.828125 0.921875
vt 0.820312 0.453125
vt 0.820312 0.468750
vt 0.812500 0.468750
vt 0.812500 0.453125
vt 0.835937 0.453125
vt 0.835937 0.468750
vt 0.828125 0.468750
vt 0.828125 0.453125
vt 0.835937 0.484375
vt 0.835937 0.500000
vt 0.828125 0.500000
vt 0.828125 0.484375
vt 0.820312 0.031250
vt 0.824219 0.046875
vt 0.816406 0.046875
vt 0.828125 0.031250
vt 0.835938 0.031250
vt 0.839844 0.046875
vt 0.832031 0.046875
vt 0.824219 0.953125
vt 0.832031 0.953125
vt 0.835938 0.968750
vt 0.832031 0.984375
vt 0.828125 0.968750
vt 0.820312 0.515625
vt 0.820312 0.531250
vt 0.812500 0.531250
vt 0.812500 0.515625
vt 0.835937 0.515625
vt 0.835937 0.531250
vt 0.828125 0.531250
vt 0.828125 0.515625
vt 0.835937 0.546875
vt 0.835937 0.562500
vt 0.828125 0.562500
vt 0.828125 0.546875
vt 0.820312 0.078125
vt 0.820312 0.093750
vt 0.812500 0.093750
vt 0.812500 0.078125
vt 0.835938 0.078125
vt 0.835938 0.093750
vt 0.828125 0.093750
vt 0.828125 0.078125
vt 0.835938 0.109375
vt 0.835938 0.125000
vt 0.828125 0.125000
vt 0.828125 0.109375
vt 0.820312 0.578125
vt 0.820312 0.593750
vt 0.812500 0.593750
vt 0.812500 0.578125
vt 0.835938 0.578125
vt 0.835938 0.593750
vt 0.828125 0.593750
vt 0.828125 0.578125
vt 0.835938 0.609375
vt 0.835938 0.625000
vt 0.828125 0.625000
vt 0.828125 0.609375
vt 0.820312 0.140625
vt 0.820312 0.156250
vt 0.812500 0.156250
vt 0.812500 0.140625
vt 0.835938 0.140625
vt 0.835938 0.156250
vt 0.828125 0.156250
vt 0.828125 0.140625
vt 0.835938 0.171875
vt 0.835937 0.187500
vt 0.828125 0.187500
vt 0.828125 0.171875
vt 0.820312 0.640625
vt 0.820312 0.656250
vt 0.812500 0.656250
vt 0.812500 0.640625
vt 0.835938 0.640625
vt 0.835938 0.656250
vt 0.828125 0.656250
vt 0.828125 0.640625
vt 0.835938 0.671875
vt 0.835937 0.687500
vt 0.828125 0.687500
vt 0.828125 0.671875
vt 0.820312 0.203125
vt 0.820312 0.218750
vt 0.812500 0.218750
vt 0.812500 0.203125
vt 0.835938 0.203125
vt 0.835938 0.218750
vt 0.828125 0.218750
vt 0.828125 0.203125
vt 0.835938 0.234375
vt 0.835938 0.250000
vt 0.828125 0.250000
vt 0.828125 0.234375
vt 0.820312 0.703125
vt 0.820312 0.718750
vt 0.812500 0.718750
vt 0.812500 0.703125
vt 0.835938 0.703125
vt 0.835938 0.718750
vt 0.828125 0.718750
vt 0.828125 0.703125
vt 0.835938 0.734375
vt 0.835938 0.750000
vt 0.828125 0.750000
vt 0.828125 0.734375
vt 0.820312 0.265625
vt 0.820312 0.281250
vt 0.812500 0.281250
vt 0.812500 0.265625
vt 0.835938 0.265625
vt 0.835938 0.281250
vt 0.828125 0.281250
vt 0.828125 0.265625
vt 0.835938 0.296875
vt 0.835937 0.312500
vt 0.828125 0.312500
vt 0.828125 0.296875
vt 0.820312 0.765625
vt 0.820312 0.781250
vt 0.812500 0.781250
vt 0.812500 0.765625
vt 0.835938 0.765625
vt 0.835938 0.781250
vt 0.828125 0.781250
vt 0.828125 0.765625
vt 0.835938 0.796875
vt 0.835937 0.812500
vt 0.828125 0.812500
vt 0.828125 0.796875
vt 0.820312 0.328125
vt 0.820312 0.343750
vt 0.812500 0.343750
vt 0.812500 0.328125
vt 0.835938 0.328125
vt 0.835938 0.343750
vt 0.828125 0.343750
vt 0.828125 0.328125
vt 0.835938 0.359375
vt 0.835938 0.375000
vt 0.828125 0.375000
vt 0.828125 0.359375
vt 0.851562 0.640625
vt 0.851562 0.656250
vt 0.843750 0.656250
vt 0.843750 0.640625
vt 0.867188 0.640625
vt 0.867188 0.656250
vt 0.859375 0.656250
vt 0.859375 0.640625
vt 0.867188 0.671875
vt 0.867187 0.687500
vt 0.859375 0.687500
vt 0.859375 0.671875
vt 0.851562 0.203125
vt 0.851562 0.218750
vt 0.843750 0.218750
vt 0.843750 0.203125
vt 0.867187 0.203125
vt 0.867188 0.218750
vt 0.859375 0.218750
vt 0.859375 0.203125
vt 0.867188 0.234375
vt 0.867188 0.250000
vt 0.859375 0.250000
vt 0.859375 0.234375
vt 0.851562 0.703125
vt 0.851562 0.718750
vt 0.843750 0.718750
vt 0.843750 0.703125
vt 0.867188 0.703125
vt 0.867188 0.718750
vt 0.859375 0.718750
vt 0.859375 0.703125
vt 0.867188 0.734375
vt 0.867188 0.750000
vt 0.859375 0.750000
vt 0.859375 0.734375
vt 0.851562 0.265625
vt 0.851562 0.281250
vt 0.843750 0.281250
vt 0.843750 0.265625
vt 0.867188 0.265625
vt 0.867188 0.281250
vt 0.859375 0.281250
vt 0.859375 0.265625
vt 0.867188 0.296875
vt 0.867187 0.312500
vt 0.859375 0.312500
vt 0.859375 0.296875
vt 0.851562 0.765625
vt 0.851562 0.781250
vt 0.843750 0.781250
vt 0.843750 0.765625
vt 0.867188 0.765625
vt 0.867188 0.781250
vt 0.859375 0.781250
vt 0.859375 0.765625
vt 0.867187 0.796875
vt 0.867187 0.812500
vt 0.859375 0.812500
vt 0.859375 0.796875
vt 0.851562 0.328125
vt 0.851562 0.343750
vt 0.843750 0.343750
vt 0.843750 0.328125
vt 0.867188 0.328125
vt 0.867188 0.343750
vt 0.859375 0.343750
vt 0.859375 0.328125
vt 0.867188 0.359375
vt 0.867188 0.375000
vt 0.859375 0.375000
vt 0.859375 0.359375
vt 0.851562 0.828125
vt 0.851562 0.843750
vt 0.843750 0.843750
vt 0.843750 0.828125
vt 0.867187 0.828125
vt 0.867188 0.843750
vt 0.859375 0.843750
vt 0.859375 0.828125
vt 0.867188 0.859375
vt 0.867188 0.875000
vt 0.859375 0.875000
vt 0.859375 0.859375
vt 0.851562 0.390625
vt 0.851562 0.406250
vt 0.843750 0.406250
vt 0.843750 0.390625
vt 0.867188 0.390625
vt 0.867188 0.406250
vt 0.859375 0.406250
vt 0.859375 0.390625
vt 0.867188 0.421875
vt 0.867187 0.437500
vt 0.859375 0.437500
vt 0.859375 0.421875
vt 0.851562 0.890625
vt 0.851562 0.906250
vt 0.843750 0.906250
vt 0.843750 0.890625
vt 0.867188 0.890625
vt 0.867188 0.906250
vt 0.859375 0.906250
vt 0.859375 0.890625
vt 0.867188 0.921875
vt 0.859375 0.937500
vt 0.859375 0.921875
vt 0.851562 0.453125
vt 0.851562 0.468750
vt 0.843750 0.468750
vt 0.843750 0.453125
vt 0.867187 0.453125
vt 0.867187 0.468750
vt 0.859375 0.468750
vt 0.859375 0.453125
vt 0.867187 0.484375
vt 0.867187 0.500000
vt 0.859375 0.500000
vt 0.859375 0.484375
vt 0.851562 0.031250
vt 0.855469 0.046875
vt 0.847656 0.046875
vt 0.859375 0.031250
vt 0.867188 0.031250
vt 0.871094 0.046875
vt 0.863281 0.046875
vt 0.855469 0.953125
vt 0.863281 0.953125
vt 0.867188 0.968750
vt 0.863281 0.984375
vt 0.859375 0.968750
vt 0.851562 0.515625
vt 0.851562 0.531250
vt 0.843750 0.531250
vt 0.843750 0.515625
vt 0.867187 0.515625
vt 0.867187 0.531250
vt 0.859375 0.531250
vt 0.859375 0.515625
vt 0.867187 0.546875
vt 0.867187 0.562500
vt 0.859375 0.562500
vt 0.859375 0.546875
vt 0.851562 0.078125
vt 0.851562 0.093750
vt 0.843750 0.093750
vt 0.843750 0.078125
vt 0.867188 0.078125
vt 0.867188 0.093750
vt 0.859375 0.093750
vt 0.859375 0.078125
vt 0.867188 0.109375
vt 0.867188 0.125000
vt 0.859375 0.125000
vt 0.859375 0.109375
vt 0.851562 0.578125
vt 0.851562 0.593750
vt 0.843750 0.593750
vt 0.843750 0.578125
vt 0.867188 0.578125
vt 0.867188 0.593750
vt 0.859375 0.593750
vt 0.859375 0.578125
vt 0.867188 0.609375
vt 0.867188 0.625000
vt 0.859375 0.625000
vt 0.859375 0.609375
vt 0.851562 0.140625
vt 0.851562 0.156250
vt 0.843750 0.156250
vt 0.843750 0.140625
vt 0.867188 0.140625
vt 0.867188 0.156250
vt 0.859375 0.156250
vt 0.859375 0.140625
vt 0.867187 0.171875
vt 0.867187 0.187500
vt 0.859375 0.187500
vt 0.859375 0.171875
vt 0.882812 0.890625
vt 0.882812 0.906250
vt 0.875000 0.906250
vt 0.875000 0.890625
vt 0.898438 0.890625
vt 0.898438 0.906250
vt 0.890625 0.906250
vt 0.890625 0.890625
vt 0.898438 0.921875
vt 0.890625 0.937500
vt 0.890625 0.921875
vt 0.882812 0.453125
vt 0.882812 0.468750
vt 0.875000 0.468750
vt 0.875000 0.453125
vt 0.898437 0.453125
vt 0.898437 0.468750
vt 0.890625 0.468750
vt 0.890625 0.453125
vt 0.898437 0.484375
vt 0.898437 0.500000
vt 0.890625 0.500000
vt 0.890625 0.484375
vt 0.882812 0.031250
vt 0.886719 0.046875
vt 0.878906 0.046875
vt 0.890625 0.031250
vt 0.898438 0.031250
vt 0.902344 0.046875
vt 0.894531 0.046875
vt 0.886719 0.953125
vt 0.894531 0.953125
vt 0.898438 0.968750
vt 0.894531 0.984375
vt 0.890625 0.968750
vt 0.882812 0.515625
vt 0.882812 0.531250
vt 0.875000 0.531250
vt 0.875000 0.515625
vt 0.898437 0.515625
vt 0.898437 0.531250
vt 0.890625 0.531250
vt 0.890625 0.515625
vt 0.898437 0.546875
vt 0.898437 0.562500
vt 0.890625 0.562500
vt 0.890625 0.546875
vt 0.882812 0.078125
vt 0.882812 0.093750
vt 0.875000 0.093750
vt 0.875000 0.078125
vt 0.898438 0.078125
vt 0.898438 0.093750
vt 0.890625 0.093750
vt 0.890625 0.078125
vt 0.898438 0.109375
vt 0.898438 0.125000
vt 0.890625 0.125000
vt 0.890625 0.109375
vt 0.882812 0.578125
vt 0.882812 0.593750
vt 0.875000 0.593750
vt 0.875000 0.578125
vt 0.898438 0.578125
vt 0.898438 0.593750
vt 0.890625 0.593750
vt 0.890625 0.578125
vt 0.898438 0.609375
vt 0.898438 0.625000
vt 0.890625 0.625000
vt 0.890625 0.609375
vt 0.882812 0.140625
vt 0.882812 0.156250
vt 0.875000 0.156250
vt 0.875000 0.140625
vt 0.898438 0.140625
vt 0.898438 0.156250
vt 0.890625 0.156250
vt 0.890625 0.140625
vt 0.898438 0.171875
vt 0.898437 0.187500
vt 0.890625 0.187500
vt 0.890625 0.171875
vt 0.882812 0.640625
vt 0.882812 0.656250
vt 0.875000 0.656250
vt 0.875000 0.640625
vt 0.898438 0.640625
vt 0.898438 0.656250
vt 0.890625 0.656250
vt 0.890625 0.640625
vt 0.898438 0.671875
vt 0.898438 0.687500
vt 0.890625 0.687500
vt 0.890625 0.671875
vt 0.882812 0.203125
vt 0.882812 0.218750
vt 0.875000 0.218750
vt 0.875000 0.203125
vt 0.898438 0.203125
vt 0.898438 0.218750
vt 0.890625 0.218750
vt 0.890625 0.203125
vt 0.898438 0.234375
vt 0.898438 0.250000
vt 0.890625 0.250000
vt 0.890625 0.234375
vt 0.882812 0.703125
vt 0.882812 0.718750
vt 0.875000 0.718750
vt 0.875000 0.703125
vt 0.898438 0.703125
vt 0.898438 0.718750
vt 0.890625 0.718750
vt 0.890625 0.703125
vt 0.898438 0.734375
vt 0.898438 0.750000
vt 0.890625 0.750000
vt 0.890625 0.734375
vt 0.882812 0.265625
vt 0.882812 0.281250
vt 0.875000 0.281250
vt 0.875000 0.265625
vt 0.898438 0.265625
vt 0.898438 0.281250
vt 0.890625 0.281250
vt 0.890625 0.265625
vt 0.898438 0.296875
vt 0.898438 0.312500
vt 0.890625 0.312500
vt 0.890625 0.296875
vt 0.882812 0.765625
vt 0.882812 0.781250
vt 0.875000 0.781250
vt 0.875000 0.765625
vt 0.898438 0.765625
vt 0.898438 0.781250
vt 0.890625 0.781250
vt 0.890625 0.765625
vt 0.898438 0.796875
vt 0.898437 0.812500
vt 0.890625 0.812500
vt 0.890625 0.796875
vt 0.882812 0.328125
vt 0.882812 0.343750
vt 0.875000 0.343750
vt 0.875000 0.328125
vt 0.898438 0.328125
vt 0.898438 0.343750
vt 0.890625 0.343750
vt 0.890625 0.328125
vt 0.898438 0.359375
vt 0.898438 0.375000
vt 0.890625 0.375000
vt 0.890625 0.359375
vt 0.882812 0.828125
vt 0.882812 0.843750
vt 0.875000 0.843750
vt 0.875000 0.828125
vt 0.898438 0.828125
vt 0.898438 0.843750
vt 0.890625 0.843750
vt 0.890625 0.828125
vt 0.898438 0.859375
vt 0.898438 0.875000
vt 0.890625 0.875000
vt 0.890625 0.859375
vt 0.882812 0.390625
vt 0.882812 0.406250
vt 0.875000 0.406250
vt 0.875000 0.390625
vt 0.898438 0.390625
vt 0.898438 0.406250
vt 0.890625 0.406250
vt 0.890625 0.390625
vt 0.898438 0.421875
vt 0.898437 0.437500
vt 0.890625 0.437500
vt 0.890625 0.421875
vt 0.914062 0.203125
vt 0.914062 0.218750
vt 0.906250 0.218750
vt 0.906250 0.203125
vt 0.929688 0.203125
vt 0.929688 0.218750
vt 0.921875 0.218750
vt 0.921875 0.203125
vt 0.929688 0.234375
vt 0.929688 0.250000
vt 0.921875 0.250000
vt 0.921875 0.234375
vt 0.914062 0.703125
vt 0.914062 0.718750
vt 0.906250 0.718750
vt 0.906250 0.703125
vt 0.929688 0.703125
vt 0.929688 0.718750
vt 0.921875 0.718750
vt 0.921875 0.703125
vt 0.929688 0.734375
vt 0.929688 0.750000
vt 0.921875 0.750000
vt 0.921875 0.734375
vt 0.914062 0.265625
vt 0.914062 0.281250
vt 0.906250 0.281250
vt 0.906250 0.265625
vt 0.929688 0.265625
vt 0.929688 0.281250
vt 0.921875 0.281250
vt 0.921875 0.265625
vt 0.929688 0.296875
vt 0.929688 0.312500
vt 0.921875 0.312500
vt 0.921875 0.296875
vt 0.914062 0.765625
vt 0.914062 0.781250
vt 0.906250 0.781250
vt 0.906250 0.765625
vt 0.929688 0.765625
vt 0.929688 0.781250
vt 0.921875 0.781250
vt 0.921875 0.765625
vt 0.929688 0.796875
vt 0.929687 0.812500
vt 0.921875 0.812500
vt 0.921875 0.796875
vt 0.914062 0.328125
vt 0.914062 0.343750
vt 0.906250 0.343750
vt 0.906250 0.328125
vt 0.929688 0.328125
vt 0.929688 0.343750
vt 0.921875 0.343750
vt 0.921875 0.328125
vt 0.929688 0.359375
vt 0.929688 0.375000
vt 0.921875 0.375000
vt 0.921875 0.359375
vt 0.914062 0.828125
vt 0.914062 0.843750
vt 0.906250 0.843750
vt 0.906250 0.828125
vt 0.929688 0.828125
vt 0.929688 0.843750
vt 0.921875 0.843750
vt 0.921875 0.828125
vt 0.929688 0.859375
vt 0.929688 0.875000
vt 0.921875 0.875000
vt 0.921875 0.859375
vt 0.914062 0.390625
vt 0.914062 0.406250
vt 0.906250 0.406250
vt 0.906250 0.390625
vt 0.929688 0.390625
vt 0.929688 0.406250
vt 0.921875 0.406250
vt 0.921875 0.390625
vt 0.929688 0.421875
vt 0.929687 0.437500
vt 0.921875 0.437500
vt 0.921875 0.421875
vt 0.914062 0.890625
vt 0.914062 0.906250
vt 0.906250 0.906250
vt 0.906250 0.890625
vt 0.929688 0.890625
vt 0.929688 0.906250
vt 0.921875 0.906250
vt 0.921875 0.890625
vt 0.929688 0.921875
vt 0.921875 0.937500
vt 0.921875 0.921875
vt 0.914062 0.453125
vt 0.914062 0.468750
vt 0.906250 0.468750
vt 0.906250 0.453125
vt 0.929687 0.453125
vt 0.929687 0.468750
vt 0.921875 0.468750
vt 0.921875 0.453125
vt 0.929687 0.484375
vt 0.929687 0.500000
vt 0.921875 0.500000
vt 0.921875 0.484375
vt 0.914062 0.031250
vt 0.917969 0.046875
vt 0.910156 0.046875
vt 0.921875 0.031250
vt 0.929688 0.031250
vt 0.933594 0.046875
vt 0.925781 0.046875
vt 0.917969 0.953125
vt 0.925781 0.953125
vt 0.929688 0.968750
vt 0.925781 0.984375
vt 0.921875 0.968750
vt 0.914062 0.515625
vt 0.914062 0.531250
vt 0.906250 0.531250
vt 0.906250 0.515625
vt 0.929687 0.515625
vt 0.929687 0.531250
vt 0.921875 0.531250
vt 0.921875 0.515625
vt 0.929687 0.546875
vt 0.929687 0.562500
vt 0.921875 0.562500
vt 0.921875 0.546875
vt 0.914062 0.078125
vt 0.914062 0.093750
vt 0.906250 0.093750
vt 0.906250 0.078125
vt 0.929688 0.078125
vt 0.929688 0.093750
vt 0.921875 0.093750
vt 0.921875 0.078125
vt 0.929688 0.109375
vt 0.929688 0.125000
vt 0.921875 0.125000
vt 0.921875 0.109375
vt 0.914062 0.578125
vt 0.914062 0.593750
vt 0.906250 0.593750
vt 0.906250 0.578125
vt 0.929688 0.578125
vt 0.929688 0.593750
vt 0.921875 0.593750
vt 0.921875 0.578125
vt 0.929688 0.609375
vt 0.929688 0.625000
vt 0.921875 0.625000
vt 0.921875 0.609375
vt 0.914062 0.140625
vt 0.914062 0.156250
vt 0.906250 0.156250
vt 0.906250 0.140625
vt 0.929688 0.140625
vt 0.929688 0.156250
vt 0.921875 0.156250
vt 0.921875 0.140625
vt 0.929688 0.171875
vt 0.929687 0.187500
vt 0.921875 0.187500
vt 0.921875 0.171875
vt 0.914062 0.640625
vt 0.914062 0.656250
vt 0.906250 0.656250
vt 0.906250 0.640625
vt 0.929688 0.640625
vt 0.929688 0.656250
vt 0.921875 0.656250
vt 0.921875 0.640625
vt 0.929688 0.671875
vt 0.929688 0.687500
vt 0.921875 0.687500
vt 0.921875 0.671875
vt 0.945312 0.453125
vt 0.945312 0.468750
vt 0.937500 0.468750
vt 0.937500 0.453125
vt 0.960937 0.453125
vt 0.960937 0.468750
vt 0.953125 0.468750
vt 0.953125 0.453125
vt 0.960937 0.484375
vt 0.960937 0.500000
vt 0.953125 0.500000
vt 0.953125 0.484375
vt 0.945312 0.031250
vt 0.949219 0.046875
vt 0.941406 0.046875
vt 0.953125 0.031250
vt 0.960938 0.031250
vt 0.964844 0.046875
vt 0.957031 0.046875
vt 0.953125 0.937500
vt 0.949219 0.953125
vt 0.957031 0.953125
vt 0.960938 0.968750
vt 0.957031 0.984375
vt 0.953125 0.968750
vt 0.945312 0.515625
vt 0.945312 0.531250
vt 0.937500 0.531250
vt 0.937500 0.515625
vt 0.960937 0.515625
vt 0.960937 0.531250
vt 0.953125 0.531250
vt 0.953125 0.515625
vt 0.960937 0.546875
vt 0.960937 0.562500
vt 0.953125 0.562500
vt 0.953125 0.546875
vt 0.945312 0.078125
vt 0.945312 0.093750
vt 0.937500 0.093750
vt 0.937500 0.078125
vt 0.960938 0.078125
vt 0.960938 0.093750
vt 0.953125 0.093750
vt 0.953125 0.078125
vt 0.960938 0.109375
vt 0.960938 0.125000
vt 0.953125 0.125000
vt 0.953125 0.109375
vt 0.945312 0.578125
vt 0.945312 0.593750
vt 0.937500 0.593750
vt 0.937500 0.578125
vt 0.960938 0.578125
vt 0.960938 0.593750
vt 0.953125 0.593750
vt 0.953125 0.578125
vt 0.960938 0.609375
vt 0.960938 0.625000
vt 0.953125 0.625000
vt 0.953125 0.609375
vt 0.945312 0.140625
vt 0.945312 0.156250
vt 0.937500 0.156250
vt 0.937500 0.140625
vt 0.960938 0.140625
vt 0.960938 0.156250
vt 0.953125 0.156250
vt 0.953125 0.140625
vt 0.960938 0.171875
vt 0.960937 0.187500
vt 0.953125 0.187500
vt 0.953125 0.171875
vt 0.945312 0.640625
vt 0.945312 0.656250
vt 0.937500 0.656250
vt 0.937500 0.640625
vt 0.960938 0.640625
vt 0.960938 0.656250
vt 0.953125 0.656250
vt 0.953125 0.640625
vt 0.960938 0.671875
vt 0.960937 0.687500
vt 0.953125 0.687500
vt 0.953125 0.671875
vt 0.945312 0.203125
vt 0.945312 0.218750
vt 0.937500 0.218750
vt 0.937500 0.203125
vt 0.960938 0.203125
vt 0.960938 0.218750
vt 0.953125 0.218750
vt 0.953125 0.203125
vt 0.960938 0.234375
vt 0.960938 0.250000
vt 0.953125 0.250000
vt 0.953125 0.234375
vt 0.945312 0.703125
vt 0.945312 0.718750
vt 0.937500 0.718750
vt 0.937500 0.703125
vt 0.960938 0.703125
vt 0.960938 0.718750
vt 0.953125 0.718750
vt 0.953125 0.703125
vt 0.960938 0.734375
vt 0.960938 0.750000
vt 0.953125 0.750000
vt 0.953125 0.734375
vt 0.945312 0.265625
vt 0.945312 0.281250
vt 0.937500 0.281250
vt 0.937500 0.265625
vt 0.960938 0.265625
vt 0.960938 0.281250
vt 0.953125 0.281250
vt 0.953125 0.265625
vt 0.960938 0.296875
vt 0.960937 0.312500
vt 0.953125 0.312500
vt 0.953125 0.296875
vt 0.945312 0.765625
vt 0.945312 0.781250
vt 0.937500 0.781250
vt 0.937500 0.765625
vt 0.960938 0.765625
vt 0.960938 0.781250
vt 0.953125 0.781250
vt 0.953125 0.765625
vt 0.960938 0.796875
vt 0.960937 0.812500
vt 0.953125 0.812500
vt 0.953125 0.796875
vt 0.945312 0.328125
vt 0.945312 0.343750
vt 0.937500 0.343750
vt 0.937500 0.328125
vt 0.960938 0.328125
vt 0.960938 0.343750
vt 0.953125 0.343750
vt 0.953125 0.328125
vt 0.960938 0.359375
vt 0.960938 0.375000
vt 0.953125 0.375000
vt 0.953125 0.359375
vt 0.945312 0.828125
vt 0.945312 0.843750
vt 0.937500 0.843750
vt 0.937500 0.828125
vt 0.960938 0.828125
vt 0.960938 0.843750
vt 0.953125 0.843750
vt 0.953125 0.828125
vt 0.960938 0.859375
vt 0.960938 0.875000
vt 0.953125 0.875000
vt 0.953125 0.859375
vt 0.945312 0.390625
vt 0.945312 0.406250
vt 0.937500 0.406250
vt 0.937500 0.390625
vt 0.960938 0.390625
vt 0.960938 0.406250
vt 0.953125 0.406250
vt 0.953125 0.390625
vt 0.960938 0.421875
vt 0.960937 0.437500
vt 0.953125 0.437500
vt 0.953125 0.421875
vt 0.945312 0.890625
vt 0.945312 0.906250
vt 0.937500 0.906250
vt 0.937500 0.890625
vt 0.960938 0.890625
vt 0.960938 0.906250
vt 0.953125 0.906250
vt 0.953125 0.890625
vt 0.960938 0.921875
vt 0.953125 0.921875
vt 0.976562 0.703125
vt 0.976562 0.718750
vt 0.968750 0.718750
vt 0.968750 0.703125
vt 0.992188 0.703125
vt 0.992188 0.718750
vt 0.984375 0.718750
vt 0.984375 0.703125
vt 0.992188 0.734375
vt 0.992188 0.750000
vt 0.984375 0.750000
vt 0.984375 0.734375
vt 0.976562 0.265625
vt 0.976562 0.281250
vt 0.968750 0.281250
vt 0.968750 0.265625
vt 0.992188 0.265625
vt 0.992188 0.281250
vt 0.984375 0.281250
vt 0.984375 0.265625
vt 0.992188 0.296875
vt 0.992188 0.312500
vt 0.984375 0.312500
vt 0.984375 0.296875
vt 0.976562 0.765625
vt 0.976562 0.781250
vt 0.968750 0.781250
vt 0.968750 0.765625
vt 0.992188 0.765625
vt 0.992188 0.781250
vt 0.984375 0.781250
vt 0.984375 0.765625
vt 0.992188 0.796875
vt 0.992188 0.812500
vt 0.984375 0.812500
vt 0.984375 0.796875
vt 0.976562 0.328125
vt 0.976562 0.343750
vt 0.968750 0.343750
vt 0.968750 0.328125
vt 0.992188 0.328125
vt 0.992188 0.343750
vt 0.984375 0.343750
vt 0.984375 0.328125
vt 0.992188 0.359375
vt 0.992188 0.375000
vt 0.984375 0.375000
vt 0.984375 0.359375
vt 0.976562 0.828125
vt 0.976562 0.843750
vt 0.968750 0.843750
vt 0.968750 0.828125
vt 0.992188 0.828125
vt 0.992188 0.843750
vt 0.984375 0.843750
vt 0.984375 0.828125
vt 0.992188 0.859375
vt 0.992188 0.875000
vt 0.984375 0.875000
vt 0.984375 0.859375
vt 0.976562 0.390625
vt 0.976562 0.406250
vt 0.968750 0.406250
vt 0.968750 0.390625
vt 0.992188 0.390625
vt 0.992188 0.406250
vt 0.984375 0.406250
vt 0.984375 0.390625
vt 0.992188 0.421875
vt 0.992188 0.437500
vt 0.984375 0.437500
vt 0.984375 0.421875
vt 0.976562 0.890625
vt 0.976562 0.906250
vt 0.968750 0.906250
vt 0.968750 0.890625
vt 0.992188 0.890625
vt 0.992188 0.906250
vt 0.984375 0.906250
vt 0.984375 0.890625
vt 0.992188 0.921875
vt 0.984375 0.937500
vt 0.984375 0.921875
vt 0.976562 0.453125
vt 0.976562 0.468750
vt 0.968750 0.468750
vt 0.968750 0.453125
vt 0.992188 0.453125
vt 0.992188 0.468750
vt 0.984375 0.468750
vt 0.984375 0.453125
vt 0.992188 0.484375
vt 0.992188 0.500000
vt 0.984375 0.500000
vt 0.984375 0.484375
vt 0.976562 0.031250
vt 0.980469 0.046875
vt 0.972656 0.046875
vt 0.984375 0.031250
vt 0.992188 0.031250
vt 0.996094 0.046875
vt 0.988281 0.046875
vt 0.980469 0.953125
vt 0.988281 0.953125
vt 0.992188 0.968750
vt 0.988281 0.984375
vt 0.984375 0.968750
vt 0.976562 0.515625
vt 0.976562 0.531250
vt 0.968750 0.531250
vt 0.968750 0.515625
vt 0.992188 0.515625
vt 0.992188 0.531250
vt 0.984375 0.531250
vt 0.984375 0.515625
vt 0.992188 0.546875
vt 0.992188 0.562500
vt 0.984375 0.562500
vt 0.984375 0.546875
vt 0.976562 0.078125
vt 0.976562 0.093750
vt 0.968750 0.093750
vt 0.968750 0.078125
vt 0.992188 0.078125
vt 0.992188 0.093750
vt 0.984375 0.093750
vt 0.984375 0.078125
vt 0.992188 0.109375
vt 0.992188 0.125000
vt 0.984375 0.125000
vt 0.984375 0.109375
vt 0.976562 0.578125
vt 0.976562 0.593750
vt 0.968750 0.593750
vt 0.968750 0.578125
vt 0.992188 0.578125
vt 0.992188 0.593750
vt 0.984375 0.593750
vt 0.984375 0.578125
vt 0.992188 0.609375
vt 0.992188 0.625000
vt 0.984375 0.625000
vt 0.984375 0.609375
vt 0.976562 0.140625
vt 0.976562 0.156250
vt 0.968750 0.156250
vt 0.968750 0.140625
vt 0.992188 0.140625
vt 0.992188 0.156250
vt 0.984375 0.156250
vt 0.984375 0.140625
vt 0.992188 0.171875
vt 0.992188 0.187500
vt 0.984375 0.187500
vt 0.984375 0.171875
vt 0.976562 0.640625
vt 0.976562 0.656250
vt 0.968750 0.656250
vt 0.968750 0.640625
vt 0.992188 0.640625
vt 0.992188 0.656250
vt 0.984375 0.656250
vt 0.984375 0.640625
vt 0.992188 0.671875
vt 0.992188 0.687500
vt 0.984375 0.687500
vt 0.984375 0.671875
vt 0.976562 0.203125
vt 0.976562 0.218750
vt 0.968750 0.218750
vt 0.968750 0.203125
vt 0.992188 0.203125
vt 0.992188 0.218750
vt 0.984375 0.218750
vt 0.984375 0.203125
vt 0.992188 0.234375
vt 0.992188 0.250000
vt 0.984375 0.250000
vt 0.984375 0.234375
vt 0.007812 0.031250
vt 0.011719 0.046875
vt 0.003906 0.046875
vt 0.015625 0.031250
vt 0.023438 0.031250
vt 0.027344 0.046875
vt 0.019531 0.046875
vt 0.015625 0.937500
vt 0.011719 0.953125
vt 0.019531 0.953125
vt 0.023438 0.968750
vt 0.019531 0.984375
vt 0.015625 0.968750
vt 0.007812 0.515625
vt 0.007812 0.531250
vt 0.000000 0.531250
vt 0.000000 0.515625
vt 0.023437 0.515625
vt 0.023437 0.531250
vt 0.015625 0.531250
vt 0.015625 0.515625
vt 0.023437 0.546875
vt 0.023437 0.562500
vt 0.015625 0.562500
vt 0.015625 0.546875
vt 0.007812 0.078125
vt 0.007812 0.093750
vt 0.000000 0.093750
vt 0.000000 0.078125
vt 0.023437 0.078125
vt 0.023437 0.093750
vt 0.015625 0.093750
vt 0.015625 0.078125
vt 0.023437 0.109375
vt 0.023437 0.125000
vt 0.015625 0.125000
vt 0.015625 0.109375
vt 0.007812 0.578125
vt 0.007812 0.593750
vt 0.000000 0.593750
vt 0.000000 0.578125
vt 0.023437 0.578125
vt 0.023437 0.593750
vt 0.015625 0.593750
vt 0.015625 0.578125
vt 0.023437 0.609375
vt 0.023438 0.625000
vt 0.015625 0.625000
vt 0.015625 0.609375
vt 0.007812 0.140625
vt 0.007812 0.156250
vt 0.000000 0.156250
vt 0.000000 0.140625
vt 0.023437 0.140625
vt 0.023437 0.156250
vt 0.015625 0.156250
vt 0.015625 0.140625
vt 0.023437 0.171875
vt 0.023437 0.187500
vt 0.015625 0.187500
vt 0.015625 0.171875
vt 0.007812 0.640625
vt 0.007812 0.656250
vt 0.000000 0.656250
vt 0.000000 0.640625
vt 0.023437 0.640625
vt 0.023437 0.656250
vt 0.015625 0.656250
vt 0.015625 0.640625
vt 0.023437 0.671875
vt 0.023437 0.687500
vt 0.015625 0.687500
vt 0.015625 0.671875
vt 0.007812 0.203125
vt 0.007812 0.218750
vt 0.000000 0.218750
vt 0.000000 0.203125
vt 0.023437 0.203125
vt 0.023437 0.218750
vt 0.015625 0.218750
vt 0.015625 0.203125
vt 0.023437 0.234375
vt 0.023438 0.250000
vt 0.015625 0.250000
vt 0.015625 0.234375
vt 0.007812 0.703125
vt 0.007812 0.718750
vt 0.000000 0.718750
vt 0.000000 0.703125
vt 0.023437 0.703125
vt 0.023437 0.718750
vt 0.015625 0.718750
vt 0.015625 0.703125
vt 0.023437 0.734375
vt 0.023438 0.750000
vt 0.015625 0.750000
vt 0.015625 0.734375
vt 0.007812 0.265625
vt 0.007812 0.281250
vt 0.000000 0.281250
vt 0.000000 0.265625
vt 0.023437 0.265625
vt 0.023437 0.281250
vt 0.015625 0.281250
vt 0.015625 0.265625
vt 0.023437 0.296875
vt 0.023437 0.312500
vt 0.015625 0.312500
vt 0.015625 0.296875
vt 0.007812 0.765625
vt 0.007812 0.781250
vt 0.000000 0.781250
vt 0.000000 0.765625
vt 0.023437 0.765625
vt 0.023437 0.781250
vt 0.015625 0.781250
vt 0.015625 0.765625
vt 0.023437 0.796875
vt 0.023437 0.812500
vt 0.015625 0.812500
vt 0.015625 0.796875
vt 0.007812 0.328125
vt 0.007812 0.343750
vt 0.000000 0.343750
vt 0.000000 0.328125
vt 0.023437 0.328125
vt 0.023437 0.343750
vt 0.015625 0.343750
vt 0.015625 0.328125
vt 0.023437 0.359375
vt 0.023438 0.375000
vt 0.015625 0.375000
vt 0.015625 0.359375
vt 0.007812 0.828125
vt 0.007812 0.843750
vt 0.000000 0.843750
vt 0.000000 0.828125
vt 0.023437 0.828125
vt 0.023437 0.843750
vt 0.015625 0.843750
vt 0.015625 0.828125
vt 0.023437 0.859375
vt 0.023437 0.875000
vt 0.015625 0.875000
vt 0.015625 0.859375
vt 0.007812 0.390625
vt 0.007812 0.406250
vt 0.000000 0.406250
vt 0.000000 0.390625
vt 0.023437 0.390625
vt 0.023437 0.406250
vt 0.015625 0.406250
vt 0.015625 0.390625
vt 0.023437 0.421875
vt 0.023437 0.437500
vt 0.015625 0.437500
vt 0.015625 0.421875
vt 0.007812 0.890625
vt 0.007812 0.906250
vt 0.000000 0.906250
vt 0.000000 0.890625
vt 0.023437 0.890625
vt 0.023437 0.906250
vt 0.015625 0.906250
vt 0.015625 0.890625
vt 0.023437 0.921875
vt 0.015625 0.921875
vt 0.007812 0.453125
vt 0.007812 0.468750
vt 0.000000 0.468750
vt 0.000000 0.453125
vt 0.023437 0.453125
vt 0.023437 0.468750
vt 0.015625 0.468750
vt 0.015625 0.453125
vt 0.023437 0.484375
vt 0.023437 0.500000
vt 0.015625 0.500000
vt 0.015625 0.484375
vt 0.039062 0.265625
vt 0.039062 0.281250
vt 0.031250 0.281250
vt 0.031250 0.265625
vt 0.054688 0.265625
vt 0.054688 0.281250
vt 0.046875 0.281250
vt 0.046875 0.265625
vt 0.054688 0.296875
vt 0.054687 0.312500
vt 0.046875 0.312500
vt 0.046875 0.296875
vt 0.039062 0.765625
vt 0.039062 0.781250
vt 0.031250 0.781250
vt 0.031250 0.765625
vt 0.054688 0.765625
vt 0.054688 0.781250
vt 0.046875 0.781250
vt 0.046875 0.765625
vt 0.054688 0.796875
vt 0.054687 0.812500
vt 0.046875 0.812500
vt 0.046875 0.796875
vt 0.039062 0.328125
vt 0.039062 0.343750
vt 0.031250 0.343750
vt 0.031250 0.328125
vt 0.054688 0.328125
vt 0.054688 0.343750
vt 0.046875 0.343750
vt 0.046875 0.328125
vt 0.054688 0.359375
vt 0.054688 0.375000
vt 0.046875 0.375000
vt 0.046875 0.359375
vt 0.039062 0.828125
vt 0.039062 0.843750
vt 0.031250 0.843750
vt 0.031250 0.828125
vt 0.054687 0.828125
vt 0.054687 0.843750
vt 0.046875 0.843750
vt 0.046875 0.828125
vt 0.054687 0.859375
vt 0.054687 0.875000
vt 0.046875 0.875000
vt 0.046875 0.859375
vt 0.039062 0.390625
vt 0.039062 0.406250
vt 0.031250 0.406250
vt 0.031250 0.390625
vt 0.054688 0.390625
vt 0.054688 0.406250
vt 0.046875 0.406250
vt 0.046875 0.390625
vt 0.054688 0.421875
vt 0.054687 0.437500
vt 0.046875 0.437500
vt 0.046875 0.421875
vt 0.039062 0.890625
vt 0.039062 0.906250
vt 0.031250 0.906250
vt 0.031250 0.890625
vt 0.054687 0.890625
vt 0.054687 0.906250
vt 0.046875 0.906250
vt 0.046875 0.890625
vt 0.054688 0.921875
vt 0.046875 0.937500
vt 0.046875 0.921875
vt 0.039062 0.453125
vt 0.039062 0.468750
vt 0.031250 0.468750
vt 0.031250 0.453125
vt 0.054687 0.453125
vt 0.054687 0.468750
vt 0.046875 0.468750
vt 0.046875 0.453125
vt 0.054687 0.484375
vt 0.054687 0.500000
vt 0.046875 0.500000
vt 0.046875 0.484375
vt 0.039062 0.031250
vt 0.042969 0.046875
vt 0.035156 0.046875
vt 0.046875 0.031250
vt 0.054687 0.031250
vt 0.058594 0.046875
vt 0.050781 0.046875
vt 0.042969 0.953125
vt 0.050781 0.953125
vt 0.054687 0.968750
vt 0.050781 0.984375
vt 0.046875 0.968750
vt 0.039062 0.515625
vt 0.039062 0.531250
vt 0.031250 0.531250
vt 0.031250 0.515625
vt 0.054687 0.515625
vt 0.054687 0.531250
vt 0.046875 0.531250
vt 0.046875 0.515625
vt 0.054687 0.546875
vt 0.054687 0.562500
vt 0.046875 0.562500
vt 0.046875 0.546875
vt 0.039062 0.078125
vt 0.039062 0.093750
vt 0.031250 0.093750
vt 0.031250 0.078125
vt 0.054688 0.078125
vt 0.054687 0.093750
vt 0.046875 0.093750
vt 0.046875 0.078125
vt 0.054687 0.109375
vt 0.054687 0.125000
vt 0.046875 0.125000
vt 0.046875 0.109375
vt 0.039062 0.578125
vt 0.039062 0.593750
vt 0.031250 0.593750
vt 0.031250 0.578125
vt 0.054688 0.578125
vt 0.054688 0.593750
vt 0.046875 0.593750
vt 0.046875 0.578125
vt 0.054688 0.609375
vt 0.054688 0.625000
vt 0.046875 0.625000
vt 0.046875 0.609375
vt 0.039062 0.140625
vt 0.039062 0.156250
vt 0.031250 0.156250
vt 0.031250 0.140625
vt 0.054687 0.140625
vt 0.054687 0.156250
vt 0.046875 0.156250
vt 0.046875 0.140625
vt 0.054687 0.171875
vt 0.054687 0.187500
vt 0.046875 0.187500
vt 0.046875 0.171875
vt 0.039062 0.640625
vt 0.039062 0.656250
vt 0.031250 0.656250
vt 0.031250 0.640625
vt 0.054688 0.640625
vt 0.054688 0.656250
vt 0.046875 0.656250
vt 0.046875 0.640625
vt 0.054688 0.671875
vt 0.054687 0.687500
vt 0.046875 0.687500
vt 0.046875 0.671875
vt 0.039062 0.203125
vt 0.039062 0.218750
vt 0.031250 0.218750
vt 0.031250 0.203125
vt 0.054688 0.203125
vt 0.054688 0.218750
vt 0.046875 0.218750
vt 0.046875 0.203125
vt 0.054688 0.234375
vt 0.054688 0.250000
vt 0.046875 0.250000
vt 0.046875 0.234375
vt 0.039062 0.703125
vt 0.039062 0.718750
vt 0.031250 0.718750
vt 0.031250 0.703125
vt 0.054688 0.703125
vt 0.054688 0.718750
vt 0.046875 0.718750
vt 0.046875 0.703125
vt 0.054688 0.734375
vt 0.054688 0.750000
vt 0.046875 0.750000
vt 0.046875 0.734375
vt 0.070312 0.515625
vt 0.070312 0.531250
vt 0.062500 0.531250
vt 0.062500 0.515625
vt 0.085937 0.515625
vt 0.085937 0.531250
vt 0.078125 0.531250
vt 0.078125 0.515625
vt 0.085937 0.546875
vt 0.085937 0.562500
vt 0.078125 0.562500
vt 0.078125 0.546875
vt 0.070312 0.078125
vt 0.070312 0.093750
vt 0.062500 0.093750
vt 0.062500 0.078125
vt 0.085938 0.078125
vt 0.085938 0.093750
vt 0.078125 0.093750
vt 0.078125 0.078125
vt 0.085938 0.109375
vt 0.085938 0.125000
vt 0.078125 0.125000
vt 0.078125 0.109375
vt 0.070312 0.578125
vt 0.070313 0.593750
vt 0.062500 0.593750
vt 0.062500 0.578125
vt 0.085937 0.578125
vt 0.085937 0.593750
vt 0.078125 0.593750
vt 0.078125 0.578125
vt 0.085938 0.609375
vt 0.085938 0.625000
vt 0.078125 0.625000
vt 0.078125 0.609375
vt 0.070312 0.140625
vt 0.070312 0.156250
vt 0.062500 0.156250
vt 0.062500 0.140625
vt 0.085938 0.140625
vt 0.085937 0.156250
vt 0.078125 0.156250
vt 0.078125 0.140625
vt 0.085937 0.171875
vt 0.085937 0.187500
vt 0.078125 0.187500
vt 0.078125 0.171875
vt 0.070313 0.640625
vt 0.070313 0.656250
vt 0.062500 0.656250
vt 0.062500 0.640625
vt 0.085938 0.640625
vt 0.085938 0.656250
vt 0.078125 0.656250
vt 0.078125 0.640625
vt 0.085938 0.671875
vt 0.085938 0.687500
vt 0.078125 0.687500
vt 0.078125 0.671875
vt 0.070312 0.203125
vt 0.070313 0.218750
vt 0.062500 0.218750
vt 0.062500 0.203125
vt 0.085937 0.203125
vt 0.085937 0.218750
vt 0.078125 0.218750
vt 0.078125 0.203125
vt 0.085938 0.234375
vt 0.085938 0.250000
vt 0.078125 0.250000
vt 0.078125 0.234375
vt 0.070312 0.703125
vt 0.070313 0.718750
vt 0.062500 0.718750
vt 0.062500 0.703125
vt 0.085938 0.703125
vt 0.085938 0.718750
vt 0.078125 0.718750
vt 0.078125 0.703125
vt 0.085938 0.734375
vt 0.085938 0.750000
vt 0.078125 0.750000
vt 0.078125 0.734375
vt 0.070313 0.265625
vt 0.070313 0.281250
vt 0.062500 0.281250
vt 0.062500 0.265625
vt 0.085938 0.265625
vt 0.085938 0.281250
vt 0.078125 0.281250
vt 0.078125 0.265625
vt 0.085938 0.296875
vt 0.085938 0.312500
vt 0.078125 0.312500
vt 0.078125 0.296875
vt 0.070313 0.765625
vt 0.070313 0.781250
vt 0.062500 0.781250
vt 0.062500 0.765625
vt 0.085938 0.765625
vt 0.085937 0.781250
vt 0.078125 0.781250
vt 0.078125 0.765625
vt 0.085937 0.796875
vt 0.085937 0.812500
vt 0.078125 0.812500
vt 0.078125 0.796875
vt 0.070312 0.328125
vt 0.070313 0.343750
vt 0.062500 0.343750
vt 0.062500 0.328125
vt 0.085938 0.328125
vt 0.085938 0.343750
vt 0.078125 0.343750
vt 0.078125 0.328125
vt 0.085938 0.359375
vt 0.085938 0.375000
vt 0.078125 0.375000
vt 0.078125 0.359375
vt 0.070312 0.828125
vt 0.070312 0.843750
vt 0.062500 0.843750
vt 0.062500 0.828125
vt 0.085937 0.828125
vt 0.085937 0.843750
vt 0.078125 0.843750
vt 0.078125 0.828125
vt 0.085938 0.859375
vt 0.085938 0.875000
vt 0.078125 0.875000
vt 0.078125 0.859375
vt 0.070313 0.390625
vt 0.070313 0.406250
vt 0.062500 0.406250
vt 0.062500 0.390625
vt 0.085938 0.390625
vt 0.085937 0.406250
vt 0.078125 0.406250
vt 0.078125 0.390625
vt 0.085937 0.421875
vt 0.085937 0.437500
vt 0.078125 0.437500
vt 0.078125 0.421875
vt 0.070312 0.890625
vt 0.070312 0.906250
vt 0.062500 0.906250
vt 0.062500 0.890625
vt 0.085938 0.890625
vt 0.085938 0.906250
vt 0.078125 0.906250
vt 0.078125 0.890625
vt 0.085938 0.921875
vt 0.078125 0.937500
vt 0.078125 0.921875
vt 0.070312 0.453125
vt 0.070312 0.468750
vt 0.062500 0.468750
vt 0.062500 0.453125
vt 0.085937 0.453125
vt 0.085937 0.468750
vt 0.078125 0.468750
vt 0.078125 0.453125
vt 0.085937 0.484375
vt 0.085937 0.500000
vt 0.078125 0.500000
vt 0.078125 0.484375
vt 0.070312 0.031250
vt 0.074219 0.046875
vt 0.066406 0.046875
vt 0.078125 0.031250
vt 0.085938 0.031250
vt 0.089844 0.046875
vt 0.082031 0.046875
vt 0.074219 0.953125
vt 0.082031 0.953125
vt 0.085938 0.968750
vt 0.082031 0.984375
vt 0.078125 0.968750
vt 0.101562 0.765625
vt 0.101562 0.781250
vt 0.093750 0.781250
vt 0.093750 0.765625
vt 0.117187 0.765625
vt 0.117187 0.781250
vt 0.109375 0.781250
vt 0.109375 0.765625
vt 0.117187 0.796875
vt 0.117187 0.812500
vt 0.109375 0.812500
vt 0.109375 0.796875
vt 0.101562 0.328125
vt 0.101562 0.343750
vt 0.093750 0.343750
vt 0.093750 0.328125
vt 0.117187 0.328125
vt 0.117187 0.343750
vt 0.109375 0.343750
vt 0.109375 0.328125
vt 0.117188 0.359375
vt 0.117188 0.375000
vt 0.109375 0.375000
vt 0.109375 0.359375
vt 0.101562 0.828125
vt 0.101562 0.843750
vt 0.093750 0.843750
vt 0.093750 0.828125
vt 0.117187 0.828125
vt 0.117187 0.843750
vt 0.109375 0.843750
vt 0.109375 0.828125
vt 0.117187 0.859375
vt 0.117188 0.875000
vt 0.109375 0.875000
vt 0.109375 0.859375
vt 0.101562 0.390625
vt 0.101562 0.406250
vt 0.093750 0.406250
vt 0.093750 0.390625
vt 0.117187 0.390625
vt 0.117187 0.406250
vt 0.109375 0.406250
vt 0.109375 0.390625
vt 0.117187 0.421875
vt 0.117187 0.437500
vt 0.109375 0.437500
vt 0.109375 0.421875
vt 0.101562 0.890625
vt 0.101562 0.906250
vt 0.093750 0.906250
vt 0.093750 0.890625
vt 0.117188 0.890625
vt 0.117188 0.906250
vt 0.109375 0.906250
vt 0.109375 0.890625
vt 0.117188 0.921875
vt 0.109375 0.937500
vt 0.109375 0.921875
vt 0.101562 0.453125
vt 0.101562 0.468750
vt 0.093750 0.468750
vt 0.093750 0.453125
vt 0.117187 0.453125
vt 0.117187 0.468750
vt 0.109375 0.468750
vt 0.109375 0.453125
vt 0.117187 0.484375
vt 0.117187 0.500000
vt 0.109375 0.500000
vt 0.109375 0.484375
vt 0.101562 0.031250
vt 0.105469 0.046875
vt 0.097656 0.046875
vt 0.109375 0.031250
vt 0.117188 0.031250
vt 0.121094 0.046875
vt 0.113281 0.046875
vt 0.105469 0.953125
vt 0.113281 0.953125
vt 0.117188 0.968750
vt 0.113281 0.984375
vt 0.109375 0.968750
vt 0.101562 0.515625
vt 0.101562 0.531250
vt 0.093750 0.531250
vt 0.093750 0.515625
vt 0.117187 0.515625
vt 0.117187 0.531250
vt 0.109375 0.531250
vt 0.109375 0.515625
vt 0.117187 0.546875
vt 0.117187 0.562500
vt 0.109375 0.562500
vt 0.109375 0.546875
vt 0.101562 0.078125
vt 0.101562 0.093750
vt 0.093750 0.093750
vt 0.093750 0.078125
vt 0.117188 0.078125
vt 0.117188 0.093750
vt 0.109375 0.093750
vt 0.109375 0.078125
vt 0.117188 0.109375
vt 0.117188 0.125000
vt 0.109375 0.125000
vt 0.109375 0.109375
vt 0.101562 0.578125
vt 0.101562 0.593750
vt 0.093750 0.593750
vt 0.093750 0.578125
vt 0.117187 0.578125
vt 0.117187 0.593750
vt 0.109375 0.593750
vt 0.109375 0.578125
vt 0.117187 0.609375
vt 0.117188 0.625000
vt 0.109375 0.625000
vt 0.109375 0.609375
vt 0.101562 0.140625
vt 0.101562 0.156250
vt 0.093750 0.156250
vt 0.093750 0.140625
vt 0.117187 0.140625
vt 0.117187 0.156250
vt 0.109375 0.156250
vt 0.109375 0.140625
vt 0.117187 0.171875
vt 0.117187 0.187500
vt 0.109375 0.187500
vt 0.109375 0.171875
vt 0.101562 0.640625
vt 0.101562 0.656250
vt 0.093750 0.656250
vt 0.093750 0.640625
vt 0.117188 0.640625
vt 0.117187 0.656250
vt 0.109375 0.656250
vt 0.109375 0.640625
vt 0.117187 0.671875
vt 0.117187 0.687500
vt 0.109375 0.687500
vt 0.109375 0.671875
vt 0.101562 0.203125
vt 0.101562 0.218750
vt 0.093750 0.218750
vt 0.093750 0.203125
vt 0.117187 0.203125
vt 0.117187 0.218750
vt 0.109375 0.218750
vt 0.109375 0.203125
vt 0.117187 0.234375
vt 0.117188 0.250000
vt 0.109375 0.250000
vt 0.109375 0.234375
vt 0.101562 0.703125
vt 0.101562 0.718750
vt 0.093750 0.718750
vt 0.093750 0.703125
vt 0.117187 0.703125
vt 0.117187 0.718750
vt 0.109375 0.718750
vt 0.109375 0.703125
vt 0.117188 0.734375
vt 0.117188 0.750000
vt 0.109375 0.750000
vt 0.109375 0.734375
vt 0.101562 0.265625
vt 0.101562 0.281250
vt 0.093750 0.281250
vt 0.093750 0.265625
vt 0.117188 0.265625
vt 0.117187 0.281250
vt 0.109375 0.281250
vt 0.109375 0.265625
vt 0.117187 0.296875
vt 0.117187 0.312500
vt 0.109375 0.312500
vt 0.109375 0.296875
vt 0.132812 0.578125
vt 0.132812 0.593750
vt 0.125000 0.593750
vt 0.125000 0.578125
vt 0.148437 0.578125
vt 0.148438 0.593750
vt 0.140625 0.593750
vt 0.140625 0.578125
vt 0.148438 0.609375
vt 0.148438 0.625000
vt 0.140625 0.625000
vt 0.140625 0.609375
vt 0.132812 0.140625
vt 0.132812 0.156250
vt 0.125000 0.156250
vt 0.125000 0.140625
vt 0.148437 0.140625
vt 0.148437 0.156250
vt 0.140625 0.156250
vt 0.140625 0.140625
vt 0.148437 0.171875
vt 0.148437 0.187500
vt 0.140625 0.187500
vt 0.140625 0.171875
vt 0.132812 0.640625
vt 0.132812 0.656250
vt 0.125000 0.656250
vt 0.125000 0.640625
vt 0.148438 0.640625
vt 0.148438 0.656250
vt 0.140625 0.656250
vt 0.140625 0.640625
vt 0.148437 0.671875
vt 0.148437 0.687500
vt 0.140625 0.687500
vt 0.140625 0.671875
vt 0.132812 0.203125
vt 0.132812 0.218750
vt 0.125000 0.218750
vt 0.125000 0.203125
vt 0.148437 0.203125
vt 0.148437 0.218750
vt 0.140625 0.218750
vt 0.140625 0.203125
vt 0.148437 0.234375
vt 0.148437 0.250000
vt 0.140625 0.250000
vt 0.140625 0.234375
vt 0.132812 0.703125
vt 0.132812 0.718750
vt 0.125000 0.718750
vt 0.125000 0.703125
vt 0.148437 0.703125
vt 0.148437 0.718750
vt 0.140625 0.718750
vt 0.140625 0.703125
vt 0.148437 0.734375
vt 0.148437 0.750000
vt 0.140625 0.750000
vt 0.140625 0.734375
vt 0.132812 0.265625
vt 0.132812 0.281250
vt 0.125000 0.281250
vt 0.125000 0.265625
vt 0.148437 0.265625
vt 0.148437 0.281250
vt 0.140625 0.281250
vt 0.140625 0.265625
vt 0.148437 0.296875
vt 0.148437 0.312500
vt 0.140625 0.312500
vt 0.140625 0.296875
vt 0.132812 0.765625
vt 0.132812 0.781250
vt 0.125000 0.781250
vt 0.125000 0.765625
vt 0.148437 0.765625
vt 0.148437 0.781250
vt 0.140625 0.781250
vt 0.140625 0.765625
vt 0.148437 0.796875
vt 0.148437 0.812500
vt 0.140625 0.812500
vt 0.140625 0.796875
vt 0.132812 0.328125
vt 0.132812 0.343750
vt 0.125000 0.343750
vt 0.125000 0.328125
vt 0.148437 0.328125
vt 0.148438 0.343750
vt 0.140625 0.343750
vt 0.140625 0.328125
vt 0.148438 0.359375
vt 0.148438 0.375000
vt 0.140625 0.375000
vt 0.140625 0.359375
vt 0.132812 0.828125
vt 0.132812 0.843750
vt 0.125000 0.843750
vt 0.125000 0.828125
vt 0.148437 0.828125
vt 0.148437 0.843750
vt 0.140625 0.843750
vt 0.140625 0.828125
vt 0.148437 0.859375
vt 0.148437 0.875000
vt 0.140625 0.875000
vt 0.140625 0.859375
vt 0.132812 0.390625
vt 0.132812 0.406250
vt 0.125000 0.406250
vt 0.125000 0.390625
vt 0.148438 0.390625
vt 0.148438 0.406250
vt 0.140625 0.406250
vt 0.140625 0.390625
vt 0.148437 0.421875
vt 0.148437 0.437500
vt 0.140625 0.437500
vt 0.140625 0.421875
vt 0.132812 0.890625
vt 0.132812 0.906250
vt 0.125000 0.906250
vt 0.125000 0.890625
vt 0.148438 0.890625
vt 0.148438 0.906250
vt 0.140625 0.906250
vt 0.140625 0.890625
vt 0.148438 0.921875
vt 0.140625 0.937500
vt 0.140625 0.921875
vt 0.132812 0.453125
vt 0.132812 0.468750
vt 0.125000 0.468750
vt 0.125000 0.453125
vt 0.148437 0.453125
vt 0.148437 0.468750
vt 0.140625 0.468750
vt 0.140625 0.453125
vt 0.148437 0.484375
vt 0.148437 0.500000
vt 0.140625 0.500000
vt 0.140625 0.484375
vt 0.132813 0.031250
vt 0.136719 0.046875
vt 0.128906 0.046875
vt 0.140625 0.031250
vt 0.148438 0.031250
vt 0.152344 0.046875
vt 0.144531 0.046875
vt 0.136719 0.953125
vt 0.144531 0.953125
vt 0.148438 0.968750
vt 0.144531 0.984375
vt 0.140625 0.968750
vt 0.132812 0.515625
vt 0.132812 0.531250
vt 0.125000 0.531250
vt 0.125000 0.515625
vt 0.148437 0.515625
vt 0.148437 0.531250
vt 0.140625 0.531250
vt 0.140625 0.515625
vt 0.148437 0.546875
vt 0.148437 0.562500
vt 0.140625 0.562500
vt 0.140625 0.546875
vt 0.132812 0.078125
vt 0.132812 0.093750
vt 0.125000 0.093750
vt 0.125000 0.078125
vt 0.148438 0.078125
vt 0.148438 0.093750
vt 0.140625 0.093750
vt 0.140625 0.078125
vt 0.148438 0.109375
vt 0.148437 0.125000
vt 0.140625 0.125000
vt 0.140625 0.109375
vt 0.164062 0.828125
vt 0.164062 0.843750
vt 0.156250 0.843750
vt 0.156250 0.828125
vt 0.179687 0.828125
vt 0.179687 0.843750
vt 0.171875 0.843750
vt 0.171875 0.828125
vt 0.179687 0.859375
vt 0.179688 0.875000
vt 0.171875 0.875000
vt 0.171875 0.859375
vt 0.164062 0.390625
vt 0.164062 0.406250
vt 0.156250 0.406250
vt 0.156250 0.390625
vt 0.179688 0.390625
vt 0.179688 0.406250
vt 0.171875 0.406250
vt 0.171875 0.390625
vt 0.179687 0.421875
vt 0.179687 0.437500
vt 0.171875 0.437500
vt 0.171875 0.421875
vt 0.164062 0.890625
vt 0.164062 0.906250
vt 0.156250 0.906250
vt 0.156250 0.890625
vt 0.179688 0.890625
vt 0.179688 0.906250
vt 0.171875 0.906250
vt 0.171875 0.890625
vt 0.179688 0.921875
vt 0.171875 0.937500
vt 0.171875 0.921875
vt 0.164062 0.453125
vt 0.164062 0.468750
vt 0.156250 0.468750
vt 0.156250 0.453125
vt 0.179687 0.453125
vt 0.179687 0.468750
vt 0.171875 0.468750
vt 0.171875 0.453125
vt 0.179687 0.484375
vt 0.179687 0.500000
vt 0.171875 0.500000
vt 0.171875 0.484375
vt 0.164063 0.031250
vt 0.167969 0.046875
vt 0.160156 0.046875
vt 0.171875 0.031250
vt 0.179688 0.031250
vt 0.183594 0.046875
vt 0.175781 0.046875
vt 0.167969 0.953125
vt 0.175781 0.953125
vt 0.179688 0.968750
vt 0.175781 0.984375
vt 0.171875 0.968750
vt 0.164062 0.515625
vt 0.164062 0.531250
vt 0.156250 0.531250
vt 0.156250 0.515625
vt 0.179687 0.515625
vt 0.179687 0.531250
vt 0.171875 0.531250
vt 0.171875 0.515625
vt 0.179687 0.546875
vt 0.179687 0.562500
vt 0.171875 0.562500
vt 0.171875 0.546875
vt 0.164062 0.078125
vt 0.164062 0.093750
vt 0.156250 0.093750
vt 0.156250 0.078125
vt 0.179688 0.078125
vt 0.179688 0.093750
vt 0.171875 0.093750
vt 0.171875 0.078125
vt 0.179688 0.109375
vt 0.179688 0.125000
vt 0.171875 0.125000
vt 0.171875 0.109375
vt 0.164062 0.578125
vt 0.164062 0.593750
vt 0.156250 0.593750
vt 0.156250 0.578125
vt 0.179687 0.578125
vt 0.179688 0.593750
vt 0.171875 0.593750
vt 0.171875 0.578125
vt 0.179688 0.609375
vt 0.179688 0.625000
vt 0.171875 0.625000
vt 0.171875 0.609375
vt 0.164062 0.140625
vt 0.164062 0.156250
vt 0.156250 0.156250
vt 0.156250 0.140625
vt 0.179687 0.140625
vt 0.179687 0.156250
vt 0.171875 0.156250
vt 0.171875 0.140625
vt 0.179687 0.171875
vt 0.179687 0.187500
vt 0.171875 0.187500
vt 0.171875 0.171875
vt 0.164062 0.640625
vt 0.164062 0.656250
vt 0.156250 0.656250
vt 0.156250 0.640625
vt 0.179688 0.640625
vt 0.179688 0.656250
vt 0.171875 0.656250
vt 0.171875 0.640625
vt 0.179688 0.671875
vt 0.179688 0.687500
vt 0.171875 0.687500
vt 0.171875 0.671875
vt 0.164062 0.203125
vt 0.164062 0.218750
vt 0.156250 0.218750
vt 0.156250 0.203125
vt 0.179687 0.203125
vt 0.179687 0.218750
vt 0.171875 0.218750
vt 0.171875 0.203125
vt 0.179687 0.234375
vt 0.179688 0.250000
vt 0.171875 0.250000
vt 0.171875 0.234375
vt 0.164062 0.703125
vt 0.164062 0.718750
vt 0.156250 0.718750
vt 0.156250 0.703125
vt 0.179688 0.703125
vt 0.179688 0.718750
vt 0.171875 0.718750
vt 0.171875 0.703125
vt 0.179688 0.734375
vt 0.179688 0.750000
vt 0.171875 0.750000
vt 0.171875 0.734375
vt 0.164062 0.265625
vt 0.164062 0.281250
vt 0.156250 0.281250
vt 0.156250 0.265625
vt 0.179688 0.265625
vt 0.179688 0.281250
vt 0.171875 0.281250
vt 0.171875 0.265625
vt 0.179688 0.296875
vt 0.179688 0.312500
vt 0.171875 0.312500
vt 0.171875 0.296875
vt 0.164062 0.765625
vt 0.164062 0.781250
vt 0.156250 0.781250
vt 0.156250 0.765625
vt 0.179687 0.765625
vt 0.179687 0.781250
vt 0.171875 0.781250
vt 0.171875 0.765625
vt 0.179687 0.796875
vt 0.179687 0.812500
vt 0.171875 0.812500
vt 0.171875 0.796875
vt 0.164062 0.328125
vt 0.164062 0.343750
vt 0.156250 0.343750
vt 0.156250 0.328125
vt 0.179688 0.328125
vt 0.179688 0.343750
vt 0.171875 0.343750
vt 0.171875 0.328125
vt 0.179688 0.359375
vt 0.179688 0.375000
vt 0.171875 0.375000
vt 0.171875 0.359375
vt 0.195312 0.140625
vt 0.195312 0.156250
vt 0.187500 0.156250
vt 0.187500 0.140625
vt 0.210938 0.140625
vt 0.210938 0.156250
vt 0.203125 0.156250
vt 0.203125 0.140625
vt 0.210938 0.171875
vt 0.210938 0.187500
vt 0.203125 0.187500
vt 0.203125 0.171875
vt 0.195312 0.640625
vt 0.195312 0.656250
vt 0.187500 0.656250
vt 0.187500 0.640625
vt 0.210938 0.640625
vt 0.210938 0.656250
vt 0.203125 0.656250
vt 0.203125 0.640625
vt 0.210938 0.671875
vt 0.210938 0.687500
vt 0.203125 0.687500
vt 0.203125 0.671875
vt 0.195312 0.203125
vt 0.195312 0.218750
vt 0.187500 0.218750
vt 0.187500 0.203125
vt 0.210938 0.203125
vt 0.210938 0.218750
vt 0.203125 0.218750
vt 0.203125 0.203125
vt 0.210938 0.234375
vt 0.210938 0.250000
vt 0.203125 0.250000
vt 0.203125 0.234375
vt 0.195312 0.703125
vt 0.195312 0.718750
vt 0.187500 0.718750
vt 0.187500 0.703125
vt 0.210938 0.703125
vt 0.210938 0.718750
vt 0.203125 0.718750
vt 0.203125 0.703125
vt 0.210938 0.734375
vt 0.210938 0.750000
vt 0.203125 0.750000
vt 0.203125 0.734375
vt 0.195312 0.265625
vt 0.195312 0.281250
vt 0.187500 0.281250
vt 0.187500 0.265625
vt 0.210938 0.265625
vt 0.210938 0.281250
vt 0.203125 0.281250
vt 0.203125 0.265625
vt 0.210938 0.296875
vt 0.210938 0.312500
vt 0.203125 0.312500
vt 0.203125 0.296875
vt 0.195312 0.765625
vt 0.195312 0.781250
vt 0.187500 0.781250
vt 0.187500 0.765625
vt 0.210938 0.765625
vt 0.210938 0.781250
vt 0.203125 0.781250
vt 0.203125 0.765625
vt 0.210938 0.796875
vt 0.210938 0.812500
vt 0.203125 0.812500
vt 0.203125 0.796875
vt 0.195312 0.328125
vt 0.195312 0.343750
vt 0.187500 0.343750
vt 0.187500 0.328125
vt 0.210938 0.328125
vt 0.210938 0.343750
vt 0.203125 0.343750
vt 0.203125 0.328125
vt 0.210938 0.359375
vt 0.210938 0.375000
vt 0.203125 0.375000
vt 0.203125 0.359375
vt 0.195312 0.828125
vt 0.195312 0.843750
vt 0.187500 0.843750
vt 0.187500 0.828125
vt 0.210938 0.828125
vt 0.210938 0.843750
vt 0.203125 0.843750
vt 0.203125 0.828125
vt 0.210938 0.859375
vt 0.210938 0.875000
vt 0.203125 0.875000
vt 0.203125 0.859375
vt 0.195312 0.390625
vt 0.195312 0.406250
vt 0.187500 0.406250
vt 0.187500 0.390625
vt 0.210938 0.390625
vt 0.210938 0.406250
vt 0.203125 0.406250
vt 0.203125 0.390625
vt 0.210938 0.421875
vt 0.210938 0.437500
vt 0.203125 0.437500
vt 0.203125 0.421875
vt 0.195312 0.890625
vt 0.195312 0.906250
vt 0.187500 0.906250
vt 0.187500 0.890625
vt 0.210938 0.890625
vt 0.210938 0.906250
vt 0.203125 0.906250
vt 0.203125 0.890625
vt 0.210938 0.921875
vt 0.203125 0.937500
vt 0.203125 0.921875
vt 0.195312 0.453125
vt 0.195312 0.468750
vt 0.187500 0.468750
vt 0.187500 0.453125
vt 0.210937 0.453125
vt 0.210937 0.468750
vt 0.203125 0.468750
vt 0.203125 0.453125
vt 0.210937 0.484375
vt 0.210937 0.500000
vt 0.203125 0.500000
vt 0.203125 0.484375
vt 0.195312 0.031250
vt 0.199219 0.046875
vt 0.191406 0.046875
vt 0.203125 0.031250
vt 0.210938 0.031250
vt 0.214844 0.046875
vt 0.207031 0.046875
vt 0.199219 0.953125
vt 0.207031 0.953125
vt 0.210938 0.968750
vt 0.207031 0.984375
vt 0.203125 0.968750
vt 0.195312 0.515625
vt 0.195312 0.531250
vt 0.187500 0.531250
vt 0.187500 0.515625
vt 0.210937 0.515625
vt 0.210937 0.531250
vt 0.203125 0.531250
vt 0.203125 0.515625
vt 0.210937 0.546875
vt 0.210938 0.562500
vt 0.203125 0.562500
vt 0.203125 0.546875
vt 0.195312 0.078125
vt 0.195312 0.093750
vt 0.187500 0.093750
vt 0.187500 0.078125
vt 0.210938 0.078125
vt 0.210938 0.093750
vt 0.203125 0.093750
vt 0.203125 0.078125
vt 0.210938 0.109375
vt 0.210938 0.125000
vt 0.203125 0.125000
vt 0.203125 0.109375
vt 0.195312 0.578125
vt 0.195312 0.593750
vt 0.187500 0.593750
vt 0.187500 0.578125
vt 0.210938 0.578125
vt 0.210938 0.593750
vt 0.203125 0.593750
vt 0.203125 0.578125
vt 0.210938 0.609375
vt 0.210938 0.625000
vt 0.203125 0.625000
vt 0.203125 0.609375
vt 0.226562 0.390625
vt 0.226562 0.406250
vt 0.218750 0.406250
vt 0.218750 0.390625
vt 0.242188 0.390625
vt 0.242188 0.406250
vt 0.234375 0.406250
vt 0.234375 0.390625
vt 0.242187 0.421875
vt 0.242187 0.437500
vt 0.234375 0.437500
vt 0.234375 0.421875
vt 0.226562 0.890625
vt 0.226562 0.906250
vt 0.218750 0.906250
vt 0.218750 0.890625
vt 0.242187 0.890625
vt 0.242188 0.906250
vt 0.234375 0.906250
vt 0.234375 0.890625
vt 0.242188 0.921875
vt 0.234375 0.937500
vt 0.234375 0.921875
vt 0.226562 0.453125
vt 0.226562 0.468750
vt 0.218750 0.468750
vt 0.218750 0.453125
vt 0.242187 0.453125
vt 0.242187 0.468750
vt 0.234375 0.468750
vt 0.234375 0.453125
vt 0.242187 0.484375
vt 0.242187 0.500000
vt 0.234375 0.500000
vt 0.234375 0.484375
vt 0.226562 0.031250
vt 0.230469 0.046875
vt 0.222656 0.046875
vt 0.234375 0.031250
vt 0.242188 0.031250
vt 0.246094 0.046875
vt 0.238281 0.046875
vt 0.230469 0.953125
vt 0.238281 0.953125
vt 0.242188 0.968750
vt 0.238281 0.984375
vt 0.234375 0.968750
vt 0.226562 0.515625
vt 0.226562 0.531250
vt 0.218750 0.531250
vt 0.218750 0.515625
vt 0.242187 0.515625
vt 0.242187 0.531250
vt 0.234375 0.531250
vt 0.234375 0.515625
vt 0.242187 0.546875
vt 0.242187 0.562500
vt 0.234375 0.562500
vt 0.234375 0.546875
vt 0.226562 0.078125
vt 0.226562 0.093750
vt 0.218750 0.093750
vt 0.218750 0.078125
vt 0.242188 0.078125
vt 0.242188 0.093750
vt 0.234375 0.093750
vt 0.234375 0.078125
vt 0.242187 0.109375
vt 0.242187 0.125000
vt 0.234375 0.125000
vt 0.234375 0.109375
vt 0.226562 0.578125
vt 0.226562 0.593750
vt 0.218750 0.593750
vt 0.218750 0.578125
vt 0.242187 0.578125
vt 0.242188 0.593750
vt 0.234375 0.593750
vt 0.234375 0.578125
vt 0.242188 0.609375
vt 0.242188 0.625000
vt 0.234375 0.625000
vt 0.234375 0.609375
vt 0.226562 0.140625
vt 0.226562 0.156250
vt 0.218750 0.156250
vt 0.218750 0.140625
vt 0.242187 0.140625
vt 0.242187 0.156250
vt 0.234375 0.156250
vt 0.234375 0.140625
vt 0.242187 0.171875
vt 0.242187 0.187500
vt 0.234375 0.187500
vt 0.234375 0.171875
vt 0.226562 0.640625
vt 0.226562 0.656250
vt 0.218750 0.656250
vt 0.218750 0.640625
vt 0.242188 0.640625
vt 0.242188 0.656250
vt 0.234375 0.656250
vt 0.234375 0.640625
vt 0.242187 0.671875
vt 0.242187 0.687500
vt 0.234375 0.687500
vt 0.234375 0.671875
vt 0.226562 0.203125
vt 0.226562 0.218750
vt 0.218750 0.218750
vt 0.218750 0.203125
vt 0.242187 0.203125
vt 0.242188 0.218750
vt 0.234375 0.218750
vt 0.234375 0.203125
vt 0.242188 0.234375
vt 0.242188 0.250000
vt 0.234375 0.250000
vt 0.234375 0.234375
vt 0.226562 0.703125
vt 0.226562 0.718750
vt 0.218750 0.718750
vt 0.218750 0.703125
vt 0.242187 0.703125
vt 0.242188 0.718750
vt 0.234375 0.718750
vt 0.234375 0.703125
vt 0.242188 0.734375
vt 0.242188 0.750000
vt 0.234375 0.750000
vt 0.234375 0.734375
vt 0.226562 0.265625
vt 0.226562 0.281250
vt 0.218750 0.281250
vt 0.218750 0.265625
vt 0.242188 0.265625
vt 0.242188 0.281250
vt 0.234375 0.281250
vt 0.234375 0.265625
vt 0.242187 0.296875
vt 0.242187 0.312500
vt 0.234375 0.312500
vt 0.234375 0.296875
vt 0.226562 0.765625
vt 0.226562 0.781250
vt 0.218750 0.781250
vt 0.218750 0.765625
vt 0.242188 0.765625
vt 0.242188 0.781250
vt 0.234375 0.781250
vt 0.234375 0.765625
vt 0.242187 0.796875
vt 0.242187 0.812500
vt 0.234375 0.812500
vt 0.234375 0.796875
vt 0.226562 0.328125
vt 0.226562 0.343750
vt 0.218750 0.343750
vt 0.218750 0.328125
vt 0.242187 0.328125
vt 0.242188 0.343750
vt 0.234375 0.343750
vt 0.234375 0.328125
vt 0.242188 0.359375
vt 0.242188 0.375000
vt 0.234375 0.375000
vt 0.234375 0.359375
vt 0.226562 0.828125
vt 0.226562 0.843750
vt 0.218750 0.843750
vt 0.218750 0.828125
vt 0.242187 0.828125
vt 0.242187 0.843750
vt 0.234375 0.843750
vt 0.234375 0.828125
vt 0.242187 0.859375
vt 0.242187 0.875000
vt 0.234375 0.875000
vt 0.234375 0.859375
vt 0.257812 0.640625
vt 0.257812 0.656250
vt 0.250000 0.656250
vt 0.250000 0.640625
vt 0.273438 0.640625
vt 0.273438 0.656250
vt 0.265625 0.656250
vt 0.265625 0.640625
vt 0.273438 0.671875
vt 0.273438 0.687500
vt 0.265625 0.687500
vt 0.265625 0.671875
vt 0.257812 0.203125
vt 0.257812 0.218750
vt 0.250000 0.218750
vt 0.250000 0.203125
vt 0.273438 0.203125
vt 0.273438 0.218750
vt 0.265625 0.218750
vt 0.265625 0.203125
vt 0.273438 0.234375
vt 0.273438 0.250000
vt 0.265625 0.250000
vt 0.265625 0.234375
vt 0.257812 0.703125
vt 0.257812 0.718750
vt 0.250000 0.718750
vt 0.250000 0.703125
vt 0.273438 0.703125
vt 0.273438 0.718750
vt 0.265625 0.718750
vt 0.265625 0.703125
vt 0.273438 0.734375
vt 0.273438 0.750000
vt 0.265625 0.750000
vt 0.265625 0.734375
vt 0.257812 0.265625
vt 0.257812 0.281250
vt 0.250000 0.281250
vt 0.250000 0.265625
vt 0.273438 0.265625
vt 0.273438 0.281250
vt 0.265625 0.281250
vt 0.265625 0.265625
vt 0.273438 0.296875
vt 0.273438 0.312500
vt 0.265625 0.312500
vt 0.265625 0.296875
vt 0.257812 0.765625
vt 0.257812 0.781250
vt 0.250000 0.781250
vt 0.250000 0.765625
vt 0.273438 0.765625
vt 0.273438 0.781250
vt 0.265625 0.781250
vt 0.265625 0.765625
vt 0.273438 0.796875
vt 0.273437 0.812500
vt 0.265625 0.812500
vt 0.265625 0.796875
vt 0.257812 0.328125
vt 0.257812 0.343750
vt 0.250000 0.343750
vt 0.250000 0.328125
vt 0.273438 0.328125
vt 0.273438 0.343750
vt 0.265625 0.343750
vt 0.265625 0.328125
vt 0.273438 0.359375
vt 0.273438 0.375000
vt 0.265625 0.375000
vt 0.265625 0.359375
vt 0.257812 0.828125
vt 0.257812 0.843750
vt 0.250000 0.843750
vt 0.250000 0.828125
vt 0.273438 0.828125
vt 0.273438 0.843750
vt 0.265625 0.843750
vt 0.265625 0.828125
vt 0.273438 0.859375
vt 0.273438 0.875000
vt 0.265625 0.875000
vt 0.265625 0.859375
vt 0.257812 0.390625
vt 0.257812 0.406250
vt 0.250000 0.406250
vt 0.250000 0.390625
vt 0.273438 0.390625
vt 0.273438 0.406250
vt 0.265625 0.406250
vt 0.265625 0.390625
vt 0.273438 0.421875
vt 0.273438 0.437500
vt 0.265625 0.437500
vt 0.265625 0.421875
vt 0.257812 0.890625
vt 0.257812 0.906250
vt 0.250000 0.906250
vt 0.250000 0.890625
vt 0.273438 0.890625
vt 0.273438 0.906250
vt 0.265625 0.906250
vt 0.265625 0.890625
vt 0.273438 0.921875
vt 0.265625 0.937500
vt 0.265625 0.921875
vt 0.257812 0.453125
vt 0.257812 0.468750
vt 0.250000 0.468750
vt 0.250000 0.453125
vt 0.273438 0.453125
vt 0.273437 0.468750
vt 0.265625 0.468750
vt 0.265625 0.453125
vt 0.273437 0.484375
vt 0.273437 0.500000
vt 0.265625 0.500000
vt 0.265625 0.484375
vt 0.257812 0.031250
vt 0.261719 0.046875
vt 0.253906 0.046875
vt 0.265625 0.031250
vt 0.273438 0.031250
vt 0.277344 0.046875
vt 0.269531 0.046875
vt 0.261719 0.953125
vt 0.269531 0.953125
vt 0.273438 0.968750
vt 0.269531 0.984375
vt 0.265625 0.968750
vt 0.257812 0.515625
vt 0.257812 0.531250
vt 0.250000 0.531250
vt 0.250000 0.515625
vt 0.273437 0.515625
vt 0.273437 0.531250
vt 0.265625 0.531250
vt 0.265625 0.515625
vt 0.273438 0.546875
vt 0.273438 0.562500
vt 0.265625 0.562500
vt 0.265625 0.546875
vt 0.257812 0.078125
vt 0.257812 0.093750
vt 0.250000 0.093750
vt 0.250000 0.078125
vt 0.273438 0.078125
vt 0.273438 0.093750
vt 0.265625 0.093750
vt 0.265625 0.078125
vt 0.273438 0.109375
vt 0.273438 0.125000
vt 0.265625 0.125000
vt 0.265625 0.109375
vt 0.257812 0.578125
vt 0.257812 0.593750
vt 0.250000 0.593750
vt 0.250000 0.578125
vt 0.273438 0.578125
vt 0.273438 0.593750
vt 0.265625 0.593750
vt 0.265625 0.578125
vt 0.273438 0.609375
vt 0.273438 0.625000
vt 0.265625 0.625000
vt 0.265625 0.609375
vt 0.257812 0.140625
vt 0.257812 0.156250
vt 0.250000 0.156250
vt 0.250000 0.140625
vt 0.273438 0.140625
vt 0.273438 0.156250
vt 0.265625 0.156250
vt 0.265625 0.140625
vt 0.273438 0.171875
vt 0.273437 0.187500
vt 0.265625 0.187500
vt 0.265625 0.171875
vt 0.289062 0.890625
vt 0.289062 0.906250
vt 0.281250 0.906250
vt 0.281250 0.890625
vt 0.304688 0.890625
vt 0.304688 0.906250
vt 0.296875 0.906250
vt 0.296875 0.890625
vt 0.304688 0.921875
vt 0.296875 0.937500
vt 0.296875 0.921875
vt 0.289062 0.453125
vt 0.289062 0.468750
vt 0.281250 0.468750
vt 0.281250 0.453125
vt 0.304688 0.453125
vt 0.304688 0.468750
vt 0.296875 0.468750
vt 0.296875 0.453125
vt 0.304688 0.484375
vt 0.304687 0.500000
vt 0.296875 0.500000
vt 0.296875 0.484375
vt 0.289062 0.031250
vt 0.292969 0.046875
vt 0.285156 0.046875
vt 0.296875 0.031250
vt 0.304688 0.031250
vt 0.308594 0.046875
vt 0.300781 0.046875
vt 0.292969 0.953125
vt 0.300781 0.953125
vt 0.304688 0.968750
vt 0.300781 0.984375
vt 0.296875 0.968750
vt 0.289062 0.515625
vt 0.289062 0.531250
vt 0.281250 0.531250
vt 0.281250 0.515625
vt 0.304688 0.515625
vt 0.304688 0.531250
vt 0.296875 0.531250
vt 0.296875 0.515625
vt 0.304688 0.546875
vt 0.304688 0.562500
vt 0.296875 0.562500
vt 0.296875 0.546875
vt 0.289062 0.078125
vt 0.289062 0.093750
vt 0.281250 0.093750
vt 0.281250 0.078125
vt 0.304688 0.078125
vt 0.304688 0.093750
vt 0.296875 0.093750
vt 0.296875 0.078125
vt 0.304688 0.109375
vt 0.304688 0.125000
vt 0.296875 0.125000
vt 0.296875 0.109375
vt 0.289062 0.578125
vt 0.289062 0.593750
vt 0.281250 0.593750
vt 0.281250 0.578125
vt 0.304688 0.578125
vt 0.304688 0.593750
vt 0.296875 0.593750
vt 0.296875 0.578125
vt 0.304688 0.609375
vt 0.304688 0.625000
vt 0.296875 0.625000
vt 0.296875 0.609375
vt 0.289062 0.140625
vt 0.289062 0.156250
vt 0.281250 0.156250
vt 0.281250 0.140625
vt 0.304688 0.140625
vt 0.304688 0.156250
vt 0.296875 0.156250
vt 0.296875 0.140625
vt 0.304688 0.171875
vt 0.304688 0.187500
vt 0.296875 0.187500
vt 0.296875 0.171875
vt 0.289062 0.640625
vt 0.289062 0.656250
vt 0.281250 0.656250
vt 0.281250 0.640625
vt 0.304688 0.640625
vt 0.304688 0.656250
vt 0.296875 0.656250
vt 0.296875 0.640625
vt 0.304688 0.671875
vt 0.304688 0.687500
vt 0.296875 0.687500
vt 0.296875 0.671875
vt 0.289062 0.203125
vt 0.289062 0.218750
vt 0.281250 0.218750
vt 0.281250 0.203125
vt 0.304688 0.203125
vt 0.304688 0.218750
vt 0.296875 0.218750
vt 0.296875 0.203125
vt 0.304688 0.234375
vt 0.304688 0.250000
vt 0.296875 0.250000
vt 0.296875 0.234375
vt 0.289062 0.703125
vt 0.289062 0.718750
vt 0.281250 0.718750
vt 0.281250 0.703125
vt 0.304688 0.703125
vt 0.304688 0.718750
vt 0.296875 0.718750
vt 0.296875 0.703125
vt 0.304688 0.734375
vt 0.304688 0.750000
vt 0.296875 0.750000
vt 0.296875 0.734375
vt 0.289062 0.265625
vt 0.289062 0.281250
vt 0.281250 0.281250
vt 0.281250 0.265625
vt 0.304688 0.265625
vt 0.304688 0.281250
vt 0.296875 0.281250
vt 0.296875 0.265625
vt 0.304688 0.296875
vt 0.304688 0.312500
vt 0.296875 0.312500
vt 0.296875 0.296875
vt 0.289062 0.765625
vt 0.289062 0.781250
vt 0.281250 0.781250
vt 0.281250 0.765625
vt 0.304688 0.765625
vt 0.304688 0.781250
vt 0.296875 0.781250
vt 0.296875 0.765625
vt 0.304688 0.796875
vt 0.304688 0.812500
vt 0.296875 0.812500
vt 0.296875 0.796875
vt 0.289062 0.328125
vt 0.289062 0.343750
vt 0.281250 0.343750
vt 0.281250 0.328125
vt 0.304688 0.328125
vt 0.304688 0.343750
vt 0.296875 0.343750
vt 0.296875 0.328125
vt 0.304688 0.359375
vt 0.304688 0.375000
vt 0.296875 0.375000
vt 0.296875 0.359375
vt 0.289062 0.828125
vt 0.289062 0.843750
vt 0.281250 0.843750
vt 0.281250 0.828125
vt 0.304688 0.828125
vt 0.304688 0.843750
vt 0.296875 0.843750
vt 0.296875 0.828125
vt 0.304688 0.859375
vt 0.304688 0.875000
vt 0.296875 0.875000
vt 0.296875 0.859375
vt 0.289062 0.390625
vt 0.289062 0.406250
vt 0.281250 0.406250
vt 0.281250 0.390625
vt 0.304688 0.390625
vt 0.304688 0.406250
vt 0.296875 0.406250
vt 0.296875 0.390625
vt 0.304688 0.421875
vt 0.304688 0.437500
vt 0.296875 0.437500
vt 0.296875 0.421875
vt 0.320312 0.203125
vt 0.320312 0.218750
vt 0.312500 0.218750
vt 0.312500 0.203125
vt 0.335938 0.203125
vt 0.335938 0.218750
vt 0.328125 0.218750
vt 0.328125 0.203125
vt 0.335938 0.234375
vt 0.335938 0.250000
vt 0.328125 0.250000
vt 0.328125 0.234375
vt 0.320312 0.703125
vt 0.320312 0.718750
vt 0.312500 0.718750
vt 0.312500 0.703125
vt 0.335938 0.703125
vt 0.335938 0.718750
vt 0.328125 0.718750
vt 0.328125 0.703125
vt 0.335938 0.734375
vt 0.335938 0.750000
vt 0.328125 0.750000
vt 0.328125 0.734375
vt 0.320312 0.265625
vt 0.320312 0.281250
vt 0.312500 0.281250
vt 0.312500 0.265625
vt 0.335938 0.265625
vt 0.335938 0.281250
vt 0.328125 0.281250
vt 0.328125 0.265625
vt 0.335938 0.296875
vt 0.335938 0.312500
vt 0.328125 0.312500
vt 0.328125 0.296875
vt 0.320312 0.765625
vt 0.320312 0.781250
vt 0.312500 0.781250
vt 0.312500 0.765625
vt 0.335938 0.765625
vt 0.335938 0.781250
vt 0.328125 0.781250
vt 0.328125 0.765625
vt 0.335938 0.796875
vt 0.335938 0.812500
vt 0.328125 0.812500
vt 0.328125 0.796875
vt 0.320312 0.328125
vt 0.320312 0.343750
vt 0.312500 0.343750
vt 0.312500 0.328125
vt 0.335938 0.328125
vt 0.335938 0.343750
vt 0.328125 0.343750
vt 0.328125 0.328125
vt 0.335938 0.359375
vt 0.335938 0.375000
vt 0.328125 0.375000
vt 0.328125 0.359375
vt 0.320312 0.828125
vt 0.320312 0.843750
vt 0.312500 0.843750
vt 0.312500 0.828125
vt 0.335938 0.828125
vt 0.335938 0.843750
vt 0.328125 0.843750
vt 0.328125 0.828125
vt 0.335938 0.859375
vt 0.335938 0.875000
vt 0.328125 0.875000
vt 0.328125 0.859375
vt 0.320312 0.390625
vt 0.320312 0.406250
vt 0.312500 0.406250
vt 0.312500 0.390625
vt 0.335938 0.390625
vt 0.335938 0.406250
vt 0.328125 0.406250
vt 0.328125 0.390625
vt 0.335938 0.421875
vt 0.335938 0.437500
vt 0.328125 0.437500
vt 0.328125 0.421875
vt 0.320312 0.890625
vt 0.320312 0.906250
vt 0.312500 0.906250
vt 0.312500 0.890625
vt 0.335938 0.890625
vt 0.335938 0.906250
vt 0.328125 0.906250
vt 0.328125 0.890625
vt 0.335938 0.921875
vt 0.328125 0.937500
vt 0.328125 0.921875
vt 0.320312 0.453125
vt 0.320312 0.468750
vt 0.312500 0.468750
vt 0.312500 0.453125
vt 0.335938 0.453125
vt 0.335938 0.468750
vt 0.328125 0.468750
vt 0.328125 0.453125
vt 0.335937 0.484375
vt 0.335937 0.500000
vt 0.328125 0.500000
vt 0.328125 0.484375
vt 0.320312 0.031250
vt 0.324219 0.046875
vt 0.316406 0.046875
vt 0.328125 0.031250
vt 0.335938 0.031250
vt 0.339844 0.046875
vt 0.332031 0.046875
vt 0.324219 0.953125
vt 0.332031 0.953125
vt 0.335938 0.968750
vt 0.332031 0.984375
vt 0.328125 0.968750
vt 0.320312 0.515625
vt 0.320312 0.531250
vt 0.312500 0.531250
vt 0.312500 0.515625
vt 0.335937 0.515625
vt 0.335938 0.531250
vt 0.328125 0.531250
vt 0.328125 0.515625
vt 0.335938 0.546875
vt 0.335938 0.562500
vt 0.328125 0.562500
vt 0.328125 0.546875
vt 0.320312 0.078125
vt 0.320312 0.093750
vt 0.312500 0.093750
vt 0.312500 0.078125
vt 0.335938 0.078125
vt 0.335938 0.093750
vt 0.328125 0.093750
vt 0.328125 0.078125
vt 0.335938 0.109375
vt 0.335938 0.125000
vt 0.328125 0.125000
vt 0.328125 0.109375
vt 0.320312 0.578125
vt 0.320312 0.593750
vt 0.312500 0.593750
vt 0.312500 0.578125
vt 0.335938 0.578125
vt 0.335938 0.593750
vt 0.328125 0.593750
vt 0.328125 0.578125
vt 0.335938 0.609375
vt 0.335938 0.625000
vt 0.328125 0.625000
vt 0.328125 0.609375
vt 0.320312 0.140625
vt 0.320312 0.156250
vt 0.312500 0.156250
vt 0.312500 0.140625
vt 0.335938 0.140625
vt 0.335938 0.156250
vt 0.328125 0.156250
vt 0.328125 0.140625
vt 0.335938 0.171875
vt 0.335938 0.187500
vt 0.328125 0.187500
vt 0.328125 0.171875
vt 0.320312 0.640625
vt 0.320312 0.656250
vt 0.312500 0.656250
vt 0.312500 0.640625
vt 0.335938 0.640625
vt 0.335938 0.656250
vt 0.328125 0.656250
vt 0.328125 0.640625
vt 0.335938 0.671875
vt 0.335938 0.687500
vt 0.328125 0.687500
vt 0.328125 0.671875
vt 0.351562 0.453125
vt 0.351562 0.468750
vt 0.343750 0.468750
vt 0.343750 0.453125
vt 0.367188 0.453125
vt 0.367187 0.468750
vt 0.359375 0.468750
vt 0.359375 0.453125
vt 0.367187 0.484375
vt 0.367187 0.500000
vt 0.359375 0.500000
vt 0.359375 0.484375
vt 0.351562 0.031250
vt 0.355469 0.046875
vt 0.347656 0.046875
vt 0.359375 0.031250
vt 0.367188 0.031250
vt 0.371094 0.046875
vt 0.363281 0.046875
vt 0.359375 0.937500
vt 0.355469 0.953125
vt 0.363281 0.953125
vt 0.367188 0.968750
vt 0.363281 0.984375
vt 0.359375 0.968750
vt 0.351562 0.515625
vt 0.351562 0.531250
vt 0.343750 0.531250
vt 0.343750 0.515625
vt 0.367187 0.515625
vt 0.367187 0.531250
vt 0.359375 0.531250
vt 0.359375 0.515625
vt 0.367188 0.546875
vt 0.367188 0.562500
vt 0.359375 0.562500
vt 0.359375 0.546875
vt 0.351562 0.078125
vt 0.351562 0.093750
vt 0.343750 0.093750
vt 0.343750 0.078125
vt 0.367188 0.078125
vt 0.367188 0.093750
vt 0.359375 0.093750
vt 0.359375 0.078125
vt 0.367188 0.109375
vt 0.367188 0.125000
vt 0.359375 0.125000
vt 0.359375 0.109375
vt 0.351562 0.578125
vt 0.351562 0.593750
vt 0.343750 0.593750
vt 0.343750 0.578125
vt 0.367188 0.578125
vt 0.367188 0.593750
vt 0.359375 0.593750
vt 0.359375 0.578125
vt 0.367188 0.609375
vt 0.367188 0.625000
vt 0.359375 0.625000
vt 0.359375 0.609375
vt 0.351562 0.140625
vt 0.351562 0.156250
vt 0.343750 0.156250
vt 0.343750 0.140625
vt 0.367188 0.140625
vt 0.367188 0.156250
vt 0.359375 0.156250
vt 0.359375 0.140625
vt 0.367188 0.171875
vt 0.367188 0.187500
vt 0.359375 0.187500
vt 0.359375 0.171875
vt 0.351562 0.640625
vt 0.351562 0.656250
vt 0.343750 0.656250
vt 0.343750 0.640625
vt 0.367188 0.640625
vt 0.367188 0.656250
vt 0.359375 0.656250
vt 0.359375 0.640625
vt 0.367188 0.671875
vt 0.367188 0.687500
vt 0.359375 0.687500
vt 0.359375 0.671875
vt 0.351562 0.203125
vt 0.351562 0.218750
vt 0.343750 0.218750
vt 0.343750 0.203125
vt 0.367188 0.203125
vt 0.367188 0.218750
vt 0.359375 0.218750
vt 0.359375 0.203125
vt 0.367188 0.234375
vt 0.367188 0.250000
vt 0.359375 0.250000
vt 0.359375 0.234375
vt 0.351562 0.703125
vt 0.351562 0.718750
vt 0.343750 0.718750
vt 0.343750 0.703125
vt 0.367188 0.703125
vt 0.367188 0.718750
vt 0.359375 0.718750
vt 0.359375 0.703125
vt 0.367188 0.734375
vt 0.367188 0.750000
vt 0.359375 0.750000
vt 0.359375 0.734375
vt 0.351562 0.265625
vt 0.351562 0.281250
vt 0.343750 0.281250
vt 0.343750 0.265625
vt 0.367188 0.265625
vt 0.367188 0.281250
vt 0.359375 0.281250
vt 0.359375 0.265625
vt 0.367188 0.296875
vt 0.367188 0.312500
vt 0.359375 0.312500
vt 0.359375 0.296875
vt 0.351562 0.765625
vt 0.351562 0.781250
vt 0.343750 0.781250
vt 0.343750 0.765625
vt 0.367188 0.765625
vt 0.367188 0.781250
vt 0.359375 0.781250
vt 0.359375 0.765625
vt 0.367188 0.796875
vt 0.367188 0.812500
vt 0.359375 0.812500
vt 0.359375 0.796875
vt 0.351562 0.328125
vt 0.351562 0.343750
vt 0.343750 0.343750
vt 0.343750 0.328125
vt 0.367188 0.328125
vt 0.367188 0.343750
vt 0.359375 0.343750
vt 0.359375 0.328125
vt 0.367188 0.359375
vt 0.367188 0.375000
vt 0.359375 0.375000
vt 0.359375 0.359375
vt 0.351562 0.828125
vt 0.351562 0.843750
vt 0.343750 0.843750
vt 0.343750 0.828125
vt 0.367188 0.828125
vt 0.367188 0.843750
vt 0.359375 0.843750
vt 0.359375 0.828125
vt 0.367188 0.859375
vt 0.367188 0.875000
vt 0.359375 0.875000
vt 0.359375 0.859375
vt 0.351562 0.390625
vt 0.351562 0.406250
vt 0.343750 0.406250
vt 0.343750 0.390625
vt 0.367188 0.390625
vt 0.367188 0.406250
vt 0.359375 0.406250
vt 0.359375 0.390625
vt 0.367188 0.421875
vt 0.367188 0.437500
vt 0.359375 0.437500
vt 0.359375 0.421875
vt 0.351562 0.890625
vt 0.351562 0.906250
vt 0.343750 0.906250
vt 0.343750 0.890625
vt 0.367188 0.890625
vt 0.367188 0.906250
vt 0.359375 0.906250
vt 0.359375 0.890625
vt 0.367188 0.921875
vt 0.359375 0.921875
vt 0.382812 0.703125
vt 0.382812 0.718750
vt 0.375000 0.718750
vt 0.375000 0.703125
vt 0.398438 0.703125
vt 0.398438 0.718750
vt 0.390625 0.718750
vt 0.390625 0.703125
vt 0.398438 0.734375
vt 0.398438 0.750000
vt 0.390625 0.750000
vt 0.390625 0.734375
vt 0.382812 0.265625
vt 0.382812 0.281250
vt 0.375000 0.281250
vt 0.375000 0.265625
vt 0.398438 0.265625
vt 0.398438 0.281250
vt 0.390625 0.281250
vt 0.390625 0.265625
vt 0.398438 0.296875
vt 0.398438 0.312500
vt 0.390625 0.312500
vt 0.390625 0.296875
vt 0.382812 0.765625
vt 0.382812 0.781250
vt 0.375000 0.781250
vt 0.375000 0.765625
vt 0.398438 0.765625
vt 0.398438 0.781250
vt 0.390625 0.781250
vt 0.390625 0.765625
vt 0.398438 0.796875
vt 0.398438 0.812500
vt 0.390625 0.812500
vt 0.390625 0.796875
vt 0.382812 0.328125
vt 0.382812 0.343750
vt 0.375000 0.343750
vt 0.375000 0.328125
vt 0.398438 0.328125
vt 0.398438 0.343750
vt 0.390625 0.343750
vt 0.390625 0.328125
vt 0.398438 0.359375
vt 0.398438 0.375000
vt 0.390625 0.375000
vt 0.390625 0.359375
vt 0.382812 0.828125
vt 0.382812 0.843750
vt 0.375000 0.843750
vt 0.375000 0.828125
vt 0.398438 0.828125
vt 0.398438 0.843750
vt 0.390625 0.843750
vt 0.390625 0.828125
vt 0.398438 0.859375
vt 0.398438 0.875000
vt 0.390625 0.875000
vt 0.390625 0.859375
vt 0.382812 0.390625
vt 0.382812 0.406250
vt 0.375000 0.406250
vt 0.375000 0.390625
vt 0.398438 0.390625
vt 0.398438 0.406250
vt 0.390625 0.406250
vt 0.390625 0.390625
vt 0.398438 0.421875
vt 0.398438 0.437500
vt 0.390625 0.437500
vt 0.390625 0.421875
vt 0.382812 0.890625
vt 0.382812 0.906250
vt 0.375000 0.906250
vt 0.375000 0.890625
vt 0.398438 0.890625
vt 0.398438 0.906250
vt 0.390625 0.906250
vt 0.390625 0.890625
vt 0.398438 0.921875
vt 0.390625 0.937500
vt 0.390625 0.921875
vt 0.382812 0.453125
vt 0.382812 0.468750
vt 0.375000 0.468750
vt 0.375000 0.453125
vt 0.398438 0.453125
vt 0.398438 0.468750
vt 0.390625 0.468750
vt 0.390625 0.453125
vt 0.398438 0.484375
vt 0.398437 0.500000
vt 0.390625 0.500000
vt 0.390625 0.484375
vt 0.382812 0.031250
vt 0.386719 0.046875
vt 0.378906 0.046875
vt 0.390625 0.031250
vt 0.398438 0.031250
vt 0.402344 0.046875
vt 0.394531 0.046875
vt 0.386719 0.953125
vt 0.394531 0.953125
vt 0.398438 0.968750
vt 0.394531 0.984375
vt 0.390625 0.968750
vt 0.382812 0.515625
vt 0.382812 0.531250
vt 0.375000 0.531250
vt 0.375000 0.515625
vt 0.398438 0.515625
vt 0.398438 0.531250
vt 0.390625 0.531250
vt 0.390625 0.515625
vt 0.398438 0.546875
vt 0.398438 0.562500
vt 0.390625 0.562500
vt 0.390625 0.546875
vt 0.382812 0.078125
vt 0.382812 0.093750
vt 0.375000 0.093750
vt 0.375000 0.078125
vt 0.398438 0.078125
vt 0.398438 0.093750
vt 0.390625 0.093750
vt 0.390625 0.078125
vt 0.398438 0.109375
vt 0.398438 0.125000
vt 0.390625 0.125000
vt 0.390625 0.109375
vt 0.382812 0.578125
vt 0.382812 0.593750
vt 0.375000 0.593750
vt 0.375000 0.578125
vt 0.398438 0.578125
vt 0.398438 0.593750
vt 0.390625 0.593750
vt 0.390625 0.578125
vt 0.398438 0.609375
vt 0.398438 0.625000
vt 0.390625 0.625000
vt 0.390625 0.609375
vt 0.382812 0.140625
vt 0.382812 0.156250
vt 0.375000 0.156250
vt 0.375000 0.140625
vt 0.398438 0.140625
vt 0.398438 0.156250
vt 0.390625 0.156250
vt 0.390625 0.140625
vt 0.398438 0.171875
vt 0.398438 0.187500
vt 0.390625 0.187500
vt 0.390625 0.171875
vt 0.382812 0.640625
vt 0.382812 0.656250
vt 0.375000 0.656250
vt 0.375000 0.640625
vt 0.398438 0.640625
vt 0.398438 0.656250
vt 0.390625 0.656250
vt 0.390625 0.640625
vt 0.398438 0.671875
vt 0.398438 0.687500
vt 0.390625 0.687500
vt 0.390625 0.671875
vt 0.382812 0.203125
vt 0.382812 0.218750
vt 0.375000 0.218750
vt 0.375000 0.203125
vt 0.398438 0.203125
vt 0.398438 0.218750
vt 0.390625 0.218750
vt 0.390625 0.203125
vt 0.398438 0.234375
vt 0.398438 0.250000
vt 0.390625 0.250000
vt 0.390625 0.234375
vt 0.421875 0.937500
vt 0.417969 0.953125
vt 0.425781 0.953125
vt 0.429688 0.968750
vt 0.425781 0.984375
vt 0.421875 0.968750
vt 0.414062 0.515625
vt 0.414062 0.531250
vt 0.406250 0.531250
vt 0.406250 0.515625
vt 0.429688 0.515625
vt 0.429688 0.531250
vt 0.421875 0.531250
vt 0.421875 0.515625
vt 0.429688 0.546875
vt 0.429688 0.562500
vt 0.421875 0.562500
vt 0.421875 0.546875
vt 0.414062 0.078125
vt 0.414062 0.093750
vt 0.406250 0.093750
vt 0.406250 0.078125
vt 0.429688 0.078125
vt 0.429688 0.093750
vt 0.421875 0.093750
vt 0.421875 0.078125
vt 0.429688 0.109375
vt 0.429688 0.125000
vt 0.421875 0.125000
vt 0.421875 0.109375
vt 0.414062 0.578125
vt 0.414062 0.593750
vt 0.406250 0.593750
vt 0.406250 0.578125
vt 0.429688 0.578125
vt 0.429688 0.593750
vt 0.421875 0.593750
vt 0.421875 0.578125
vt 0.429688 0.609375
vt 0.429688 0.625000
vt 0.421875 0.625000
vt 0.421875 0.609375
vt 0.414062 0.140625
vt 0.414062 0.156250
vt 0.406250 0.156250
vt 0.406250 0.140625
vt 0.429688 0.140625
vt 0.429688 0.156250
vt 0.421875 0.156250
vt 0.421875 0.140625
vt 0.429688 0.171875
vt 0.429688 0.187500
vt 0.421875 0.187500
vt 0.421875 0.171875
vt 0.414062 0.640625
vt 0.414062 0.656250
vt 0.406250 0.656250
vt 0.406250 0.640625
vt 0.429688 0.640625
vt 0.429688 0.656250
vt 0.421875 0.656250
vt 0.421875 0.640625
vt 0.429688 0.671875
vt 0.429688 0.687500
vt 0.421875 0.687500
vt 0.421875 0.671875
vt 0.414062 0.203125
vt 0.414062 0.218750
vt 0.406250 0.218750
vt 0.406250 0.203125
vt 0.429688 0.203125
vt 0.429688 0.218750
vt 0.421875 0.218750
vt 0.421875 0.203125
vt 0.429688 0.234375
vt 0.429688 0.250000
vt 0.421875 0.250000
vt 0.421875 0.234375
vt 0.414062 0.703125
vt 0.414062 0.718750
vt 0.406250 0.718750
vt 0.406250 0.703125
vt 0.429688 0.703125
vt 0.429688 0.718750
vt 0.421875 0.718750
vt 0.421875 0.703125
vt 0.429688 0.734375
vt 0.429688 0.750000
vt 0.421875 0.750000
vt 0.421875 0.734375
vt 0.414062 0.265625
vt 0.414062 0.281250
vt 0.406250 0.281250
vt 0.406250 0.265625
vt 0.429688 0.265625
vt 0.429688 0.281250
vt 0.421875 0.281250
vt 0.421875 0.265625
vt 0.429688 0.296875
vt 0.429688 0.312500
vt 0.421875 0.312500
vt 0.421875 0.296875
vt 0.414062 0.765625
vt 0.414062 0.781250
vt 0.406250 0.781250
vt 0.406250 0.765625
vt 0.429688 0.765625
vt 0.429688 0.781250
vt 0.421875 0.781250
vt 0.421875 0.765625
vt 0.429688 0.796875
vt 0.429688 0.812500
vt 0.421875 0.812500
vt 0.421875 0.796875
vt 0.414062 0.328125
vt 0.414062 0.343750
vt 0.406250 0.343750
vt 0.406250 0.328125
vt 0.429688 0.328125
vt 0.429688 0.343750
vt 0.421875 0.343750
vt 0.421875 0.328125
vt 0.429688 0.359375
vt 0.429688 0.375000
vt 0.421875 0.375000
vt 0.421875 0.359375
vt 0.414062 0.828125
vt 0.414062 0.843750
vt 0.406250 0.843750
vt 0.406250 0.828125
vt 0.429688 0.828125
vt 0.429688 0.843750
vt 0.421875 0.843750
vt 0.421875 0.828125
vt 0.429688 0.859375
vt 0.429688 0.875000
vt 0.421875 0.875000
vt 0.421875 0.859375
vt 0.414062 0.390625
vt 0.414062 0.406250
vt 0.406250 0.406250
vt 0.406250 0.390625
vt 0.429688 0.390625
vt 0.429688 0.406250
vt 0.421875 0.406250
vt 0.421875 0.390625
vt 0.429688 0.421875
vt 0.429688 0.437500
vt 0.421875 0.437500
vt 0.421875 0.421875
vt 0.414062 0.890625
vt 0.414062 0.906250
vt 0.406250 0.906250
vt 0.406250 0.890625
vt 0.429688 0.890625
vt 0.429688 0.906250
vt 0.421875 0.906250
vt 0.421875 0.890625
vt 0.429688 0.921875
vt 0.421875 0.921875
vt 0.414062 0.453125
vt 0.414062 0.468750
vt 0.406250 0.468750
vt 0.406250 0.453125
vt 0.429688 0.453125
vt 0.429688 0.468750
vt 0.421875 0.468750
vt 0.421875 0.453125
vt 0.429688 0.484375
vt 0.429687 0.500000
vt 0.421875 0.500000
vt 0.421875 0.484375
vt 0.414062 0.031250
vt 0.417969 0.046875
vt 0.410156 0.046875
vt 0.421875 0.031250
vt 0.429688 0.031250
vt 0.433594 0.046875
vt 0.425781 0.046875
vt 0.445312 0.765625
vt 0.445312 0.781250
vt 0.437500 0.781250
vt 0.437500 0.765625
vt 0.460938 0.765625
vt 0.460938 0.781250
vt 0.453125 0.781250
vt 0.453125 0.765625
vt 0.460938 0.796875
vt 0.460938 0.812500
vt 0.453125 0.812500
vt 0.453125 0.796875
vt 0.445312 0.328125
vt 0.445312 0.343750
vt 0.437500 0.343750
vt 0.437500 0.328125
vt 0.460938 0.328125
vt 0.460938 0.343750
vt 0.453125 0.343750
vt 0.453125 0.328125
vt 0.460938 0.359375
vt 0.460938 0.375000
vt 0.453125 0.375000
vt 0.453125 0.359375
vt 0.445312 0.828125
vt 0.445312 0.843750
vt 0.437500 0.843750
vt 0.437500 0.828125
vt 0.460938 0.828125
vt 0.460938 0.843750
vt 0.453125 0.843750
vt 0.453125 0.828125
vt 0.460938 0.859375
vt 0.460938 0.875000
vt 0.453125 0.875000
vt 0.453125 0.859375
vt 0.445312 0.390625
vt 0.445312 0.406250
vt 0.437500 0.406250
vt 0.437500 0.390625
vt 0.460938 0.390625
vt 0.460938 0.406250
vt 0.453125 0.406250
vt 0.453125 0.390625
vt 0.460938 0.421875
vt 0.460938 0.437500
vt 0.453125 0.437500
vt 0.453125 0.421875
vt 0.445312 0.890625
vt 0.445312 0.906250
vt 0.437500 0.906250
vt 0.437500 0.890625
vt 0.460938 0.890625
vt 0.460938 0.906250
vt 0.453125 0.906250
vt 0.453125 0.890625
vt 0.460938 0.921875
vt 0.453125 0.937500
vt 0.453125 0.921875
vt 0.445312 0.453125
vt 0.445312 0.468750
vt 0.437500 0.468750
vt 0.437500 0.453125
vt 0.460938 0.453125
vt 0.460938 0.468750
vt 0.453125 0.468750
vt 0.453125 0.453125
vt 0.460938 0.484375
vt 0.460937 0.500000
vt 0.453125 0.500000
vt 0.453125 0.484375
vt 0.445312 0.031250
vt 0.449219 0.046875
vt 0.441406 0.046875
vt 0.453125 0.031250
vt 0.460938 0.031250
vt 0.464844 0.046875
vt 0.457031 0.046875
vt 0.449219 0.953125
vt 0.457031 0.953125
vt 0.460938 0.968750
vt 0.457031 0.984375
vt 0.453125 0.968750
vt 0.445312 0.515625
vt 0.445312 0.531250
vt 0.437500 0.531250
vt 0.437500 0.515625
vt 0.460938 0.515625
vt 0.460938 0.531250
vt 0.453125 0.531250
vt 0.453125 0.515625
vt 0.460938 0.546875
vt 0.460938 0.562500
vt 0.453125 0.562500
vt 0.453125 0.546875
vt 0.445312 0.078125
vt 0.445312 0.093750
vt 0.437500 0.093750
vt 0.437500 0.078125
vt 0.460938 0.078125
vt 0.460938 0.093750
vt 0.453125 0.093750
vt 0.453125 0.078125
vt 0.460938 0.109375
vt 0.460938 0.125000
vt 0.453125 0.125000
vt 0.453125 0.109375
vt 0.445312 0.578125
vt 0.445312 0.593750
vt 0.437500 0.593750
vt 0.437500 0.578125
vt 0.460938 0.578125
vt 0.460938 0.593750
vt 0.453125 0.593750
vt 0.453125 0.578125
vt 0.460938 0.609375
vt 0.460938 0.625000
vt 0.453125 0.625000
vt 0.453125 0.609375
vt 0.445312 0.140625
vt 0.445312 0.156250
vt 0.437500 0.156250
vt 0.437500 0.140625
vt 0.460938 0.140625
vt 0.460938 0.156250
vt 0.453125 0.156250
vt 0.453125 0.140625
vt 0.460938 0.171875
vt 0.460938 0.187500
vt 0.453125 0.187500
vt 0.453125 0.171875
vt 0.445312 0.640625
vt 0.445312 0.656250
vt 0.437500 0.656250
vt 0.437500 0.640625
vt 0.460938 0.640625
vt 0.460938 0.656250
vt 0.453125 0.656250
vt 0.453125 0.640625
vt 0.460938 0.671875
vt 0.460937 0.687500
vt 0.453125 0.687500
vt 0.453125 0.671875
vt 0.445312 0.203125
vt 0.445312 0.218750
vt 0.437500 0.218750
vt 0.437500 0.203125
vt 0.460938 0.203125
vt 0.460938 0.218750
vt 0.453125 0.218750
vt 0.453125 0.203125
vt 0.460938 0.234375
vt 0.460938 0.250000
vt 0.453125 0.250000
vt 0.453125 0.234375
vt 0.445312 0.703125
vt 0.445312 0.718750
vt 0.437500 0.718750
vt 0.437500 0.703125
vt 0.460938 0.703125
vt 0.460938 0.718750
vt 0.453125 0.718750
vt 0.453125 0.703125
vt 0.460938 0.734375
vt 0.460938 0.750000
vt 0.453125 0.750000
vt 0.453125 0.734375
vt 0.445312 0.265625
vt 0.445312 0.281250
vt 0.437500 0.281250
vt 0.437500 0.265625
vt 0.460938 0.265625
vt 0.460938 0.281250
vt 0.453125 0.281250
vt 0.453125 0.265625
vt 0.460938 0.296875
vt 0.460937 0.312500
vt 0.453125 0.312500
vt 0.453125 0.296875
vt 0.476562 0.078125
vt 0.476562 0.093750
vt 0.468750 0.093750
vt 0.468750 0.078125
vt 0.492188 0.078125
vt 0.492188 0.093750
vt 0.484375 0.093750
vt 0.484375 0.078125
vt 0.492188 0.109375
vt 0.492188 0.125000
vt 0.484375 0.125000
vt 0.484375 0.109375
vt 0.476562 0.578125
vt 0.476562 0.593750
vt 0.468750 0.593750
vt 0.468750 0.578125
vt 0.492188 0.578125
vt 0.492188 0.593750
vt 0.484375 0.593750
vt 0.484375 0.578125
vt 0.492188 0.609375
vt 0.492188 0.625000
vt 0.484375 0.625000
vt 0.484375 0.609375
vt 0.476562 0.140625
vt 0.476562 0.156250
vt 0.468750 0.156250
vt 0.468750 0.140625
vt 0.492188 0.140625
vt 0.492188 0.156250
vt 0.484375 0.156250
vt 0.484375 0.140625
vt 0.492188 0.171875
vt 0.492188 0.187500
vt 0.484375 0.187500
vt 0.484375 0.171875
vt 0.476562 0.640625
vt 0.476562 0.656250
vt 0.468750 0.656250
vt 0.468750 0.640625
vt 0.492188 0.640625
vt 0.492188 0.656250
vt 0.484375 0.656250
vt 0.484375 0.640625
vt 0.492188 0.671875
vt 0.492187 0.687500
vt 0.484375 0.687500
vt 0.484375 0.671875
vt 0.476562 0.203125
vt 0.476562 0.218750
vt 0.468750 0.218750
vt 0.468750 0.203125
vt 0.492188 0.203125
vt 0.492188 0.218750
vt 0.484375 0.218750
vt 0.484375 0.203125
vt 0.492188 0.234375
vt 0.492188 0.250000
vt 0.484375 0.250000
vt 0.484375 0.234375
vt 0.476562 0.703125
vt 0.476562 0.718750
vt 0.468750 0.718750
vt 0.468750 0.703125
vt 0.492188 0.703125
vt 0.492188 0.718750
vt 0.484375 0.718750
vt 0.484375 0.703125
vt 0.492188 0.734375
vt 0.492188 0.750000
vt 0.484375 0.750000
vt 0.484375 0.734375
vt 0.476562 0.265625
vt 0.476562 0.281250
vt 0.468750 0.281250
vt 0.468750 0.265625
vt 0.492188 0.265625
vt 0.492188 0.281250
vt 0.484375 0.281250
vt 0.484375 0.265625
vt 0.492188 0.296875
vt 0.492187 0.312500
vt 0.484375 0.312500
vt 0.484375 0.296875
vt 0.476562 0.765625
vt 0.476562 0.781250
vt 0.468750 0.781250
vt 0.468750 0.765625
vt 0.492188 0.765625
vt 0.492188 0.781250
vt 0.484375 0.781250
vt 0.484375 0.765625
vt 0.492188 0.796875
vt 0.492188 0.812500
vt 0.484375 0.812500
vt 0.484375 0.796875
vt 0.476562 0.328125
vt 0.476562 0.343750
vt 0.468750 0.343750
vt 0.468750 0.328125
vt 0.492188 0.328125
vt 0.492188 0.343750
vt 0.484375 0.343750
vt 0.484375 0.328125
vt 0.492188 0.359375
vt 0.492188 0.375000
vt 0.484375 0.375000
vt 0.484375 0.359375
vt 0.476562 0.828125
vt 0.476562 0.843750
vt 0.468750 0.843750
vt 0.468750 0.828125
vt 0.492188 0.828125
vt 0.492188 0.843750
vt 0.484375 0.843750
vt 0.484375 0.828125
vt 0.492188 0.859375
vt 0.492188 0.875000
vt 0.484375 0.875000
vt 0.484375 0.859375
vt 0.476562 0.390625
vt 0.476562 0.406250
vt 0.468750 0.406250
vt 0.468750 0.390625
vt 0.492188 0.390625
vt 0.492188 0.406250
vt 0.484375 0.406250
vt 0.484375 0.390625
vt 0.492188 0.421875
vt 0.492188 0.437500
vt 0.484375 0.437500
vt 0.484375 0.421875
vt 0.476562 0.890625
vt 0.476562 0.906250
vt 0.468750 0.906250
vt 0.468750 0.890625
vt 0.492188 0.890625
vt 0.492188 0.906250
vt 0.484375 0.906250
vt 0.484375 0.890625
vt 0.492188 0.921875
vt 0.484375 0.937500
vt 0.484375 0.921875
vt 0.476562 0.453125
vt 0.476562 0.468750
vt 0.468750 0.468750
vt 0.468750 0.453125
vt 0.492188 0.453125
vt 0.492188 0.468750
vt 0.484375 0.468750
vt 0.484375 0.453125
vt 0.492188 0.484375
vt 0.492187 0.500000
vt 0.484375 0.500000
vt 0.484375 0.484375
vt 0.476562 0.031250
vt 0.480469 0.046875
vt 0.472656 0.046875
vt 0.484375 0.031250
vt 0.492188 0.031250
vt 0.496094 0.046875
vt 0.488281 0.046875
vt 0.480469 0.953125
vt 0.488281 0.953125
vt 0.492188 0.968750
vt 0.488281 0.984375
vt 0.484375 0.968750
vt 0.476562 0.515625
vt 0.476562 0.531250
vt 0.468750 0.531250
vt 0.468750 0.515625
vt 0.492188 0.515625
vt 0.492188 0.531250
vt 0.484375 0.531250
vt 0.484375 0.515625
vt 0.492188 0.546875
vt 0.492188 0.562500
vt 0.484375 0.562500
vt 0.484375 0.546875
vt 0.507812 0.328125
vt 0.507812 0.343750
vt 0.500000 0.343750
vt 0.500000 0.328125
vt 0.523438 0.328125
vt 0.523438 0.343750
vt 0.515625 0.343750
vt 0.515625 0.328125
vt 0.523438 0.359375
vt 0.523438 0.375000
vt 0.515625 0.375000
vt 0.515625 0.359375
vt 0.507812 0.828125
vt 0.507812 0.843750
vt 0.500000 0.843750
vt 0.500000 0.828125
vt 0.523438 0.828125
vt 0.523438 0.843750
vt 0.515625 0.843750
vt 0.515625 0.828125
vt 0.523438 0.859375
vt 0.523438 0.875000
vt 0.515625 0.875000
vt 0.515625 0.859375
vt 0.507812 0.390625
vt 0.507812 0.406250
vt 0.500000 0.406250
vt 0.500000 0.390625
vt 0.523438 0.390625
vt 0.523438 0.406250
vt 0.515625 0.406250
vt 0.515625 0.390625
vt 0.523438 0.421875
vt 0.523438 0.437500
vt 0.515625 0.437500
vt 0.515625 0.421875
vt 0.507812 0.890625
vt 0.507812 0.906250
vt 0.500000 0.906250
vt 0.500000 0.890625
vt 0.523438 0.890625
vt 0.523438 0.906250
vt 0.515625 0.906250
vt 0.515625 0.890625
vt 0.523438 0.921875
vt 0.515625 0.937500
vt 0.515625 0.921875
vt 0.507812 0.453125
vt 0.507812 0.468750
vt 0.500000 0.468750
vt 0.500000 0.453125
vt 0.523438 0.453125
vt 0.523438 0.468750
vt 0.515625 0.468750
vt 0.515625 0.453125
vt 0.523438 0.484375
vt 0.523438 0.500000
vt 0.515625 0.500000
vt 0.515625 0.484375
vt 0.507812 0.031250
vt 0.511719 0.046875
vt 0.503906 0.046875
vt 0.515625 0.031250
vt 0.523438 0.031250
vt 0.527344 0.046875
vt 0.519531 0.046875
vt 0.511719 0.953125
vt 0.519531 0.953125
vt 0.523438 0.968750
vt 0.519531 0.984375
vt 0.515625 0.968750
vt 0.507812 0.515625
vt 0.507812 0.531250
vt 0.500000 0.531250
vt 0.500000 0.515625
vt 0.523438 0.515625
vt 0.523438 0.531250
vt 0.515625 0.531250
vt 0.515625 0.515625
vt 0.523438 0.546875
vt 0.523438 0.562500
vt 0.515625 0.562500
vt 0.515625 0.546875
vt 0.507812 0.078125
vt 0.507812 0.093750
vt 0.500000 0.093750
vt 0.500000 0.078125
vt 0.523438 0.078125
vt 0.523438 0.093750
vt 0.515625 0.093750
vt 0.515625 0.078125
vt 0.523438 0.109375
vt 0.523438 0.125000
vt 0.515625 0.125000
vt 0.515625 0.109375
vt 0.507812 0.578125
vt 0.507812 0.593750
vt 0.500000 0.593750
vt 0.500000 0.578125
vt 0.523438 0.578125
vt 0.523438 0.593750
vt 0.515625 0.593750
vt 0.515625 0.578125
vt 0.523438 0.609375
vt 0.523438 0.625000
vt 0.515625 0.625000
vt 0.515625 0.609375
vt 0.507812 0.140625
vt 0.507812 0.156250
vt 0.500000 0.156250
vt 0.500000 0.140625
vt 0.523438 0.140625
vt 0.523438 0.156250
vt 0.515625 0.156250
vt 0.515625 0.140625
vt 0.523438 0.171875
vt 0.523438 0.187500
vt 0.515625 0.187500
vt 0.515625 0.171875
vt 0.507812 0.640625
vt 0.507812 0.656250
vt 0.500000 0.656250
vt 0.500000 0.640625
vt 0.523438 0.640625
vt 0.523438 0.656250
vt 0.515625 0.656250
vt 0.515625 0.640625
vt 0.523438 0.671875
vt 0.523438 0.687500
vt 0.515625 0.687500
vt 0.515625 0.671875
vt 0.507812 0.203125
vt 0.507812 0.218750
vt 0.500000 0.218750
vt 0.500000 0.203125
vt 0.523438 0.203125
vt 0.523438 0.218750
vt 0.515625 0.218750
vt 0.515625 0.203125
vt 0.523438 0.234375
vt 0.523438 0.250000
vt 0.515625 0.250000
vt 0.515625 0.234375
vt 0.507812 0.703125
vt 0.507812 0.718750
vt 0.500000 0.718750
vt 0.500000 0.703125
vt 0.523438 0.703125
vt 0.523438 0.718750
vt 0.515625 0.718750
vt 0.515625 0.703125
vt 0.523438 0.734375
vt 0.523438 0.750000
vt 0.515625 0.750000
vt 0.515625 0.734375
vt 0.507812 0.265625
vt 0.507812 0.281250
vt 0.500000 0.281250
vt 0.500000 0.265625
vt 0.523438 0.265625
vt 0.523438 0.281250
vt 0.515625 0.281250
vt 0.515625 0.265625
vt 0.523438 0.296875
vt 0.523438 0.312500
vt 0.515625 0.312500
vt 0.515625 0.296875
vt 0.507812 0.765625
vt 0.507812 0.781250
vt 0.500000 0.781250
vt 0.500000 0.765625
vt 0.523438 0.765625
vt 0.523438 0.781250
vt 0.515625 0.781250
vt 0.515625 0.765625
vt 0.523438 0.796875
vt 0.523438 0.812500
vt 0.515625 0.812500
vt 0.515625 0.796875
vt 0.539062 0.578125
vt 0.539062 0.593750
vt 0.531250 0.593750
vt 0.531250 0.578125
vt 0.554688 0.578125
vt 0.554688 0.593750
vt 0.546875 0.593750
vt 0.546875 0.578125
vt 0.554688 0.609375
vt 0.554688 0.625000
vt 0.546875 0.625000
vt 0.546875 0.609375
vt 0.539062 0.140625
vt 0.539062 0.156250
vt 0.531250 0.156250
vt 0.531250 0.140625
vt 0.554688 0.140625
vt 0.554688 0.156250
vt 0.546875 0.156250
vt 0.546875 0.140625
vt 0.554688 0.171875
vt 0.554688 0.187500
vt 0.546875 0.187500
vt 0.546875 0.171875
vt 0.539062 0.640625
vt 0.539062 0.656250
vt 0.531250 0.656250
vt 0.531250 0.640625
vt 0.554688 0.640625
vt 0.554688 0.656250
vt 0.546875 0.656250
vt 0.546875 0.640625
vt 0.554688 0.671875
vt 0.554688 0.687500
vt 0.546875 0.687500
vt 0.546875 0.671875
vt 0.539062 0.203125
vt 0.539062 0.218750
vt 0.531250 0.218750
vt 0.531250 0.203125
vt 0.554688 0.203125
vt 0.554688 0.218750
vt 0.546875 0.218750
vt 0.546875 0.203125
vt 0.554688 0.234375
vt 0.554688 0.250000
vt 0.546875 0.250000
vt 0.546875 0.234375
vt 0.539062 0.703125
vt 0.539062 0.718750
vt 0.531250 0.718750
vt 0.531250 0.703125
vt 0.554688 0.703125
vt 0.554688 0.718750
vt 0.546875 0.718750
vt 0.546875 0.703125
vt 0.554688 0.734375
vt 0.554688 0.750000
vt 0.546875 0.750000
vt 0.546875 0.734375
vt 0.539062 0.265625
vt 0.539062 0.281250
vt 0.531250 0.281250
vt 0.531250 0.265625
vt 0.554688 0.265625
vt 0.554688 0.281250
vt 0.546875 0.281250
vt 0.546875 0.265625
vt 0.554688 0.296875
vt 0.554688 0.312500
vt 0.546875 0.312500
vt 0.546875 0.296875
vt 0.539062 0.765625
vt 0.539062 0.781250
vt 0.531250 0.781250
vt 0.531250 0.765625
vt 0.554688 0.765625
vt 0.554688 0.781250
vt 0.546875 0.781250
vt 0.546875 0.765625
vt 0.554688 0.796875
vt 0.554688 0.812500
vt 0.546875 0.812500
vt 0.546875 0.796875
vt 0.539062 0.328125
vt 0.539062 0.343750
vt 0.531250 0.343750
vt 0.531250 0.328125
vt 0.554688 0.328125
vt 0.554688 0.343750
vt 0.546875 0.343750
vt 0.546875 0.328125
vt 0.554688 0.359375
vt 0.554688 0.375000
vt 0.546875 0.375000
vt 0.546875 0.359375
vt 0.539062 0.828125
vt 0.539062 0.843750
vt 0.531250 0.843750
vt 0.531250 0.828125
vt 0.554688 0.828125
vt 0.554688 0.843750
vt 0.546875 0.843750
vt 0.546875 0.828125
vt 0.554688 0.859375
vt 0.554688 0.875000
vt 0.546875 0.875000
vt 0.546875 0.859375
vt 0.539062 0.390625
vt 0.539062 0.406250
vt 0.531250 0.406250
vt 0.531250 0.390625
vt 0.554688 0.390625
vt 0.554688 0.406250
vt 0.546875 0.406250
vt 0.546875 0.390625
vt 0.554688 0.421875
vt 0.554688 0.437500
vt 0.546875 0.437500
vt 0.546875 0.421875
vt 0.539062 0.890625
vt 0.539062 0.906250
vt 0.531250 0.906250
vt 0.531250 0.890625
vt 0.554688 0.890625
vt 0.554688 0.906250
vt 0.546875 0.906250
vt 0.546875 0.890625
vt 0.554688 0.921875
vt 0.546875 0.937500
vt 0.546875 0.921875
vt 0.539062 0.453125
vt 0.539062 0.468750
vt 0.531250 0.468750
vt 0.531250 0.453125
vt 0.554688 0.453125
vt 0.554688 0.468750
vt 0.546875 0.468750
vt 0.546875 0.453125
vt 0.554688 0.484375
vt 0.554688 0.500000
vt 0.546875 0.500000
vt 0.546875 0.484375
vt 0.539062 0.031250
vt 0.542969 0.046875
vt 0.535156 0.046875
vt 0.546875 0.031250
vt 0.554688 0.031250
vt 0.558594 0.046875
vt 0.550781 0.046875
vt 0.542969 0.953125
vt 0.550781 0.953125
vt 0.554688 0.968750
vt 0.550781 0.984375
vt 0.546875 0.968750
vt 0.539062 0.515625
vt 0.539062 0.531250
vt 0.531250 0.531250
vt 0.531250 0.515625
vt 0.554688 0.515625
vt 0.554688 0.531250
vt 0.546875 0.531250
vt 0.546875 0.515625
vt 0.554688 0.546875
vt 0.554688 0.562500
vt 0.546875 0.562500
vt 0.546875 0.546875
vt 0.539062 0.078125
vt 0.539062 0.093750
vt 0.531250 0.093750
vt 0.531250 0.078125
vt 0.554688 0.078125
vt 0.554688 0.093750
vt 0.546875 0.093750
vt 0.546875 0.078125
vt 0.554688 0.109375
vt 0.554688 0.125000
vt 0.546875 0.125000
vt 0.546875 0.109375
vt 0.570312 0.828125
vt 0.570312 0.843750
vt 0.562500 0.843750
vt 0.562500 0.828125
vt 0.585938 0.828125
vt 0.585938 0.843750
vt 0.578125 0.843750
vt 0.578125 0.828125
vt 0.585938 0.859375
vt 0.585938 0.875000
vt 0.578125 0.875000
vt 0.578125 0.859375
vt 0.570312 0.390625
vt 0.570312 0.406250
vt 0.562500 0.406250
vt 0.562500 0.390625
vt 0.585938 0.390625
vt 0.585938 0.406250
vt 0.578125 0.406250
vt 0.578125 0.390625
vt 0.585938 0.421875
vt 0.585938 0.437500
vt 0.578125 0.437500
vt 0.578125 0.421875
vt 0.570312 0.890625
vt 0.570312 0.906250
vt 0.562500 0.906250
vt 0.562500 0.890625
vt 0.585938 0.890625
vt 0.585938 0.906250
vt 0.578125 0.906250
vt 0.578125 0.890625
vt 0.585938 0.921875
vt 0.578125 0.937500
vt 0.578125 0.921875
vt 0.570312 0.453125
vt 0.570312 0.468750
vt 0.562500 0.468750
vt 0.562500 0.453125
vt 0.585938 0.453125
vt 0.585938 0.468750
vt 0.578125 0.468750
vt 0.578125 0.453125
vt 0.585938 0.484375
vt 0.585938 0.500000
vt 0.578125 0.500000
vt 0.578125 0.484375
vt 0.570312 0.031250
vt 0.574219 0.046875
vt 0.566406 0.046875
vt 0.578125 0.031250
vt 0.585938 0.031250
vt 0.589844 0.046875
vt 0.582031 0.046875
vt 0.574219 0.953125
vt 0.582031 0.953125
vt 0.585938 0.968750
vt 0.582031 0.984375
vt 0.578125 0.968750
vt 0.570312 0.515625
vt 0.570312 0.531250
vt 0.562500 0.531250
vt 0.562500 0.515625
vt 0.585938 0.515625
vt 0.585938 0.531250
vt 0.578125 0.531250
vt 0.578125 0.515625
vt 0.585938 0.546875
vt 0.585938 0.562500
vt 0.578125 0.562500
vt 0.578125 0.546875
vt 0.570312 0.078125
vt 0.570312 0.093750
vt 0.562500 0.093750
vt 0.562500 0.078125
vt 0.585938 0.078125
vt 0.585938 0.093750
vt 0.578125 0.093750
vt 0.578125 0.078125
vt 0.585938 0.109375
vt 0.585938 0.125000
vt 0.578125 0.125000
vt 0.578125 0.109375
vt 0.570312 0.578125
vt 0.570312 0.593750
vt 0.562500 0.593750
vt 0.562500 0.578125
vt 0.585938 0.578125
vt 0.585938 0.593750
vt 0.578125 0.593750
vt 0.578125 0.578125
vt 0.585938 0.609375
vt 0.585938 0.625000
vt 0.578125 0.625000
vt 0.578125 0.609375
vt 0.570312 0.140625
vt 0.570312 0.156250
vt 0.562500 0.156250
vt 0.562500 0.140625
vt 0.585938 0.140625
vt 0.585938 0.156250
vt 0.578125 0.156250
vt 0.578125 0.140625
vt 0.585938 0.171875
vt 0.585938 0.187500
vt 0.578125 0.187500
vt 0.578125 0.171875
vt 0.570312 0.640625
vt 0.570312 0.656250
vt 0.562500 0.656250
vt 0.562500 0.640625
vt 0.585938 0.640625
vt 0.585938 0.656250
vt 0.578125 0.656250
vt 0.578125 0.640625
vt 0.585938 0.671875
vt 0.585938 0.687500
vt 0.578125 0.687500
vt 0.578125 0.671875
vt 0.570312 0.203125
vt 0.570312 0.218750
vt 0.562500 0.218750
vt 0.562500 0.203125
vt 0.585938 0.203125
vt 0.585938 0.218750
vt 0.578125 0.218750
vt 0.578125 0.203125
vt 0.585938 0.234375
vt 0.585938 0.250000
vt 0.578125 0.250000
vt 0.578125 0.234375
vt 0.570312 0.703125
vt 0.570312 0.718750
vt 0.562500 0.718750
vt 0.562500 0.703125
vt 0.585938 0.703125
vt 0.585938 0.718750
vt 0.578125 0.718750
vt 0.578125 0.703125
vt 0.585938 0.734375
vt 0.585938 0.750000
vt 0.578125 0.750000
vt 0.578125 0.734375
vt 0.570312 0.265625
vt 0.570312 0.281250
vt 0.562500 0.281250
vt 0.562500 0.265625
vt 0.585938 0.265625
vt 0.585938 0.281250
vt 0.578125 0.281250
vt 0.578125 0.265625
vt 0.585938 0.296875
vt 0.585938 0.312500
vt 0.578125 0.312500
vt 0.578125 0.296875
vt 0.570312 0.765625
vt 0.570312 0.781250
vt 0.562500 0.781250
vt 0.562500 0.765625
vt 0.585938 0.765625
vt 0.585938 0.781250
vt 0.578125 0.781250
vt 0.578125 0.765625
vt 0.585938 0.796875
vt 0.585938 0.812500
vt 0.578125 0.812500
vt 0.578125 0.796875
vt 0.570312 0.328125
vt 0.570312 0.343750
vt 0.562500 0.343750
vt 0.562500 0.328125
vt 0.585938 0.328125
vt 0.585938 0.343750
vt 0.578125 0.343750
vt 0.578125 0.328125
vt 0.585938 0.359375
vt 0.585938 0.375000
vt 0.578125 0.375000
vt 0.578125 0.359375
vt 0.601562 0.140625
vt 0.601562 0.156250
vt 0.593750 0.156250
vt 0.593750 0.140625
vt 0.617188 0.140625
vt 0.617188 0.156250
vt 0.609375 0.156250
vt 0.609375 0.140625
vt 0.617188 0.171875
vt 0.617188 0.187500
vt 0.609375 0.187500
vt 0.609375 0.171875
vt 0.601562 0.640625
vt 0.601562 0.656250
vt 0.593750 0.656250
vt 0.593750 0.640625
vt 0.617188 0.640625
vt 0.617188 0.656250
vt 0.609375 0.656250
vt 0.609375 0.640625
vt 0.617188 0.671875
vt 0.617188 0.687500
vt 0.609375 0.687500
vt 0.609375 0.671875
vt 0.601562 0.203125
vt 0.601562 0.218750
vt 0.593750 0.218750
vt 0.593750 0.203125
vt 0.617188 0.203125
vt 0.617188 0.218750
vt 0.609375 0.218750
vt 0.609375 0.203125
vt 0.617188 0.234375
vt 0.617188 0.250000
vt 0.609375 0.250000
vt 0.609375 0.234375
vt 0.601562 0.703125
vt 0.601562 0.718750
vt 0.593750 0.718750
vt 0.593750 0.703125
vt 0.617188 0.703125
vt 0.617188 0.718750
vt 0.609375 0.718750
vt 0.609375 0.703125
vt 0.617188 0.734375
vt 0.617188 0.750000
vt 0.609375 0.750000
vt 0.609375 0.734375
vt 0.601562 0.265625
vt 0.601562 0.281250
vt 0.593750 0.281250
vt 0.593750 0.265625
vt 0.617188 0.265625
vt 0.617188 0.281250
vt 0.609375 0.281250
vt 0.609375 0.265625
vt 0.617188 0.296875
vt 0.617188 0.312500
vt 0.609375 0.312500
vt 0.609375 0.296875
vt 0.601562 0.765625
vt 0.601562 0.781250
vt 0.593750 0.781250
vt 0.593750 0.765625
vt 0.617188 0.765625
vt 0.617188 0.781250
vt 0.609375 0.781250
vt 0.609375 0.765625
vt 0.617188 0.796875
vt 0.617188 0.812500
vt 0.609375 0.812500
vt 0.609375 0.796875
vt 0.601562 0.328125
vt 0.601562 0.343750
vt 0.593750 0.343750
vt 0.593750 0.328125
vt 0.617188 0.328125
vt 0.617188 0.343750
vt 0.609375 0.343750
vt 0.609375 0.328125
vt 0.617188 0.359375
vt 0.617188 0.375000
vt 0.609375 0.375000
vt 0.609375 0.359375
vt 0.601562 0.828125
vt 0.601562 0.843750
vt 0.593750 0.843750
vt 0.593750 0.828125
vt 0.617188 0.828125
vt 0.617188 0.843750
vt 0.609375 0.843750
vt 0.609375 0.828125
vt 0.617188 0.859375
vt 0.617188 0.875000
vt 0.609375 0.875000
vt 0.609375 0.859375
vt 0.601562 0.390625
vt 0.601562 0.406250
vt 0.593750 0.406250
vt 0.593750 0.390625
vt 0.617188 0.390625
vt 0.617188 0.406250
vt 0.609375 0.406250
vt 0.609375 0.390625
vt 0.617188 0.421875
vt 0.617188 0.437500
vt 0.609375 0.437500
vt 0.609375 0.421875
vt 0.601562 0.890625
vt 0.601562 0.906250
vt 0.593750 0.906250
vt 0.593750 0.890625
vt 0.617188 0.890625
vt 0.617188 0.906250
vt 0.609375 0.906250
vt 0.609375 0.890625
vt 0.617188 0.921875
vt 0.609375 0.937500
vt 0.609375 0.921875
vt 0.601562 0.453125
vt 0.601562 0.468750
vt 0.593750 0.468750
vt 0.593750 0.453125
vt 0.617188 0.453125
vt 0.617188 0.468750
vt 0.609375 0.468750
vt 0.609375 0.453125
vt 0.617188 0.484375
vt 0.617188 0.500000
vt 0.609375 0.500000
vt 0.609375 0.484375
vt 0.601562 0.031250
vt 0.605469 0.046875
vt 0.597656 0.046875
vt 0.609375 0.031250
vt 0.617188 0.031250
vt 0.621094 0.046875
vt 0.613281 0.046875
vt 0.605469 0.953125
vt 0.613281 0.953125
vt 0.617188 0.968750
vt 0.613281 0.984375
vt 0.609375 0.968750
vt 0.601562 0.515625
vt 0.601562 0.531250
vt 0.593750 0.531250
vt 0.593750 0.515625
vt 0.617188 0.515625
vt 0.617188 0.531250
vt 0.609375 0.531250
vt 0.609375 0.515625
vt 0.617188 0.546875
vt 0.617188 0.562500
vt 0.609375 0.562500
vt 0.609375 0.546875
vt 0.601562 0.078125
vt 0.601562 0.093750
vt 0.593750 0.093750
vt 0.593750 0.078125
vt 0.617188 0.078125
vt 0.617188 0.093750
vt 0.609375 0.093750
vt 0.609375 0.078125
vt 0.617188 0.109375
vt 0.617188 0.125000
vt 0.609375 0.125000
vt 0.609375 0.109375
vt 0.601562 0.578125
vt 0.601562 0.593750
vt 0.593750 0.593750
vt 0.593750 0.578125
vt 0.617188 0.578125
vt 0.617188 0.593750
vt 0.609375 0.593750
vt 0.609375 0.578125
vt 0.617188 0.609375
vt 0.617188 0.625000
vt 0.609375 0.625000
vt 0.609375 0.609375
vt 0.632812 0.390625
vt 0.632812 0.406250
vt 0.625000 0.406250
vt 0.625000 0.390625
vt 0.648438 0.390625
vt 0.648438 0.406250
vt 0.640625 0.406250
vt 0.640625 0.390625
vt 0.648438 0.421875
vt 0.648438 0.437500
vt 0.640625 0.437500
vt 0.640625 0.421875
vt 0.632812 0.890625
vt 0.632812 0.906250
vt 0.625000 0.906250
vt 0.625000 0.890625
vt 0.648438 0.890625
vt 0.648438 0.906250
vt 0.640625 0.906250
vt 0.640625 0.890625
vt 0.648438 0.921875
vt 0.640625 0.937500
vt 0.640625 0.921875
vt 0.632812 0.453125
vt 0.632812 0.468750
vt 0.625000 0.468750
vt 0.625000 0.453125
vt 0.648438 0.453125
vt 0.648438 0.468750
vt 0.640625 0.468750
vt 0.640625 0.453125
vt 0.648438 0.484375
vt 0.648438 0.500000
vt 0.640625 0.500000
vt 0.640625 0.484375
vt 0.632812 0.031250
vt 0.636719 0.046875
vt 0.628906 0.046875
vt 0.640625 0.031250
vt 0.648438 0.031250
vt 0.652344 0.046875
vt 0.644531 0.046875
vt 0.636719 0.953125
vt 0.644531 0.953125
vt 0.648438 0.968750
vt 0.644531 0.984375
vt 0.640625 0.968750
vt 0.632812 0.515625
vt 0.632812 0.531250
vt 0.625000 0.531250
vt 0.625000 0.515625
vt 0.648438 0.515625
vt 0.648438 0.531250
vt 0.640625 0.531250
vt 0.640625 0.515625
vt 0.648438 0.546875
vt 0.648438 0.562500
vt 0.640625 0.562500
vt 0.640625 0.546875
vt 0.632812 0.078125
vt 0.632812 0.093750
vt 0.625000 0.093750
vt 0.625000 0.078125
vt 0.648438 0.078125
vt 0.648438 0.093750
vt 0.640625 0.093750
vt 0.640625 0.078125
vt 0.648438 0.109375
vt 0.648438 0.125000
vt 0.640625 0.125000
vt 0.640625 0.109375
vt 0.632812 0.578125
vt 0.632812 0.593750
vt 0.625000 0.593750
vt 0.625000 0.578125
vt 0.648438 0.578125
vt 0.648438 0.593750
vt 0.640625 0.593750
vt 0.640625 0.578125
vt 0.648438 0.609375
vt 0.648438 0.625000
vt 0.640625 0.625000
vt 0.640625 0.609375
vt 0.632812 0.140625
vt 0.632812 0.156250
vt 0.625000 0.156250
vt 0.625000 0.140625
vt 0.648438 0.140625
vt 0.648438 0.156250
vt 0.640625 0.156250
vt 0.640625 0.140625
vt 0.648438 0.171875
vt 0.648438 0.187500
vt 0.640625 0.187500
vt 0.640625 0.171875
vt 0.632812 0.640625
vt 0.632812 0.656250
vt 0.625000 0.656250
vt 0.625000 0.640625
vt 0.648438 0.640625
vt 0.648438 0.656250
vt 0.640625 0.656250
vt 0.640625 0.640625
vt 0.648438 0.671875
vt 0.648438 0.687500
vt 0.640625 0.687500
vt 0.640625 0.671875
vt 0.632812 0.203125
vt 0.632812 0.218750
vt 0.625000 0.218750
vt 0.625000 0.203125
vt 0.648438 0.203125
vt 0.648438 0.218750
vt 0.640625 0.218750
vt 0.640625 0.203125
vt 0.648438 0.234375
vt 0.648438 0.250000
vt 0.640625 0.250000
vt 0.640625 0.234375
vt 0.632812 0.703125
vt 0.632812 0.718750
vt 0.625000 0.718750
vt 0.625000 0.703125
vt 0.648438 0.703125
vt 0.648438 0.718750
vt 0.640625 0.718750
vt 0.640625 0.703125
vt 0.648438 0.734375
vt 0.648438 0.750000
vt 0.640625 0.750000
vt 0.640625 0.734375
vt 0.632812 0.265625
vt 0.632812 0.281250
vt 0.625000 0.281250
vt 0.625000 0.265625
vt 0.648438 0.265625
vt 0.648438 0.281250
vt 0.640625 0.281250
vt 0.640625 0.265625
vt 0.648438 0.296875
vt 0.648438 0.312500
vt 0.640625 0.312500
vt 0.640625 0.296875
vt 0.632812 0.765625
vt 0.632812 0.781250
vt 0.625000 0.781250
vt 0.625000 0.765625
vt 0.648438 0.765625
vt 0.648438 0.781250
vt 0.640625 0.781250
vt 0.640625 0.765625
vt 0.648438 0.796875
vt 0.648438 0.812500
vt 0.640625 0.812500
vt 0.640625 0.796875
vt 0.632812 0.328125
vt 0.632812 0.343750
vt 0.625000 0.343750
vt 0.625000 0.328125
vt 0.648438 0.328125
vt 0.648438 0.343750
vt 0.640625 0.343750
vt 0.640625 0.328125
vt 0.648438 0.359375
vt 0.648438 0.375000
vt 0.640625 0.375000
vt 0.640625 0.359375
vt 0.632812 0.828125
vt 0.632812 0.843750
vt 0.625000 0.843750
vt 0.625000 0.828125
vt 0.648438 0.828125
vt 0.648438 0.843750
vt 0.640625 0.843750
vt 0.640625 0.828125
vt 0.648438 0.859375
vt 0.648438 0.875000
vt 0.640625 0.875000
vt 0.640625 0.859375
vt 0.664062 0.640625
vt 0.664062 0.656250
vt 0.656250 0.656250
vt 0.656250 0.640625
vt 0.679688 0.640625
vt 0.679688 0.656250
vt 0.671875 0.656250
vt 0.671875 0.640625
vt 0.679688 0.671875
vt 0.679688 0.687500
vt 0.671875 0.687500
vt 0.671875 0.671875
vt 0.664062 0.203125
vt 0.664062 0.218750
vt 0.656250 0.218750
vt 0.656250 0.203125
vt 0.679688 0.203125
vt 0.679688 0.218750
vt 0.671875 0.218750
vt 0.671875 0.203125
vt 0.679688 0.234375
vt 0.679688 0.250000
vt 0.671875 0.250000
vt 0.671875 0.234375
vt 0.664062 0.703125
vt 0.664062 0.718750
vt 0.656250 0.718750
vt 0.656250 0.703125
vt 0.679688 0.703125
vt 0.679688 0.718750
vt 0.671875 0.718750
vt 0.671875 0.703125
vt 0.679688 0.734375
vt 0.679688 0.750000
vt 0.671875 0.750000
vt 0.671875 0.734375
vt 0.664062 0.265625
vt 0.664062 0.281250
vt 0.656250 0.281250
vt 0.656250 0.265625
vt 0.679688 0.265625
vt 0.679688 0.281250
vt 0.671875 0.281250
vt 0.671875 0.265625
vt 0.679688 0.296875
vt 0.679688 0.312500
vt 0.671875 0.312500
vt 0.671875 0.296875
vt 0.664062 0.765625
vt 0.664062 0.781250
vt 0.656250 0.781250
vt 0.656250 0.765625
vt 0.679688 0.765625
vt 0.679688 0.781250
vt 0.671875 0.781250
vt 0.671875 0.765625
vt 0.679688 0.796875
vt 0.679688 0.812500
vt 0.671875 0.812500
vt 0.671875 0.796875
vt 0.664062 0.328125
vt 0.664062 0.343750
vt 0.656250 0.343750
vt 0.656250 0.328125
vt 0.679688 0.328125
vt 0.679688 0.343750
vt 0.671875 0.343750
vt 0.671875 0.328125
vt 0.679688 0.359375
vt 0.679688 0.375000
vt 0.671875 0.375000
vt 0.671875 0.359375
vt 0.664062 0.828125
vt 0.664062 0.843750
vt 0.656250 0.843750
vt 0.656250 0.828125
vt 0.679688 0.828125
vt 0.679688 0.843750
vt 0.671875 0.843750
vt 0.671875 0.828125
vt 0.679688 0.859375
vt 0.679688 0.875000
vt 0.671875 0.875000
vt 0.671875 0.859375
vt 0.664062 0.390625
vt 0.664062 0.406250
vt 0.656250 0.406250
vt 0.656250 0.390625
vt 0.679688 0.390625
vt 0.679688 0.406250
vt 0.671875 0.406250
vt 0.671875 0.390625
vt 0.679688 0.421875
vt 0.679688 0.437500
vt 0.671875 0.437500
vt 0.671875 0.421875
vt 0.664062 0.890625
vt 0.664062 0.906250
vt 0.656250 0.906250
vt 0.656250 0.890625
vt 0.679688 0.890625
vt 0.679688 0.906250
vt 0.671875 0.906250
vt 0.671875 0.890625
vt 0.679688 0.921875
vt 0.671875 0.937500
vt 0.671875 0.921875
vt 0.664062 0.453125
vt 0.664062 0.468750
vt 0.656250 0.468750
vt 0.656250 0.453125
vt 0.679688 0.453125
vt 0.679688 0.468750
vt 0.671875 0.468750
vt 0.671875 0.453125
vt 0.679688 0.484375
vt 0.679688 0.500000
vt 0.671875 0.500000
vt 0.671875 0.484375
vt 0.664062 0.031250
vt 0.667969 0.046875
vt 0.660156 0.046875
vt 0.671875 0.031250
vt 0.679688 0.031250
vt 0.683594 0.046875
vt 0.675781 0.046875
vt 0.667969 0.953125
vt 0.675781 0.953125
vt 0.679688 0.968750
vt 0.675781 0.984375
vt 0.671875 0.968750
vt 0.664062 0.515625
vt 0.664062 0.531250
vt 0.656250 0.531250
vt 0.656250 0.515625
vt 0.679688 0.515625
vt 0.679688 0.531250
vt 0.671875 0.531250
vt 0.671875 0.515625
vt 0.679688 0.546875
vt 0.679688 0.562500
vt 0.671875 0.562500
vt 0.671875 0.546875
vt 0.664062 0.078125
vt 0.664062 0.093750
vt 0.656250 0.093750
vt 0.656250 0.078125
vt 0.679688 0.078125
vt 0.679688 0.093750
vt 0.671875 0.093750
vt 0.671875 0.078125
vt 0.679688 0.109375
vt 0.679688 0.125000
vt 0.671875 0.125000
vt 0.671875 0.109375
vt 0.664062 0.578125
vt 0.664062 0.593750
vt 0.656250 0.593750
vt 0.656250 0.578125
vt 0.679688 0.578125
vt 0.679688 0.593750
vt 0.671875 0.593750
vt 0.671875 0.578125
vt 0.679688 0.609375
vt 0.679688 0.625000
vt 0.671875 0.625000
vt 0.671875 0.609375
vt 0.664062 0.140625
vt 0.664062 0.156250
vt 0.656250 0.156250
vt 0.656250 0.140625
vt 0.679688 0.140625
vt 0.679688 0.156250
vt 0.671875 0.156250
vt 0.671875 0.140625
vt 0.679688 0.171875
vt 0.679688 0.187500
vt 0.671875 0.187500
vt 0.671875 0.171875
vt 0.695312 0.890625
vt 0.695312 0.906250
vt 0.687500 0.906250
vt 0.687500 0.890625
vt 0.710938 0.890625
vt 0.710938 0.906250
vt 0.703125 0.906250
vt 0.703125 0.890625
vt 0.710938 0.921875
vt 0.703125 0.937500
vt 0.703125 0.921875
vt 0.695312 0.453125
vt 0.695312 0.468750
vt 0.687500 0.468750
vt 0.687500 0.453125
vt 0.710938 0.453125
vt 0.710938 0.468750
vt 0.703125 0.468750
vt 0.703125 0.453125
vt 0.710938 0.484375
vt 0.710938 0.500000
vt 0.703125 0.500000
vt 0.703125 0.484375
vt 0.695312 0.031250
vt 0.699219 0.046875
vt 0.691406 0.046875
vt 0.703125 0.031250
vt 0.710938 0.031250
vt 0.714844 0.046875
vt 0.707031 0.046875
vt 0.699219 0.953125
vt 0.707031 0.953125
vt 0.710938 0.968750
vt 0.707031 0.984375
vt 0.703125 0.968750
vt 0.695312 0.515625
vt 0.695312 0.531250
vt 0.687500 0.531250
vt 0.687500 0.515625
vt 0.710938 0.515625
vt 0.710938 0.531250
vt 0.703125 0.531250
vt 0.703125 0.515625
vt 0.710938 0.546875
vt 0.710938 0.562500
vt 0.703125 0.562500
vt 0.703125 0.546875
vt 0.695312 0.078125
vt 0.695312 0.093750
vt 0.687500 0.093750
vt 0.687500 0.078125
vt 0.710938 0.078125
vt 0.710938 0.093750
vt 0.703125 0.093750
vt 0.703125 0.078125
vt 0.710938 0.109375
vt 0.710938 0.125000
vt 0.703125 0.125000
vt 0.703125 0.109375
vt 0.695312 0.578125
vt 0.695312 0.593750
vt 0.687500 0.593750
vt 0.687500 0.578125
vt 0.710938 0.578125
vt 0.710938 0.593750
vt 0.703125 0.593750
vt 0.703125 0.578125
vt 0.710938 0.609375
vt 0.710938 0.625000
vt 0.703125 0.625000
vt 0.703125 0.609375
vt 0.695312 0.140625
vt 0.695312 0.156250
vt 0.687500 0.156250
vt 0.687500 0.140625
vt 0.710938 0.140625
vt 0.710938 0.156250
vt 0.703125 0.156250
vt 0.703125 0.140625
vt 0.710938 0.171875
vt 0.710938 0.187500
vt 0.703125 0.187500
vt 0.703125 0.171875
vt 0.695312 0.640625
vt 0.695312 0.656250
vt 0.687500 0.656250
vt 0.687500 0.640625
vt 0.710938 0.640625
vt 0.710938 0.656250
vt 0.703125 0.656250
vt 0.703125 0.640625
vt 0.710938 0.671875
vt 0.710938 0.687500
vt 0.703125 0.687500
vt 0.703125 0.671875
vt 0.695312 0.203125
vt 0.695312 0.218750
vt 0.687500 0.218750
vt 0.687500 0.203125
vt 0.710938 0.203125
vt 0.710938 0.218750
vt 0.703125 0.218750
vt 0.703125 0.203125
vt 0.710938 0.234375
vt 0.710938 0.250000
vt 0.703125 0.250000
vt 0.703125 0.234375
vt 0.695312 0.703125
vt 0.695312 0.718750
vt 0.687500 0.718750
vt 0.687500 0.703125
vt 0.710938 0.703125
vt 0.710938 0.718750
vt 0.703125 0.718750
vt 0.703125 0.703125
vt 0.710938 0.734375
vt 0.710938 0.750000
vt 0.703125 0.750000
vt 0.703125 0.734375
vt 0.695312 0.265625
vt 0.695312 0.281250
vt 0.687500 0.281250
vt 0.687500 0.265625
vt 0.710938 0.265625
vt 0.710938 0.281250
vt 0.703125 0.281250
vt 0.703125 0.265625
vt 0.710938 0.296875
vt 0.710938 0.312500
vt 0.703125 0.312500
vt 0.703125 0.296875
vt 0.695312 0.765625
vt 0.695312 0.781250
vt 0.687500 0.781250
vt 0.687500 0.765625
vt 0.710938 0.765625
vt 0.710938 0.781250
vt 0.703125 0.781250
vt 0.703125 0.765625
vt 0.710938 0.796875
vt 0.710938 0.812500
vt 0.703125 0.812500
vt 0.703125 0.796875
vt 0.695312 0.328125
vt 0.695312 0.343750
vt 0.687500 0.343750
vt 0.687500 0.328125
vt 0.710938 0.328125
vt 0.710938 0.343750
vt 0.703125 0.343750
vt 0.703125 0.328125
vt 0.710938 0.359375
vt 0.710938 0.375000
vt 0.703125 0.375000
vt 0.703125 0.359375
vt 0.695312 0.828125
vt 0.695312 0.843750
vt 0.687500 0.843750
vt 0.687500 0.828125
vt 0.710938 0.828125
vt 0.710938 0.843750
vt 0.703125 0.843750
vt 0.703125 0.828125
vt 0.710938 0.859375
vt 0.710938 0.875000
vt 0.703125 0.875000
vt 0.703125 0.859375
vt 0.695312 0.390625
vt 0.695312 0.406250
vt 0.687500 0.406250
vt 0.687500 0.390625
vt 0.710938 0.390625
vt 0.710938 0.406250
vt 0.703125 0.406250
vt 0.703125 0.390625
vt 0.710938 0.421875
vt 0.710938 0.437500
vt 0.703125 0.437500
vt 0.703125 0.421875
vt 0.726562 0.828125
vt 0.726562 0.843750
vt 0.718750 0.843750
vt 0.718750 0.828125
vt 0.742188 0.828125
vt 0.742188 0.843750
vt 0.734375 0.843750
vt 0.734375 0.828125
vt 0.742188 0.859375
vt 0.742188 0.875000
vt 0.734375 0.875000
vt 0.734375 0.859375
vt 0.726562 0.390625
vt 0.726562 0.406250
vt 0.718750 0.406250
vt 0.718750 0.390625
vt 0.742188 0.390625
vt 0.742188 0.406250
vt 0.734375 0.406250
vt 0.734375 0.390625
vt 0.742188 0.421875
vt 0.742188 0.437500
vt 0.734375 0.437500
vt 0.734375 0.421875
vt 0.726562 0.890625
vt 0.726562 0.906250
vt 0.718750 0.906250
vt 0.718750 0.890625
vt 0.742188 0.890625
vt 0.742188 0.906250
vt 0.734375 0.906250
vt 0.734375 0.890625
vt 0.742188 0.921875
vt 0.734375 0.937500
vt 0.734375 0.921875
vt 0.726562 0.453125
vt 0.726562 0.468750
vt 0.718750 0.468750
vt 0.718750 0.453125
vt 0.742188 0.453125
vt 0.742188 0.468750
vt 0.734375 0.468750
vt 0.734375 0.453125
vt 0.742188 0.484375
vt 0.742188 0.500000
vt 0.734375 0.500000
vt 0.734375 0.484375
vt 0.726562 0.031250
vt 0.730469 0.046875
vt 0.722656 0.046875
vt 0.734375 0.031250
vt 0.742188 0.031250
vt 0.746094 0.046875
vt 0.738281 0.046875
vt 0.730469 0.953125
vt 0.738281 0.953125
vt 0.742188 0.968750
vt 0.738281 0.984375
vt 0.734375 0.968750
vt 0.726562 0.515625
vt 0.726562 0.531250
vt 0.718750 0.531250
vt 0.718750 0.515625
vt 0.742188 0.515625
vt 0.742188 0.531250
vt 0.734375 0.531250
vt 0.734375 0.515625
vt 0.742188 0.546875
vt 0.742188 0.562500
vt 0.734375 0.562500
vt 0.734375 0.546875
vt 0.726562 0.078125
vt 0.726562 0.093750
vt 0.718750 0.093750
vt 0.718750 0.078125
vt 0.742188 0.078125
vt 0.742188 0.093750
vt 0.734375 0.093750
vt 0.734375 0.078125
vt 0.742188 0.109375
vt 0.742188 0.125000
vt 0.734375 0.125000
vt 0.734375 0.109375
vt 0.726562 0.578125
vt 0.726562 0.593750
vt 0.718750 0.593750
vt 0.718750 0.578125
vt 0.742188 0.578125
vt 0.742188 0.593750
vt 0.734375 0.593750
vt 0.734375 0.578125
vt 0.742188 0.609375
vt 0.742188 0.625000
vt 0.734375 0.625000
vt 0.734375 0.609375
vt 0.726562 0.140625
vt 0.726562 0.156250
vt 0.718750 0.156250
vt 0.718750 0.140625
vt 0.742188 0.140625
vt 0.742188 0.156250
vt 0.734375 0.156250
vt 0.734375 0.140625
vt 0.742188 0.171875
vt 0.742188 0.187500
vt 0.734375 0.187500
vt 0.734375 0.171875
vt 0.726562 0.640625
vt 0.726562 0.656250
vt 0.718750 0.656250
vt 0.718750 0.640625
vt 0.742188 0.640625
vt 0.742188 0.656250
vt 0.734375 0.656250
vt 0.734375 0.640625
vt 0.742188 0.671875
vt 0.742188 0.687500
vt 0.734375 0.687500
vt 0.734375 0.671875
vt 0.726562 0.203125
vt 0.726562 0.218750
vt 0.718750 0.218750
vt 0.718750 0.203125
vt 0.742188 0.203125
vt 0.742188 0.218750
vt 0.734375 0.218750
vt 0.734375 0.203125
vt 0.742188 0.234375
vt 0.742188 0.250000
vt 0.734375 0.250000
vt 0.734375 0.234375
vt 0.726562 0.703125
vt 0.726562 0.718750
vt 0.718750 0.718750
vt 0.718750 0.703125
vt 0.742188 0.703125
vt 0.742188 0.718750
vt 0.734375 0.718750
vt 0.734375 0.703125
vt 0.742188 0.734375
vt 0.742188 0.750000
vt 0.734375 0.750000
vt 0.734375 0.734375
vt 0.726562 0.265625
vt 0.726562 0.281250
vt 0.718750 0.281250
vt 0.718750 0.265625
vt 0.742188 0.265625
vt 0.742188 0.281250
vt 0.734375 0.281250
vt 0.734375 0.265625
vt 0.742188 0.296875
vt 0.742188 0.312500
vt 0.734375 0.312500
vt 0.734375 0.296875
vt 0.726562 0.765625
vt 0.726562 0.781250
vt 0.718750 0.781250
vt 0.718750 0.765625
vt 0.742188 0.765625
vt 0.742188 0.781250
vt 0.734375 0.781250
vt 0.734375 0.765625
vt 0.742188 0.796875
vt 0.742188 0.812500
vt 0.734375 0.812500
vt 0.734375 0.796875
vt 0.726562 0.328125
vt 0.726562 0.343750
vt 0.718750 0.343750
vt 0.718750 0.328125
vt 0.742188 0.328125
vt 0.742188 0.343750
vt 0.734375 0.343750
vt 0.734375 0.328125
vt 0.742188 0.359375
vt 0.742188 0.375000
vt 0.734375 0.375000
vt 0.734375 0.359375
vt 0.742188 0.062500
vt 0.734375 0.062500
vt 0.750000 0.062500
vt 0.726562 0.062500
vt 0.718750 0.062500
vt 0.730469 0.984375
vt 0.726562 0.968750
vt 0.734375 1.000000
vt 0.722656 0.953125
vt 0.710938 0.062500
vt 0.703125 0.062500
vt 0.695312 0.062500
vt 0.687500 0.062500
vt 0.699219 0.984375
vt 0.695312 0.968750
vt 0.703125 1.000000
vt 0.691406 0.953125
vt 0.679688 0.062500
vt 0.671875 0.062500
vt 0.664062 0.062500
vt 0.656250 0.062500
vt 0.667969 0.984375
vt 0.664062 0.968750
vt 0.671875 1.000000
vt 0.660156 0.953125
vt 0.648438 0.062500
vt 0.640625 0.062500
vt 0.632812 0.062500
vt 0.625000 0.062500
vt 0.636719 0.984375
vt 0.632812 0.968750
vt 0.640625 1.000000
vt 0.628906 0.953125
vt 0.617188 0.062500
vt 0.609375 0.062500
vt 0.601562 0.062500
vt 0.593750 0.062500
vt 0.605469 0.984375
vt 0.601562 0.968750
vt 0.609375 1.000000
vt 0.597656 0.953125
vt 0.585938 0.062500
vt 0.578125 0.062500
vt 0.570312 0.062500
vt 0.562500 0.062500
vt 0.574219 0.984375
vt 0.570312 0.968750
vt 0.578125 1.000000
vt 0.566406 0.953125
vt 0.554688 0.062500
vt 0.546875 0.062500
vt 0.539062 0.062500
vt 0.531250 0.062500
vt 0.542969 0.984375
vt 0.539062 0.968750
vt 0.546875 1.000000
vt 0.535156 0.953125
vt 0.523438 0.062500
vt 0.515625 0.062500
vt 0.507812 0.062500
vt 0.500000 0.062500
vt 0.511719 0.984375
vt 0.507812 0.968750
vt 0.515625 1.000000
vt 0.503906 0.953125
vt 0.480469 0.984375
vt 0.476562 0.968750
vt 0.484375 1.000000
vt 0.472656 0.953125
vt 0.492188 0.062500
vt 0.484375 0.062500
vt 0.476562 0.062500
vt 0.468750 0.062500
vt 0.460938 0.062500
vt 0.453125 0.062500
vt 0.445312 0.062500
vt 0.437500 0.062500
vt 0.449219 0.984375
vt 0.445312 0.968750
vt 0.453125 1.000000
vt 0.441406 0.953125
vt 0.429688 0.062500
vt 0.421875 0.062500
vt 0.414062 0.062500
vt 0.406250 0.062500
vt 0.417969 0.984375
vt 0.414062 0.968750
vt 0.421875 1.000000
vt 0.410156 0.953125
vt 0.398438 0.062500
vt 0.390625 0.062500
vt 0.382812 0.062500
vt 0.375000 0.062500
vt 0.386719 0.984375
vt 0.382812 0.968750
vt 0.390625 1.000000
vt 0.378906 0.953125
vt 0.367188 0.062500
vt 0.359375 0.062500
vt 0.351562 0.062500
vt 0.343750 0.062500
vt 0.355469 0.984375
vt 0.351562 0.968750
vt 0.359375 1.000000
vt 0.347656 0.953125
vt 0.335938 0.062500
vt 0.328125 0.062500
vt 0.320312 0.062500
vt 0.312500 0.062500
vt 0.324219 0.984375
vt 0.320312 0.968750
vt 0.328125 1.000000
vt 0.316406 0.953125
vt 0.304688 0.062500
vt 0.296875 0.062500
vt 0.289062 0.062500
vt 0.281250 0.062500
vt 0.292969 0.984375
vt 0.289062 0.968750
vt 0.296875 1.000000
vt 0.285156 0.953125
vt 0.273438 0.062500
vt 0.265625 0.062500
vt 0.257812 0.062500
vt 0.250000 0.062500
vt 0.261719 0.984375
vt 0.257812 0.968750
vt 0.265625 1.000000
vt 0.253906 0.953125
vt 0.242188 0.062500
vt 0.234375 0.062500
vt 0.226562 0.062500
vt 0.218750 0.062500
vt 0.230469 0.984375
vt 0.226562 0.968750
vt 0.234375 1.000000
vt 0.222656 0.953125
vt 0.210938 0.062500
vt 0.203125 0.062500
vt 0.195312 0.062500
vt 0.187500 0.062500
vt 0.199219 0.984375
vt 0.195312 0.968750
vt 0.203125 1.000000
vt 0.191406 0.953125
vt 0.179688 0.062500
vt 0.171875 0.062500
vt 0.164063 0.062500
vt 0.156250 0.062500
vt 0.167969 0.984375
vt 0.164063 0.968750
vt 0.171875 1.000000
vt 0.160156 0.953125
vt 0.148438 0.062500
vt 0.140625 0.062500
vt 0.132812 0.062500
vt 0.125000 0.062500
vt 0.136719 0.984375
vt 0.132813 0.968750
vt 0.140625 1.000000
vt 0.128906 0.953125
vt 0.117188 0.062500
vt 0.109375 0.062500
vt 0.101562 0.062500
vt 0.093750 0.062500
vt 0.105469 0.984375
vt 0.101562 0.968750
vt 0.109375 1.000000
vt 0.097656 0.953125
vt 0.074219 0.984375
vt 0.070312 0.968750
vt 0.078125 1.000000
vt 0.066406 0.953125
vt 0.085938 0.062500
vt 0.078125 0.062500
vt 0.070312 0.062500
vt 0.062500 0.062500
vt 0.054688 0.062500
vt 0.046875 0.062500
vt 0.039062 0.062500
vt 0.031250 0.062500
vt 0.042969 0.984375
vt 0.039062 0.968750
vt 0.046875 1.000000
vt 0.035156 0.953125
vt 0.023438 0.062500
vt 0.015625 0.062500
vt 0.007812 0.062500
vt 0.000000 0.062500
vt 0.011719 0.984375
vt 0.007812 0.968750
vt 0.015625 1.000000
vt 0.003906 0.953125
vt 1.000000 0.218750
vt 1.000000 0.234375
vt 1.000000 0.250000
vt 1.000000 0.187500
vt 1.000000 0.203125
vt 1.000000 0.656250
vt 1.000000 0.671875
vt 1.000000 0.687500
vt 1.000000 0.625000
vt 1.000000 0.640625
vt 1.000000 0.156250
vt 1.000000 0.171875
vt 1.000000 0.125000
vt 1.000000 0.140625
vt 1.000000 0.593750
vt 1.000000 0.609375
vt 1.000000 0.562500
vt 1.000000 0.578125
vt 1.000000 0.093750
vt 1.000000 0.109375
vt 0.992188 0.062500
vt 0.984375 0.062500
vt 1.000000 0.062500
vt 1.000000 0.078125
vt 0.976562 0.062500
vt 0.968750 0.062500
vt 1.000000 0.531250
vt 1.000000 0.546875
vt 1.000000 0.500000
vt 1.000000 0.515625
vt 0.980469 0.984375
vt 0.976562 0.968750
vt 0.984375 1.000000
vt 0.972656 0.953125
vt 1.000000 0.468750
vt 1.000000 0.484375
vt 1.000000 0.437500
vt 1.000000 0.453125
vt 1.000000 0.906250
vt 1.000000 0.921875
vt 1.000000 0.875000
vt 1.000000 0.890625
vt 1.000000 0.406250
vt 1.000000 0.421875
vt 1.000000 0.375000
vt 1.000000 0.390625
vt 1.000000 0.843750
vt 1.000000 0.859375
vt 1.000000 0.812500
vt 1.000000 0.828125
vt 1.000000 0.343750
vt 1.000000 0.359375
vt 1.000000 0.312500
vt 1.000000 0.328125
vt 1.000000 0.781250
vt 1.000000 0.796875
vt 1.000000 0.750000
vt 1.000000 0.765625
vt 1.000000 0.281250
vt 1.000000 0.296875
vt 1.000000 0.265625
vt 1.000000 0.718750
vt 1.000000 0.734375
vt 1.000000 0.703125
vt 0.960938 0.062500
vt 0.953125 0.062500
vt 0.945312 0.062500
vt 0.937500 0.062500
vt 0.949219 0.984375
vt 0.945312 0.968750
vt 0.953125 1.000000
vt 0.941406 0.953125
vt 0.929688 0.062500
vt 0.921875 0.062500
vt 0.914062 0.062500
vt 0.906250 0.062500
vt 0.917969 0.984375
vt 0.914062 0.968750
vt 0.921875 1.000000
vt 0.910156 0.953125
vt 0.898438 0.062500
vt 0.890625 0.062500
vt 0.882812 0.062500
vt 0.875000 0.062500
vt 0.886719 0.984375
vt 0.882812 0.968750
vt 0.890625 1.000000
vt 0.878906 0.953125
vt 0.867188 0.062500
vt 0.859375 0.062500
vt 0.851562 0.062500
vt 0.843750 0.062500
vt 0.855469 0.984375
vt 0.851562 0.968750
vt 0.859375 1.000000
vt 0.847656 0.953125
vt 0.835938 0.062500
vt 0.828125 0.062500
vt 0.820312 0.062500
vt 0.812500 0.062500
vt 0.824219 0.984375
vt 0.820312 0.968750
vt 0.828125 1.000000
vt 0.816406 0.953125
vt 0.804688 0.062500
vt 0.796875 0.062500
vt 0.789062 0.062500
vt 0.781250 0.062500
vt 0.792969 0.984375
vt 0.789062 0.968750
vt 0.796875 1.000000
vt 0.785156 0.953125
vt 0.773438 0.062500
vt 0.765625 0.062500
vt 0.757812 0.062500
vt 0.761719 0.984375
vt 0.757812 0.968750
vt 0.765625 1.000000
vt 0.753906 0.953125
s 1
f 7682/1/1922 2842/2/1402 16/3/16 2926/4/494
f 7681/5/1921 1940/6/500 9/7/9 2919/8/487
f 7680/9/1920 2931/10/499 17/11/17 2927/12/495
f 7679/13/1919 3835/14/1403 10/15/10 2920/16/488
f 7678/17/1918 3836/18/1404 18/19/18 2928/20/496
f 7677/21/1917 2933/22/501 11/23/11 2921/24/489
f 7676/25/1916 3837/26/1405 19/27/19 2929/28/497
f 7675/29/1915 3838/30/1406 12/31/12 2922/32/490
f 7674/33/1914 3839/34/1407 20/35/20 2930/36/498
f 7673/37/1913 2934/38/502 13/39/13 2923/40/491
f 474/41/474 2830/42/1390 2849/43/1409
f 308/44/308 2839/45/1399 2841/46/1401
f 7672/47/1912 2935/48/503 14/49/14 2924/50/492
f 7671/51/1911 3841/52/1409 7/53/7 2917/54/485
f 7670/55/1910 2936/56/504 15/57/15 2925/58/493
f 7669/59/1909 3842/60/1410 8/61/8 2918/62/486
f 7668/63/1908 1960/64/520 30/65/30 2945/66/513
f 7667/67/1907 1962/68/522 23/69/23 2938/70/506
f 7666/71/1906 2951/72/519 31/73/31 2946/74/514
f 7665/75/1905 2953/76/521 24/77/24 2939/78/507
f 7664/79/1904 2955/80/523 32/81/32 2947/82/515
f 7663/83/1903 2956/84/524 25/85/25 2940/86/508
f 7662/87/1902 2957/88/525 33/89/33 2948/90/516
f 7661/91/1901 2958/92/526 26/93/26 2941/94/509
f 7660/95/1900 2959/96/527 34/97/34 2949/98/517
f 7659/99/1899 2960/100/528 27/101/27 2942/102/510
f 7658/103/1898 2961/104/529 35/105/35 2950/106/518
f 7657/107/1897 2962/108/530 28/109/28 2943/110/511
f 7/53/7 2840/111/1400 1973/112/533
f 308/113/308 2841/114/1401 2852/115/1412
f 7656/116/2010 2964/117/532 29/118/29 2944/119/512
f 7655/120/1895 2965/121/533 22/122/22 2937/123/505
f 7654/124/2009 1989/125/549 49/126/49 2978/127/546
f 7653/128/1893 1991/129/551 42/130/42 2971/131/539
f 7652/132/1892 2980/133/548 50/134/50 2979/135/547
f 7651/136/1891 2982/137/550 43/138/43 2972/139/540
f 22/122/22 2851/140/1411 1994/141/554
f 308/142/308 2852/143/1412 2854/144/1414
f 7650/145/1890 2985/146/553 44/147/44 2973/148/541
f 7649/149/1889 2986/150/554 37/151/37 2966/152/534
f 7648/153/1888 2987/154/555 45/155/45 2974/156/542
f 7647/157/1887 2988/158/556 38/159/38 2967/160/535
f 7646/161/1886 2989/162/557 46/163/46 2975/164/543
f 7645/165/1885 2990/166/558 39/167/39 2968/168/536
f 7644/169/1884 2991/170/559 47/171/47 2976/172/544
f 7643/173/1883 2992/174/560 40/175/40 2969/176/537
f 7642/177/1882 2993/178/561 48/179/48 2977/180/545
f 7641/181/1881 2994/182/562 41/183/41 2970/184/538
f 7640/185/1880 2018/186/578 53/187/53 2996/188/564
f 7639/189/1879 2020/190/580 61/191/61 3004/192/572
f 7638/193/1878 3009/194/577 54/195/54 2997/196/565
f 7637/197/1877 3011/198/579 62/199/62 3005/200/573
f 7636/201/1876 3013/202/581 55/203/55 2998/204/566
f 7635/205/1875 3014/206/582 63/207/63 3006/208/574
f 7634/209/1874 3015/210/583 56/211/56 2999/212/567
f 7633/213/1873 3016/214/584 64/215/64 3007/216/575
f 7632/217/1872 3017/218/585 57/219/57 3000/220/568
f 7631/221/1871 3018/222/586 65/223/65 3008/224/576
f 7630/225/1870 3019/226/587 58/227/58 3001/228/569
f 37/151/37 2853/229/1413 2030/230/590
f 308/231/308 2854/232/1414 2856/233/1416
f 7629/234/1869 3021/235/589 59/236/59 3002/237/570
f 7628/238/1868 3022/239/590 52/240/52 2995/241/563
f 7627/242/1867 3023/243/591 60/244/60 3003/245/571
f 7626/246/1866 2047/247/607 72/248/72 3029/249/597
f 7625/250/1865 2049/251/609 80/252/80 3037/253/605
f 7624/254/1864 3038/255/606 73/256/73 3030/257/598
f 52/240/52 2855/258/1415 2051/259/611
f 308/260/308 2856/261/1416 2858/262/1418
f 7623/263/1863 3042/264/610 74/265/74 3031/266/599
f 7622/267/1862 3043/268/611 67/269/67 3024/270/592
f 7621/271/1861 3044/272/612 75/273/75 3032/274/600
f 7620/275/1860 3045/276/613 68/277/68 3025/278/593
f 7619/279/1859 3046/280/614 76/281/76 3033/282/601
f 7618/283/1858 3047/284/615 69/285/69 3026/286/594
f 7617/287/1857 3048/288/616 77/289/77 3034/290/602
f 7616/291/1856 3049/292/617 70/293/70 3027/294/595
f 7615/295/1855 3050/296/618 78/297/78 3035/298/603
f 7614/299/1854 3051/300/619 71/301/71 3028/302/596
f 7613/303/1853 3052/304/620 79/305/79 3036/306/604
f 7612/307/1852 2077/308/637 92/309/92 3063/310/631
f 7611/311/1851 2079/312/639 85/313/85 3056/314/624
f 7610/315/1850 3068/316/636 93/317/93 3064/318/632
f 7609/319/1849 3070/320/638 86/321/86 3057/322/625
f 7608/323/1848 3072/324/640 94/325/94 3065/326/633
f 7607/327/1847 3073/328/641 87/329/87 3058/330/626
f 7606/331/1846 3074/332/642 95/333/95 3066/334/634
f 7605/335/1845 3075/336/643 88/337/88 3059/338/627
f 7604/339/1844 3076/340/644 96/341/96 3067/342/635
f 7603/343/1843 3077/344/645 89/345/89 3060/346/628
f 67/269/67 2857/347/1417 2088/348/648
f 308/349/308 2858/350/1418 2859/351/1419
f 7602/352/1842 3079/353/647 90/354/90 3061/355/629
f 7601/356/1841 3080/357/648 83/358/83 3054/359/622
f 7600/360/1840 3081/361/649 91/362/91 3062/363/630
f 7599/364/1839 3082/365/650 84/366/84 3055/367/623
f 7598/368/1838 2106/369/666 111/370/111 3096/371/664
f 7597/372/1837 2108/373/668 104/374/104 3089/375/657
f 83/358/83 2061/376/621 2109/377/669
f 308/378/308 2859/379/1419 2861/380/1421
f 7596/381/1836 3099/382/667 105/383/105 3090/384/658
f 7595/385/1835 3101/386/669 98/387/98 3083/388/651
f 7594/389/1834 3102/390/670 106/391/106 3091/392/659
f 7593/393/1833 3103/394/671 99/395/99 3084/396/652
f 7592/397/1832 3104/398/672 107/399/107 3092/400/660
f 7591/401/1831 3105/402/673 100/403/100 3085/404/653
f 7590/405/1830 3106/406/674 108/407/108 3093/408/661
f 7589/409/1829 3107/410/675 101/411/101 3086/412/654
f 7588/413/1828 3108/414/676 109/415/109 3094/416/662
f 7587/417/1827 3109/418/677 102/419/102 3087/420/655
f 7586/421/1826 3110/422/678 110/423/110 3095/424/663
f 7585/425/1825 3111/426/679 103/427/103 3088/428/656
f 7584/429/1824 2135/430/695 115/431/115 3114/432/682
f 7583/433/1823 2137/434/697 123/435/123 3122/436/690
f 7582/437/1822 3126/438/694 116/439/116 3115/440/683
f 7581/441/1821 3128/442/696 124/443/124 3123/444/691
f 7580/445/1820 3130/446/698 117/447/117 3116/448/684
f 7579/449/1819 3131/450/699 125/451/125 3124/452/692
f 7578/453/1818 3132/454/700 118/455/118 3117/456/685
f 7577/457/1817 3133/458/701 126/459/126 3125/460/693
f 7576/461/1816 3134/462/702 119/463/119 3118/464/686
f 98/387/98 2860/465/1420 2145/466/705
f 308/467/308 2861/468/1421 2863/469/1423
f 7575/470/1815 3136/471/704 120/472/120 3119/473/687
f 7574/474/1814 3137/475/705 113/476/113 3112/477/680
f 7573/478/1813 3138/479/706 121/480/121 3120/481/688
f 7572/482/1812 3139/483/707 114/484/114 3113/485/681
f 7571/486/1811 3140/487/708 122/488/122 3121/489/689
f 7570/490/1992 2164/491/724 134/492/134 3147/493/715
f 113/476/113 2862/494/1422 2165/495/725
f 308/496/308 2863/497/1423 2865/498/1425
f 7569/499/1809 3155/500/723 135/501/135 3148/502/716
f 7568/503/1808 3157/504/725 128/505/128 3141/506/709
f 7567/507/1807 3159/508/727 136/509/136 3149/510/717
f 7566/511/1806 3160/512/728 129/513/129 3142/514/710
f 7565/515/1805 3161/516/729 137/517/137 3150/518/718
f 7564/519/1804 3162/520/730 130/521/130 3143/522/711
f 7563/523/1803 3163/524/731 138/525/138 3151/526/719
f 7562/527/1802 3164/528/732 131/529/131 3144/530/712
f 7561/531/1801 3165/532/733 139/533/139 3152/534/720
f 7560/535/1800 3166/536/734 132/537/132 3145/538/713
f 7559/539/1799 3167/540/735 140/541/140 3153/542/721
f 7558/543/1798 3168/544/736 133/545/133 3146/546/714
f 7557/547/1797 3169/548/737 141/549/141 3154/550/722
f 7556/551/1796 2193/552/753 153/553/153 3180/554/748
f 7555/555/1795 2195/556/755 146/557/146 3173/558/741
f 7554/559/1794 3184/560/752 154/561/154 3181/562/749
f 7553/563/1793 3186/564/754 147/565/147 3174/566/742
f 7552/567/1792 3188/568/756 155/569/155 3182/570/750
f 7551/571/1791 3189/572/757 148/573/148 3175/574/743
f 7550/575/1790 3190/576/758 156/577/156 3183/578/751
f 7549/579/1789 3191/580/759 149/581/149 3176/582/744
f 128/505/128 2864/583/1424 2202/584/762
f 308/585/308 2865/586/1425 2867/587/1427
f 7548/588/1788 3193/589/761 150/590/150 3177/591/745
f 7547/592/1787 3194/593/762 143/594/143 3170/595/738
f 7546/596/1786 3195/597/763 151/598/151 3178/599/746
f 7545/600/1785 3196/601/764 144/602/144 3171/603/739
f 7544/604/1784 3197/605/765 152/606/152 3179/607/747
f 7543/608/1783 3198/609/766 145/610/145 3172/611/740
f 308/612/308 2867/613/1427 2869/614/1429
f 7542/615/1782 2223/616/783 165/617/165 3206/618/774
f 7541/619/1781 2225/620/785 158/621/158 3199/622/767
f 7540/623/1780 3214/624/782 166/625/166 3207/626/775
f 7539/627/1985 3216/628/784 159/629/159 3200/630/768
f 7538/631/1778 3218/632/786 167/633/167 3208/634/776
f 7537/635/1777 3219/636/787 160/637/160 3201/638/769
f 7536/639/1776 3220/640/788 168/641/168 3209/642/777
f 7535/643/1775 3221/644/789 161/645/161 3202/646/770
f 7534/647/1774 3222/648/790 169/649/169 3210/650/778
f 7533/651/1773 3223/652/791 162/653/162 3203/654/771
f 7532/655/1772 3224/656/792 170/657/170 3211/658/779
f 7531/659/1771 3225/660/793 163/661/163 3204/662/772
f 7530/663/1770 3226/664/794 171/665/171 3212/666/780
f 7529/667/1769 3227/668/795 164/669/164 3205/670/773
f 143/594/143 2866/671/1426 3217/672/785
f 7528/673/1768 2251/674/811 184/675/184 3239/676/807
f 7527/677/1767 2253/678/813 177/679/177 3232/680/800
f 7526/681/1766 3242/682/810 185/683/185 3240/684/808
f 7525/685/1765 3244/686/812 178/687/178 3233/688/801
f 7524/689/1764 3246/690/814 186/691/186 3241/692/809
f 7523/693/1763 3247/694/815 179/695/179 3234/696/802
f 158/621/158 2868/697/1428 2258/698/818
f 308/699/308 2869/700/1429 2871/701/1431
f 7522/702/1762 3249/703/817 180/704/180 3235/705/803
f 7521/706/1761 3250/707/818 173/708/173 3228/709/796
f 7520/710/1760 3251/711/819 181/712/181 3236/713/804
f 7519/714/1759 3252/715/820 174/716/174 3229/717/797
f 7518/718/1758 3253/719/821 182/720/182 3237/721/805
f 7517/722/1757 3254/723/822 175/724/175 3230/725/798
f 7516/726/1756 3255/727/823 183/728/183 3238/729/806
f 7515/730/1755 3256/731/824 176/732/176 3231/733/799
f 7514/734/1754 2280/735/840 188/736/188 3257/737/825
f 7513/738/1753 2282/739/842 196/740/196 3265/741/833
f 7512/742/1752 3271/743/839 189/744/189 3258/745/826
f 7511/746/1751 3273/747/841 197/748/197 3266/749/834
f 7510/750/1750 3275/751/843 190/752/190 3259/753/827
f 7509/754/1749 3276/755/844 198/756/198 3267/757/835
f 7508/758/1748 3277/759/845 191/760/191 3260/761/828
f 7507/762/1747 3278/763/846 199/764/199 3268/765/836
f 7506/766/1746 3279/767/847 192/768/192 3261/769/829
f 7505/770/1745 3280/771/848 200/772/200 3269/773/837
f 7504/774/1744 3281/775/849 193/776/193 3262/777/830
f 7503/778/1743 3282/779/850 201/780/201 3270/781/838
f 7502/782/1742 3283/783/851 194/784/194 3263/785/831
f 173/708/173 2870/786/1430 3272/787/840
f 308/788/308 2871/789/1431 2873/790/1433
f 7501/791/1741 3285/792/853 195/793/195 3264/794/832
f 7500/795/1740 2309/796/869 207/797/207 3290/798/858
f 7499/799/1978 2311/800/871 215/801/215 3298/802/866
f 7498/803/1738 3300/804/868 208/805/208 3291/806/859
f 7497/807/1737 3302/808/870 216/809/216 3299/810/867
f 7496/811/1736 3304/812/872 209/813/209 3292/814/860
f 188/736/188 2872/815/1432 2315/816/875
f 308/817/308 2873/818/1433 2875/819/1435
f 7495/820/1735 3306/821/874 210/822/210 3293/823/861
f 7494/824/1734 3307/825/875 203/826/203 3286/827/854
f 7493/828/1733 3308/829/876 211/830/211 3294/831/862
f 7492/832/2023 3309/833/877 204/834/204 3287/835/855
f 7491/836/1731 3310/837/878 212/838/212 3295/839/863
f 7490/840/1730 3311/841/879 205/842/205 3288/843/856
f 7489/844/1729 3312/845/880 213/846/213 3296/847/864
f 7488/848/1728 3313/849/881 206/850/206 3289/851/857
f 7487/852/1727 3314/853/882 214/854/214 3297/855/865
f 7486/856/1726 2338/857/898 226/858/226 3323/859/891
f 7485/860/1725 2340/861/900 219/862/219 3316/863/884
f 7484/864/1724 3329/865/897 227/866/227 3324/867/892
f 7483/868/1723 3331/869/899 220/870/220 3317/871/885
f 7482/872/1722 3333/873/901 228/874/228 3325/875/893
f 7481/876/1721 3334/877/902 221/878/221 3318/879/886
f 7480/880/1720 3335/881/903 229/882/229 3326/883/894
f 7479/884/1719 3336/885/904 222/886/222 3319/887/887
f 7478/888/1718 3337/889/905 230/890/230 3327/891/895
f 7477/892/1717 3338/893/906 223/894/223 3320/895/888
f 7476/896/1716 3339/897/907 231/898/231 3328/899/896
f 7475/900/1715 3340/901/908 224/902/224 3321/903/889
f 203/826/203 2874/904/1434 2351/905/911
f 308/906/308 2875/907/1435 2877/908/1437
f 7474/909/1714 3342/910/910 225/911/225 3322/912/890
f 7473/913/1713 3343/914/911 218/915/218 3315/916/883
f 7472/917/1712 2367/918/927 245/919/245 3356/920/924
f 7471/921/1711 2369/922/929 238/923/238 3349/924/917
f 7470/925/1710 3358/926/926 246/927/246 3357/928/925
f 7469/929/1709 3360/930/928 239/931/239 3350/932/918
f 218/915/218 2876/933/1436 2372/934/932
f 308/935/308 2877/936/1437 2879/937/1439
f 7468/938/1708 3363/939/931 240/940/240 3351/941/919
f 7467/942/1707 3364/943/932 233/944/233 3344/945/912
f 7466/946/1706 3365/947/933 241/948/241 3352/949/920
f 7465/950/1705 3366/951/934 234/952/234 3345/953/913
f 7464/954/1704 3367/955/935 242/956/242 3353/957/921
f 7463/958/1703 3368/959/936 235/960/235 3346/961/914
f 7462/962/1702 3369/963/937 243/964/243 3354/965/922
f 7461/966/1701 3370/967/938 236/968/236 3347/969/915
f 7460/970/1700 3371/971/939 244/972/244 3355/973/923
f 7459/974/1699 3372/975/940 237/976/237 3348/977/916
f 7458/978/1698 2396/979/956 249/980/249 3374/981/942
f 7457/982/1697 2398/983/958 257/984/257 3382/985/950
f 7456/986/1696 3387/987/955 250/988/250 3375/989/943
f 7455/990/1695 3389/991/957 258/992/258 3383/993/951
f 7454/994/1694 3391/995/959 251/996/251 3376/997/944
f 7453/998/1693 3392/999/960 259/1000/259 3384/1001/952
f 7452/1002/1692 3393/1003/961 252/1004/252 3377/1005/945
f 7451/1006/1691 3394/1007/962 260/1008/260 3385/1009/953
f 7450/1010/1690 3395/1011/963 253/1012/253 3378/1013/946
f 7449/1014/1689 3396/1015/964 261/1016/261 3386/1017/954
f 7448/1018/1688 3397/1019/965 254/1020/254 3379/1021/947
f 233/944/233 2878/1022/1438 2408/1023/968
f 308/1024/308 2879/1025/1439 2881/1026/1441
f 7447/1027/1966 3399/1028/967 255/1029/255 3380/1030/948
f 7446/1031/1686 3400/1032/968 248/1033/248 3373/1034/941
f 7445/1035/1685 3401/1036/969 256/1037/256 3381/1038/949
f 7444/1039/1684 2425/1040/985 268/1041/268 3407/1042/975
f 7443/1043/1683 2427/1044/987 276/1045/276 3415/1046/983
f 7442/1047/1682 3416/1048/984 269/1049/269 3408/1050/976
f 248/1033/248 2880/1051/1440 2429/1052/989
f 308/1053/308 2881/1054/1441 2883/1055/1443
f 7441/1056/1681 3420/1057/988 270/1058/270 3409/1059/977
f 7440/1060/1680 3421/1061/989 263/1062/263 3402/1063/970
f 7439/1064/1679 3422/1065/990 271/1066/271 3410/1067/978
f 7438/1068/1678 3423/1069/991 264/1070/264 3403/1071/971
f 7437/1072/1677 3424/1073/992 272/1074/272 3411/1075/979
f 7436/1076/1676 3425/1077/993 265/1078/265 3404/1079/972
f 7435/1080/1675 3426/1081/994 273/1082/273 3412/1083/980
f 7434/1084/1674 3427/1085/995 266/1086/266 3405/1087/973
f 7433/1088/1673 3428/1089/996 274/1090/274 3413/1091/981
f 7432/1092/1672 3429/1093/997 267/1094/267 3406/1095/974
f 7431/1096/1671 3430/1097/998 275/1098/275 3414/1099/982
f 7430/1100/1670 2454/1101/1014 287/1102/287 3440/1103/1008
f 7429/1104/1669 2456/1105/1016 280/1106/280 3433/1107/1925
f 7428/1108/1668 3445/1109/1013 288/1110/288 3441/1111/1009
f 7427/1112/1667 3447/1113/1015 281/1114/281 3434/1115/1002
f 7426/1116/1666 3449/1117/1017 289/1118/289 3442/1119/1010
f 7425/1120/1665 3450/1121/1018 282/1122/282 3435/1123/1003
f 7424/1124/2024 3451/1125/1019 290/1126/290 3443/1127/1011
f 7423/1128/1663 3452/1129/1020 283/1130/283 3436/1131/1004
f 7422/1132/1662 3453/1133/1021 291/1134/291 3444/1135/1012
f 7421/1136/1661 3454/1137/1022 284/1138/284 3437/1139/1005
f 263/1062/263 2882/1140/1442 2465/1141/1025
f 308/1142/308 2883/1143/1443 2885/1144/1445
f 7420/1145/1660 3456/1146/1024 285/1147/285 3438/1148/1006
f 7419/1149/1659 3457/1150/1025 278/1151/278 3431/1152/999
f 7418/1153/1658 3458/1154/1026 286/1155/286 3439/1156/1007
f 7417/1157/1657 3459/1158/1027 279/1159/279 3432/1160/1000
f 7416/1161/1656 2484/1162/1044 306/1163/306 3473/1164/1041
f 7415/1165/1655 2486/1166/1046 299/1167/299 3466/1168/1034
f 278/1151/278 2884/1169/1444 2487/1170/1047
f 308/1171/308 2885/1172/1445 2482/1173/1042
f 7414/1174/1654 3477/1175/1045 300/1176/300 3467/1177/1035
f 7413/1178/1653 3479/1179/1047 293/1180/293 3460/1181/1028
f 7412/1182/1652 3480/1183/1048 301/1184/301 3468/1185/1036
f 7411/1186/1651 3481/1187/1049 294/1188/294 3461/1189/1029
f 7410/1190/1650 3482/1191/1050 302/1192/302 3469/1193/1037
f 7409/1194/1649 3483/1195/1051 295/1196/295 3462/1197/1030
f 7408/1198/1648 3484/1199/1052 303/1200/303 3470/1201/1038
f 7407/1202/1647 3485/1203/1053 296/1204/296 3463/1205/1031
f 7406/1206/1646 3486/1207/1054 304/1208/304 3471/1209/1039
f 7405/1210/1645 3487/1211/1055 297/1212/297 3464/1213/1032
f 7404/1214/1644 3488/1215/1056 305/1216/305 3472/1217/1040
f 7403/1218/1643 3489/1219/1057 298/1220/298 3465/1221/1033
f 7402/1222/1642 2513/1223/1073 319/1224/319 3500/1225/1068
f 7401/1226/1641 2515/1227/1075 312/1228/312 3493/1229/1061
f 7400/1230/1640 3504/1231/1072 320/1232/320 3501/1233/1069
f 7399/1234/1639 3506/1235/1074 313/1236/313 3494/1237/1062
f 7398/1238/1638 3508/1239/1076 321/1240/321 3502/1241/1070
f 7397/1242/1637 3509/1243/1077 314/1244/314 3495/1245/1063
f 7396/1246/1636 3510/1247/1078 322/1248/322 3503/1249/1071
f 7395/1250/1635 3511/1251/1079 315/1252/315 3496/1253/1064
f 293/1180/293 2886/1254/1446 2522/1255/1082
f 308/1256/308 2482/1257/1042 2888/1258/1448
f 7394/1259/1634 3513/1260/1081 316/1261/316 3497/1262/1065
f 7393/1263/1633 3514/1264/1082 309/1265/309 3490/1266/1058
f 7392/1267/1632 3515/1268/1083 317/1269/317 3498/1270/1066
f 7391/1271/1631 3516/1272/1084 310/1273/310 3491/1274/1059
f 7390/1275/1630 3517/1276/1085 318/1277/318 3499/1278/1067
f 7389/1279/1629 3518/1280/1086 311/1281/311 3492/1282/1060
f 309/1265/309 2887/1283/1447 2541/1284/1101
f 308/1285/308 2888/1286/1448 2890/1287/1450
f 7388/1288/1628 2544/1289/1104 331/1290/331 3526/1291/1094
f 7387/1292/1627 3533/1293/1101 324/1294/324 3519/1295/1087
f 7386/1296/1626 3535/1297/1103 332/1298/332 3527/1299/1095
f 7385/1300/1625 3537/1301/1105 325/1302/325 3520/1303/1088
f 7384/1304/1624 3538/1305/1106 333/1306/333 3528/1307/1096
f 7383/1308/1623 3539/1309/1107 326/1310/326 3521/1311/1089
f 7382/1312/1622 3540/1313/1108 334/1314/334 3529/1315/1097
f 7381/1316/1621 3541/1317/1109 327/1318/327 3522/1319/1090
f 7380/1320/1620 3542/1321/1110 335/1322/335 3530/1323/1098
f 7379/1324/1619 3543/1325/1111 328/1326/328 3523/1327/1091
f 7378/1328/1618 3544/1329/1112 336/1330/336 3531/1331/1099
f 7377/1332/1617 3545/1333/1113 329/1334/329 3524/1335/1092
f 7376/1336/1616 3546/1337/1114 337/1338/337 3532/1339/1100
f 7375/1340/1615 3547/1341/1115 330/1342/330 3525/1343/1093
f 7374/1344/1614 2571/1345/1131 342/1346/342 3551/1347/1119
f 7373/1348/1613 2573/1349/1133 350/1350/350 3559/1351/1127
f 7372/1352/1612 3562/1353/1130 343/1354/343 3552/1355/1120
f 7371/1356/1611 3564/1357/1132 351/1358/351 3560/1359/1128
f 7370/1360/1610 3566/1361/1134 344/1362/344 3553/1363/1121
f 7369/1364/1609 3567/1365/1135 352/1366/352 3561/1367/1129
f 7368/1368/1608 3568/1369/1136 345/1370/345 3554/1371/1122
f 324/1294/324 2889/1372/1449 2579/1373/1139
f 308/1374/308 2890/1375/1450 2892/1376/1452
f 7367/1377/1607 3570/1378/1138 346/1379/346 3555/1380/1123
f 7366/1381/1606 3571/1382/1139 339/1383/339 3548/1384/1116
f 7365/1385/1605 3572/1386/1140 347/1387/347 3556/1388/1124
f 7364/1389/1604 3573/1390/1141 340/1391/340 3549/1392/1117
f 7363/1393/1603 3574/1394/1142 348/1395/348 3557/1396/1125
f 7362/1397/1602 3575/1398/1143 341/1399/341 3550/1400/1118
f 7361/1401/1601 3576/1402/1144 349/1403/349 3558/1404/1126
f 7360/1405/1600 2600/1406/1160 361/1407/361 3584/1408/1152
f 7359/1409/1599 2602/1410/1162 354/1411/354 3577/1412/1145
f 7358/1413/1598 3591/1414/1159 362/1415/362 3585/1416/1153
f 7357/1417/1597 3593/1418/1161 355/1419/355 3578/1420/1146
f 7356/1421/1596 3595/1422/1163 363/1423/363 3586/1424/1154
f 7355/1425/1595 3596/1426/1164 356/1427/356 3579/1428/1147
f 7354/1429/1594 3597/1430/1165 364/1431/364 3587/1432/1155
f 7353/1433/1593 3598/1434/1166 357/1435/357 3580/1436/1148
f 7352/1437/1592 3599/1438/1167 365/1439/365 3588/1440/1156
f 7351/1441/1591 3600/1442/1168 358/1443/358 3581/1444/1149
f 7350/1445/1590 3601/1446/1169 366/1447/366 3589/1448/1157
f 7349/1449/1589 3602/1450/1170 359/1451/359 3582/1452/1150
f 7348/1453/1588 3603/1454/1171 367/1455/367 3590/1456/1158
f 7347/1457/1587 3604/1458/1172 360/1459/360 3583/1460/1151
f 339/1383/339 2891/1461/1451 3594/1462/1162
f 308/1463/308 2892/1464/1452 2894/1465/1454
f 7346/1466/1586 2629/1467/1189 380/1468/380 3617/1469/1185
f 7345/1470/1585 2631/1471/1191 373/1472/373 3610/1473/1178
f 7344/1474/1584 3620/1475/1188 381/1476/381 3618/1477/1186
f 7343/1478/1583 3622/1479/1190 374/1480/374 3611/1481/1179
f 7342/1482/1582 3624/1483/1192 382/1484/382 3619/1485/1187
f 7341/1486/1949 3625/1487/1193 375/1488/375 3612/1489/1180
f 354/1490/354 2893/1491/1453 2636/1492/1196
f 308/1493/308 2894/1494/1454 2896/1495/1456
f 7340/1496/1580 3627/1497/1195 376/1498/376 3613/1499/1181
f 7339/1500/1579 3628/1501/1196 369/1502/369 3606/1503/1174
f 7338/1504/1578 3629/1505/1197 377/1506/377 3614/1507/1182
f 7337/1508/1577 3630/1509/1198 370/1510/370 3607/1511/1175
f 7336/1512/1576 3631/1513/1199 378/1514/378 3615/1515/1183
f 7335/1516/1575 3632/1517/1200 371/1518/371 3608/1519/1176
f 7334/1520/1574 3633/1521/1201 379/1522/379 3616/1523/1184
f 7333/1524/1573 3634/1525/1202 372/1526/372 3609/1527/1177
f 7332/1528/1572 2658/1529/1218 384/1530/384 3635/1531/1203
f 7331/1532/1571 2660/1533/1220 392/1534/392 3643/1535/1211
f 7330/1536/1570 3649/1537/1217 385/1538/385 3636/1539/1204
f 7329/1540/1569 3651/1541/1219 393/1542/393 3644/1543/1212
f 7328/1544/1568 3653/1545/1221 386/1546/386 3637/1547/1205
f 7327/1548/1567 3654/1549/1222 394/1550/394 3645/1551/1213
f 7326/1552/1566 3655/1553/1223 387/1554/387 3638/1555/1206
f 7325/1556/1565 3656/1557/1224 395/1558/395 3646/1559/1214
f 7324/1560/1564 3657/1561/1225 388/1562/388 3639/1563/1207
f 7323/1564/1563 3658/1565/1226 396/1566/396 3647/1567/1215
f 7322/1568/1562 3659/1569/1227 389/1570/389 3640/1571/1208
f 7321/1572/1561 3660/1573/1228 397/1574/397 3648/1575/1216
f 7320/1576/1560 3661/1577/1229 390/1578/390 3641/1579/1209
f 369/1502/369 2895/1580/1455 3650/1581/1218
f 308/1582/308 2896/1583/1456 2898/1584/1458
f 7319/1585/1559 3663/1586/1231 391/1587/391 3642/1588/1210
f 7318/1589/1558 2687/1590/1247 403/1591/403 3668/1592/1236
f 7317/1593/1557 2689/1594/1249 411/1595/411 3676/1596/1244
f 7316/1597/1556 3678/1598/1246 404/1599/404 3669/1600/1237
f 7315/1601/1555 3680/1602/1248 412/1603/412 3677/1604/1245
f 7314/1605/1554 3682/1606/1250 405/1607/405 3670/1608/1238
f 384/1530/384 2897/1609/1457 2693/1610/1253
f 308/1611/308 2898/1612/1458 2900/1613/1460
f 7313/1614/1553 3684/1615/1252 406/1616/406 3671/1617/1239
f 7312/1618/1552 3685/1619/1253 399/1620/399 3664/1621/1232
f 7311/1622/1551 3686/1623/1254 407/1624/407 3672/1625/1240
f 7310/1626/1550 3687/1627/1255 400/1628/400 3665/1629/1233
f 7309/1630/1549 3688/1631/1256 408/1632/408 3673/1633/1241
f 7308/1634/1548 3689/1635/1257 401/1636/401 3666/1637/1926
f 7307/1638/1547 3690/1639/1258 409/1640/409 3674/1641/1242
f 7306/1642/1546 3691/1643/1259 402/1644/402 3667/1645/1235
f 7305/1646/1545 3692/1647/1260 410/1648/410 3675/1649/1243
f 7304/1650/1544 2716/1651/1276 422/1652/422 3701/1653/1269
f 7303/1654/1543 2718/1655/1278 415/1656/415 3694/1657/1262
f 7302/1658/1542 3707/1659/1275 423/1660/423 3702/1661/1270
f 7301/1662/1541 3709/1663/1277 416/1664/416 3695/1665/1263
f 7300/1666/1540 3711/1667/1279 424/1668/424 3703/1669/1271
f 7299/1670/1539 3712/1671/1280 417/1672/417 3696/1673/1264
f 7298/1674/1538 3713/1675/1281 425/1676/425 3704/1677/1272
f 7297/1678/1537 3714/1679/1282 418/1680/418 3697/1681/1265
f 7296/1682/1536 3715/1683/1283 426/1684/426 3705/1685/1273
f 7295/1686/1535 3716/1687/1284 419/1688/419 3698/1689/1266
f 7294/1690/1534 3717/1691/1285 427/1692/427 3706/1693/1274
f 7293/1694/1533 3718/1695/1286 420/1696/420 3699/1697/1267
f 399/1620/399 2899/1698/1459 2729/1699/1289
f 308/1700/308 2900/1701/1460 2902/1702/1462
f 7292/1703/1532 3720/1704/1288 421/1705/421 3700/1706/1268
f 7291/1707/1531 3721/1708/1289 414/1709/414 3693/1710/1261
f 7290/1711/1530 2745/1712/1305 441/1713/441 3734/1714/1302
f 7289/1715/1529 2747/1716/1307 434/1717/434 3727/1718/1295
f 7288/1719/1528 3736/1720/1304 442/1721/442 3735/1722/1303
f 7287/1723/1527 3738/1724/1306 435/1725/435 3728/1726/1296
f 414/1709/414 2901/1727/1461 2750/1728/1310
f 308/1729/308 2902/1730/1462 2904/1731/1464
f 7286/1732/1526 3741/1733/1309 436/1734/436 3729/1735/1297
f 7285/1736/1525 3742/1737/1310 429/1738/429 3722/1739/1290
f 7284/1740/1524 3743/1741/1311 437/1742/437 3730/1743/1298
f 7283/1744/1523 3744/1745/1312 430/1746/430 3723/1747/1291
f 7282/1748/1522 3745/1749/1313 438/1750/438 3731/1751/1299
f 7281/1752/1521 3746/1753/1314 431/1754/431 3724/1755/1292
f 7280/1756/1520 3747/1757/1315 439/1758/439 3732/1759/1300
f 7279/1760/1519 3748/1761/1316 432/1762/432 3725/1763/1293
f 7278/1764/1518 3749/1765/1317 440/1766/440 3733/1767/1301
f 7277/1768/1517 3750/1769/1318 433/1770/433 3726/1771/1294
f 7276/1772/1516 2774/1773/1334 453/1774/453 3760/1775/1328
f 7275/1776/1515 2776/1777/1336 446/1778/446 3753/1779/1321
f 7274/1780/1514 3765/1781/1333 454/1782/454 3761/1783/1329
f 7273/1784/1513 3767/1785/1335 447/1786/447 3754/1787/1322
f 7272/1788/1512 3769/1789/1337 455/1790/455 3762/1791/1330
f 7271/1792/1511 3770/1793/1338 448/1794/448 3755/1795/1323
f 7270/1796/1937 3771/1797/1339 456/1798/456 3763/1799/1331
f 7269/1800/1509 3772/1801/1340 449/1802/449 3756/1803/1324
f 7268/1804/1508 3773/1805/1341 457/1806/457 3764/1807/1332
f 7267/1808/1507 3774/1809/1342 450/1810/450 3757/1811/1325
f 429/1738/429 2903/1812/1463 2785/1813/1345
f 308/1814/308 2904/1815/1464 2906/1816/1466
f 7266/1817/1506 3776/1818/1344 451/1819/451 3758/1820/1326
f 7265/1821/1505 3777/1822/1345 444/1823/444 3751/1824/1319
f 7264/1825/1504 3778/1826/1346 452/1827/452 3759/1828/1327
f 7263/1829/1934 3779/1830/1347 445/1831/445 3752/1832/1320
f 7262/1833/1502 2803/1834/1363 472/1835/472 3793/1836/1361
f 7261/1837/1501 2805/1838/1365 465/1839/465 3786/1840/1354
f 444/1823/444 2905/1841/1465 2806/1842/1366
f 308/1843/308 2906/1844/1466 2908/1845/1468
f 7260/1846/1500 3796/1847/1364 466/1848/466 3787/1849/1355
f 7259/1850/1499 3798/1851/1366 459/1852/459 3780/1853/1348
f 7258/1854/1498 3799/1855/1367 467/1856/467 3788/1857/1356
f 7257/1858/1497 3800/1859/1368 460/1860/460 3781/1861/1349
f 7256/1862/1496 3801/1863/1369 468/1864/468 3789/1865/1357
f 7255/1866/1495 3802/1867/1370 461/1868/461 3782/1869/1350
f 7254/1870/1494 3803/1871/1371 469/1872/469 3790/1873/1358
f 7253/1874/1493 3804/1875/1372 462/1876/462 3783/1877/1351
f 7252/1878/1492 3805/1879/1373 470/1880/470 3791/1881/1359
f 7251/1882/1491 3806/1883/1374 463/1884/463 3784/1885/1352
f 7250/1886/1490 3807/1887/1375 471/1888/471 3792/1889/1360
f 7249/1890/1489 3808/1891/1376 464/1892/464 3785/1893/1353
f 7248/1894/1488 2909/1895/1469 1/1896/1 3824/1897/1392
f 7247/1898/1487 2910/1899/1470 6/1900/6 3830/1901/1398
f 7246/1902/1486 3813/1903/1381 476/1904/476 3825/1905/1393
f 7245/1906/1485 3814/1907/1382 479/1908/479 3810/1909/1378
f 7244/1910/1484 3903/1911/1471 2/1912/2 3826/1913/1394
f 7243/1914/1483 3815/1915/1383 480/1916/480 3811/1917/1379
f 7242/1918/1482 3816/1919/1384 477/1920/477 3827/1921/1395
f 7241/1922/1481 3817/1923/1385 481/1924/481 3812/1925/1380
f 7240/1926/1480 3904/1927/1472 3/1928/3 2915/1929/483
f 459/1852/459 2907/1930/1467 2827/1931/1387
f 308/1932/308 2908/1933/1468 2839/1934/1399
f 7239/1935/1479 3905/1936/1473 4/1937/4 2916/1938/484
f 7238/1939/1478 3819/1940/1387 474/41/474 3809/1941/1377
f 7237/1942/1477 3906/1943/1474 5/1944/5 3828/1945/1396
f 7236/1946/1476 3820/1947/1388 475/1948/475 3823/1949/1391
f 7235/1950/1475 3821/1951/1389 478/1952/478 3829/1953/1397
f 7234/1954/1475 3907/1955/1475 1397/1956/1397 2837/1957/1397
f 7233/1958/1475 3908/1959/1475 1475/1960/1475 3909/1961/1475
f 7232/1962/1475 2829/1963/1389 1389/1964/1389 3910/1965/1475
f 7231/1966/1476 3911/1967/1476 1391/1968/1391 2831/1969/1391
f 7230/1970/1476 3912/1971/1476 1476/1972/1476 3913/1973/1476
f 7229/1974/1476 2828/1975/1388 1388/1976/1388 3914/1977/1476
f 7228/1978/1477 3915/1979/1477 1396/1980/1396 2836/1981/1396
f 7227/1982/1477 3916/1983/1477 1477/1984/1477 3917/1985/1477
f 7226/1986/1477 2914/1987/1474 1474/1988/1474 3918/1989/1477
f 7225/1990/1478 3919/1991/1478 1377/1992/1377 2817/1993/1377
f 7224/1994/1478 3920/1995/1478 1478/1996/1478 3921/1997/1478
f 7223/1998/1478 2827/1931/1387 1387/1999/1387 3922/2000/1478
f 7222/2001/1479 3923/2002/1479 484/2003/484 1924/2004/484
f 7221/2005/1479 3924/2006/1479 1479/2007/1479 3925/2008/1479
f 7220/2009/1479 2913/2010/1473 1473/2011/1473 3926/2012/1479
f 1399/2013/1399 3927/2014/1928 3831/2015/1399
f 1399/2013/1399 3928/2016/1929 3927/2014/1928
f 1468/2017/1468 3900/2018/1468 3929/2019/1928
f 1387/1999/1387 3930/2020/1930 3819/1940/1387
f 1387/1999/1387 3931/2021/1930 3930/2020/1930
f 1467/2022/1467 3899/2023/1467 3932/2024/1931
f 7219/2025/1480 3933/2026/1480 483/2027/483 1923/2028/483
f 7218/2029/1480 3934/2030/1480 1480/2031/1480 3935/2032/1480
f 7217/2033/1480 2912/2034/1472 1472/2035/1472 3936/2036/1480
f 7216/2037/1481 3937/2038/1481 1380/2039/1380 2820/2040/1380
f 7215/2041/1481 3938/2042/1481 1481/2043/1481 3939/2044/1481
f 7214/2045/1481 2825/2046/1385 1385/2047/1385 3940/2048/1481
f 7213/2049/1482 3941/2050/1482 1395/2051/1395 2835/2052/1395
f 7212/2053/1482 3942/2054/1482 1482/2055/1482 3943/2056/1482
f 7211/2057/1482 2824/2058/1384 1384/2059/1384 3944/2060/1482
f 7210/2061/1483 3945/2062/1483 1379/2063/1379 2819/2064/1379
f 7209/2065/1483 3946/2066/1483 1483/2067/1483 3947/2068/1483
f 7208/2069/1483 2823/2070/1383 1383/2071/1383 3948/2072/1483
f 7207/2073/1484 3949/2074/1484 1394/2075/1394 2834/2076/1394
f 7206/2077/1484 3950/2078/1484 1484/2079/1484 3951/2080/1484
f 7205/2081/1484 2911/2082/1471 1471/2083/1471 3952/2084/1484
f 7204/2085/1485 3953/2086/1485 1378/2087/1378 2818/2088/1378
f 7203/2089/1485 3954/2090/1485 1485/2091/1485 3955/2092/1485
f 7202/2093/1485 2822/2094/1382 1382/2095/1382 3956/2096/1485
f 7201/2097/1486 3957/2098/1486 1393/2099/1393 2833/2100/1393
f 7200/2101/1486 3958/2102/1486 1486/2103/1486 3959/2104/1486
f 7199/2105/1486 2821/2106/1381 1381/2107/1381 3960/2108/1486
f 7198/2109/1487 3961/2110/1487 1398/2111/1398 2838/2112/1398
f 7197/2113/1487 3962/2114/1487 1487/2115/1487 3963/2116/1487
f 7196/2117/1487 3902/2118/1470 1470/2119/1470 3964/2120/1487
f 7195/2121/1488 3965/2122/1488 1392/2123/1392 2832/2124/1392
f 7194/2125/1488 3966/2126/1488 1488/2127/1488 3967/2128/1488
f 7193/2129/1488 3901/2130/1469 1469/2131/1469 3968/2132/1488
f 7192/2133/1489 3969/2134/1489 1353/2135/1353 2793/2136/1353
f 7191/2137/1489 3970/2138/1489 1489/2139/1489 3971/2140/1489
f 7190/2141/1489 2816/2142/1376 1376/2143/1376 3972/2144/1489
f 7189/2145/1490 3973/2146/1490 1360/2147/1360 2800/2148/1360
f 7188/2149/1490 3974/2150/1490 1490/2151/1490 3975/2152/1490
f 7187/2153/1490 2815/2154/1375 1375/2155/1375 3976/2156/1490
f 7186/2157/1491 3977/2158/1491 1352/2159/1352 2792/2160/1352
f 7185/2161/1491 3978/2162/1491 1491/2163/1491 3979/2164/1491
f 7184/2165/1491 2814/2166/1374 1374/2167/1374 3980/2168/1491
f 7183/2169/1492 3981/2170/1492 1359/2171/1359 2799/2172/1359
f 7182/2173/1492 3982/2174/1492 1492/2175/1492 3983/2176/1492
f 7181/2177/1492 2813/2178/1373 1373/2179/1373 3984/2180/1492
f 7180/2181/1493 3985/2182/1493 1351/2183/1351 2791/2184/1351
f 7179/2185/1493 3986/2186/1493 1493/2187/1493 3987/2188/1493
f 7178/2189/1493 2812/2190/1372 1372/2191/1372 3988/2192/1493
f 7177/2193/1494 3989/2194/1494 1358/2195/1358 2798/2196/1358
f 7176/2197/1494 3990/2198/1494 1494/2199/1494 3991/2200/1494
f 7175/2201/1494 2811/2202/1371 1371/2203/1371 3992/2204/1494
f 7174/2205/1495 3993/2206/1495 1350/2207/1350 2790/2208/1350
f 7173/2209/1495 3994/2210/1495 1495/2211/1495 3995/2212/1495
f 7172/2213/1495 2810/2214/1370 1370/2215/1370 3996/2216/1495
f 7171/2217/1496 3997/2218/1496 1357/2219/1357 2797/2220/1357
f 7170/2221/1496 3998/2222/1496 1496/2223/1496 3999/2224/1496
f 7169/2225/1496 2809/2226/1369 1369/2227/1369 4000/2228/1496
f 7168/2229/1497 4001/2230/1497 1349/2231/1349 2789/2232/1349
f 7167/2233/1497 4002/2234/1497 1497/2235/1497 4003/2236/1497
f 7166/2237/1497 2808/2238/1368 1368/2239/1368 4004/2240/1497
f 7165/2241/1498 4005/2242/1498 1356/2243/1356 2796/2244/1356
f 7164/2245/1498 4006/2246/1498 1498/2247/1498 4007/2248/1498
f 7163/2249/1498 2807/2250/1367 1367/2251/1367 4008/2252/1498
f 7162/2253/1499 4009/2254/1499 1348/2255/1348 2788/2256/1348
f 7161/2257/1499 4010/2258/1499 1499/2259/1499 4011/2260/1499
f 7160/2261/1499 2806/1842/1366 1366/2262/1366 4012/2263/1499
f 7159/2264/1500 4013/2265/1500 1355/2266/1355 2795/2267/1355
f 7158/2268/1500 4014/2269/1500 1500/2270/1500 4015/2271/1500
f 7157/2272/1500 2804/2273/1364 1364/2274/1364 4016/2275/1500
f 1468/2276/1468 4017/2277/1932 3900/2278/1468
f 1468/2276/1468 4018/2279/1932 4017/2277/1932
f 1466/2280/1466 3898/2281/1466 4019/2282/1932
f 1366/2262/1366 4020/2283/1933 3798/1851/1366
f 1366/2262/1366 4021/2284/1933 4020/2283/1933
f 1465/2285/1465 3897/2286/1465 4022/2287/1933
f 7156/2288/1501 4023/2289/1501 1354/2290/1354 2794/2291/1354
f 7155/2292/1501 4024/2293/1501 1501/2294/1501 4025/2295/1501
f 7154/2296/1501 3797/2297/1365 1365/2298/1365 4026/2299/1501
f 7153/2300/1502 4027/2301/1502 1361/2302/1361 2801/2303/1361
f 7152/2304/1502 4028/2305/1502 1502/2306/1502 4029/2307/1502
f 7151/2308/1502 3795/2309/1363 1363/2310/1363 4030/2311/1502
f 7150/2312/1934 4031/2313/1503 1320/2314/1320 2760/2315/1320
f 7149/2316/1503 4032/2317/1503 1503/2318/1503 4033/2319/1934
f 7148/2320/1934 2787/2321/1347 1347/2322/1347 4034/2323/1503
f 7147/2324/1504 4035/2325/1504 1327/2326/1327 2767/2327/1327
f 7146/2328/1504 4036/2329/1504 1504/2330/1504 4037/2331/1504
f 7145/2332/1504 2786/2333/1346 1346/2334/1346 4038/2335/1504
f 7144/2336/1505 4039/2337/1505 1319/2338/1319 2759/2339/1319
f 7143/2340/1505 4040/2341/1505 1505/2342/1505 4041/2343/1505
f 7142/2344/1505 2785/1813/1345 1345/2345/1345 4042/2346/1505
f 7141/2347/1506 4043/2348/1506 1326/2349/1326 2766/2350/1326
f 7140/2351/1506 4044/2352/1506 1506/2353/1506 4045/2354/1506
f 7139/2355/1506 2784/2356/1344 1344/2357/1344 4046/2358/1506
f 1466/2359/1466 4047/2360/1935 3898/2361/1466
f 1466/2359/1466 4048/2362/1935 4047/2360/1935
f 1464/2363/1464 3896/2364/1464 4049/2365/1935
f 1345/2345/1345 4050/2366/1936 3777/1822/1345
f 1345/2345/1345 4051/2367/1936 4050/2366/1936
f 1463/2368/1463 3895/2369/1463 4052/2370/1936
f 7138/2371/1507 4053/2372/1507 1325/2373/1325 2765/2374/1325
f 7137/2375/1507 4054/2376/1507 1507/2377/1507 4055/2378/1507
f 7136/2379/1507 2782/2380/1342 1342/2381/1342 4056/2382/1507
f 7135/2383/1508 4057/2384/1508 1332/2385/1332 2772/2386/1332
f 7134/2387/1508 4058/2388/1508 1508/2389/1508 4059/2390/1508
f 7133/2391/1508 2781/2392/1341 1341/2393/1341 4060/2394/1508
f 7132/2395/1509 4061/2396/1509 1324/2397/1324 2764/2398/1324
f 7131/2399/1509 4062/2400/1509 1509/2401/1509 4063/2402/1509
f 7130/2403/1509 2780/2404/1340 1340/2405/1340 4064/2406/1509
f 7129/2407/1510 4065/2408/1937 1331/2409/1331 2771/2410/1331
f 7128/2411/1937 4066/2412/1510 1510/2413/1510 4067/2414/1510
f 7127/2415/1937 2779/2416/1339 1339/2417/1339 4068/2418/1937
f 7126/2419/1511 4069/2420/1511 1323/2421/1323 2763/2422/1323
f 7125/2423/1511 4070/2424/1511 1511/2425/1511 4071/2426/1511
f 7124/2427/1511 2778/2428/1338 1338/2429/1338 4072/2430/1511
f 7123/2431/1512 4073/2432/1512 1330/2433/1330 2770/2434/1330
f 7122/2435/1512 4074/2436/1512 1512/2437/1512 4075/2438/1512
f 7121/2439/1512 2777/2440/1337 1337/2441/1337 4076/2442/1512
f 7120/2443/1513 4077/2444/1513 1322/2445/1322 2762/2446/1322
f 7119/2447/1513 4078/2448/1513 1513/2449/1513 4079/2450/1513
f 7118/2451/1513 2775/2452/1335 1335/2453/1335 4080/2454/1513
f 7117/2455/1514 4081/2456/1514 1329/2457/1329 2769/2458/1329
f 7116/2459/1514 4082/2460/1514 1514/2461/1514 4083/2462/1514
f 7115/2463/1514 2773/2464/1333 1333/2465/1333 4084/2466/1514
f 7114/2467/1515 4085/2468/1515 1321/2469/1321 2761/2470/1321
f 7113/2471/1515 4086/2472/1515 1515/2473/1515 4087/2474/1515
f 7112/2475/1515 3768/2476/1927 1336/2477/1336 4088/2478/1515
f 7111/2479/1516 4089/2480/1516 1328/2481/1328 2768/2482/1328
f 7110/2483/1516 4090/2484/1516 1516/2485/1516 4091/2486/1516
f 7109/2487/1516 3766/2488/1334 1334/2489/1334 4092/2490/1516
f 7108/2491/1517 4093/2492/1517 1294/2493/1294 2734/2494/1294
f 7107/2495/1517 4094/2496/1517 1517/2497/1517 4095/2498/1517
f 7106/2499/1517 2758/2500/1318 1318/2501/1318 4096/2502/1517
f 7105/2503/1518 4097/2504/1518 1301/2505/1301 2741/2506/1301
f 7104/2507/1518 4098/2508/1518 1518/2509/1518 4099/2510/1518
f 7103/2511/1518 2757/2512/1317 1317/2513/1317 4100/2514/1518
f 7102/2515/1519 4101/2516/1519 1293/2517/1293 2733/2518/1293
f 7101/2519/1519 4102/2520/1519 1519/2521/1519 4103/2522/1519
f 7100/2523/1519 2756/2524/1316 1316/2525/1316 4104/2526/1519
f 7099/2527/1520 4105/2528/1520 1300/2529/1300 2740/2530/1300
f 7098/2531/1520 4106/2532/1520 1520/2533/1520 4107/2534/1520
f 7097/2535/1520 2755/2536/1315 1315/2537/1315 4108/2538/1520
f 7096/2539/1521 4109/2540/1521 1292/2541/1292 2732/2542/1292
f 7095/2543/1521 4110/2544/1521 1521/2545/1521 4111/2546/1521
f 7094/2547/1521 2754/2548/1314 1314/2549/1314 4112/2550/1521
f 7093/2551/1522 4113/2552/1522 1299/2553/1299 2739/2554/1299
f 7092/2555/1522 4114/2556/1522 1522/2557/1522 4115/2558/1522
f 7091/2559/1522 2753/2560/1313 1313/2561/1313 4116/2562/1522
f 7090/2563/1523 4117/2564/1523 1291/2565/1291 2731/2566/1291
f 7089/2567/1523 4118/2568/1523 1523/2569/1523 4119/2570/1523
f 7088/2571/1523 2752/2572/1312 1312/2573/1312 4120/2574/1523
f 7087/2575/1524 4121/2576/1524 1298/2577/1298 2738/2578/1298
f 7086/2579/1524 4122/2580/1524 1524/2581/1524 4123/2582/1524
f 7085/2583/1524 2751/2584/1311 1311/2585/1311 4124/2586/1524
f 7084/2587/1525 4125/2588/1525 1290/2589/1290 2730/2590/1290
f 7083/2591/1525 4126/2592/1525 1525/2593/1525 4127/2594/1525
f 7082/2595/1525 2750/1728/1310 1310/2596/1310 4128/2597/1525
f 7081/2598/1526 4129/2599/1526 1297/2600/1297 2737/2601/1297
f 7080/2602/1526 4130/2603/1526 1526/2604/1526 4131/2605/1526
f 7079/2606/1526 2749/2607/1309 1309/2608/1309 4132/2609/1526
f 1464/2610/1464 4133/2611/1938 3896/2612/1464
f 1464/2610/1464 4134/2613/1938 4133/2611/1938
f 1462/2614/1462 3894/2615/1462 4135/2616/1938
f 1310/2596/1310 4136/2617/1939 3742/1737/1310
f 1310/2596/1310 4137/2618/1939 4136/2617/1939
f 1461/2619/1461 3893/2620/1461 4138/2621/1939
f 7078/2622/1527 4139/2623/1527 1296/2624/1296 2736/2625/1296
f 7077/2626/1527 4140/2627/1527 1527/2628/1527 4141/2629/1527
f 7076/2630/1527 2746/2631/1306 1306/2632/1306 4142/2633/1527
f 7075/2634/1528 4143/2635/1528 1303/2636/1303 2743/2637/1303
f 7074/2638/1528 4144/2639/1528 1528/2640/1528 4145/2641/1528
f 7073/2642/1528 2744/2643/1304 1304/2644/1304 4146/2645/1528
f 7072/2646/1529 4147/2647/1529 1295/2648/1295 2735/2649/1295
f 7071/2650/1529 4148/2651/1529 1529/2652/1529 4149/2653/1529
f 7070/2654/1529 3739/2655/1307 1307/2656/1307 4150/2657/1529
f 7069/2658/1530 4151/2659/1530 1302/2660/1302 2742/2661/1302
f 7068/2662/1530 4152/2663/1530 1530/2664/1530 4153/2665/1530
f 7067/2666/1530 3737/2667/1305 1305/2668/1305 4154/2669/1530
f 7066/2670/1531 4155/2671/1531 1261/2672/1261 2701/2673/1261
f 7065/2674/1531 4156/2675/1531 1531/2676/1531 4157/2677/1531
f 7064/2678/1531 2729/1699/1289 1289/2679/1289 4158/2680/1531
f 7063/2681/1532 4159/2682/1532 1268/2683/1268 2708/2684/1268
f 7062/2685/1532 4160/2686/1532 1532/2687/1532 4161/2688/1532
f 7061/2689/1532 2728/2690/1288 1288/2691/1288 4162/2692/1532
f 1462/2693/1462 4163/2694/1940 3894/2695/1462
f 1462/2693/1462 4164/2696/1940 4163/2694/1940
f 1460/2697/1460 3892/2698/1460 4165/2699/1940
f 1289/2679/1289 4166/2700/1941 3721/1708/1289
f 1289/2679/1289 4167/2701/1941 4166/2700/1941
f 1459/2702/1459 3891/2703/1459 4168/2704/1941
f 7060/2705/1533 4169/2706/1533 1267/2707/1267 2707/2708/1267
f 7059/2709/1533 4170/2710/1533 1533/2711/1533 4171/2712/1533
f 7058/2713/1533 2726/2714/1286 1286/2715/1286 4172/2716/1533
f 7057/2717/1534 4173/2718/1534 1274/2719/1274 2714/2720/1274
f 7056/2721/1534 4174/2722/1534 1534/2723/1534 4175/2724/1534
f 7055/2725/1534 2725/2726/1285 1285/2727/1285 4176/2728/1534
f 7054/2729/1535 4177/2730/1535 1266/2731/1266 2706/2732/1266
f 7053/2733/1535 4178/2734/1535 1535/2735/1535 4179/2736/1535
f 7052/2737/1535 2724/2738/1284 1284/2739/1284 4180/2740/1535
f 7051/2741/1536 4181/2742/1536 1273/2743/1273 2713/2744/1273
f 7050/2745/1536 4182/2746/1536 1536/2747/1536 4183/2748/1536
f 7049/2749/1536 2723/2750/1283 1283/2751/1283 4184/2752/1536
f 7048/2753/1537 4185/2754/1537 1265/2755/1265 2705/2756/1265
f 7047/2757/1537 4186/2758/1537 1537/2759/1537 4187/2760/1537
f 7046/2761/1537 2722/2762/1282 1282/2763/1282 4188/2764/1537
f 7045/2765/1538 4189/2766/1538 1272/2767/1272 2712/2768/1272
f 7044/2769/1538 4190/2770/1538 1538/2771/1538 4191/2772/1538
f 7043/2773/1538 2721/2774/1281 1281/2775/1281 4192/2776/1538
f 7042/2777/1539 4193/2778/1539 1264/2779/1264 2704/2780/1264
f 7041/2781/1539 4194/2782/1539 1539/2783/1539 4195/2784/1539
f 7040/2785/1539 2720/2786/1280 1280/2787/1280 4196/2788/1539
f 7039/2789/1540 4197/2790/1540 1271/2791/1271 2711/2792/1271
f 7038/2793/1540 4198/2794/1540 1540/2795/1540 4199/2796/1540
f 7037/2797/1540 2719/2798/1279 1279/2799/1279 4200/2800/1540
f 7036/2801/1541 4201/2802/1541 1263/2803/1263 2703/2804/1263
f 7035/2805/1541 4202/2806/1541 1541/2807/1541 4203/2808/1541
f 7034/2809/1541 2717/2810/1277 1277/2811/1277 4204/2812/1541
f 7033/2813/1542 4205/2814/1542 1270/2815/1270 2710/2816/1270
f 7032/2817/1542 4206/2818/1542 1542/2819/1542 4207/2820/1542
f 7031/2821/1542 2715/2822/1275 1275/2823/1275 4208/2824/1542
f 7030/2825/1543 4209/2826/1543 1262/2827/1262 2702/2828/1262
f 7029/2829/1543 4210/2830/1543 1543/2831/1543 4211/2832/1543
f 7028/2833/1543 3710/2834/1278 1278/2835/1278 4212/2836/1543
f 7027/2837/1544 4213/2838/1544 1269/2839/1269 2709/2840/1269
f 7026/2841/1544 4214/2842/1544 1544/2843/1544 4215/2844/1544
f 7025/2845/1544 3708/2846/1276 1276/2847/1276 4216/2848/1544
f 7024/2849/1545 4217/2850/1545 1243/2851/1243 2683/2852/1243
f 7023/2853/1545 4218/2854/1545 1545/2855/1545 4219/2856/1545
f 7022/2857/1545 2700/2858/1260 1260/2859/1260 4220/2860/1545
f 7021/2861/1546 4221/2862/1546 1235/2863/1235 2675/2864/1235
f 7020/2865/1546 4222/2866/1546 1546/2867/1546 4223/2868/1546
f 7019/2869/1546 2699/2870/1259 1259/2871/1259 4224/2872/1546
f 7018/2873/1547 4225/2874/1547 1242/2875/1242 2682/2876/1242
f 7017/2877/1547 4226/2878/1547 1547/2879/1547 4227/2880/1547
f 7016/2881/1547 2698/2882/1258 1258/2883/1258 4228/2884/1547
f 7015/2885/1548 4229/2886/1548 1234/2887/1234 2674/2888/1234
f 7014/2889/1548 4230/2890/1548 1548/2891/1548 4231/2892/1548
f 7013/2893/1548 2697/2894/1257 1257/2895/1257 4232/2896/1548
f 7012/2897/1549 4233/2898/1549 1241/2899/1241 2681/2900/1241
f 7011/2901/1549 4234/2902/1549 1549/2903/1549 4235/2904/1549
f 7010/2905/1549 2696/2906/1256 1256/2907/1256 4236/2908/1549
f 7009/2909/1550 4237/2910/1550 1233/2911/1233 2673/2912/1233
f 7008/2913/1550 4238/2914/1550 1550/2915/1550 4239/2916/1550
f 7007/2917/1550 2695/2918/1255 1255/2919/1255 4240/2920/1550
f 7006/2921/1551 4241/2922/1551 1240/2923/1240 2680/2924/1240
f 7005/2925/1551 4242/2926/1551 1551/2927/1551 4243/2928/1551
f 7004/2929/1551 2694/2930/1254 1254/2931/1254 4244/2932/1551
f 7003/2933/1552 4245/2934/1552 1232/2935/1232 2672/2936/1232
f 7002/2937/1552 4246/2938/1552 1552/2939/1552 4247/2940/1552
f 7001/2941/1552 2693/1610/1253 1253/2942/1253 4248/2943/1552
f 7000/2944/1553 4249/2945/1553 1239/2946/1239 2679/2947/1239
f 6999/2948/1553 4250/2949/1553 1553/2950/1553 4251/2951/1553
f 6998/2952/1553 2692/2953/1252 1252/2954/1252 4252/2955/1553
f 1460/2956/1460 4253/2957/1942 3892/2958/1460
f 1460/2956/1460 4254/2959/1942 4253/2957/1942
f 1458/2960/1458 3890/2961/1458 4255/2962/1942
f 1253/2942/1253 4256/2963/1943 3685/1619/1253
f 1253/2942/1253 4257/2964/1943 4256/2963/1943
f 1457/2965/1457 3889/2966/1457 4258/2967/1943
f 6997/2968/1554 4259/2969/1554 1238/2970/1238 2678/2971/1238
f 6996/2972/1554 4260/2973/1554 1554/2974/1554 4261/2975/1554
f 6995/2976/1554 2690/2977/1250 1250/2978/1250 4262/2979/1554
f 6994/2980/1555 4263/2981/1555 1245/2982/1245 2685/2983/1245
f 6993/2984/1555 4264/2985/1555 1555/2986/1555 4265/2987/1555
f 6992/2988/1555 2688/2989/1248 1248/2990/1248 4266/2991/1555
f 6991/2992/1556 4267/2993/1556 1237/2994/1237 2677/2995/1237
f 6990/2996/1556 4268/2997/1556 1556/2998/1556 4269/2999/1556
f 6989/3000/1556 2686/3001/1246 1246/3002/1246 4270/3003/1556
f 6988/3004/1557 4271/3005/1557 1244/3006/1244 2684/3007/1244
f 6987/3008/1557 4272/3009/1557 1557/3010/1557 4273/3011/1557
f 6986/3012/1557 3681/3013/1249 1249/3014/1249 4274/3015/1557
f 6985/3016/1558 4275/3017/1558 1236/3018/1236 2676/3019/1236
f 6984/3020/1558 4276/3021/1558 1558/3022/1558 4277/3023/1558
f 6983/3024/1558 3679/3025/1247 1247/3026/1247 4278/3027/1558
f 6982/3028/1559 4279/3029/1559 1210/3030/1210 2650/3031/1210
f 6981/3032/1559 4280/3033/1559 1559/3034/1559 4281/3035/1559
f 6980/3036/1559 2671/3037/1231 1231/3038/1231 4282/3039/1559
f 1458/3040/1458 4283/3041/1944 3890/3042/1458
f 1458/3040/1458 4284/3043/1944 4283/3041/1944
f 1456/3044/1456 3888/3045/1456 4285/3046/1944
f 1218/3047/1218 4286/3048/1945 2658/1529/1218
f 1218/3047/1218 4287/3049/1945 4286/3048/1945
f 1455/3050/1455 3887/3051/1455 4288/3052/1945
f 6979/3053/1560 4289/3054/1560 1209/3055/1209 2649/3056/1209
f 6978/3057/1560 4290/3058/1560 1560/3059/1560 4291/3060/1560
f 6977/3061/1560 2669/3062/1229 1229/3063/1229 4292/3064/1560
f 6976/3065/1561 4293/3066/1561 1216/3067/1216 2656/3068/1216
f 6975/3069/1561 4294/3070/1561 1561/3071/1561 4295/3072/1561
f 6974/3073/1561 2668/3074/1228 1228/3075/1228 4296/3076/1561
f 6973/3077/1562 4297/3078/1562 1208/3079/1208 2648/3080/1208
f 6972/3081/1562 4298/3082/1562 1562/3083/1562 4299/3084/1562
f 6971/3085/1562 2667/3086/1227 1227/3087/1227 4300/3088/1562
f 6970/3089/1563 4301/3090/1563 1215/3091/1215 2655/3092/1215
f 6969/3093/1563 4302/3094/1563 1563/3095/1563 4303/3096/1563
f 6968/3097/1563 2666/3098/1226 1226/3099/1226 4304/3100/1563
f 6967/3101/1564 4305/3102/1564 1207/3103/1207 2647/3104/1207
f 6966/3105/1564 4306/3106/1564 1564/3107/1564 4307/3108/1564
f 6965/3109/1564 2665/3110/1225 1225/3111/1225 4308/3112/1564
f 6964/3113/1565 4309/3114/1565 1214/3115/1214 2654/3116/1214
f 6963/3117/1565 4310/3118/1565 1565/3119/1565 4311/3120/1565
f 6962/3121/1565 2664/3122/1224 1224/3123/1224 4312/3124/1565
f 6961/3125/1566 4313/3126/1566 1206/3127/1206 2646/3128/1206
f 6960/3129/1566 4314/3130/1566 1566/3131/1566 4315/3132/1566
f 6959/3133/1566 2663/3134/1223 1223/3135/1223 4316/3136/1566
f 6958/3137/1567 4317/3138/1567 1213/3139/1213 2653/3140/1213
f 6957/3141/1567 4318/3142/1567 1567/3143/1567 4319/3144/1567
f 6956/3145/1567 2662/3146/1222 1222/3147/1222 4320/3148/1567
f 6955/3149/1568 4321/3150/1568 1205/3151/1205 2645/3152/1205
f 6954/3153/1568 4322/3154/1568 1568/3155/1568 4323/3156/1568
f 6953/3157/1568 2661/3158/1221 1221/3159/1221 4324/3160/1568
f 6952/3161/1569 4325/3162/1569 1212/3163/1212 2652/3164/1212
f 6951/3165/1569 4326/3166/1569 1569/3167/1569 4327/3168/1569
f 6950/3169/1569 2659/3170/1219 1219/3171/1219 4328/3172/1569
f 6949/3173/1570 4329/3174/1570 1204/3175/1204 2644/3176/1204
f 6948/3177/1570 4330/3178/1570 1570/3179/1570 4331/3180/1570
f 6947/3181/1570 2657/3182/1217 1217/3183/1217 4332/3184/1570
f 6946/3185/1571 4333/3186/1571 1211/3187/1211 2651/3188/1211
f 6945/3189/1571 4334/3190/1571 1571/3191/1571 4335/3192/1571
f 6944/3193/1571 3652/3194/1220 1220/3195/1220 4336/3196/1571
f 6943/3197/1572 4337/3198/1572 1203/3199/1203 2643/3200/1203
f 6942/3201/1572 4338/3202/1572 1572/3203/1572 4339/3204/1572
f 6941/3205/1572 3650/1581/1218 1218/3047/1218 4340/3206/1572
f 6940/3207/1573 4341/3208/1573 1177/3209/1177 2617/3210/1177
f 6939/3211/1573 4342/3212/1573 1573/3213/1573 4343/3214/1573
f 6938/3215/1573 2642/3216/1202 1202/3217/1202 4344/3218/1573
f 6937/3219/1574 4345/3220/1574 1184/3221/1184 2624/3222/1184
f 6936/3223/1574 4346/3224/1574 1574/3225/1574 4347/3226/1574
f 6935/3227/1574 2641/3228/1201 1201/3229/1201 4348/3230/1574
f 6934/3231/1575 4349/3232/1575 1176/3233/1176 2616/3234/1176
f 6933/3235/1575 4350/3236/1575 1575/3237/1575 4351/3238/1575
f 6932/3239/1575 2640/3240/1200 1200/3241/1200 4352/3242/1575
f 6931/3243/1576 4353/3244/1576 1183/3245/1183 2623/3246/1183
f 6930/3247/1576 4354/3248/1576 1576/3249/1576 4355/3250/1576
f 6929/3251/1576 2639/3252/1199 1199/3253/1199 4356/3254/1576
f 6928/3255/1577 4357/3256/1577 1175/3257/1175 2615/3258/1175
f 6927/3259/1577 4358/3260/1577 1577/3261/1577 4359/3262/1577
f 6926/3263/1577 2638/3264/1198 1198/3265/1198 4360/3266/1577
f 6925/3267/1578 4361/3268/1578 1182/3269/1182 2622/3270/1182
f 6924/3271/1578 4362/3272/1578 1578/3273/1578 4363/3274/1578
f 6923/3275/1578 2637/3276/1197 1197/3277/1197 4364/3278/1578
f 6922/3279/1579 4365/3280/1579 1174/3281/1174 2614/3282/1174
f 6921/3283/1579 4366/3284/1579 1579/3285/1579 4367/3286/1579
f 6920/3287/1579 2636/1492/1196 1196/3288/1196 4368/3289/1579
f 6919/3290/1946 4369/3291/1946 1181/3292/1181 2621/3293/1181
f 6918/3294/1580 4370/3295/1580 1580/3296/1580 4371/3297/1580
f 6917/3298/1580 2635/3299/1195 1195/3300/1195 4372/3301/1580
f 1456/3302/1456 4373/3303/1947 3888/3304/1456
f 1456/3302/1456 4374/3305/1947 4373/3303/1947
f 1454/3306/1454 3886/3307/1454 4375/3308/1947
f 1196/3288/1196 4376/3309/1948 3628/1501/1196
f 1196/3288/1196 4377/3310/1948 4376/3309/1948
f 1453/3311/1453 3885/3312/1453 4378/3313/1948
f 6916/3314/1581 4379/3315/1949 1180/3316/1180 2620/3317/1180
f 6915/3318/1581 4380/3319/1581 1581/3320/1581 4381/3321/1581
f 6914/3322/1581 2633/3323/1193 1193/3324/1193 4382/3325/1581
f 6913/3326/1582 4383/3327/1582 1187/3328/1187 2627/3329/1187
f 6912/3330/1582 4384/3331/1582 1582/3332/1582 4385/3333/1582
f 6911/3334/1582 2632/3335/1192 1192/3336/1192 4386/3337/1582
f 6910/3338/1583 4387/3339/1583 1179/3340/1179 2619/3341/1179
f 6909/3342/1583 4388/3343/1583 1583/3344/1583 4389/3345/1583
f 6908/3346/1583 2630/3347/1190 1190/3348/1190 4390/3349/1583
f 6907/3350/1584 4391/3351/1584 1186/3352/1186 2626/3353/1186
f 6906/3354/1584 4392/3355/1584 1584/3356/1584 4393/3357/1584
f 6905/3358/1584 2628/3359/1188 1188/3360/1188 4394/3361/1584
f 6904/3362/1585 4395/3363/1585 1178/3364/1178 2618/3365/1178
f 6903/3366/1585 4396/3367/1585 1585/3368/1585 4397/3369/1585
f 6902/3370/1585 3623/3371/1191 1191/3372/1191 4398/3373/1585
f 6901/3374/1586 4399/3375/1586 1185/3376/1185 2625/3377/1185
f 6900/3378/1586 4400/3379/1586 1586/3380/1586 4401/3381/1586
f 6899/3382/1586 3621/3383/1189 1189/3384/1189 4402/3385/1586
f 1454/3386/1454 4403/3387/1950 3886/3388/1454
f 1454/3386/1454 4404/3389/1950 4403/3387/1950
f 1452/3390/1452 3884/3391/1452 4405/3392/1950
f 1162/3393/1162 4406/3394/1951 2602/1410/1162
f 1162/3393/1162 4407/3395/1951 4406/3394/1951
f 1451/3396/1451 3883/3397/1451 4408/3398/1951
f 6898/3399/1587 4409/3400/1587 1151/3401/1151 2591/3402/1151
f 6897/3403/1587 4410/3404/1587 1587/3405/1587 4411/3406/1587
f 6896/3407/1587 2612/3408/1172 1172/3409/1172 4412/3410/1587
f 6895/3411/1588 4413/3412/1588 1158/3413/1158 2598/3414/1158
f 6894/3415/1588 4414/3416/1588 1588/3417/1588 4415/3418/1588
f 6893/3419/1588 2611/3420/1171 1171/3421/1171 4416/3422/1588
f 6892/3423/1589 4417/3424/1589 1150/3425/1150 2590/3426/1150
f 6891/3427/1589 4418/3428/1589 1589/3429/1589 4419/3430/1589
f 6890/3431/1589 2610/3432/1170 1170/3433/1170 4420/3434/1589
f 6889/3435/1590 4421/3436/1590 1157/3437/1157 2597/3438/1157
f 6888/3439/1590 4422/3440/1590 1590/3441/1590 4423/3442/1590
f 6887/3443/1590 2609/3444/1169 1169/3445/1169 4424/3446/1590
f 6886/3447/1591 4425/3448/1591 1149/3449/1149 2589/3450/1149
f 6885/3451/1591 4426/3452/1591 1591/3453/1591 4427/3454/1591
f 6884/3455/1591 2608/3456/1168 1168/3457/1168 4428/3458/1591
f 6883/3459/1592 4429/3460/1592 1156/3461/1156 2596/3462/1156
f 6882/3463/1592 4430/3464/1592 1592/3465/1592 4431/3466/1592
f 6881/3467/1592 2607/3468/1167 1167/3469/1167 4432/3470/1592
f 6880/3471/1593 4433/3472/1593 1148/3473/1148 2588/3474/1148
f 6879/3475/1593 4434/3476/1593 1593/3477/1593 4435/3478/1593
f 6878/3479/1593 2606/3480/1166 1166/3481/1166 4436/3482/1593
f 6877/3483/1594 4437/3484/1594 1155/3485/1155 2595/3486/1155
f 6876/3487/1594 4438/3488/1594 1594/3489/1594 4439/3490/1594
f 6875/3491/1594 2605/3492/1165 1165/3493/1165 4440/3494/1594
f 6874/3495/1595 4441/3496/1595 1147/3497/1147 2587/3498/1147
f 6873/3499/1595 4442/3500/1595 1595/3501/1595 4443/3502/1595
f 6872/3503/1595 2604/3504/1164 1164/3505/1164 4444/3506/1595
f 6871/3507/1596 4445/3508/1596 1154/3509/1154 2594/3510/1154
f 6870/3511/1596 4446/3512/1596 1596/3513/1596 4447/3514/1596
f 6869/3515/1596 2603/3516/1163 1163/3517/1163 4448/3518/1596
f 6868/3519/1597 4449/3520/1597 1146/3521/1146 2586/3522/1146
f 6867/3523/1597 4450/3524/1597 1597/3525/1597 4451/3526/1597
f 6866/3527/1597 2601/3528/1161 1161/3529/1161 4452/3530/1597
f 6865/3531/1598 4453/3532/1598 1153/3533/1153 2593/3534/1153
f 6864/3535/1598 4454/3536/1598 1598/3537/1598 4455/3538/1598
f 6863/3539/1598 2599/3540/1159 1159/3541/1159 4456/3542/1598
f 6862/3543/1599 4457/3544/1599 1145/3545/1145 2585/3546/1145
f 6861/3547/1599 4458/3548/1599 1599/3549/1599 4459/3550/1599
f 6860/3551/1599 3594/1462/1162 1162/3393/1162 4460/3552/1599
f 6859/3553/1600 4461/3554/1600 1152/3555/1152 2592/3556/1152
f 6858/3557/1600 4462/3558/1600 1600/3559/1600 4463/3560/1600
f 6857/3561/1600 3592/3562/1160 1160/3563/1160 4464/3564/1600
f 6856/3565/1601 4465/3566/1601 1126/3567/1126 2566/3568/1126
f 6855/3569/1601 4466/3570/1601 1601/3571/1601 4467/3572/1601
f 6854/3573/1601 2584/3574/1144 1144/3575/1144 4468/3576/1601
f 6853/3577/1602 4469/3578/1602 1118/3579/1118 2558/3580/1118
f 6852/3581/1602 4470/3582/1602 1602/3583/1602 4471/3584/1602
f 6851/3585/1602 2583/3586/1143 1143/3587/1143 4472/3588/1602
f 6850/3589/1603 4473/3590/1603 1125/3591/1125 2565/3592/1125
f 6849/3593/1603 4474/3594/1603 1603/3595/1603 4475/3596/1603
f 6848/3597/1603 2582/3598/1142 1142/3599/1142 4476/3600/1603
f 6847/3601/1604 4477/3602/1604 1117/3603/1117 2557/3604/1117
f 6846/3605/1604 4478/3606/1604 1604/3607/1604 4479/3608/1604
f 6845/3609/1604 2581/3610/1141 1141/3611/1141 4480/3612/1604
f 6844/3613/1605 4481/3614/1605 1124/3615/1124 2564/3616/1124
f 6843/3617/1605 4482/3618/1605 1605/3619/1605 4483/3620/1605
f 6842/3621/1605 2580/3622/1140 1140/3623/1140 4484/3624/1605
f 6841/3625/1606 4485/3626/1606 1116/3627/1116 2556/3628/1116
f 6840/3629/1606 4486/3630/1606 1606/3631/1606 4487/3632/1606
f 6839/3633/1606 2579/1373/1139 1139/3634/1139 4488/3635/1606
f 6838/3636/1607 4489/3637/1607 1123/3638/1123 2563/3639/1123
f 6837/3640/1607 4490/3641/1607 1607/3642/1607 4491/3643/1607
f 6836/3644/1607 2578/3645/1138 1138/3646/1138 4492/3647/1607
f 1452/3648/1452 4493/3649/1952 3884/3650/1452
f 1452/3648/1452 4494/3651/1952 4493/3649/1952
f 1450/3652/1450 3882/3653/1450 4495/3654/1952
f 1139/3634/1139 4496/3655/1953 3571/1382/1139
f 1139/3634/1139 4497/3656/1953 4496/3655/1953
f 1449/3657/1449 3881/3658/1449 4498/3659/1953
f 6835/3660/1608 4499/3661/1608 1122/3662/1122 2562/3663/1122
f 6834/3664/1608 4500/3665/1608 1608/3666/1608 4501/3667/1608
f 6833/3668/1608 2576/3669/1136 1136/3670/1136 4502/3671/1608
f 6832/3672/1609 4503/3673/1609 1129/3674/1129 2569/3675/1129
f 6831/3676/1609 4504/3677/1609 1609/3678/1609 4505/3679/1609
f 6830/3680/1609 2575/3681/1135 1135/3682/1135 4506/3683/1609
f 6829/3684/1610 4507/3685/1610 1121/3686/1121 2561/3687/1121
f 6828/3688/1610 4508/3689/1610 1610/3690/1610 4509/3691/1610
f 6827/3692/1610 2574/3693/1134 1134/3694/1134 4510/3695/1610
f 6826/3696/1611 4511/3697/1611 1128/3698/1128 2568/3699/1128
f 6825/3700/1611 4512/3701/1611 1611/3702/1611 4513/3703/1611
f 6824/3704/1611 2572/3705/1132 1132/3706/1132 4514/3707/1611
f 6823/3708/1612 4515/3709/1612 1120/3710/1120 2560/3711/1120
f 6822/3712/1612 4516/3713/1612 1612/3714/1612 4517/3715/1612
f 6821/3716/1612 2570/3717/1130 1130/3718/1130 4518/3719/1612
f 6820/3720/1613 4519/3721/1613 1127/3722/1127 2567/3723/1127
f 6819/3724/1613 4520/3725/1613 1613/3726/1613 4521/3727/1613
f 6818/3728/1613 3565/3729/1133 1133/3730/1133 4522/3731/1613
f 6817/3732/1614 4523/3733/1614 1119/3734/1119 2559/3735/1119
f 6816/3736/1614 4524/3737/1614 1614/3738/1614 4525/3739/1614
f 6815/3740/1614 3563/3741/1131 1131/3742/1131 4526/3743/1614
f 6814/3744/1615 4527/3745/1615 1093/3746/1093 2533/3747/1093
f 6813/3748/1615 4528/3749/1615 1615/3750/1615 4529/3751/1615
f 6812/3752/1615 2555/3753/1115 1115/3754/1115 4530/3755/1615
f 6811/3756/1616 4531/3757/1616 1100/3758/1100 2540/3759/1100
f 6810/3760/1616 4532/3761/1616 1616/3762/1616 4533/3763/1616
f 6809/3764/1616 2554/3765/1114 1114/3766/1114 4534/3767/1616
f 6808/3768/1617 4535/3769/1617 1092/3770/1092 2532/3771/1092
f 6807/3772/1617 4536/3773/1617 1617/3774/1617 4537/3775/1617
f 6806/3776/1617 2553/3777/1113 1113/3778/1113 4538/3779/1617
f 6805/3780/1618 4539/3781/1618 1099/3782/1099 2539/3783/1099
f 6804/3784/1618 4540/3785/1618 1618/3786/1618 4541/3787/1618
f 6803/3788/1618 2552/3789/1112 1112/3790/1112 4542/3791/1618
f 6802/3792/1619 4543/3793/1619 1091/3794/1091 2531/3795/1091
f 6801/3796/1619 4544/3797/1619 1619/3798/1619 4545/3799/1619
f 6800/3800/1619 2551/3801/1111 1111/3802/1111 4546/3803/1619
f 6799/3804/1620 4547/3805/1620 1098/3806/1098 2538/3807/1098
f 6798/3808/1620 4548/3809/1620 1620/3810/1620 4549/3811/1620
f 6797/3812/1620 2550/3813/1110 1110/3814/1110 4550/3815/1620
f 6796/3816/1621 4551/3817/1621 1090/3818/1090 2530/3819/1090
f 6795/3820/1621 4552/3821/1621 1621/3822/1621 4553/3823/1621
f 6794/3824/1621 2549/3825/1109 1109/3826/1109 4554/3827/1621
f 6793/3828/1622 4555/3829/1622 1097/3830/1097 2537/3831/1097
f 6792/3832/1622 4556/3833/1622 1622/3834/1622 4557/3835/1622
f 6791/3836/1622 2548/3837/1108 1108/3838/1108 4558/3839/1622
f 6790/3840/1623 4559/3841/1623 1089/3842/1089 2529/3843/1089
f 6789/3844/1623 4560/3845/1623 1623/3846/1623 4561/3847/1623
f 6788/3848/1623 2547/3849/1107 1107/3850/1107 4562/3851/1623
f 6787/3852/1624 4563/3853/1624 1096/3854/1096 2536/3855/1096
f 6786/3856/1624 4564/3857/1624 1624/3858/1624 4565/3859/1624
f 6785/3860/1624 2546/3861/1106 1106/3862/1106 4566/3863/1624
f 6784/3864/1625 4567/3865/1625 1088/3866/1088 2528/3867/1088
f 6783/3868/1954 4568/3869/1954 1625/3870/1625 4569/3871/1625
f 6782/3872/1625 2545/3873/1105 1105/3874/1105 4570/3875/1625
f 6781/3876/1626 4571/3877/1626 1095/3878/1095 2535/3879/1095
f 6780/3880/1626 4572/3881/1626 1626/3882/1626 4573/3883/1626
f 6779/3884/1626 2543/3885/1103 1103/3886/1103 4574/3887/1626
f 6778/3888/1627 4575/3889/1627 1087/3890/1087 2527/3891/1087
f 6777/3892/1627 4576/3893/1627 1627/3894/1627 4577/3895/1627
f 6776/3896/1627 2541/1284/1101 1101/3897/1101 4578/3898/1627
f 6775/3899/1628 4579/3900/1628 1094/3901/1094 2534/3902/1094
f 6774/3903/1628 4580/3904/1628 1628/3905/1628 4581/3906/1628
f 6773/3907/1628 3536/3908/1104 1104/3909/1104 4582/3910/1628
f 1450/3911/1450 4583/3912/1955 3882/3913/1450
f 1450/3911/1450 4584/3914/1955 4583/3912/1955
f 1448/3915/1448 3880/3916/1448 4585/3917/1955
f 1101/3897/1101 4586/3918/1956 3533/1293/1101
f 1101/3897/1101 4587/3919/1956 4586/3918/1956
f 1447/3920/1447 3879/3921/1447 4588/3922/1956
f 6772/3923/1629 4589/3924/1629 1060/3925/1060 2500/3926/1060
f 6771/3927/1629 4590/3928/1629 1629/3929/1629 4591/3930/1629
f 6770/3931/1629 2526/3932/1086 1086/3933/1086 4592/3934/1629
f 6769/3935/1630 4593/3936/1630 1067/3937/1067 2507/3938/1067
f 6768/3939/1630 4594/3940/1630 1630/3941/1630 4595/3942/1630
f 6767/3943/1630 2525/3944/1085 1085/3945/1085 4596/3946/1630
f 6766/3947/1631 4597/3948/1631 1059/3949/1059 2499/3950/1059
f 6765/3951/1631 4598/3952/1631 1631/3953/1631 4599/3954/1631
f 6764/3955/1631 2524/3956/1084 1084/3957/1084 4600/3958/1631
f 6763/3959/1632 4601/3960/1632 1066/3961/1066 2506/3962/1066
f 6762/3963/1632 4602/3964/1632 1632/3965/1632 4603/3966/1632
f 6761/3967/1632 2523/3968/1083 1083/3969/1083 4604/3970/1632
f 6760/3971/1633 4605/3972/1633 1058/3973/1058 2498/3974/1058
f 6759/3975/1633 4606/3976/1633 1633/3977/1633 4607/3978/1633
f 6758/3979/1633 2522/1255/1082 1082/3980/1082 4608/3981/1633
f 6757/3982/1634 4609/3983/1634 1065/3984/1065 2505/3985/1065
f 6756/3986/1634 4610/3987/1634 1634/3988/1634 4611/3989/1634
f 6755/3990/1634 2521/3991/1081 1081/3992/1081 4612/3993/1634
f 1448/3994/1448 4613/3995/1957 3880/3996/1448
f 1448/3994/1448 4614/3997/1957 4613/3995/1957
f 1042/3998/1042 3474/3999/1042 4615/4000/1957
f 1082/3980/1082 4616/4001/1958 3514/1264/1082
f 1082/3980/1082 4617/4002/1958 4616/4001/1958
f 1446/4003/1446 3878/4004/1446 4618/4005/1958
f 6754/4006/1635 4619/4007/1635 1064/4008/1064 2504/4009/1064
f 6753/4010/1635 4620/4011/1635 1635/4012/1635 4621/4013/1635
f 6752/4014/1635 2519/4015/1079 1079/4016/1079 4622/4017/1635
f 6751/4018/1636 4623/4019/1636 1071/4020/1071 2511/4021/1071
f 6750/4022/1636 4624/4023/1636 1636/4024/1636 4625/4025/1636
f 6749/4026/1636 2518/4027/1078 1078/4028/1078 4626/4029/1636
f 6748/4030/1637 4627/4031/1637 1063/4032/1063 2503/4033/1063
f 6747/4034/1637 4628/4035/1637 1637/4036/1637 4629/4037/1637
f 6746/4038/1637 2517/4039/1077 1077/4040/1077 4630/4041/1637
f 6745/4042/1638 4631/4043/1638 1070/4044/1070 2510/4045/1070
f 6744/4046/1638 4632/4047/1638 1638/4048/1638 4633/4049/1638
f 6743/4050/1638 2516/4051/1076 1076/4052/1076 4634/4053/1638
f 6742/4054/1639 4635/4055/1639 1062/4056/1062 2502/4057/1062
f 6741/4058/1639 4636/4059/1639 1639/4060/1639 4637/4061/1639
f 6740/4062/1639 2514/4063/1074 1074/4064/1074 4638/4065/1639
f 6739/4066/1640 4639/4067/1640 1069/4068/1069 2509/4069/1069
f 6738/4070/1640 4640/4071/1640 1640/4072/1640 4641/4073/1640
f 6737/4074/1640 2512/4075/1072 1072/4076/1072 4642/4077/1640
f 6736/4078/1641 4643/4079/1641 1061/4080/1061 2501/4081/1061
f 6735/4082/1641 4644/4083/1641 1641/4084/1641 4645/4085/1641
f 6734/4086/1641 3507/4087/1075 1075/4088/1075 4646/4089/1641
f 6733/4090/1642 4647/4091/1642 1068/4092/1068 2508/4093/1068
f 6732/4094/1642 4648/4095/1642 1642/4096/1642 4649/4097/1642
f 6731/4098/1642 3505/4099/1073 1073/4100/1073 4650/4101/1642
f 6730/4102/1643 4651/4103/1643 1033/4104/1033 2473/4105/1033
f 6729/4106/1643 4652/4107/1643 1643/4108/1643 4653/4109/1643
f 6728/4110/1643 2497/4111/1057 1057/4112/1057 4654/4113/1643
f 6727/4114/1644 4655/4115/1644 1040/4116/1040 2480/4117/1040
f 6726/4118/1644 4656/4119/1644 1644/4120/1644 4657/4121/1644
f 6725/4122/1644 2496/4123/1056 1056/4124/1056 4658/4125/1644
f 6724/4126/1645 4659/4127/1645 1032/4128/1032 2472/4129/1032
f 6723/4130/1645 4660/4131/1645 1645/4132/1645 4661/4133/1645
f 6722/4134/1645 2495/4135/1055 1055/4136/1055 4662/4137/1645
f 6721/4138/1646 4663/4139/1646 1039/4140/1039 2479/4141/1039
f 6720/4142/1646 4664/4143/1646 1646/4144/1646 4665/4145/1646
f 6719/4146/1646 2494/4147/1054 1054/4148/1054 4666/4149/1646
f 6718/4150/1647 4667/4151/1647 1031/4152/1031 2471/4153/1031
f 6717/4154/1647 4668/4155/1647 1647/4156/1647 4669/4157/1647
f 6716/4158/1647 2493/4159/1053 1053/4160/1053 4670/4161/1647
f 6715/4162/1648 4671/4163/1648 1038/4164/1038 2478/4165/1038
f 6714/4166/1648 4672/4167/1648 1648/4168/1648 4673/4169/1648
f 6713/4170/1648 2492/4171/1052 1052/4172/1052 4674/4173/1648
f 6712/4174/1649 4675/4175/1649 1030/4176/1030 2470/4177/1030
f 6711/4178/1649 4676/4179/1649 1649/4180/1649 4677/4181/1649
f 6710/4182/1649 2491/4183/1051 1051/4184/1051 4678/4185/1649
f 6709/4186/1650 4679/4187/1650 1037/4188/1037 2477/4189/1037
f 6708/4190/1650 4680/4191/1650 1650/4192/1650 4681/4193/1650
f 6707/4194/1650 2490/4195/1050 1050/4196/1050 4682/4197/1650
f 6706/4198/1651 4683/4199/1651 1029/4200/1029 2469/4201/1029
f 6705/4202/1651 4684/4203/1651 1651/4204/1651 4685/4205/1651
f 6704/4206/1651 2489/4207/1049 1049/4208/1049 4686/4209/1651
f 6703/4210/1652 4687/4211/1652 1036/4212/1036 2476/4213/1036
f 6702/4214/1652 4688/4215/1652 1652/4216/1652 4689/4217/1652
f 6701/4218/1652 2488/4219/1048 1048/4220/1048 4690/4221/1652
f 6700/4222/1653 4691/4223/1653 1028/4224/1028 2468/4225/1028
f 6699/4226/1653 4692/4227/1653 1653/4228/1653 4693/4229/1653
f 6698/4230/1653 2487/1170/1047 1047/4231/1047 4694/4232/1653
f 6697/4233/1654 4695/4234/1654 1035/4235/1035 2475/4236/1035
f 6696/4237/1654 4696/4238/1654 1654/4239/1654 4697/4240/1654
f 6695/4241/1654 2485/4242/1045 1045/4243/1045 4698/4244/1654
f 1042/4245/1042 4699/4246/1959 3474/4247/1042
f 1042/4245/1042 4700/4248/1959 4699/4246/1959
f 1445/4249/1445 3877/4250/1445 4701/4251/1959
f 1047/4231/1047 4702/4252/1960 3479/1179/1047
f 1047/4231/1047 4703/4253/1960 4702/4252/1960
f 1444/4254/1444 3876/4255/1444 4704/4256/1960
f 6694/4257/1655 4705/4258/1655 1034/4259/1034 2474/4260/1034
f 6693/4261/1655 4706/4262/1655 1655/4263/1655 4707/4264/1655
f 6692/4265/1655 3478/4266/1046 1046/4267/1046 4708/4268/1655
f 6691/4269/1656 4709/4270/1656 1041/4271/1041 2481/4272/1041
f 6690/4273/1656 4710/4274/1656 1656/4275/1656 4711/4276/1656
f 6689/4277/1656 3476/4278/1044 1044/4279/1044 4712/4280/1656
f 6688/4281/1657 4713/4282/1657 1000/4283/1000 2440/4284/1000
f 6687/4285/1657 4714/4286/1657 1657/4287/1657 4715/4288/1657
f 6686/4289/1657 2467/4290/1027 1027/4291/1027 4716/4292/1961
f 6685/4293/1658 4717/4294/1658 1007/4295/1007 2447/4296/1007
f 6684/4297/1658 4718/4298/1658 1658/4299/1658 4719/4300/1658
f 6683/4301/1658 2466/4302/1026 1026/4303/1026 4720/4304/1658
f 6682/4305/1659 4721/4306/1659 999/4307/999 2439/4308/999
f 6681/4309/1659 4722/4310/1659 1659/4311/1659 4723/4312/1659
f 6680/4313/1659 2465/1141/1025 1025/4314/1025 4724/4315/1659
f 6679/4316/1660 4725/4317/1660 1006/4318/1006 2446/4319/1006
f 6678/4320/1660 4726/4321/1660 1660/4322/1660 4727/4323/1660
f 6677/4324/1660 2464/4325/1024 1024/4326/1024 4728/4327/1660
f 1445/4328/1445 4729/4329/1962 3877/4330/1445
f 1445/4328/1445 4730/4331/1962 4729/4329/1962
f 1443/4332/1443 3875/4333/1443 4731/4334/1962
f 1025/4314/1025 4732/4335/1963 3457/1150/1025
f 1025/4314/1025 4733/4336/1963 4732/4335/1963
f 1442/4337/1442 3874/4338/1442 4734/4339/1963
f 6676/4340/1661 4735/4341/1661 1005/4342/1005 2445/4343/1005
f 6675/4344/1661 4736/4345/1661 1661/4346/1661 4737/4347/1661
f 6674/4348/1661 2462/4349/1022 1022/4350/1022 4738/4351/1661
f 6673/4352/1662 4739/4353/1662 1012/4354/1012 2452/4355/1012
f 6672/4356/1662 4740/4357/1662 1662/4358/1662 4741/4359/1662
f 6671/4360/1662 2461/4361/1021 1021/4362/1021 4742/4363/1662
f 6670/4364/1663 4743/4365/1663 1004/4366/1004 2444/4367/1004
f 6669/4368/1663 4744/4369/1663 1663/4370/1663 4745/4371/1663
f 6668/4372/1663 2460/4373/1020 1020/4374/1020 4746/4375/1663
f 6667/4376/2024 4747/4377/1664 1011/4378/1011 2451/4379/1011
f 6666/4380/2024 4748/4381/1664 1664/4382/1664 4749/4383/1664
f 6665/4384/1664 2459/4385/1019 1019/4386/1019 4750/4387/1664
f 6664/4388/1665 4751/4389/1665 1003/4390/1003 2443/4391/1003
f 6663/4392/1665 4752/4393/1665 1665/4394/1665 4753/4395/1665
f 6662/4396/1665 2458/4397/1018 1018/4398/1018 4754/4399/1665
f 6661/4400/1666 4755/4401/1666 1010/4402/1010 2450/4403/1010
f 6660/4404/1666 4756/4405/1666 1666/4406/1666 4757/4407/1666
f 6659/4408/1666 2457/4409/1017 1017/4410/1017 4758/4411/1666
f 6658/4412/1667 4759/4413/1667 1002/4414/1002 2442/4415/1002
f 6657/4416/1667 4760/4417/1667 1667/4418/1667 4761/4419/1667
f 6656/4420/1667 2455/4421/1015 1015/4422/1015 4762/4423/1667
f 6655/4424/1668 4763/4425/1668 1009/4426/1009 2449/4427/1009
f 6654/4428/1668 4764/4429/1668 1668/4430/1668 4765/4431/1668
f 6653/4432/1668 2453/4433/1013 1013/4434/1013 4766/4435/1668
f 6652/4436/1669 4767/4437/1669 1001/4438/1001 2441/4439/1001
f 6651/4440/1669 4768/4441/1669 1669/4442/1669 4769/4443/1669
f 6650/4444/1669 3448/4445/1016 1016/4446/1016 4770/4447/1669
f 6649/4448/1670 4771/4449/1670 1008/4450/1008 2448/4451/1008
f 6648/4452/1670 4772/4453/1670 1670/4454/1670 4773/4455/1670
f 6647/4456/1670 3446/4457/1014 1014/4458/1014 4774/4459/1670
f 6646/4460/1671 4775/4461/1671 982/4462/982 2422/4463/982
f 6645/4464/1671 4776/4465/1671 1671/4466/1671 4777/4467/1671
f 6644/4468/1671 2438/4469/998 998/4470/998 4778/4471/1671
f 6643/4472/1672 4779/4473/1672 974/4474/974 2414/4475/974
f 6642/4476/1672 4780/4477/1672 1672/4478/1672 4781/4479/1672
f 6641/4480/1672 2437/4481/997 997/4482/997 4782/4483/1672
f 6640/4484/1673 4783/4485/1673 981/4486/981 2421/4487/981
f 6639/4488/1673 4784/4489/1673 1673/4490/1673 4785/4491/1673
f 6638/4492/1673 2436/4493/996 996/4494/996 4786/4495/1673
f 6637/4496/1674 4787/4497/1674 973/4498/973 2413/4499/973
f 6636/4500/1674 4788/4501/1674 1674/4502/1674 4789/4503/1674
f 6635/4504/1674 2435/4505/995 995/4506/995 4790/4507/1674
f 6634/4508/1675 4791/4509/1675 980/4510/980 2420/4511/980
f 6633/4512/1675 4792/4513/1675 1675/4514/1675 4793/4515/1675
f 6632/4516/1675 2434/4517/994 994/4518/994 4794/4519/1675
f 6631/4520/1676 4795/4521/1676 972/4522/972 2412/4523/972
f 6630/4524/1676 4796/4525/1676 1676/4526/1676 4797/4527/1676
f 6629/4528/1676 2433/4529/993 993/4530/993 4798/4531/1676
f 6628/4532/1677 4799/4533/1677 979/4534/979 2419/4535/979
f 6627/4536/1677 4800/4537/1677 1677/4538/1677 4801/4539/1677
f 6626/4540/1677 2432/4541/992 992/4542/992 4802/4543/1677
f 6625/4544/1678 4803/4545/1678 971/4546/971 2411/4547/971
f 6624/4548/1678 4804/4549/1678 1678/4550/1678 4805/4551/1678
f 6623/4552/1678 2431/4553/991 991/4554/991 4806/4555/1678
f 6622/4556/1679 4807/4557/1679 978/4558/978 2418/4559/978
f 6621/4560/1679 4808/4561/1679 1679/4562/1679 4809/4563/1679
f 6620/4564/1679 2430/4565/990 990/4566/990 4810/4567/1679
f 6619/4568/1680 4811/4569/1680 970/4570/970 2410/4571/970
f 6618/4572/1680 4812/4573/1680 1680/4574/1680 4813/4575/1680
f 6617/4576/1680 2429/1052/989 989/4577/989 4814/4578/1680
f 6616/4579/1681 4815/4580/1681 977/4581/977 2417/4582/977
f 6615/4583/1681 4816/4584/1681 1681/4585/1681 4817/4586/1681
f 6614/4587/1681 2428/4588/988 988/4589/988 4818/4590/1681
f 1443/4591/1443 4819/4592/1964 3875/4593/1443
f 1443/4591/1443 4820/4594/1964 4819/4592/1964
f 1441/4595/1441 3873/4596/1441 4821/4597/1964
f 989/4577/989 4822/4598/1965 3421/1061/989
f 989/4577/989 4823/4599/1965 4822/4598/1965
f 1440/4600/1440 3872/4601/1440 4824/4602/1965
f 6613/4603/1682 4825/4604/1682 976/4605/976 2416/4606/976
f 6612/4607/1682 4826/4608/1682 1682/4609/1682 4827/4610/1682
f 6611/4611/1682 2424/4612/984 984/4613/984 4828/4614/1682
f 6610/4615/1683 4829/4616/1683 983/4617/983 2423/4618/983
f 6609/4619/1683 4830/4620/1683 1683/4621/1683 4831/4622/1683
f 6608/4623/1683 3419/4624/987 987/4625/987 4832/4626/1683
f 6607/4627/1684 4833/4628/1684 975/4629/975 2415/4630/975
f 6606/4631/1684 4834/4632/1684 1684/4633/1684 4835/4634/1684
f 6605/4635/1684 3417/4636/985 985/4637/985 4836/4638/1684
f 6604/4639/1685 4837/4640/1685 949/4641/949 2389/4642/949
f 6603/4643/1685 4838/4644/1685 1685/4645/1685 4839/4646/1685
f 6602/4647/1685 2409/4648/969 969/4649/969 4840/4650/1685
f 6601/4651/1686 4841/4652/1686 941/4653/941 2381/4654/941
f 6600/4655/1686 4842/4656/1686 1686/4657/1686 4843/4658/1686
f 6599/4659/1686 2408/1023/968 968/4660/968 4844/4661/1686
f 6598/4662/1687 4845/4663/1687 948/4664/948 2388/4665/948
f 6597/4666/1687 4846/4667/1966 1687/4668/1687 4847/4669/1687
f 6596/4670/1966 2407/4671/967 967/4672/967 4848/4673/1687
f 1441/4674/1441 4849/4675/1967 3873/4676/1441
f 1441/4674/1441 4850/4677/1967 4849/4675/1967
f 1439/4678/1439 3871/4679/1439 4851/4680/1967
f 968/4660/968 4852/4681/1968 3400/1032/968
f 968/4660/968 4853/4682/1969 4852/4681/1968
f 1438/4683/1438 3870/4684/1438 4854/4685/1969
f 6595/4686/1970 4855/4687/1688 947/4688/947 2387/4689/947
f 6594/4690/1970 4856/4691/1970 1688/4692/1688 4857/4693/1688
f 6593/4694/1688 2405/4695/965 965/4696/965 4858/4697/1688
f 6592/4698/1689 4859/4699/1689 954/4700/954 2394/4701/954
f 6591/4702/1689 4860/4703/1689 1689/4704/1689 4861/4705/1689
f 6590/4706/1689 2404/4707/964 964/4708/964 4862/4709/1689
f 6589/4710/1690 4863/4711/1690 946/4712/946 2386/4713/946
f 6588/4714/1690 4864/4715/1690 1690/4716/1690 4865/4717/1690
f 6587/4718/1690 2403/4719/963 963/4720/963 4866/4721/1690
f 6586/4722/1691 4867/4723/1691 953/4724/953 2393/4725/953
f 6585/4726/1691 4868/4727/1691 1691/4728/1691 4869/4729/1691
f 6584/4730/1691 2402/4731/962 962/4732/962 4870/4733/1691
f 6583/4734/1692 4871/4735/1692 945/4736/945 2385/4737/945
f 6582/4738/1692 4872/4739/1692 1692/4740/1692 4873/4741/1692
f 6581/4742/1692 2401/4743/961 961/4744/961 4874/4745/1692
f 6580/4746/1693 4875/4747/1693 952/4748/952 2392/4749/952
f 6579/4750/1693 4876/4751/1693 1693/4752/1693 4877/4753/1693
f 6578/4754/1693 2400/4755/960 960/4756/960 4878/4757/1693
f 6577/4758/1694 4879/4759/1694 944/4760/944 2384/4761/944
f 6576/4762/1694 4880/4763/1694 1694/4764/1694 4881/4765/1694
f 6575/4766/1694 2399/4767/959 959/4768/959 4882/4769/1694
f 6574/4770/1695 4883/4771/1695 951/4772/951 2391/4773/951
f 6573/4774/1695 4884/4775/1695 1695/4776/1695 4885/4777/1695
f 6572/4778/1695 2397/4779/957 957/4780/957 4886/4781/1695
f 6571/4782/1696 4887/4783/1696 943/4784/943 2383/4785/943
f 6570/4786/1696 4888/4787/1696 1696/4788/1696 4889/4789/1696
f 6569/4790/1696 2395/4791/955 955/4792/955 4890/4793/1696
f 6568/4794/1697 4891/4795/1697 950/4796/950 2390/4797/950
f 6567/4798/1697 4892/4799/1697 1697/4800/1697 4893/4801/1697
f 6566/4802/1697 3390/4803/958 958/4804/958 4894/4805/1697
f 6565/4806/1698 4895/4807/1698 942/4808/942 2382/4809/942
f 6564/4810/1698 4896/4811/1698 1698/4812/1698 4897/4813/1698
f 6563/4814/1698 3388/4815/956 956/4816/956 4898/4817/1698
f 6562/4818/1699 4899/4819/1699 916/4820/916 2356/4821/916
f 6561/4822/1699 4900/4823/1699 1699/4824/1699 4901/4825/1699
f 6560/4826/1699 2380/4827/940 940/4828/940 4902/4829/1699
f 6559/4830/1700 4903/4831/1700 923/4832/923 2363/4833/923
f 6558/4834/1700 4904/4835/1700 1700/4836/1700 4905/4837/1700
f 6557/4838/1700 2379/4839/939 939/4840/939 4906/4841/1700
f 6556/4842/1701 4907/4843/1701 915/4844/915 2355/4845/915
f 6555/4846/1701 4908/4847/1701 1701/4848/1701 4909/4849/1701
f 6554/4850/1701 2378/4851/938 938/4852/938 4910/4853/1701
f 6553/4854/1702 4911/4855/1702 922/4856/922 2362/4857/922
f 6552/4858/1702 4912/4859/1702 1702/4860/1702 4913/4861/1702
f 6551/4862/1702 2377/4863/937 937/4864/937 4914/4865/1702
f 6550/4866/1703 4915/4867/1703 914/4868/914 2354/4869/914
f 6549/4870/1703 4916/4871/1703 1703/4872/1703 4917/4873/1703
f 6548/4874/1703 2376/4875/936 936/4876/936 4918/4877/1703
f 6547/4878/1704 4919/4879/1704 921/4880/921 2361/4881/921
f 6546/4882/1704 4920/4883/1704 1704/4884/1704 4921/4885/1704
f 6545/4886/1704 2375/4887/935 935/4888/935 4922/4889/1704
f 6544/4890/1705 4923/4891/1705 913/4892/913 2353/4893/913
f 6543/4894/1705 4924/4895/1705 1705/4896/1705 4925/4897/1705
f 6542/4898/1705 2374/4899/934 934/4900/934 4926/4901/1705
f 6541/4902/1706 4927/4903/1706 920/4904/920 2360/4905/920
f 6540/4906/1706 4928/4907/1706 1706/4908/1706 4929/4909/1706
f 6539/4910/1706 2373/4911/933 933/4912/933 4930/4913/1706
f 6538/4914/1707 4931/4915/1707 912/4916/912 2352/4917/912
f 6537/4918/1707 4932/4919/1707 1707/4920/1707 4933/4921/1707
f 6536/4922/1707 2372/934/932 932/4923/932 4934/4924/1707
f 6535/4925/1708 4935/4926/1708 919/4927/919 2359/4928/919
f 6534/4929/1708 4936/4930/1708 1708/4931/1708 4937/4932/1708
f 6533/4933/1708 2371/4934/931 931/4935/931 4938/4936/1708
f 1439/4937/1439 4939/4938/1971 3871/4939/1439
f 1439/4937/1439 4940/4940/1971 4939/4938/1971
f 1437/4941/1437 3869/4942/1437 4941/4943/1971
f 932/4923/932 4942/4944/1972 3364/943/932
f 932/4923/932 4943/4945/1972 4942/4944/1972
f 1436/4946/1436 3868/4947/1436 4944/4948/1973
f 6532/4949/1709 4945/4950/1709 918/4951/918 2358/4952/918
f 6531/4953/1709 4946/4954/1709 1709/4955/1709 4947/4956/1709
f 6530/4957/1709 2368/4958/928 928/4959/928 4948/4960/1709
f 6529/4961/1710 4949/4962/1710 925/4963/925 2365/4964/925
f 6528/4965/1710 4950/4966/1710 1710/4967/1710 4951/4968/1710
f 6527/4969/1710 2366/4970/926 926/4971/926 4952/4972/1710
f 6526/4973/1711 4953/4974/1711 917/4975/917 2357/4976/917
f 6525/4977/1711 4954/4978/1711 1711/4979/1711 4955/4980/1711
f 6524/4981/1711 3361/4982/929 929/4983/929 4956/4984/1711
f 6523/4985/1712 4957/4986/1712 924/4987/924 2364/4988/924
f 6522/4989/1712 4958/4990/1712 1712/4991/1712 4959/4992/1712
f 6521/4993/1712 3359/4994/927 927/4995/927 4960/4996/1712
f 6520/4997/1713 4961/4998/1713 883/4999/883 2323/5000/883
f 6519/5001/1713 4962/5002/1713 1713/5003/1713 4963/5004/1713
f 6518/5005/1713 2351/905/911 911/5006/911 4964/5007/1713
f 6517/5008/1714 4965/5009/1714 890/5010/890 2330/5011/890
f 6516/5012/1714 4966/5013/1714 1714/5014/1714 4967/5015/1714
f 6515/5016/1714 2350/5017/910 910/5018/910 4968/5019/1714
f 1437/5020/1437 4969/5021/1974 3869/5022/1437
f 1437/5020/1437 4970/5023/1974 4969/5021/1974
f 1435/5024/1435 3867/5025/1435 4971/5026/1974
f 911/5006/911 4972/5027/1975 3343/914/911
f 911/5006/911 4973/5028/1975 4972/5027/1975
f 1434/5029/1434 3866/5030/1434 4974/5031/1975
f 6514/5032/1715 4975/5033/1715 889/5034/889 2329/5035/889
f 6513/5036/1715 4976/5037/1715 1715/5038/1715 4977/5039/1715
f 6512/5040/1715 2348/5041/908 908/5042/908 4978/5043/1715
f 6511/5044/1716 4979/5045/1716 896/5046/896 2336/5047/896
f 6510/5048/1716 4980/5049/1716 1716/5050/1716 4981/5051/1716
f 6509/5052/1716 2347/5053/907 907/5054/907 4982/5055/1716
f 6508/5056/1717 4983/5057/1717 888/5058/888 2328/5059/888
f 6507/5060/1717 4984/5061/1717 1717/5062/1717 4985/5063/1717
f 6506/5064/1717 2346/5065/906 906/5066/906 4986/5067/1717
f 6505/5068/1718 4987/5069/1718 895/5070/895 2335/5071/895
f 6504/5072/1718 4988/5073/1718 1718/5074/1718 4989/5075/1718
f 6503/5076/1718 2345/5077/905 905/5078/905 4990/5079/1718
f 6502/5080/1719 4991/5081/1719 887/5082/887 2327/5083/887
f 6501/5084/1719 4992/5085/1719 1719/5086/1719 4993/5087/1719
f 6500/5088/1719 2344/5089/904 904/5090/904 4994/5091/1719
f 6499/5092/1720 4995/5093/1720 894/5094/894 2334/5095/894
f 6498/5096/1720 4996/5097/1720 1720/5098/1720 4997/5099/1720
f 6497/5100/1720 2343/5101/903 903/5102/903 4998/5103/1720
f 6496/5104/1721 4999/5105/1721 886/5106/886 2326/5107/886
f 6495/5108/1721 5000/5109/1721 1721/5110/1721 5001/5111/1721
f 6494/5112/1721 2342/5113/902 902/5114/902 5002/5115/1721
f 6493/5116/1722 5003/5117/1722 893/5118/893 2333/5119/893
f 6492/5120/1722 5004/5121/1722 1722/5122/1722 5005/5123/1722
f 6491/5124/1722 2341/5125/901 901/5126/901 5006/5127/1722
f 6490/5128/1723 5007/5129/1723 885/5130/885 2325/5131/885
f 6489/5132/1723 5008/5133/1723 1723/5134/1723 5009/5135/1723
f 6488/5136/1723 2339/5137/899 899/5138/899 5010/5139/1723
f 6487/5140/1724 5011/5141/1724 892/5142/892 2332/5143/892
f 6486/5144/1724 5012/5145/1724 1724/5146/1724 5013/5147/1724
f 6485/5148/1724 2337/5149/897 897/5150/897 5014/5151/1724
f 6484/5152/1725 5015/5153/1725 884/5154/884 2324/5155/884
f 6483/5156/1725 5016/5157/1725 1725/5158/1725 5017/5159/1725
f 6482/5160/1725 3332/5161/900 900/5162/900 5018/5163/1725
f 6481/5164/1726 5019/5165/1726 891/5166/891 2331/5167/891
f 6480/5168/1726 5020/5169/1726 1726/5170/1726 5021/5171/1726
f 6479/5172/1726 3330/5173/898 898/5174/898 5022/5175/1726
f 6478/5176/1727 5023/5177/1727 865/5178/865 2305/5179/865
f 6477/5180/1727 5024/5181/1727 1727/5182/1727 5025/5183/1727
f 6476/5184/1727 2322/5185/882 882/5186/882 5026/5187/1727
f 6475/5188/1728 5027/5189/1728 857/5190/857 2297/5191/857
f 6474/5192/1728 5028/5193/1728 1728/5194/1728 5029/5195/1728
f 6473/5196/1728 2321/5197/881 881/5198/881 5030/5199/1728
f 6472/5200/1729 5031/5201/1729 864/5202/864 2304/5203/864
f 6471/5204/1729 5032/5205/1729 1729/5206/1729 5033/5207/1729
f 6470/5208/1729 2320/5209/880 880/5210/880 5034/5211/1729
f 6469/5212/1730 5035/5213/1730 856/5214/856 2296/5215/856
f 6468/5216/1730 5036/5217/1730 1730/5218/1730 5037/5219/1730
f 6467/5220/1730 2319/5221/879 879/5222/879 5038/5223/1730
f 6466/5224/1731 5039/5225/1731 863/5226/863 2303/5227/863
f 6465/5228/1731 5040/5229/1731 1731/5230/1731 5041/5231/1731
f 6464/5232/1731 2318/5233/878 878/5234/878 5042/5235/1731
f 6463/5236/1732 5043/5237/1732 855/5238/855 2295/5239/855
f 6462/5240/2023 5044/5241/1732 1732/5242/1732 5045/5243/1732
f 6461/5244/1732 2317/5245/877 877/5246/877 5046/5247/1732
f 6460/5248/1733 5047/5249/1733 862/5250/862 2302/5251/862
f 6459/5252/1733 5048/5253/1733 1733/5254/1733 5049/5255/1733
f 6458/5256/1733 2316/5257/876 876/5258/876 5050/5259/1733
f 6457/5260/1734 5051/5261/1734 854/5262/854 2294/5263/854
f 6456/5264/1734 5052/5265/1734 1734/5266/1734 5053/5267/1734
f 6455/5268/1734 2315/816/875 875/5269/875 5054/5270/1734
f 6454/5271/1735 5055/5272/1735 861/5273/861 2301/5274/861
f 6453/5275/1735 5056/5276/1735 1735/5277/1735 5057/5278/1735
f 6452/5279/1735 2314/5280/874 874/5281/874 5058/5282/1735
f 1435/5283/1435 5059/5284/1976 3867/5285/1435
f 1435/5283/1435 5060/5286/1976 5059/5284/1976
f 1433/5287/1433 3865/5288/1433 5061/5289/1976
f 875/5269/875 5062/5290/1977 3307/825/875
f 875/5269/875 5063/5291/1977 5062/5290/1977
f 1432/5292/1432 3864/5293/1432 5064/5294/1977
f 6451/5295/1736 5065/5296/1736 860/5297/860 2300/5298/860
f 6450/5299/1736 5066/5300/1736 1736/5301/1736 5067/5302/1736
f 6449/5303/1736 2312/5304/872 872/5305/872 5068/5306/1736
f 6448/5307/1737 5069/5308/1737 867/5309/867 2307/5310/867
f 6447/5311/1737 5070/5312/1737 1737/5313/1737 5071/5314/1737
f 6446/5315/1737 2310/5316/870 870/5317/870 5072/5318/1737
f 6445/5319/1738 5073/5320/1738 859/5321/859 2299/5322/859
f 6444/5323/1738 5074/5324/1738 1738/5325/1738 5075/5326/1738
f 6443/5327/1738 2308/5328/868 868/5329/868 5076/5330/1738
f 6442/5331/1739 5077/5332/1978 866/5333/866 2306/5334/866
f 6441/5335/1739 5078/5336/1739 1739/5337/1739 5079/5338/1739
f 6440/5339/1978 3303/5340/871 871/5341/871 5080/5342/1978
f 6439/5343/1740 5081/5344/1740 858/5345/858 2298/5346/858
f 6438/5347/1740 5082/5348/1740 1740/5349/1740 5083/5350/1740
f 6437/5351/1740 3301/5352/869 869/5353/869 5084/5354/1740
f 6436/5355/1741 5085/5356/1741 832/5357/832 2272/5358/832
f 6435/5359/1741 5086/5360/1741 1741/5361/1741 5087/5362/1741
f 6434/5363/1741 2293/5364/853 853/5365/853 5088/5366/1741
f 1433/5367/1433 5089/5368/1979 3865/5369/1433
f 1433/5367/1433 5090/5370/1979 5089/5368/1979
f 1431/5371/1431 3863/5372/1431 5091/5373/1979
f 840/5374/840 5092/5375/1980 2280/735/840
f 840/5374/840 5093/5376/1980 5092/5375/1980
f 1430/5377/1430 3862/5378/1430 5094/5379/1980
f 6433/5380/1742 5095/5381/1742 831/5382/831 2271/5383/831
f 6432/5384/1742 5096/5385/1742 1742/5386/1742 5097/5387/1742
f 6431/5388/1742 2291/5389/851 851/5390/851 5098/5391/1742
f 6430/5392/1743 5099/5393/1743 838/5394/838 2278/5395/838
f 6429/5396/1743 5100/5397/1743 1743/5398/1743 5101/5399/1743
f 6428/5400/1743 2290/5401/850 850/5402/850 5102/5403/1743
f 6427/5404/1744 5103/5405/1744 830/5406/830 2270/5407/830
f 6426/5408/1744 5104/5409/1744 1744/5410/1744 5105/5411/1744
f 6425/5412/1744 2289/5413/849 849/5414/849 5106/5415/1744
f 6424/5416/1745 5107/5417/1745 837/5418/837 2277/5419/837
f 6423/5420/1745 5108/5421/1745 1745/5422/1745 5109/5423/1745
f 6422/5424/1745 2288/5425/848 848/5426/848 5110/5427/1745
f 6421/5428/1746 5111/5429/1746 829/5430/829 2269/5431/829
f 6420/5432/1746 5112/5433/1746 1746/5434/1746 5113/5435/1746
f 6419/5436/1746 2287/5437/847 847/5438/847 5114/5439/1746
f 6418/5440/1747 5115/5441/1747 836/5442/836 2276/5443/1924
f 6417/5444/1747 5116/5445/1747 1747/5446/1747 5117/5447/1747
f 6416/5448/1747 2286/5449/846 846/5450/846 5118/5451/1747
f 6415/5452/1748 5119/5453/1748 828/5454/828 2268/5455/828
f 6414/5456/1748 5120/5457/1748 1748/5458/1748 5121/5459/1748
f 6413/5460/1748 2285/5461/845 845/5462/845 5122/5463/1748
f 6412/5464/1749 5123/5465/1749 835/5466/835 2275/5467/835
f 6411/5468/1749 5124/5469/1749 1749/5470/1749 5125/5471/1749
f 6410/5472/1749 2284/5473/844 844/5474/844 5126/5475/1749
f 6409/5476/1750 5127/5477/1750 827/5478/827 2267/5479/1923
f 6408/5480/1750 5128/5481/1750 1750/5482/1750 5129/5483/1750
f 6407/5484/1750 2283/5485/843 843/5486/843 5130/5487/1750
f 6406/5488/1751 5131/5489/1751 834/5490/834 2274/5491/834
f 6405/5492/1751 5132/5493/1751 1751/5494/1751 5133/5495/1751
f 6404/5496/1751 2281/5497/841 841/5498/841 5134/5499/1751
f 6403/5500/1752 5135/5501/1752 826/5502/826 2266/5503/826
f 6402/5504/1752 5136/5505/1752 1752/5506/1752 5137/5507/1752
f 6401/5508/1752 2279/5509/839 839/5510/839 5138/5511/1752
f 6400/5512/1753 5139/5513/1753 833/5514/833 2273/5515/833
f 6399/5516/1753 5140/5517/1753 1753/5518/1753 5141/5519/1753
f 6398/5520/1753 3274/5521/842 842/5522/842 5142/5523/1753
f 6397/5524/1754 5143/5525/1754 825/5526/825 2265/5527/825
f 6396/5528/1754 5144/5529/1754 1754/5530/1754 5145/5531/1754
f 6395/5532/1754 3272/787/840 840/5374/840 5146/5533/1754
f 6394/5534/1755 5147/5535/1755 799/5536/799 2239/5537/799
f 6393/5538/1755 5148/5539/1755 1755/5540/1755 5149/5541/1755
f 6392/5542/1755 2264/5543/824 824/5544/824 5150/5545/1755
f 6391/5546/1756 5151/5547/1756 806/5548/806 2246/5549/806
f 6390/5550/1756 5152/5551/1756 1756/5552/1756 5153/5553/1756
f 6389/5554/1756 2263/5555/823 823/5556/823 5154/5557/1756
f 6388/5558/1757 5155/5559/1757 798/5560/798 2238/5561/798
f 6387/5562/1757 5156/5563/1757 1757/5564/1757 5157/5565/1757
f 6386/5566/1757 2262/5567/822 822/5568/822 5158/5569/1757
f 6385/5570/1758 5159/5571/1758 805/5572/805 2245/5573/805
f 6384/5574/1758 5160/5575/1758 1758/5576/1758 5161/5577/1758
f 6383/5578/1758 2261/5579/821 821/5580/821 5162/5581/1758
f 6382/5582/1759 5163/5583/1759 797/5584/797 2237/5585/797
f 6381/5586/1759 5164/5587/1759 1759/5588/1759 5165/5589/1759
f 6380/5590/1759 2260/5591/820 820/5592/820 5166/5593/1759
f 6379/5594/1760 5167/5595/1760 804/5596/804 2244/5597/804
f 6378/5598/1760 5168/5599/1760 1760/5600/1760 5169/5601/1760
f 6377/5602/1760 2259/5603/819 819/5604/819 5170/5605/1760
f 6376/5606/1761 5171/5607/1761 796/5608/796 2236/5609/796
f 6375/5610/1761 5172/5611/1761 1761/5612/1761 5173/5613/1761
f 6374/5614/1761 2258/698/818 818/5615/818 5174/5616/1761
f 6373/5617/1762 5175/5618/1762 803/5619/803 2243/5620/803
f 6372/5621/1762 5176/5622/1762 1762/5623/1762 5177/5624/1762
f 6371/5625/1762 2257/5626/817 817/5627/817 5178/5628/1762
f 1431/5629/1431 5179/5630/1981 3863/5631/1431
f 1431/5629/1431 5180/5632/1981 5179/5630/1981
f 1429/5633/1429 3861/5634/1429 5181/5635/1981
f 818/5615/818 5182/5636/1982 3250/707/818
f 818/5615/818 5183/5637/1982 5182/5636/1982
f 1428/5638/1428 3860/5639/1428 5184/5640/1982
f 6370/5641/1763 5185/5642/1763 802/5643/802 2242/5644/802
f 6369/5645/1763 5186/5646/1763 1763/5647/1763 5187/5648/1763
f 6368/5649/1763 2255/5650/815 815/5651/815 5188/5652/1763
f 6367/5653/1764 5189/5654/1764 809/5655/809 2249/5656/809
f 6366/5657/1764 5190/5658/1764 1764/5659/1764 5191/5660/1764
f 6365/5661/1764 2254/5662/814 814/5663/814 5192/5664/1764
f 6364/5665/1765 5193/5666/1765 801/5667/801 2241/5668/801
f 6363/5669/1765 5194/5670/1765 1765/5671/1765 5195/5672/1765
f 6362/5673/1765 2252/5674/812 812/5675/812 5196/5676/1765
f 6361/5677/1766 5197/5678/1766 808/5679/808 2248/5680/808
f 6360/5681/1766 5198/5682/1766 1766/5683/1766 5199/5684/1766
f 6359/5685/1766 2250/5686/810 810/5687/810 5200/5688/1766
f 6358/5689/1767 5201/5690/1767 800/5691/800 2240/5692/800
f 6357/5693/1767 5202/5694/1767 1767/5695/1767 5203/5696/1767
f 6356/5697/1767 3245/5698/813 813/5699/813 5204/5700/1767
f 6355/5701/1768 5205/5702/1768 807/5703/807 2247/5704/807
f 6354/5705/1768 5206/5706/1768 1768/5707/1768 5207/5708/1768
f 6353/5709/1768 3243/5710/811 811/5711/811 5208/5712/1768
f 785/5713/785 5209/5714/1983 2225/620/785
f 785/5713/785 5210/5715/1983 5209/5714/1983
f 1426/5716/1426 3858/5717/1426 5211/5718/1983
f 6352/5719/1769 5212/5720/1769 773/5721/773 2213/5722/773
f 6351/5723/1769 5213/5724/1769 1769/5725/1769 5214/5726/1769
f 6350/5727/1769 2235/5728/795 795/5729/795 5215/5730/1769
f 6349/5731/1770 5216/5732/1770 780/5733/780 2220/5734/780
f 6348/5735/1770 5217/5736/1770 1770/5737/1770 5218/5738/1770
f 6347/5739/1770 2234/5740/794 794/5741/794 5219/5742/1770
f 6346/5743/1771 5220/5744/1771 772/5745/772 2212/5746/772
f 6345/5747/1771 5221/5748/1771 1771/5749/1771 5222/5750/1771
f 6344/5751/1771 2233/5752/793 793/5753/793 5223/5754/1771
f 6343/5755/1772 5224/5756/1772 779/5757/779 2219/5758/779
f 6342/5759/1984 5225/5760/1984 1772/5761/1772 5226/5762/1984
f 6341/5763/1772 2232/5764/792 792/5765/792 5227/5766/1772
f 6340/5767/1773 5228/5768/1773 771/5769/771 2211/5770/771
f 6339/5771/1773 5229/5772/1773 1773/5773/1773 5230/5774/1773
f 6338/5775/1773 2231/5776/791 791/5777/791 5231/5778/1773
f 6337/5779/1774 5232/5780/1774 778/5781/778 2218/5782/778
f 6336/5783/1774 5233/5784/1774 1774/5785/1774 5234/5786/1774
f 6335/5787/1774 2230/5788/790 790/5789/790 5235/5790/1774
f 6334/5791/1775 5236/5792/1775 770/5793/770 2210/5794/770
f 6333/5795/1775 5237/5796/1775 1775/5797/1775 5238/5798/1775
f 6332/5799/1775 2229/5800/789 789/5801/789 5239/5802/1775
f 6331/5803/1776 5240/5804/1776 777/5805/777 2217/5806/777
f 6330/5807/1776 5241/5808/1776 1776/5809/1776 5242/5810/1776
f 6329/5811/1776 2228/5812/788 788/5813/788 5243/5814/1776
f 6328/5815/1777 5244/5816/1777 769/5817/769 2209/5818/769
f 6327/5819/1777 5245/5820/1777 1777/5821/1777 5246/5822/1777
f 6326/5823/1777 2227/5824/787 787/5825/787 5247/5826/1777
f 6325/5827/1778 5248/5828/1778 776/5829/776 2216/5830/776
f 6324/5831/1778 5249/5832/1778 1778/5833/1778 5250/5834/1778
f 6323/5835/1778 2226/5836/786 786/5837/786 5251/5838/1778
f 6322/5839/1779 5252/5840/1779 768/5841/768 2208/5842/768
f 6321/5843/1779 5253/5844/1985 1779/5845/1779 5254/5846/1779
f 6320/5847/1985 2224/5848/784 784/5849/784 5255/5850/1985
f 6319/5851/1780 5256/5852/1780 775/5853/775 2215/5854/775
f 6318/5855/1780 5257/5856/1780 1780/5857/1780 5258/5858/1780
f 6317/5859/1780 2222/5860/782 782/5861/782 5259/5862/1780
f 6316/5863/1781 5260/5864/1781 767/5865/767 2207/5866/767
f 6315/5867/1781 5261/5868/1781 1781/5869/1781 5262/5870/1781
f 6314/5871/1781 3217/672/785 785/5713/785 5263/5872/1781
f 6313/5873/1782 5264/5874/1782 774/5875/774 2214/5876/774
f 6312/5877/1782 5265/5878/1782 1782/5879/1782 5266/5880/1782
f 6311/5881/1782 3215/5882/783 783/5883/783 5267/5884/1782
f 1429/5885/1429 5268/5886/1986 3861/5887/1429
f 1429/5885/1429 5269/5888/1986 5268/5886/1986
f 1427/5889/1427 3859/5890/1427 5270/5891/1986
f 6310/5892/1783 5271/5893/1783 740/5894/740 2180/5895/740
f 6309/5896/1783 5272/5897/1783 1783/5898/1783 5273/5899/1783
f 6308/5900/1783 2206/5901/766 766/5902/766 5274/5903/1783
f 6307/5904/1784 5275/5905/1784 747/5906/747 2187/5907/747
f 6306/5908/1784 5276/5909/1784 1784/5910/1784 5277/5911/1784
f 6305/5912/1784 2205/5913/765 765/5914/765 5278/5915/1784
f 6304/5916/1785 5279/5917/1785 739/5918/739 2179/5919/739
f 6303/5920/1785 5280/5921/1785 1785/5922/1785 5281/5923/1785
f 6302/5924/1785 2204/5925/764 764/5926/764 5282/5927/1785
f 6301/5928/1786 5283/5929/1786 746/5930/746 2186/5931/746
f 6300/5932/1786 5284/5933/1786 1786/5934/1786 5285/5935/1786
f 6299/5936/1786 2203/5937/763 763/5938/763 5286/5939/1786
f 6298/5940/1787 5287/5941/1787 738/5942/738 2178/5943/738
f 6297/5944/1787 5288/5945/1787 1787/5946/1787 5289/5947/1787
f 6296/5948/1787 2202/584/762 762/5949/762 5290/5950/1787
f 6295/5951/1788 5291/5952/1788 745/5953/745 2185/5954/745
f 6294/5955/1788 5292/5956/1788 1788/5957/1788 5293/5958/1788
f 6293/5959/1788 2201/5960/761 761/5961/761 5294/5962/1788
f 1427/5963/1427 5295/5964/1987 3859/5965/1427
f 1427/5963/1427 5296/5966/1987 5295/5964/1987
f 1425/5967/1425 3857/5968/1425 5297/5969/1987
f 762/5949/762 5298/5970/1988 3194/593/762
f 762/5949/762 5299/5971/1988 5298/5970/1988
f 1424/5972/1424 3856/5973/1424 5300/5974/1988
f 6292/5975/1789 5301/5976/1789 744/5977/744 2184/5978/744
f 6291/5979/1789 5302/5980/1789 1789/5981/1789 5303/5982/1789
f 6290/5983/1789 2199/5984/759 759/5985/759 5304/5986/1789
f 6289/5987/1790 5305/5988/1790 751/5989/751 2191/5990/751
f 6288/5991/1790 5306/5992/1790 1790/5993/1790 5307/5994/1790
f 6287/5995/1790 2198/5996/758 758/5997/758 5308/5998/1790
f 6286/5999/1791 5309/6000/1791 743/6001/743 2183/6002/743
f 6285/6003/1791 5310/6004/1791 1791/6005/1791 5311/6006/1791
f 6284/6007/1791 2197/6008/757 757/6009/757 5312/6010/1791
f 6283/6011/1792 5313/6012/1792 750/6013/750 2190/6014/750
f 6282/6015/1792 5314/6016/1792 1792/6017/1792 5315/6018/1792
f 6281/6019/1792 2196/6020/756 756/6021/756 5316/6022/1792
f 6280/6023/1793 5317/6024/1793 742/6025/742 2182/6026/742
f 6279/6027/1793 5318/6028/1793 1793/6029/1793 5319/6030/1793
f 6278/6031/1793 2194/6032/754 754/6033/754 5320/6034/1793
f 6277/6035/1794 5321/6036/1794 749/6037/749 2189/6038/749
f 6276/6039/1794 5322/6040/1794 1794/6041/1794 5323/6042/1794
f 6275/6043/1794 2192/6044/752 752/6045/752 5324/6046/1794
f 6274/6047/1795 5325/6048/1795 741/6049/741 2181/6050/741
f 6273/6051/1795 5326/6052/1795 1795/6053/1795 5327/6054/1795
f 6272/6055/1795 3187/6056/755 755/6057/755 5328/6058/1795
f 6271/6059/1796 5329/6060/1796 748/6061/748 2188/6062/748
f 6270/6063/1796 5330/6064/1796 1796/6065/1796 5331/6066/1796
f 6269/6067/1796 3185/6068/753 753/6069/753 5332/6070/1796
f 6268/6071/1797 5333/6072/1797 722/6073/722 2162/6074/722
f 6267/6075/1797 5334/6076/1797 1797/6077/1797 5335/6078/1797
f 6266/6079/1797 2177/6080/737 737/6081/737 5336/6082/1797
f 6265/6083/1798 5337/6084/1798 714/6085/714 2154/6086/714
f 6264/6087/1798 5338/6088/1798 1798/6089/1798 5339/6090/1798
f 6263/6091/1798 2176/6092/736 736/6093/736 5340/6094/1798
f 6262/6095/1799 5341/6096/1799 721/6097/721 2161/6098/721
f 6261/6099/1799 5342/6100/1799 1799/6101/1799 5343/6102/1799
f 6260/6103/1799 2175/6104/735 735/6105/735 5344/6106/1799
f 6259/6107/1800 5345/6108/1800 713/6109/713 2153/6110/713
f 6258/6111/1800 5346/6112/1800 1800/6113/1800 5347/6114/1800
f 6257/6115/1800 2174/6116/734 734/6117/734 5348/6118/1800
f 6256/6119/1801 5349/6120/1801 720/6121/720 2160/6122/720
f 6255/6123/1801 5350/6124/1801 1801/6125/1801 5351/6126/1801
f 6254/6127/1801 2173/6128/733 733/6129/733 5352/6130/1801
f 6253/6131/1802 5353/6132/1802 712/6133/712 2152/6134/712
f 6252/6135/1802 5354/6136/1802 1802/6137/1802 5355/6138/1802
f 6251/6139/1802 2172/6140/732 732/6141/732 5356/6142/1802
f 6250/6143/1803 5357/6144/1803 719/6145/719 2159/6146/719
f 6249/6147/1803 5358/6148/1803 1803/6149/1803 5359/6150/1803
f 6248/6151/1803 2171/6152/731 731/6153/731 5360/6154/1803
f 6247/6155/1804 5361/6156/1804 711/6157/711 2151/6158/711
f 6246/6159/1804 5362/6160/1804 1804/6161/1804 5363/6162/1804
f 6245/6163/1804 2170/6164/730 730/6165/730 5364/6166/1804
f 6244/6167/1805 5365/6168/1805 718/6169/718 2158/6170/718
f 6243/6171/1805 5366/6172/1805 1805/6173/1805 5367/6174/1805
f 6242/6175/1805 2169/6176/729 729/6177/729 5368/6178/1805
f 6241/6179/1806 5369/6180/1806 710/6181/710 2150/6182/710
f 6240/6183/1806 5370/6184/1806 1806/6185/1806 5371/6186/1806
f 6239/6187/1806 2168/6188/728 728/6189/728 5372/6190/1806
f 6238/6191/1807 5373/6192/1807 717/6193/717 2157/6194/717
f 6237/6195/1807 5374/6196/1807 1807/6197/1807 5375/6198/1807
f 6236/6199/1807 2167/6200/727 727/6201/727 5376/6202/1807
f 6235/6203/1808 5377/6204/1808 709/6205/709 2149/6206/709
f 6234/6207/1808 5378/6208/1808 1808/6209/1808 5379/6210/1808
f 6233/6211/1808 2165/495/725 725/6212/725 5380/6213/1808
f 6232/6214/1989 5381/6215/1809 716/6216/716 2156/6217/716
f 6231/6218/1809 5382/6219/1809 1809/6220/1809 5383/6221/1809
f 6230/6222/1809 2163/6223/723 723/6224/723 5384/6225/1989
f 1425/6226/1425 5385/6227/1990 3857/6228/1425
f 1425/6226/1425 5386/6229/1990 5385/6227/1990
f 1423/6230/1423 3855/6231/1423 5387/6232/1990
f 725/6212/725 5388/6233/1991 3157/504/725
f 725/6212/725 5389/6234/1991 5388/6233/1991
f 1422/6235/1422 3854/6236/1422 5390/6237/1991
f 6229/6238/1810 5391/6239/1810 715/6240/715 2155/6241/715
f 6228/6242/1810 5392/6243/1810 1810/6244/1810 5393/6245/1992
f 6227/6246/1810 3156/6247/724 724/6248/724 5394/6249/1810
f 6226/6250/1811 5395/6251/1811 689/6252/689 2129/6253/689
f 6225/6254/1811 5396/6255/1811 1811/6256/1811 5397/6257/1811
f 6224/6258/1811 2148/6259/708 708/6260/708 5398/6261/1811
f 6223/6262/1812 5399/6263/1812 681/6264/681 2121/6265/681
f 6222/6266/1812 5400/6267/1812 1812/6268/1812 5401/6269/1812
f 6221/6270/1812 2147/6271/707 707/6272/707 5402/6273/1812
f 6220/6274/1813 5403/6275/1813 688/6276/688 2128/6277/688
f 6219/6278/1813 5404/6279/1813 1813/6280/1813 5405/6281/1813
f 6218/6282/1813 2146/6283/706 706/6284/706 5406/6285/1813
f 6217/6286/1814 5407/6287/1814 680/6288/680 2120/6289/680
f 6216/6290/1814 5408/6291/1814 1814/6292/1814 5409/6293/1814
f 6215/6294/1814 2145/466/705 705/6295/705 5410/6296/1814
f 6214/6297/1815 5411/6298/1815 687/6299/687 2127/6300/687
f 6213/6301/1815 5412/6302/1815 1815/6303/1815 5413/6304/1815
f 6212/6305/1815 2144/6306/704 704/6307/704 5414/6308/1815
f 1423/6309/1423 5415/6310/1993 3855/6311/1423
f 1423/6309/1423 5416/6312/1993 5415/6310/1993
f 1421/6313/1421 3853/6314/1421 5417/6315/1993
f 705/6295/705 5418/6316/1994 3137/475/705
f 705/6295/705 5419/6317/1994 5418/6316/1994
f 1420/6318/1420 3852/6319/1420 5420/6320/1994
f 6211/6321/1816 5421/6322/1816 686/6323/686 2126/6324/686
f 6210/6325/1816 5422/6326/1816 1816/6327/1816 5423/6328/1816
f 6209/6329/1816 2142/6330/702 702/6331/702 5424/6332/1816
f 6208/6333/1817 5425/6334/1817 693/6335/693 2133/6336/693
f 6207/6337/1817 5426/6338/1817 1817/6339/1817 5427/6340/1817
f 6206/6341/1817 2141/6342/701 701/6343/701 5428/6344/1817
f 6205/6345/1818 5429/6346/1818 685/6347/685 2125/6348/685
f 6204/6349/1818 5430/6350/1818 1818/6351/1818 5431/6352/1818
f 6203/6353/1818 2140/6354/700 700/6355/700 5432/6356/1818
f 6202/6357/1819 5433/6358/1819 692/6359/692 2132/6360/692
f 6201/6361/1819 5434/6362/1819 1819/6363/1819 5435/6364/1819
f 6200/6365/1819 2139/6366/699 699/6367/699 5436/6368/1819
f 6199/6369/1820 5437/6370/1820 684/6371/684 2124/6372/684
f 6198/6373/1820 5438/6374/1820 1820/6375/1820 5439/6376/1820
f 6197/6377/1820 2138/6378/698 698/6379/698 5440/6380/1820
f 6196/6381/1821 5441/6382/1821 691/6383/691 2131/6384/691
f 6195/6385/1821 5442/6386/1821 1821/6387/1821 5443/6388/1821
f 6194/6389/1821 2136/6390/696 696/6391/696 5444/6392/1821
f 6193/6393/1822 5445/6394/1822 683/6395/683 2123/6396/683
f 6192/6397/1822 5446/6398/1822 1822/6399/1822 5447/6400/1822
f 6191/6401/1822 2134/6402/694 694/6403/694 5448/6404/1822
f 6190/6405/1823 5449/6406/1823 690/6407/690 2130/6408/690
f 6189/6409/1823 5450/6410/1823 1823/6411/1823 5451/6412/1823
f 6188/6413/1823 3129/6414/697 697/6415/697 5452/6416/1823
f 6187/6417/1824 5453/6418/1824 682/6419/682 2122/6420/682
f 6186/6421/1824 5454/6422/1824 1824/6423/1824 5455/6424/1824
f 6185/6425/1824 3127/6426/695 695/6427/695 5456/6428/1824
f 6184/6429/1825 5457/6430/1825 656/6431/656 2096/6432/656
f 6183/6433/1825 5458/6434/1825 1825/6435/1825 5459/6436/1825
f 6182/6437/1825 2119/6438/679 679/6439/679 5460/6440/1825
f 6181/6441/1826 5461/6442/1826 663/6443/663 2103/6444/663
f 6180/6445/1826 5462/6446/1826 1826/6447/1826 5463/6448/1826
f 6179/6449/1826 2118/6450/678 678/6451/678 5464/6452/1826
f 6178/6453/1827 5465/6454/1827 655/6455/655 2095/6456/655
f 6177/6457/1827 5466/6458/1827 1827/6459/1827 5467/6460/1827
f 6176/6461/1827 2117/6462/677 677/6463/677 5468/6464/1827
f 6175/6465/1828 5469/6466/1828 662/6467/662 2102/6468/662
f 6174/6469/1828 5470/6470/1828 1828/6471/1828 5471/6472/1828
f 6173/6473/1828 2116/6474/676 676/6475/676 5472/6476/1828
f 6172/6477/1829 5473/6478/1829 654/6479/654 2094/6480/654
f 6171/6481/1829 5474/6482/1829 1829/6483/1829 5475/6484/1829
f 6170/6485/1829 2115/6486/675 675/6487/675 5476/6488/1829
f 6169/6489/1830 5477/6490/1830 661/6491/661 2101/6492/661
f 6168/6493/1830 5478/6494/1830 1830/6495/1830 5479/6496/1830
f 6167/6497/1830 2114/6498/674 674/6499/674 5480/6500/1830
f 6166/6501/1831 5481/6502/1831 653/6503/653 2093/6504/653
f 6165/6505/1831 5482/6506/1831 1831/6507/1831 5483/6508/1831
f 6164/6509/1831 2113/6510/673 673/6511/673 5484/6512/1831
f 6163/6513/1832 5485/6514/1832 660/6515/660 2100/6516/660
f 6162/6517/1832 5486/6518/1832 1832/6519/1832 5487/6520/1832
f 6161/6521/1832 2112/6522/672 672/6523/672 5488/6524/1832
f 6160/6525/1833 5489/6526/1833 652/6527/652 2092/6528/652
f 6159/6529/1833 5490/6530/1833 1833/6531/1833 5491/6532/1833
f 6158/6533/1833 2111/6534/671 671/6535/671 5492/6536/1833
f 6157/6537/1834 5493/6538/1834 659/6539/659 2099/6540/659
f 6156/6541/1834 5494/6542/1834 1834/6543/1834 5495/6544/1834
f 6155/6545/1834 2110/6546/670 670/6547/670 5496/6548/1834
f 6154/6549/1835 5497/6550/1835 651/6551/651 2091/6552/651
f 6153/6553/1835 5498/6554/1835 1835/6555/1835 5499/6556/1835
f 6152/6557/1835 2109/377/669 669/6558/669 5500/6559/1835
f 6151/6560/1836 5501/6561/1836 658/6562/658 2098/6563/658
f 6150/6564/1836 5502/6565/1836 1836/6566/1836 5503/6567/1836
f 6149/6568/1836 2107/6569/667 667/6570/667 5504/6571/1836
f 1421/6572/1421 5505/6573/1995 3853/6574/1421
f 1421/6572/1421 5506/6575/1995 5505/6573/1995
f 1419/6576/1419 3851/6577/1419 5507/6578/1995
f 669/6558/669 5508/6579/1996 3101/386/669
f 669/6558/669 5509/6580/1996 5508/6579/1996
f 621/6581/621 3053/6582/621 5510/6583/1996
f 6148/6584/1837 5511/6585/1837 657/6586/657 2097/6587/657
f 6147/6588/1837 5512/6589/1837 1837/6590/1837 5513/6591/1837
f 6146/6592/1837 3100/6593/668 668/6594/668 5514/6595/1837
f 6145/6596/1838 5515/6597/1838 664/6598/664 2104/6599/664
f 6144/6600/1838 5516/6601/1838 1838/6602/1838 5517/6603/1838
f 6143/6604/1838 3098/6605/666 666/6606/666 5518/6607/1838
f 6142/6608/1839 5519/6609/1997 623/6610/623 2063/6611/623
f 6141/6612/1839 5520/6613/1839 1839/6614/1839 5521/6615/1839
f 6140/6616/1839 2090/6617/650 650/6618/650 5522/6619/1839
f 6139/6620/1840 5523/6621/1840 630/6622/630 2070/6623/630
f 6138/6624/1840 5524/6625/1840 1840/6626/1840 5525/6627/1840
f 6137/6628/1840 2089/6629/649 649/6630/649 5526/6631/1840
f 6136/6632/1841 5527/6633/1841 622/6634/622 2062/6635/622
f 6135/6636/1841 5528/6637/1841 1841/6638/1841 5529/6639/1841
f 6134/6640/1841 2088/348/648 648/6641/648 5530/6642/1841
f 6133/6643/1842 5531/6644/1842 629/6645/629 2069/6646/629
f 6132/6647/1842 5532/6648/1842 1842/6649/1842 5533/6650/1842
f 6131/6651/1842 2087/6652/647 647/6653/647 5534/6654/1842
f 1419/6655/1419 5535/6656/1998 3851/6657/1419
f 1419/6655/1419 5536/6658/1998 5535/6656/1998
f 1418/6659/1418 3850/6660/1418 5537/6661/1998
f 648/6641/648 5538/6662/1999 3080/357/648
f 648/6641/648 5539/6663/1999 5538/6662/1999
f 1417/6664/1417 3849/6665/1417 5540/6666/1999
f 6130/6667/1843 5541/6668/1843 628/6669/628 2068/6670/628
f 6129/6671/1843 5542/6672/1843 1843/6673/1843 5543/6674/1843
f 6128/6675/1843 2085/6676/645 645/6677/645 5544/6678/1843
f 6127/6679/1844 5545/6680/1844 635/6681/635 2075/6682/635
f 6126/6683/1844 5546/6684/1844 1844/6685/1844 5547/6686/1844
f 6125/6687/1844 2084/6688/644 644/6689/644 5548/6690/1844
f 6124/6691/1845 5549/6692/1845 627/6693/627 2067/6694/627
f 6123/6695/1845 5550/6696/1845 1845/6697/1845 5551/6698/1845
f 6122/6699/1845 2083/6700/643 643/6701/643 5552/6702/1845
f 6121/6703/1846 5553/6704/2000 634/6705/634 2074/6706/634
f 6120/6707/1846 5554/6708/1846 1846/6709/1846 5555/6710/1846
f 6119/6711/1846 2082/6712/642 642/6713/642 5556/6714/1846
f 6118/6715/1847 5557/6716/1847 626/6717/626 2066/6718/626
f 6117/6719/1847 5558/6720/1847 1847/6721/1847 5559/6722/1847
f 6116/6723/1847 2081/6724/641 641/6725/641 5560/6726/1847
f 6115/6727/1848 5561/6728/1848 633/6729/633 2073/6730/633
f 6114/6731/1848 5562/6732/1848 1848/6733/1848 5563/6734/1848
f 6113/6735/1848 2080/6736/640 640/6737/640 5564/6738/1848
f 6112/6739/1849 5565/6740/1849 625/6741/625 2065/6742/625
f 6111/6743/1849 5566/6744/1849 1849/6745/1849 5567/6746/1849
f 6110/6747/1849 2078/6748/638 638/6749/638 5568/6750/1849
f 6109/6751/1850 5569/6752/1850 632/6753/632 2072/6754/632
f 6108/6755/1850 5570/6756/1850 1850/6757/1850 5571/6758/1850
f 6107/6759/1850 2076/6760/636 636/6761/636 5572/6762/1850
f 6106/6763/1851 5573/6764/1851 624/6765/624 2064/6766/624
f 6105/6767/1851 5574/6768/1851 1851/6769/1851 5575/6770/1851
f 6104/6771/1851 3071/6772/639 639/6773/639 5576/6774/1851
f 6103/6775/1852 5577/6776/1852 631/6777/631 2071/6778/631
f 6102/6779/1852 5578/6780/1852 1852/6781/1852 5579/6782/1852
f 6101/6783/1852 3069/6784/637 637/6785/637 5580/6786/1852
f 6100/6787/1853 5581/6788/1853 604/6789/604 2044/6790/604
f 6099/6791/1853 5582/6792/1853 1853/6793/1853 5583/6794/1853
f 6098/6795/1853 2060/6796/620 620/6797/620 5584/6798/1853
f 6097/6799/1854 5585/6800/1854 596/6801/596 2036/6802/596
f 6096/6803/1854 5586/6804/1854 1854/6805/1854 5587/6806/1854
f 6095/6807/1854 2059/6808/619 619/6809/619 5588/6810/1854
f 6094/6811/1855 5589/6812/1855 603/6813/603 2043/6814/603
f 6093/6815/1855 5590/6816/1855 1855/6817/1855 5591/6818/1855
f 6092/6819/1855 2058/6820/618 618/6821/618 5592/6822/1855
f 6091/6823/1856 5593/6824/1856 595/6825/595 2035/6826/595
f 6090/6827/1856 5594/6828/1856 1856/6829/1856 5595/6830/1856
f 6089/6831/1856 2057/6832/617 617/6833/617 5596/6834/1856
f 6088/6835/1857 5597/6836/1857 602/6837/602 2042/6838/602
f 6087/6839/1857 5598/6840/1857 1857/6841/1857 5599/6842/1857
f 6086/6843/1857 2056/6844/616 616/6845/616 5600/6846/1857
f 6085/6847/1858 5601/6848/1858 594/6849/594 2034/6850/594
f 6084/6851/1858 5602/6852/1858 1858/6853/1858 5603/6854/1858
f 6083/6855/1858 2055/6856/615 615/6857/615 5604/6858/1858
f 6082/6859/1859 5605/6860/1859 601/6861/601 2041/6862/601
f 6081/6863/1859 5606/6864/1859 1859/6865/1859 5607/6866/1859
f 6080/6867/1859 2054/6868/614 614/6869/614 5608/6870/1859
f 6079/6871/1860 5609/6872/1860 593/6873/593 2033/6874/593
f 6078/6875/1860 5610/6876/1860 1860/6877/1860 5611/6878/1860
f 6077/6879/1860 2053/6880/613 613/6881/613 5612/6882/1860
f 6076/6883/1861 5613/6884/1861 600/6885/600 2040/6886/600
f 6075/6887/1861 5614/6888/1861 1861/6889/1861 5615/6890/1861
f 6074/6891/1861 2052/6892/612 612/6893/612 5616/6894/1861
f 6073/6895/1862 5617/6896/1862 592/6897/592 2032/6898/592
f 6072/6899/1862 5618/6900/1862 1862/6901/1862 5619/6902/1862
f 6071/6903/1862 2051/259/611 611/6904/611 5620/6905/1862
f 6070/6906/1863 5621/6907/1863 599/6908/599 2039/6909/599
f 6069/6910/1863 5622/6911/2001 1863/6912/1863 5623/6913/1863
f 6068/6914/1863 2050/6915/610 610/6916/610 5624/6917/1863
f 1418/6918/1418 5625/6919/2002 3850/6920/1418
f 1418/6918/1418 5626/6921/2002 5625/6919/2002
f 1416/6922/1416 3848/6923/1416 5627/6924/2002
f 611/6904/611 5628/6925/2003 3043/268/611
f 611/6904/611 5629/6926/2003 5628/6925/2003
f 1415/6927/1415 3847/6928/1415 5630/6929/2003
f 6067/6930/1864 5631/6931/1864 598/6932/598 2038/6933/598
f 6066/6934/1864 5632/6935/2004 1864/6936/1864 5633/6937/1864
f 6065/6938/1864 2046/6939/606 606/6940/606 5634/6941/1864
f 6064/6942/1865 5635/6943/1865 605/6944/605 2045/6945/605
f 6063/6946/1865 5636/6947/1865 1865/6948/1865 5637/6949/1865
f 6062/6950/1865 3041/6951/609 609/6952/609 5638/6953/1865
f 6061/6954/1866 5639/6955/1866 597/6956/597 2037/6957/597
f 6060/6958/1866 5640/6959/1866 1866/6960/1866 5641/6961/1866
f 6059/6962/1866 3039/6963/607 607/6964/607 5642/6965/1866
f 6058/6966/1867 5643/6967/1867 571/6968/571 2011/6969/571
f 6057/6970/1867 5644/6971/1867 1867/6972/1867 5645/6973/1867
f 6056/6974/1867 2031/6975/591 591/6976/591 5646/6977/1867
f 6055/6978/1868 5647/6979/1868 563/6980/563 2003/6981/563
f 6054/6982/1868 5648/6983/1868 1868/6984/1868 5649/6985/1868
f 6053/6986/1868 2030/230/590 590/6987/590 5650/6988/1868
f 6052/6989/1869 5651/6990/1869 570/6991/570 2010/6992/570
f 6051/6993/1869 5652/6994/1869 1869/6995/1869 5653/6996/1869
f 6050/6997/1869 2029/6998/589 589/6999/589 5654/7000/1869
f 1416/7001/1416 5655/7002/2005 3848/7003/1416
f 1416/7001/1416 5656/7004/2005 5655/7002/2005
f 1414/7005/1414 3846/7006/1414 5657/7007/2005
f 590/6987/590 5658/7008/2006 3022/239/590
f 590/6987/590 5659/7009/2006 5658/7008/2006
f 1413/7010/1413 3845/7011/1413 5660/7012/2006
f 6049/7013/1870 5661/7014/1870 569/7015/569 2009/7016/569
f 6048/7017/1870 5662/7018/1870 1870/7019/1870 5663/7020/1870
f 6047/7021/1870 2027/7022/587 587/7023/587 5664/7024/1870
f 6046/7025/1871 5665/7026/1871 576/7027/576 2016/7028/576
f 6045/7029/1871 5666/7030/1871 1871/7031/1871 5667/7032/1871
f 6044/7033/1871 2026/7034/586 586/7035/586 5668/7036/1871
f 6043/7037/1872 5669/7038/1872 568/7039/568 2008/7040/568
f 6042/7041/1872 5670/7042/1872 1872/7043/1872 5671/7044/1872
f 6041/7045/1872 2025/7046/585 585/7047/585 5672/7048/1872
f 6040/7049/1873 5673/7050/1873 575/7051/575 2015/7052/575
f 6039/7053/1873 5674/7054/1873 1873/7055/1873 5675/7056/1873
f 6038/7057/1873 2024/7058/584 584/7059/584 5676/7060/1873
f 6037/7061/1874 5677/7062/1874 567/7063/567 2007/7064/567
f 6036/7065/1874 5678/7066/1874 1874/7067/1874 5679/7068/1874
f 6035/7069/1874 2023/7070/583 583/7071/583 5680/7072/1874
f 6034/7073/1875 5681/7074/1875 574/7075/574 2014/7076/574
f 6033/7077/1875 5682/7078/1875 1875/7079/1875 5683/7080/1875
f 6032/7081/1875 2022/7082/582 582/7083/582 5684/7084/1875
f 6031/7085/1876 5685/7086/1876 566/7087/566 2006/7088/566
f 6030/7089/1876 5686/7090/1876 1876/7091/1876 5687/7092/1876
f 6029/7093/1876 2021/7094/581 581/7095/581 5688/7096/1876
f 6028/7097/1877 5689/7098/1877 573/7099/573 2013/7100/573
f 6027/7101/1877 5690/7102/1877 1877/7103/1877 5691/7104/1877
f 6026/7105/1877 2019/7106/579 579/7107/579 5692/7108/1877
f 6025/7109/1878 5693/7110/1878 565/7111/565 2005/7112/565
f 6024/7113/1878 5694/7114/1878 1878/7115/1878 5695/7116/1878
f 6023/7117/1878 2017/7118/577 577/7119/577 5696/7120/1878
f 6022/7121/1879 5697/7122/1879 572/7123/572 2012/7124/572
f 6021/7125/1879 5698/7126/1879 1879/7127/1879 5699/7128/1879
f 6020/7129/1879 3012/7130/580 580/7131/580 5700/7132/1879
f 6019/7133/1880 5701/7134/1880 564/7135/564 2004/7136/564
f 6018/7137/1880 5702/7138/1880 1880/7139/1880 5703/7140/1880
f 6017/7141/1880 3010/7142/578 578/7143/578 5704/7144/1880
f 6016/7145/1881 5705/7146/1881 538/7147/538 1978/7148/538
f 6015/7149/1881 5706/7150/1881 1881/7151/1881 5707/7152/1881
f 6014/7153/1881 2002/7154/562 562/7155/562 5708/7156/1881
f 6013/7157/1882 5709/7158/1882 545/7159/545 1985/7160/545
f 6012/7161/1882 5710/7162/1882 1882/7163/1882 5711/7164/1882
f 6011/7165/1882 2001/7166/561 561/7167/561 5712/7168/1882
f 6010/7169/1883 5713/7170/1883 537/7171/537 1977/7172/537
f 6009/7173/1883 5714/7174/1883 1883/7175/1883 5715/7176/1883
f 6008/7177/1883 2000/7178/560 560/7179/560 5716/7180/1883
f 6007/7181/1884 5717/7182/1884 544/7183/544 1984/7184/544
f 6006/7185/1884 5718/7186/1884 1884/7187/1884 5719/7188/1884
f 6005/7189/1884 1999/7190/559 559/7191/559 5720/7192/1884
f 6004/7193/1885 5721/7194/1885 536/7195/536 1976/7196/536
f 6003/7197/1885 5722/7198/1885 1885/7199/1885 5723/7200/1885
f 6002/7201/1885 1998/7202/558 558/7203/558 5724/7204/1885
f 6001/7205/1886 5725/7206/1886 543/7207/543 1983/7208/543
f 6000/7209/1886 5726/7210/1886 1886/7211/1886 5727/7212/1886
f 5999/7213/1886 1997/7214/557 557/7215/557 5728/7216/1886
f 5998/7217/1887 5729/7218/1887 535/7219/535 1975/7220/535
f 5997/7221/1887 5730/7222/1887 1887/7223/1887 5731/7224/1887
f 5996/7225/1887 1996/7226/556 556/7227/556 5732/7228/1887
f 5995/7229/1888 5733/7230/1888 542/7231/542 1982/7232/542
f 5994/7233/1888 5734/7234/1888 1888/7235/1888 5735/7236/1888
f 5993/7237/1888 1995/7238/555 555/7239/555 5736/7240/1888
f 5992/7241/1889 5737/7242/1889 534/7243/534 1974/7244/534
f 5991/7245/1889 5738/7246/1889 1889/7247/1889 5739/7248/1889
f 5990/7249/1889 1994/141/554 554/7250/554 5740/7251/1889
f 5989/7252/1890 5741/7253/1890 541/7254/541 1981/7255/541
f 5988/7256/1890 5742/7257/1890 1890/7258/1890 5743/7259/1890
f 5987/7260/1890 1993/7261/553 553/7262/553 5744/7263/1890
f 1414/7264/1414 5745/7265/2007 3846/7266/1414
f 1414/7264/1414 5746/7267/2007 5745/7265/2007
f 1412/7268/1412 3844/7269/1412 5747/7270/2007
f 554/7250/554 5748/7271/2008 2986/150/554
f 554/7250/554 5749/7272/2008 5748/7271/2008
f 1411/7273/1411 3843/7274/1411 5750/7275/2008
f 5986/7276/1891 5751/7277/1891 540/7278/540 1980/7279/540
f 5985/7280/1891 5752/7281/1891 1891/7282/1891 5753/7283/1891
f 5984/7284/1891 1990/7285/550 550/7286/550 5754/7287/1891
f 5983/7288/1892 5755/7289/1892 547/7290/547 1987/7291/547
f 5982/7292/1892 5756/7293/1892 1892/7294/1892 5757/7295/1892
f 5981/7296/1892 1988/7297/548 548/7298/548 5758/7299/1892
f 5980/7300/1893 5759/7301/1893 539/7302/539 1979/7303/539
f 5979/7304/1893 5760/7305/1893 1893/7306/1893 5761/7307/1893
f 5978/7308/1893 2983/7309/551 551/7310/551 5762/7311/1893
f 5977/7312/1894 5763/7313/1894 546/7314/546 1986/7315/546
f 5976/7316/1894 5764/7317/2009 1894/7318/1894 5765/7319/1894
f 5975/7320/2009 2981/7321/549 549/7322/549 5766/7323/2009
f 5974/7324/1895 5767/7325/1895 505/7326/505 1945/7327/505
f 5973/7328/1895 5768/7329/1895 1895/7330/1895 5769/7331/1895
f 5972/7332/1895 1973/112/533 533/7333/533 5770/7334/1895
f 5971/7335/1896 5771/7336/2010 512/7337/512 1952/7338/512
f 5970/7339/1896 5772/7340/1896 1896/7341/1896 5773/7342/1896
f 5969/7343/2010 1972/7344/532 532/7345/532 5774/7346/2010
f 1412/7347/1412 5775/7348/2011 3844/7349/1412
f 1412/7347/1412 5776/7350/2011 5775/7348/2011
f 1401/7351/1401 3833/7352/1401 5777/7353/2011
f 533/7333/533 5778/7354/2012 2965/121/533
f 533/7333/533 5779/7355/2012 5778/7354/2012
f 1400/7356/1400 3832/7357/1400 5780/7358/2012
f 5968/7359/2013 5781/7360/2013 511/7361/511 1951/7362/511
f 5967/7363/2013 5782/7364/1897 1897/7365/1897 5783/7366/2013
f 5966/7367/1897 1970/7368/530 530/7369/530 5784/7370/1897
f 5965/7371/1898 5785/7372/1898 518/7373/518 1958/7374/518
f 5964/7375/1898 5786/7376/1898 1898/7377/1898 5787/7378/1898
f 5963/7379/1898 1969/7380/529 529/7381/529 5788/7382/1898
f 5962/7383/1899 5789/7384/1899 510/7385/510 1950/7386/510
f 5961/7387/1899 5790/7388/1899 1899/7389/1899 5791/7390/1899
f 5960/7391/1899 1968/7392/528 528/7393/528 5792/7394/1899
f 5959/7395/1900 5793/7396/1900 517/7397/517 1957/7398/517
f 5958/7399/1900 5794/7400/1900 1900/7401/1900 5795/7402/1900
f 5957/7403/1900 1967/7404/527 527/7405/527 5796/7406/1900
f 5956/7407/1901 5797/7408/1901 509/7409/509 1949/7410/509
f 5955/7411/1901 5798/7412/1901 1901/7413/1901 5799/7414/1901
f 5954/7415/1901 1966/7416/526 526/7417/526 5800/7418/1901
f 5953/7419/1902 5801/7420/1902 516/7421/516 1956/7422/516
f 5952/7423/1902 5802/7424/1902 1902/7425/1902 5803/7426/1902
f 5951/7427/1902 1965/7428/525 525/7429/525 5804/7430/1902
f 5950/7431/1903 5805/7432/1903 508/7433/508 1948/7434/508
f 5949/7435/1903 5806/7436/1903 1903/7437/1903 5807/7438/1903
f 5948/7439/1903 1964/7440/524 524/7441/524 5808/7442/1903
f 5947/7443/1904 5809/7444/1904 515/7445/515 1955/7446/515
f 5946/7447/1904 5810/7448/1904 1904/7449/1904 5811/7450/1904
f 5945/7451/1904 1963/7452/523 523/7453/523 5812/7454/1904
f 5944/7455/1905 5813/7456/1905 507/7457/507 1947/7458/507
f 5943/7459/1905 5814/7460/1905 1905/7461/1905 5815/7462/1905
f 5942/7463/1905 1961/7464/521 521/7465/521 5816/7466/1905
f 5941/7467/1906 5817/7468/1906 514/7469/514 1954/7470/514
f 5940/7471/1906 5818/7472/1906 1906/7473/1906 5819/7474/1906
f 5939/7475/1906 1959/7476/519 519/7477/519 5820/7478/1906
f 5938/7479/1907 5821/7480/1907 506/7481/506 1946/7482/506
f 5937/7483/1907 5822/7484/1907 1907/7485/1907 5823/7486/1907
f 5936/7487/1907 2954/7488/522 522/7489/522 5824/7490/1907
f 5935/7491/1908 5825/7492/1908 513/7493/513 1953/7494/513
f 5934/7495/1908 5826/7496/1908 1908/7497/1908 5827/7498/1908
f 5933/7499/1908 2952/7500/520 520/7501/520 5828/7502/1908
f 5932/7503/1909 5829/7504/1909 486/7505/486 1926/7506/486
f 5931/7507/1909 5830/7508/1909 1909/7509/1909 5831/7510/1909
f 5930/7511/1909 2850/7512/1410 1410/7513/1410 5832/7514/1909
f 5929/7515/1910 5833/7516/1910 493/7517/493 1933/7518/493
f 5928/7519/1910 5834/7520/1910 1910/7521/1910 5835/7522/1910
f 5927/7523/1910 1944/7524/504 504/7525/504 5836/7526/1910
f 5926/7527/1911 5837/7528/1911 485/7529/485 1925/7530/485
f 5925/7531/1911 5838/7532/1911 1911/7533/1911 5839/7534/1911
f 5924/7535/1911 2849/43/1409 1409/7536/1409 5840/7537/1911
f 5923/7538/1912 5841/7539/1912 492/7540/492 1932/7541/492
f 5922/7542/1912 5842/7543/2014 1912/7544/1912 5843/7545/1912
f 5921/7546/2022 1943/7547/503 503/7548/503 5844/7549/2015
f 1401/7550/1401 5845/7551/2016 3833/7552/1401
f 1401/7550/1401 5846/7553/2016 5845/7551/2016
f 1399/7554/1399 3831/7555/1399 5847/7556/2016
f 1409/7536/1409 5848/7557/2017 3841/52/1409
f 1409/7536/1409 5849/7558/2017 5848/7557/2017
f 1390/7559/1390 3822/7560/1390 5850/7561/2018
f 5920/7562/1913 5851/7563/1913 491/7564/491 1931/7565/491
f 5919/7566/2021 5852/7567/2019 1913/7568/1913 5853/7569/2020
f 5918/7570/1913 1942/7571/502 502/7572/502 5854/7573/1913
f 5917/7574/1914 5855/7575/1914 498/7576/498 1938/7577/498
f 5916/7578/1914 5856/7579/1914 1914/7580/1914 5857/7581/1914
f 5915/7582/1914 2847/7583/1407 1407/7584/1407 5858/7585/1914
f 5914/7586/1915 5859/7587/1915 490/7588/490 1930/7589/490
f 5913/7590/1915 5860/7591/1915 1915/7592/1915 5861/7593/1915
f 5912/7594/1915 2846/7595/1406 1406/7596/1406 5862/7597/1915
f 5911/7598/1916 5863/7599/1916 497/7600/497 1937/7601/497
f 5910/7602/1916 5864/7603/1916 1916/7604/1916 5865/7605/1916
f 5909/7606/1916 2845/7607/1405 1405/7608/1405 5866/7609/1916
f 5908/7610/1917 5867/7611/1917 489/7612/489 1929/7613/489
f 5907/7614/1917 5868/7615/1917 1917/7616/1917 5869/7617/1917
f 5906/7618/1917 1941/7619/501 501/7620/501 5870/7621/1917
f 5905/7622/1918 5871/7623/1918 496/7624/496 1936/7625/496
f 5904/7626/1918 5872/7627/1918 1918/7628/1918 5873/7629/1918
f 5903/7630/1918 2844/7631/1404 1404/7632/1404 5874/7633/1918
f 5902/7634/1919 5875/7635/1919 488/7636/488 1928/7637/488
f 5901/7638/1919 5876/7639/1919 1919/7640/1919 5877/7641/1919
f 5900/7642/1919 2843/7643/1403 1403/7644/1403 5878/7645/1919
f 5899/7646/1920 5879/7647/1920 495/7648/495 1935/7649/495
f 5898/7650/1920 5880/7651/1920 1920/7652/1920 5881/7653/1920
f 5897/7654/1920 1939/7655/499 499/7656/499 5882/7657/1920
f 5896/7658/1921 5883/7659/1921 487/7660/487 1927/7661/487
f 5895/7662/1921 5884/7663/1921 1921/7664/1921 5885/7665/1921
f 5894/7666/1921 2932/7667/500 500/7668/500 5886/7669/1921
f 5893/7670/1922 5887/7671/1922 494/7672/494 1934/7673/494
f 5892/7674/1922 5888/7675/1922 1922/7676/1922 5889/7677/1922
f 5891/7678/1922 3834/7679/1402 1402/7680/1402 5890/7681/1922
f 5888/7675/1922 5891/7678/1922 5890/7681/1922 1922/7676/1922
f 1397/1956/1397 3829/1953/1397 5891/7678/1922 5888/7675/1922
f 3829/1953/1397 478/1952/478 3834/7679/1402 5891/7678/1922
f 1939/7655/499 5892/7674/1922 5889/7677/1922 499/7656/499
f 6/1900/6 2837/1957/1397 5892/7674/1922 1939/7655/499
f 2837/1957/1397 1397/1956/1397 5888/7675/1922 5892/7674/1922
f 2931/10/499 5893/7670/1922 1934/7673/494 17/11/17
f 499/7656/499 5889/7677/1922 5893/7670/1922 2931/10/499
f 5889/7677/1922 1922/7676/1922 5887/7671/1922 5893/7670/1922
f 5884/7663/1921 5894/7666/1921 5886/7669/1921 1921/7664/1921
f 1392/2123/1392 3824/1897/1392 5894/7666/1921 5884/7663/1921
f 3824/1897/1392 1/1896/1 2932/7667/500 5894/7666/1921
f 2843/7643/1403 5895/7662/1921 5885/7665/1921 1403/7644/1403
f 476/1904/476 2832/2124/1392 5895/7662/1921 2843/7643/1403
f 2832/2124/1392 1392/2123/1392 5884/7663/1921 5895/7662/1921
f 3835/14/1403 5896/7658/1921 1927/7661/487 10/15/10
f 1403/7644/1403 5885/7665/1921 5896/7658/1921 3835/14/1403
f 5885/7665/1921 1921/7664/1921 5883/7659/1921 5896/7658/1921
f 5880/7651/1920 5897/7654/1920 5882/7657/1920 1920/7652/1920
f 1398/2111/1398 3830/1901/1398 5897/7654/1920 5880/7651/1920
f 3830/1901/1398 6/1900/6 1939/7655/499 5897/7654/1920
f 2844/7631/1404 5898/7650/1920 5881/7653/1920 1404/7632/1404
f 479/1908/479 2838/2112/1398 5898/7650/1920 2844/7631/1404
f 2838/2112/1398 1398/2111/1398 5880/7651/1920 5898/7650/1920
f 3836/18/1404 5899/7646/1920 1935/7649/495 18/19/18
f 1404/7632/1404 5881/7653/1920 5899/7646/1920 3836/18/1404
f 5881/7653/1920 1920/7652/1920 5879/7647/1920 5899/7646/1920
f 5876/7639/1919 5900/7642/1919 5878/7645/1919 1919/7640/1919
f 1393/2099/1393 3825/1905/1393 5900/7642/1919 5876/7639/1919
f 3825/1905/1393 476/1904/476 2843/7643/1403 5900/7642/1919
f 1941/7619/501 5901/7638/1919 5877/7641/1919 501/7620/501
f 2/1912/2 2833/2100/1393 5901/7638/1919 1941/7619/501
f 2833/2100/1393 1393/2099/1393 5876/7639/1919 5901/7638/1919
f 2933/22/501 5902/7634/1919 1928/7637/488 11/23/11
f 501/7620/501 5877/7641/1919 5902/7634/1919 2933/22/501
f 5877/7641/1919 1919/7640/1919 5875/7635/1919 5902/7634/1919
f 5872/7627/1918 5903/7630/1918 5874/7633/1918 1918/7628/1918
f 1378/2087/1378 3810/1909/1378 5903/7630/1918 5872/7627/1918
f 3810/1909/1378 479/1908/479 2844/7631/1404 5903/7630/1918
f 2845/7607/1405 5904/7626/1918 5873/7629/1918 1405/7608/1405
f 480/1916/480 2818/2088/1378 5904/7626/1918 2845/7607/1405
f 2818/2088/1378 1378/2087/1378 5872/7627/1918 5904/7626/1918
f 3837/26/1405 5905/7622/1918 1936/7625/496 19/27/19
f 1405/7608/1405 5873/7629/1918 5905/7622/1918 3837/26/1405
f 5873/7629/1918 1918/7628/1918 5871/7623/1918 5905/7622/1918
f 5868/7615/1917 5906/7618/1917 5870/7621/1917 1917/7616/1917
f 1394/2075/1394 3826/1913/1394 5906/7618/1917 5868/7615/1917
f 3826/1913/1394 2/1912/2 1941/7619/501 5906/7618/1917
f 2846/7595/1406 5907/7614/1917 5869/7617/1917 1406/7596/1406
f 477/1920/477 2834/2076/1394 5907/7614/1917 2846/7595/1406
f 2834/2076/1394 1394/2075/1394 5868/7615/1917 5907/7614/1917
f 3838/30/1406 5908/7610/1917 1929/7613/489 12/31/12
f 1406/7596/1406 5869/7617/1917 5908/7610/1917 3838/30/1406
f 5869/7617/1917 1917/7616/1917 5867/7611/1917 5908/7610/1917
f 5864/7603/1916 5909/7606/1916 5866/7609/1916 1916/7604/1916
f 1379/2063/1379 3811/1917/1379 5909/7606/1916 5864/7603/1916
f 3811/1917/1379 480/1916/480 2845/7607/1405 5909/7606/1916
f 2847/7583/1407 5910/7602/1916 5865/7605/1916 1407/7584/1407
f 481/1924/481 2819/2064/1379 5910/7602/1916 2847/7583/1407
f 2819/2064/1379 1379/2063/1379 5864/7603/1916 5910/7602/1916
f 3839/34/1407 5911/7598/1916 1937/7601/497 20/35/20
f 1407/7584/1407 5865/7605/1916 5911/7598/1916 3839/34/1407
f 5865/7605/1916 1916/7604/1916 5863/7599/1916 5911/7598/1916
f 5860/7591/1915 5912/7594/1915 5862/7597/1915 1915/7592/1915
f 1395/2051/1395 3827/1921/1395 5912/7594/1915 5860/7591/1915
f 3827/1921/1395 477/1920/477 2846/7595/1406 5912/7594/1915
f 1942/7571/502 5913/7590/1915 5861/7593/1915 502/7572/502
f 3/1928/3 2835/2052/1395 5913/7590/1915 1942/7571/502
f 2835/2052/1395 1395/2051/1395 5860/7591/1915 5913/7590/1915
f 2934/38/502 5914/7586/1915 1930/7589/490 13/39/13
f 502/7572/502 5861/7593/1915 5914/7586/1915 2934/38/502
f 5861/7593/1915 1915/7592/1915 5859/7587/1915 5914/7586/1915
f 5856/7579/1914 5915/7582/1914 5858/7585/1914 1914/7580/1914
f 1380/2039/1380 3812/1925/1380 5915/7582/1914 5856/7579/1914
f 3812/1925/1380 481/1924/481 2847/7583/1407 5915/7582/1914
f 2848/7682/1408 5916/7578/1914 5857/7581/1914 1408/7683/1408
f 482/7684/482 2820/2040/1380 5916/7578/1914 2848/7682/1408
f 2820/2040/1380 1380/2039/1380 5856/7579/1914 5916/7578/1914
f 3840/7685/1408 5917/7574/1914 1938/7577/498 21/7686/21
f 1408/7683/1408 5857/7581/1914 5917/7574/1914 3840/7685/1408
f 5857/7581/1914 1914/7580/1914 5855/7575/1914 5917/7574/1914
f 5852/7567/2019 5918/7570/1913 5854/7573/1913 1913/7568/1913
f 483/2027/483 2915/1929/483 5918/7570/1913 5852/7567/2019
f 2915/1929/483 3/1928/3 1942/7571/502 5918/7570/1913
f 1943/7547/503 5919/7566/2021 5853/7569/2020 503/7548/503
f 4/1937/4 1923/2028/483 5919/7566/2021 1943/7547/503
f 1923/2028/483 483/2027/483 5852/7567/2019 5919/7566/2021
f 2935/48/503 5920/7562/1913 1931/7565/491 14/49/14
f 503/7548/503 5853/7569/2020 5920/7562/1913 2935/48/503
f 5853/7569/2020 1913/7568/1913 5851/7563/1913 5920/7562/1913
f 5850/7561/2018 3832/7687/1400 1400/7688/1400
f 5850/7561/2018 3822/7560/1390 3832/7687/1400
f 3822/7560/1390 82/7689/82 3832/7687/1400
f 5848/7557/2017 5850/7561/2018 1400/7688/1400
f 5848/7557/2017 5849/7558/2017 5850/7561/2018
f 5849/7558/2017 1390/7559/1390 5850/7561/2018
f 3841/52/1409 2840/7690/1400 7/53/7
f 3841/52/1409 5848/7557/2017 2840/7690/1400
f 5848/7557/2017 1400/7688/1400 2840/7690/1400
f 5847/7556/2016 2848/7682/1408 1408/7683/1408
f 5847/7556/2016 3831/7555/1399 2848/7682/1408
f 3831/7555/1399 482/7684/482 2848/7682/1408
f 5845/7551/2016 5847/7556/2016 1408/7683/1408
f 5845/7551/2016 5846/7553/2016 5847/7556/2016
f 5846/7553/2016 1399/7554/1399 5847/7556/2016
f 3833/7552/1401 3840/7685/1408 21/7686/21
f 3833/7552/1401 5845/7551/2016 3840/7685/1408
f 5845/7551/2016 1408/7683/1408 3840/7685/1408
f 5842/7543/2014 5921/7546/2022 5844/7549/2015 1912/7544/1912
f 484/2003/484 2916/1938/484 5921/7546/2022 5842/7543/2014
f 2916/1938/484 4/1937/4 1943/7547/503 5921/7546/2022
f 1944/7524/504 5922/7542/1912 5843/7545/1912 504/7525/504
f 5/1944/5 1924/2004/484 5922/7542/1912 1944/7524/504
f 1924/2004/484 484/2003/484 5842/7543/2014 5922/7542/1912
f 2936/56/504 5923/7538/1912 1932/7541/492 15/57/15
f 504/7525/504 5843/7545/1912 5923/7538/1912 2936/56/504
f 5843/7545/1912 1912/7544/1912 5841/7539/1912 5923/7538/1912
f 5838/7532/1911 5924/7535/1911 5840/7537/1911 1911/7533/1911
f 1377/1992/1377 3809/1941/1377 5924/7535/1911 5838/7532/1911
f 3809/1941/1377 474/41/474 2849/43/1409 5924/7535/1911
f 2850/7512/1410 5925/7531/1911 5839/7534/1911 1410/7513/1410
f 475/1948/475 2817/1993/1377 5925/7531/1911 2850/7512/1410
f 2817/1993/1377 1377/1992/1377 5838/7532/1911 5925/7531/1911
f 3842/60/1410 5926/7527/1911 1925/7530/485 8/61/8
f 1410/7513/1410 5839/7534/1911 5926/7527/1911 3842/60/1410
f 5839/7534/1911 1911/7533/1911 5837/7528/1911 5926/7527/1911
f 5834/7520/1910 5927/7523/1910 5836/7526/1910 1910/7521/1910
f 1396/1980/1396 3828/1945/1396 5927/7523/1910 5834/7520/1910
f 3828/1945/1396 5/1944/5 1944/7524/504 5927/7523/1910
f 3834/7679/1402 5928/7519/1910 5835/7522/1910 1402/7680/1402
f 478/1952/478 2836/1981/1396 5928/7519/1910 3834/7679/1402
f 2836/1981/1396 1396/1980/1396 5834/7520/1910 5928/7519/1910
f 2842/2/1402 5929/7515/1910 1933/7518/493 16/3/16
f 1402/7680/1402 5835/7522/1910 5929/7515/1910 2842/2/1402
f 5835/7522/1910 1910/7521/1910 5833/7516/1910 5929/7515/1910
f 5830/7508/1909 5930/7511/1909 5832/7514/1909 1909/7509/1909
f 1391/1968/1391 3823/1949/1391 5930/7511/1909 5830/7508/1909
f 3823/1949/1391 475/1948/475 2850/7512/1410 5930/7511/1909
f 2932/7667/500 5931/7507/1909 5831/7510/1909 500/7668/500
f 1/1896/1 2831/1969/1391 5931/7507/1909 2932/7667/500
f 2831/1969/1391 1391/1968/1391 5830/7508/1909 5931/7507/1909
f 1940/6/500 5932/7503/1909 1926/7506/486 9/7/9
f 500/7668/500 5831/7510/1909 5932/7503/1909 1940/6/500
f 5831/7510/1909 1909/7509/1909 5829/7504/1909 5932/7503/1909
f 5826/7496/1908 5933/7499/1908 5828/7502/1908 1908/7497/1908
f 493/7517/493 2925/58/493 5933/7499/1908 5826/7496/1908
f 2925/58/493 15/57/15 2952/7500/520 5933/7499/1908
f 1959/7476/519 5934/7495/1908 5827/7498/1908 519/7477/519
f 16/3/16 1933/7518/493 5934/7495/1908 1959/7476/519
f 1933/7518/493 493/7517/493 5826/7496/1908 5934/7495/1908
f 2951/72/519 5935/7491/1908 1953/7494/513 31/73/31
f 519/7477/519 5827/7498/1908 5935/7491/1908 2951/72/519
f 5827/7498/1908 1908/7497/1908 5825/7492/1908 5935/7491/1908
f 5822/7484/1907 5936/7487/1907 5824/7490/1907 1907/7485/1907
f 486/7505/486 2918/62/486 5936/7487/1907 5822/7484/1907
f 2918/62/486 8/61/8 2954/7488/522 5936/7487/1907
f 1961/7464/521 5937/7483/1907 5823/7486/1907 521/7465/521
f 9/7/9 1926/7506/486 5937/7483/1907 1961/7464/521
f 1926/7506/486 486/7505/486 5822/7484/1907 5937/7483/1907
f 2953/76/521 5938/7479/1907 1946/7482/506 24/77/24
f 521/7465/521 5823/7486/1907 5938/7479/1907 2953/76/521
f 5823/7486/1907 1907/7485/1907 5821/7480/1907 5938/7479/1907
f 5818/7472/1906 5939/7475/1906 5820/7478/1906 1906/7473/1906
f 494/7672/494 2926/4/494 5939/7475/1906 5818/7472/1906
f 2926/4/494 16/3/16 1959/7476/519 5939/7475/1906
f 1963/7452/523 5940/7471/1906 5819/7474/1906 523/7453/523
f 17/11/17 1934/7673/494 5940/7471/1906 1963/7452/523
f 1934/7673/494 494/7672/494 5818/7472/1906 5940/7471/1906
f 2955/80/523 5941/7467/1906 1954/7470/514 32/81/32
f 523/7453/523 5819/7474/1906 5941/7467/1906 2955/80/523
f 5819/7474/1906 1906/7473/1906 5817/7468/1906 5941/7467/1906
f 5814/7460/1905 5942/7463/1905 5816/7466/1905 1905/7461/1905
f 487/7660/487 2919/8/487 5942/7463/1905 5814/7460/1905
f 2919/8/487 9/7/9 1961/7464/521 5942/7463/1905
f 1964/7440/524 5943/7459/1905 5815/7462/1905 524/7441/524
f 10/15/10 1927/7661/487 5943/7459/1905 1964/7440/524
f 1927/7661/487 487/7660/487 5814/7460/1905 5943/7459/1905
f 2956/84/524 5944/7455/1905 1947/7458/507 25/85/25
f 524/7441/524 5815/7462/1905 5944/7455/1905 2956/84/524
f 5815/7462/1905 1905/7461/1905 5813/7456/1905 5944/7455/1905
f 5810/7448/1904 5945/7451/1904 5812/7454/1904 1904/7449/1904
f 495/7648/495 2927/12/495 5945/7451/1904 5810/7448/1904
f 2927/12/495 17/11/17 1963/7452/523 5945/7451/1904
f 1965/7428/525 5946/7447/1904 5811/7450/1904 525/7429/525
f 18/19/18 1935/7649/495 5946/7447/1904 1965/7428/525
f 1935/7649/495 495/7648/495 5810/7448/1904 5946/7447/1904
f 2957/88/525 5947/7443/1904 1955/7446/515 33/89/33
f 525/7429/525 5811/7450/1904 5947/7443/1904 2957/88/525
f 5811/7450/1904 1904/7449/1904 5809/7444/1904 5947/7443/1904
f 5806/7436/1903 5948/7439/1903 5808/7442/1903 1903/7437/1903
f 488/7636/488 2920/16/488 5948/7439/1903 5806/7436/1903
f 2920/16/488 10/15/10 1964/7440/524 5948/7439/1903
f 1966/7416/526 5949/7435/1903 5807/7438/1903 526/7417/526
f 11/23/11 1928/7637/488 5949/7435/1903 1966/7416/526
f 1928/7637/488 488/7636/488 5806/7436/1903 5949/7435/1903
f 2958/92/526 5950/7431/1903 1948/7434/508 26/93/26
f 526/7417/526 5807/7438/1903 5950/7431/1903 2958/92/526
f 5807/7438/1903 1903/7437/1903 5805/7432/1903 5950/7431/1903
f 5802/7424/1902 5951/7427/1902 5804/7430/1902 1902/7425/1902
f 496/7624/496 2928/20/496 5951/7427/1902 5802/7424/1902
f 2928/20/496 18/19/18 1965/7428/525 5951/7427/1902
f 1967/7404/527 5952/7423/1902 5803/7426/1902 527/7405/527
f 19/27/19 1936/7625/496 5952/7423/1902 1967/7404/527
f 1936/7625/496 496/7624/496 5802/7424/1902 5952/7423/1902
f 2959/96/527 5953/7419/1902 1956/7422/516 34/97/34
f 527/7405/527 5803/7426/1902 5953/7419/1902 2959/96/527
f 5803/7426/1902 1902/7425/1902 5801/7420/1902 5953/7419/1902
f 5798/7412/1901 5954/7415/1901 5800/7418/1901 1901/7413/1901
f 489/7612/489 2921/24/489 5954/7415/1901 5798/7412/1901
f 2921/24/489 11/23/11 1966/7416/526 5954/7415/1901
f 1968/7392/528 5955/7411/1901 5799/7414/1901 528/7393/528
f 12/31/12 1929/7613/489 5955/7411/1901 1968/7392/528
f 1929/7613/489 489/7612/489 5798/7412/1901 5955/7411/1901
f 2960/100/528 5956/7407/1901 1949/7410/509 27/101/27
f 528/7393/528 5799/7414/1901 5956/7407/1901 2960/100/528
f 5799/7414/1901 1901/7413/1901 5797/7408/1901 5956/7407/1901
f 5794/7400/1900 5957/7403/1900 5796/7406/1900 1900/7401/1900
f 497/7600/497 2929/28/497 5957/7403/1900 5794/7400/1900
f 2929/28/497 19/27/19 1967/7404/527 5957/7403/1900
f 1969/7380/529 5958/7399/1900 5795/7402/1900 529/7381/529
f 20/35/20 1937/7601/497 5958/7399/1900 1969/7380/529
f 1937/7601/497 497/7600/497 5794/7400/1900 5958/7399/1900
f 2961/104/529 5959/7395/1900 1957/7398/517 35/105/35
f 529/7381/529 5795/7402/1900 5959/7395/1900 2961/104/529
f 5795/7402/1900 1900/7401/1900 5793/7396/1900 5959/7395/1900
f 5790/7388/1899 5960/7391/1899 5792/7394/1899 1899/7389/1899
f 490/7588/490 2922/32/490 5960/7391/1899 5790/7388/1899
f 2922/32/490 12/31/12 1968/7392/528 5960/7391/1899
f 1970/7368/530 5961/7387/1899 5791/7390/1899 530/7369/530
f 13/39/13 1930/7589/490 5961/7387/1899 1970/7368/530
f 1930/7589/490 490/7588/490 5790/7388/1899 5961/7387/1899
f 2962/108/530 5962/7383/1899 1950/7386/510 28/109/28
f 530/7369/530 5791/7390/1899 5962/7383/1899 2962/108/530
f 5791/7390/1899 1899/7389/1899 5789/7384/1899 5962/7383/1899
f 5786/7376/1898 5963/7379/1898 5788/7382/1898 1898/7377/1898
f 498/7576/498 2930/36/498 5963/7379/1898 5786/7376/1898
f 2930/36/498 20/35/20 1969/7380/529 5963/7379/1898
f 1971/7691/531 5964/7375/1898 5787/7378/1898 531/7692/531
f 21/7686/21 1938/7577/498 5964/7375/1898 1971/7691/531
f 1938/7577/498 498/7576/498 5786/7376/1898 5964/7375/1898
f 2963/7693/531 5965/7371/1898 1958/7374/518 36/7694/36
f 531/7692/531 5787/7378/1898 5965/7371/1898 2963/7693/531
f 5787/7378/1898 1898/7377/1898 5785/7372/1898 5965/7371/1898
f 5782/7364/1897 5966/7367/1897 5784/7370/1897 1897/7365/1897
f 491/7564/491 2923/40/491 5966/7367/1897 5782/7364/1897
f 2923/40/491 13/39/13 1970/7368/530 5966/7367/1897
f 1972/7344/532 5967/7363/2013 5783/7366/2013 532/7345/532
f 14/49/14 1931/7565/491 5967/7363/2013 1972/7344/532
f 1931/7565/491 491/7564/491 5782/7364/1897 5967/7363/2013
f 2964/117/532 5968/7359/2013 1951/7362/511 29/118/29
f 532/7345/532 5783/7366/2013 5968/7359/2013 2964/117/532
f 5783/7366/2013 1897/7365/1897 5781/7360/2013 5968/7359/2013
f 5780/7358/2012 3843/7695/1411 1411/7696/1411
f 5780/7358/2012 3832/7357/1400 3843/7695/1411
f 3832/7357/1400 82/7697/82 3843/7695/1411
f 5778/7354/2012 5780/7358/2012 1411/7696/1411
f 5778/7354/2012 5779/7355/2012 5780/7358/2012
f 5779/7355/2012 1400/7356/1400 5780/7358/2012
f 2965/121/533 2851/7698/1411 22/122/22
f 2965/121/533 5778/7354/2012 2851/7698/1411
f 5778/7354/2012 1411/7696/1411 2851/7698/1411
f 5777/7353/2011 1971/7691/531 531/7692/531
f 5777/7353/2011 3833/7352/1401 1971/7691/531
f 3833/7352/1401 21/7686/21 1971/7691/531
f 5775/7348/2011 5777/7353/2011 531/7692/531
f 5775/7348/2011 5776/7350/2011 5777/7353/2011
f 5776/7350/2011 1401/7351/1401 5777/7353/2011
f 3844/7349/1412 2963/7693/531 36/7694/36
f 3844/7349/1412 5775/7348/2011 2963/7693/531
f 5775/7348/2011 531/7692/531 2963/7693/531
f 5772/7340/1896 5969/7343/2010 5774/7346/2010 1896/7341/1896
f 492/7540/492 2924/50/492 5969/7343/2010 5772/7340/1896
f 2924/50/492 14/49/14 1972/7344/532 5969/7343/2010
f 2952/7500/520 5970/7339/1896 5773/7342/1896 520/7501/520
f 15/57/15 1932/7541/492 5970/7339/1896 2952/7500/520
f 1932/7541/492 492/7540/492 5772/7340/1896 5970/7339/1896
f 1960/64/520 5971/7335/1896 1952/7338/512 30/65/30
f 520/7501/520 5773/7342/1896 5971/7335/1896 1960/64/520
f 5773/7342/1896 1896/7341/1896 5771/7336/2010 5971/7335/1896
f 5768/7329/1895 5972/7332/1895 5770/7334/1895 1895/7330/1895
f 485/7529/485 2917/54/485 5972/7332/1895 5768/7329/1895
f 2917/54/485 7/53/7 1973/112/533 5972/7332/1895
f 2954/7488/522 5973/7328/1895 5769/7331/1895 522/7489/522
f 8/61/8 1925/7530/485 5973/7328/1895 2954/7488/522
f 1925/7530/485 485/7529/485 5768/7329/1895 5973/7328/1895
f 1962/68/522 5974/7324/1895 1945/7327/505 23/69/23
f 522/7489/522 5769/7331/1895 5974/7324/1895 1962/68/522
f 5769/7331/1895 1895/7330/1895 5767/7325/1895 5974/7324/1895
f 5764/7317/2009 5975/7320/2009 5766/7323/2009 1894/7318/1894
f 517/7397/517 2949/98/517 5975/7320/2009 5764/7317/2009
f 2949/98/517 34/97/34 2981/7321/549 5975/7320/2009
f 1988/7297/548 5976/7316/1894 5765/7319/1894 548/7298/548
f 35/105/35 1957/7398/517 5976/7316/1894 1988/7297/548
f 1957/7398/517 517/7397/517 5764/7317/2009 5976/7316/1894
f 2980/133/548 5977/7312/1894 1986/7315/546 50/134/50
f 548/7298/548 5765/7319/1894 5977/7312/1894 2980/133/548
f 5765/7319/1894 1894/7318/1894 5763/7313/1894 5977/7312/1894
f 5760/7305/1893 5978/7308/1893 5762/7311/1893 1893/7306/1893
f 510/7385/510 2942/102/510 5978/7308/1893 5760/7305/1893
f 2942/102/510 27/101/27 2983/7309/551 5978/7308/1893
f 1990/7285/550 5979/7304/1893 5761/7307/1893 550/7286/550
f 28/109/28 1950/7386/510 5979/7304/1893 1990/7285/550
f 1950/7386/510 510/7385/510 5760/7305/1893 5979/7304/1893
f 2982/137/550 5980/7300/1893 1979/7303/539 43/138/43
f 550/7286/550 5761/7307/1893 5980/7300/1893 2982/137/550
f 5761/7307/1893 1893/7306/1893 5759/7301/1893 5980/7300/1893
f 5756/7293/1892 5981/7296/1892 5758/7299/1892 1892/7294/1892
f 518/7373/518 2950/106/518 5981/7296/1892 5756/7293/1892
f 2950/106/518 35/105/35 1988/7297/548 5981/7296/1892
f 1992/7699/552 5982/7292/1892 5757/7295/1892 552/7700/552
f 36/7694/36 1958/7374/518 5982/7292/1892 1992/7699/552
f 1958/7374/518 518/7373/518 5756/7293/1892 5982/7292/1892
f 2984/7701/552 5983/7288/1892 1987/7291/547 51/7702/51
f 552/7700/552 5757/7295/1892 5983/7288/1892 2984/7701/552
f 5757/7295/1892 1892/7294/1892 5755/7289/1892 5983/7288/1892
f 5752/7281/1891 5984/7284/1891 5754/7287/1891 1891/7282/1891
f 511/7361/511 2943/110/511 5984/7284/1891 5752/7281/1891
f 2943/110/511 28/109/28 1990/7285/550 5984/7284/1891
f 1993/7261/553 5985/7280/1891 5753/7283/1891 553/7262/553
f 29/118/29 1951/7362/511 5985/7280/1891 1993/7261/553
f 1951/7362/511 511/7361/511 5752/7281/1891 5985/7280/1891
f 2985/146/553 5986/7276/1891 1980/7279/540 44/147/44
f 553/7262/553 5753/7283/1891 5986/7276/1891 2985/146/553
f 5753/7283/1891 1891/7282/1891 5751/7277/1891 5986/7276/1891
f 5750/7275/2008 3845/7703/1413 1413/7704/1413
f 5750/7275/2008 3843/7274/1411 3845/7703/1413
f 3843/7274/1411 82/7705/82 3845/7703/1413
f 5748/7271/2008 5750/7275/2008 1413/7704/1413
f 5748/7271/2008 5749/7272/2008 5750/7275/2008
f 5749/7272/2008 1411/7273/1411 5750/7275/2008
f 2986/150/554 2853/7706/1413 37/151/37
f 2986/150/554 5748/7271/2008 2853/7706/1413
f 5748/7271/2008 1413/7704/1413 2853/7706/1413
f 5747/7270/2007 1992/7699/552 552/7700/552
f 5747/7270/2007 3844/7269/1412 1992/7699/552
f 3844/7269/1412 36/7694/36 1992/7699/552
f 5745/7265/2007 5747/7270/2007 552/7700/552
f 5745/7265/2007 5746/7267/2007 5747/7270/2007
f 5746/7267/2007 1412/7268/1412 5747/7270/2007
f 3846/7266/1414 2984/7701/552 51/7702/51
f 3846/7266/1414 5745/7265/2007 2984/7701/552
f 5745/7265/2007 552/7700/552 2984/7701/552
f 5742/7257/1890 5987/7260/1890 5744/7263/1890 1890/7258/1890
f 512/7337/512 2944/119/512 5987/7260/1890 5742/7257/1890
f 2944/119/512 29/118/29 1993/7261/553 5987/7260/1890
f 1995/7238/555 5988/7256/1890 5743/7259/1890 555/7239/555
f 30/65/30 1952/7338/512 5988/7256/1890 1995/7238/555
f 1952/7338/512 512/7337/512 5742/7257/1890 5988/7256/1890
f 2987/154/555 5989/7252/1890 1981/7255/541 45/155/45
f 555/7239/555 5743/7259/1890 5989/7252/1890 2987/154/555
f 5743/7259/1890 1890/7258/1890 5741/7253/1890 5989/7252/1890
f 5738/7246/1889 5990/7249/1889 5740/7251/1889 1889/7247/1889
f 505/7326/505 2937/123/505 5990/7249/1889 5738/7246/1889
f 2937/123/505 22/122/22 1994/141/554 5990/7249/1889
f 1996/7226/556 5991/7245/1889 5739/7248/1889 556/7227/556
f 23/69/23 1945/7327/505 5991/7245/1889 1996/7226/556
f 1945/7327/505 505/7326/505 5738/7246/1889 5991/7245/1889
f 2988/158/556 5992/7241/1889 1974/7244/534 38/159/38
f 556/7227/556 5739/7248/1889 5992/7241/1889 2988/158/556
f 5739/7248/1889 1889/7247/1889 5737/7242/1889 5992/7241/1889
f 5734/7234/1888 5993/7237/1888 5736/7240/1888 1888/7235/1888
f 513/7493/513 2945/66/513 5993/7237/1888 5734/7234/1888
f 2945/66/513 30/65/30 1995/7238/555 5993/7237/1888
f 1997/7214/557 5994/7233/1888 5735/7236/1888 557/7215/557
f 31/73/31 1953/7494/513 5994/7233/1888 1997/7214/557
f 1953/7494/513 513/7493/513 5734/7234/1888 5994/7233/1888
f 2989/162/557 5995/7229/1888 1982/7232/542 46/163/46
f 557/7215/557 5735/7236/1888 5995/7229/1888 2989/162/557
f 5735/7236/1888 1888/7235/1888 5733/7230/1888 5995/7229/1888
f 5730/7222/1887 5996/7225/1887 5732/7228/1887 1887/7223/1887
f 506/7481/506 2938/70/506 5996/7225/1887 5730/7222/1887
f 2938/70/506 23/69/23 1996/7226/556 5996/7225/1887
f 1998/7202/558 5997/7221/1887 5731/7224/1887 558/7203/558
f 24/77/24 1946/7482/506 5997/7221/1887 1998/7202/558
f 1946/7482/506 506/7481/506 5730/7222/1887 5997/7221/1887
f 2990/166/558 5998/7217/1887 1975/7220/535 39/167/39
f 558/7203/558 5731/7224/1887 5998/7217/1887 2990/166/558
f 5731/7224/1887 1887/7223/1887 5729/7218/1887 5998/7217/1887
f 5726/7210/1886 5999/7213/1886 5728/7216/1886 1886/7211/1886
f 514/7469/514 2946/74/514 5999/7213/1886 5726/7210/1886
f 2946/74/514 31/73/31 1997/7214/557 5999/7213/1886
f 1999/7190/559 6000/7209/1886 5727/7212/1886 559/7191/559
f 32/81/32 1954/7470/514 6000/7209/1886 1999/7190/559
f 1954/7470/514 514/7469/514 5726/7210/1886 6000/7209/1886
f 2991/170/559 6001/7205/1886 1983/7208/543 47/171/47
f 559/7191/559 5727/7212/1886 6001/7205/1886 2991/170/559
f 5727/7212/1886 1886/7211/1886 5725/7206/1886 6001/7205/1886
f 5722/7198/1885 6002/7201/1885 5724/7204/1885 1885/7199/1885
f 507/7457/507 2939/78/507 6002/7201/1885 5722/7198/1885
f 2939/78/507 24/77/24 1998/7202/558 6002/7201/1885
f 2000/7178/560 6003/7197/1885 5723/7200/1885 560/7179/560
f 25/85/25 1947/7458/507 6003/7197/1885 2000/7178/560
f 1947/7458/507 507/7457/507 5722/7198/1885 6003/7197/1885
f 2992/174/560 6004/7193/1885 1976/7196/536 40/175/40
f 560/7179/560 5723/7200/1885 6004/7193/1885 2992/174/560
f 5723/7200/1885 1885/7199/1885 5721/7194/1885 6004/7193/1885
f 5718/7186/1884 6005/7189/1884 5720/7192/1884 1884/7187/1884
f 515/7445/515 2947/82/515 6005/7189/1884 5718/7186/1884
f 2947/82/515 32/81/32 1999/7190/559 6005/7189/1884
f 2001/7166/561 6006/7185/1884 5719/7188/1884 561/7167/561
f 33/89/33 1955/7446/515 6006/7185/1884 2001/7166/561
f 1955/7446/515 515/7445/515 5718/7186/1884 6006/7185/1884
f 2993/178/561 6007/7181/1884 1984/7184/544 48/179/48
f 561/7167/561 5719/7188/1884 6007/7181/1884 2993/178/561
f 5719/7188/1884 1884/7187/1884 5717/7182/1884 6007/7181/1884
f 5714/7174/1883 6008/7177/1883 5716/7180/1883 1883/7175/1883
f 508/7433/508 2940/86/508 6008/7177/1883 5714/7174/1883
f 2940/86/508 25/85/25 2000/7178/560 6008/7177/1883
f 2002/7154/562 6009/7173/1883 5715/7176/1883 562/7155/562
f 26/93/26 1948/7434/508 6009/7173/1883 2002/7154/562
f 1948/7434/508 508/7433/508 5714/7174/1883 6009/7173/1883
f 2994/182/562 6010/7169/1883 1977/7172/537 41/183/41
f 562/7155/562 5715/7176/1883 6010/7169/1883 2994/182/562
f 5715/7176/1883 1883/7175/1883 5713/7170/1883 6010/7169/1883
f 5710/7162/1882 6011/7165/1882 5712/7168/1882 1882/7163/1882
f 516/7421/516 2948/90/516 6011/7165/1882 5710/7162/1882
f 2948/90/516 33/89/33 2001/7166/561 6011/7165/1882
f 2981/7321/549 6012/7161/1882 5711/7164/1882 549/7322/549
f 34/97/34 1956/7422/516 6012/7161/1882 2981/7321/549
f 1956/7422/516 516/7421/516 5710/7162/1882 6012/7161/1882
f 1989/125/549 6013/7157/1882 1985/7160/545 49/126/49
f 549/7322/549 5711/7164/1882 6013/7157/1882 1989/125/549
f 5711/7164/1882 1882/7163/1882 5709/7158/1882 6013/7157/1882
f 5706/7150/1881 6014/7153/1881 5708/7156/1881 1881/7151/1881
f 509/7409/509 2941/94/509 6014/7153/1881 5706/7150/1881
f 2941/94/509 26/93/26 2002/7154/562 6014/7153/1881
f 2983/7309/551 6015/7149/1881 5707/7152/1881 551/7310/551
f 27/101/27 1949/7410/509 6015/7149/1881 2983/7309/551
f 1949/7410/509 509/7409/509 5706/7150/1881 6015/7149/1881
f 1991/129/551 6016/7145/1881 1978/7148/538 42/130/42
f 551/7310/551 5707/7152/1881 6016/7145/1881 1991/129/551
f 5707/7152/1881 1881/7151/1881 5705/7146/1881 6016/7145/1881
f 5702/7138/1880 6017/7141/1880 5704/7144/1880 1880/7139/1880
f 535/7219/535 2967/160/535 6017/7141/1880 5702/7138/1880
f 2967/160/535 38/159/38 3010/7142/578 6017/7141/1880
f 2017/7118/577 6018/7137/1880 5703/7140/1880 577/7119/577
f 39/167/39 1975/7220/535 6018/7137/1880 2017/7118/577
f 1975/7220/535 535/7219/535 5702/7138/1880 6018/7137/1880
f 3009/194/577 6019/7133/1880 2004/7136/564 54/195/54
f 577/7119/577 5703/7140/1880 6019/7133/1880 3009/194/577
f 5703/7140/1880 1880/7139/1880 5701/7134/1880 6019/7133/1880
f 5698/7126/1879 6020/7129/1879 5700/7132/1879 1879/7127/1879
f 543/7207/543 2975/164/543 6020/7129/1879 5698/7126/1879
f 2975/164/543 46/163/46 3012/7130/580 6020/7129/1879
f 2019/7106/579 6021/7125/1879 5699/7128/1879 579/7107/579
f 47/171/47 1983/7208/543 6021/7125/1879 2019/7106/579
f 1983/7208/543 543/7207/543 5698/7126/1879 6021/7125/1879
f 3011/198/579 6022/7121/1879 2012/7124/572 62/199/62
f 579/7107/579 5699/7128/1879 6022/7121/1879 3011/198/579
f 5699/7128/1879 1879/7127/1879 5697/7122/1879 6022/7121/1879
f 5694/7114/1878 6023/7117/1878 5696/7120/1878 1878/7115/1878
f 536/7195/536 2968/168/536 6023/7117/1878 5694/7114/1878
f 2968/168/536 39/167/39 2017/7118/577 6023/7117/1878
f 2021/7094/581 6024/7113/1878 5695/7116/1878 581/7095/581
f 40/175/40 1976/7196/536 6024/7113/1878 2021/7094/581
f 1976/7196/536 536/7195/536 5694/7114/1878 6024/7113/1878
f 3013/202/581 6025/7109/1878 2005/7112/565 55/203/55
f 581/7095/581 5695/7116/1878 6025/7109/1878 3013/202/581
f 5695/7116/1878 1878/7115/1878 5693/7110/1878 6025/7109/1878
f 5690/7102/1877 6026/7105/1877 5692/7108/1877 1877/7103/1877
f 544/7183/544 2976/172/544 6026/7105/1877 5690/7102/1877
f 2976/172/544 47/171/47 2019/7106/579 6026/7105/1877
f 2022/7082/582 6027/7101/1877 5691/7104/1877 582/7083/582
f 48/179/48 1984/7184/544 6027/7101/1877 2022/7082/582
f 1984/7184/544 544/7183/544 5690/7102/1877 6027/7101/1877
f 3014/206/582 6028/7097/1877 2013/7100/573 63/207/63
f 582/7083/582 5691/7104/1877 6028/7097/1877 3014/206/582
f 5691/7104/1877 1877/7103/1877 5689/7098/1877 6028/7097/1877
f 5686/7090/1876 6029/7093/1876 5688/7096/1876 1876/7091/1876
f 537/7171/537 2969/176/537 6029/7093/1876 5686/7090/1876
f 2969/176/537 40/175/40 2021/7094/581 6029/7093/1876
f 2023/7070/583 6030/7089/1876 5687/7092/1876 583/7071/583
f 41/183/41 1977/7172/537 6030/7089/1876 2023/7070/583
f 1977/7172/537 537/7171/537 5686/7090/1876 6030/7089/1876
f 3015/210/583 6031/7085/1876 2006/7088/566 56/211/56
f 583/7071/583 5687/7092/1876 6031/7085/1876 3015/210/583
f 5687/7092/1876 1876/7091/1876 5685/7086/1876 6031/7085/1876
f 5682/7078/1875 6032/7081/1875 5684/7084/1875 1875/7079/1875
f 545/7159/545 2977/180/545 6032/7081/1875 5682/7078/1875
f 2977/180/545 48/179/48 2022/7082/582 6032/7081/1875
f 2024/7058/584 6033/7077/1875 5683/7080/1875 584/7059/584
f 49/126/49 1985/7160/545 6033/7077/1875 2024/7058/584
f 1985/7160/545 545/7159/545 5682/7078/1875 6033/7077/1875
f 3016/214/584 6034/7073/1875 2014/7076/574 64/215/64
f 584/7059/584 5683/7080/1875 6034/7073/1875 3016/214/584
f 5683/7080/1875 1875/7079/1875 5681/7074/1875 6034/7073/1875
f 5678/7066/1874 6035/7069/1874 5680/7072/1874 1874/7067/1874
f 538/7147/538 2970/184/538 6035/7069/1874 5678/7066/1874
f 2970/184/538 41/183/41 2023/7070/583 6035/7069/1874
f 2025/7046/585 6036/7065/1874 5679/7068/1874 585/7047/585
f 42/130/42 1978/7148/538 6036/7065/1874 2025/7046/585
f 1978/7148/538 538/7147/538 5678/7066/1874 6036/7065/1874
f 3017/218/585 6037/7061/1874 2007/7064/567 57/219/57
f 585/7047/585 5679/7068/1874 6037/7061/1874 3017/218/585
f 5679/7068/1874 1874/7067/1874 5677/7062/1874 6037/7061/1874
f 5674/7054/1873 6038/7057/1873 5676/7060/1873 1873/7055/1873
f 546/7314/546 2978/127/546 6038/7057/1873 5674/7054/1873
f 2978/127/546 49/126/49 2024/7058/584 6038/7057/1873
f 2026/7034/586 6039/7053/1873 5675/7056/1873 586/7035/586
f 50/134/50 1986/7315/546 6039/7053/1873 2026/7034/586
f 1986/7315/546 546/7314/546 5674/7054/1873 6039/7053/1873
f 3018/222/586 6040/7049/1873 2015/7052/575 65/223/65
f 586/7035/586 5675/7056/1873 6040/7049/1873 3018/222/586
f 5675/7056/1873 1873/7055/1873 5673/7050/1873 6040/7049/1873
f 5670/7042/1872 6041/7045/1872 5672/7048/1872 1872/7043/1872
f 539/7302/539 2971/131/539 6041/7045/1872 5670/7042/1872
f 2971/131/539 42/130/42 2025/7046/585 6041/7045/1872
f 2027/7022/587 6042/7041/1872 5671/7044/1872 587/7023/587
f 43/138/43 1979/7303/539 6042/7041/1872 2027/7022/587
f 1979/7303/539 539/7302/539 5670/7042/1872 6042/7041/1872
f 3019/226/587 6043/7037/1872 2008/7040/568 58/227/58
f 587/7023/587 5671/7044/1872 6043/7037/1872 3019/226/587
f 5671/7044/1872 1872/7043/1872 5669/7038/1872 6043/7037/1872
f 5666/7030/1871 6044/7033/1871 5668/7036/1871 1871/7031/1871
f 547/7290/547 2979/135/547 6044/7033/1871 5666/7030/1871
f 2979/135/547 50/134/50 2026/7034/586 6044/7033/1871
f 2028/7707/588 6045/7029/1871 5667/7032/1871 588/7708/588
f 51/7702/51 1987/7291/547 6045/7029/1871 2028/7707/588
f 1987/7291/547 547/7290/547 5666/7030/1871 6045/7029/1871
f 3020/7709/588 6046/7025/1871 2016/7028/576 66/7710/66
f 588/7708/588 5667/7032/1871 6046/7025/1871 3020/7709/588
f 5667/7032/1871 1871/7031/1871 5665/7026/1871 6046/7025/1871
f 5662/7018/1870 6047/7021/1870 5664/7024/1870 1870/7019/1870
f 540/7278/540 2972/139/540 6047/7021/1870 5662/7018/1870
f 2972/139/540 43/138/43 2027/7022/587 6047/7021/1870
f 2029/6998/589 6048/7017/1870 5663/7020/1870 589/6999/589
f 44/147/44 1980/7279/540 6048/7017/1870 2029/6998/589
f 1980/7279/540 540/7278/540 5662/7018/1870 6048/7017/1870
f 3021/235/589 6049/7013/1870 2009/7016/569 59/236/59
f 589/6999/589 5663/7020/1870 6049/7013/1870 3021/235/589
f 5663/7020/1870 1870/7019/1870 5661/7014/1870 6049/7013/1870
f 5660/7012/2006 3847/7711/1415 1415/7712/1415
f 5660/7012/2006 3845/7011/1413 3847/7711/1415
f 3845/7011/1413 82/7713/82 3847/7711/1415
f 5658/7008/2006 5660/7012/2006 1415/7712/1415
f 5658/7008/2006 5659/7009/2006 5660/7012/2006
f 5659/7009/2006 1413/7010/1413 5660/7012/2006
f 3022/239/590 2855/7714/1415 52/240/52
f 3022/239/590 5658/7008/2006 2855/7714/1415
f 5658/7008/2006 1415/7712/1415 2855/7714/1415
f 5657/7007/2005 2028/7707/588 588/7708/588
f 5657/7007/2005 3846/7006/1414 2028/7707/588
f 3846/7006/1414 51/7702/51 2028/7707/588
f 5655/7002/2005 5657/7007/2005 588/7708/588
f 5655/7002/2005 5656/7004/2005 5657/7007/2005
f 5656/7004/2005 1414/7005/1414 5657/7007/2005
f 3848/7003/1416 3020/7709/588 66/7710/66
f 3848/7003/1416 5655/7002/2005 3020/7709/588
f 5655/7002/2005 588/7708/588 3020/7709/588
f 5652/6994/1869 6050/6997/1869 5654/7000/1869 1869/6995/1869
f 541/7254/541 2973/148/541 6050/6997/1869 5652/6994/1869
f 2973/148/541 44/147/44 2029/6998/589 6050/6997/1869
f 2031/6975/591 6051/6993/1869 5653/6996/1869 591/6976/591
f 45/155/45 1981/7255/541 6051/6993/1869 2031/6975/591
f 1981/7255/541 541/7254/541 5652/6994/1869 6051/6993/1869
f 3023/243/591 6052/6989/1869 2010/6992/570 60/244/60
f 591/6976/591 5653/6996/1869 6052/6989/1869 3023/243/591
f 5653/6996/1869 1869/6995/1869 5651/6990/1869 6052/6989/1869
f 5648/6983/1868 6053/6986/1868 5650/6988/1868 1868/6984/1868
f 534/7243/534 2966/152/534 6053/6986/1868 5648/6983/1868
f 2966/152/534 37/151/37 2030/230/590 6053/6986/1868
f 3010/7142/578 6054/6982/1868 5649/6985/1868 578/7143/578
f 38/159/38 1974/7244/534 6054/6982/1868 3010/7142/578
f 1974/7244/534 534/7243/534 5648/6983/1868 6054/6982/1868
f 2018/186/578 6055/6978/1868 2003/6981/563 53/187/53
f 578/7143/578 5649/6985/1868 6055/6978/1868 2018/186/578
f 5649/6985/1868 1868/6984/1868 5647/6979/1868 6055/6978/1868
f 5644/6971/1867 6056/6974/1867 5646/6977/1867 1867/6972/1867
f 542/7231/542 2974/156/542 6056/6974/1867 5644/6971/1867
f 2974/156/542 45/155/45 2031/6975/591 6056/6974/1867
f 3012/7130/580 6057/6970/1867 5645/6973/1867 580/7131/580
f 46/163/46 1982/7232/542 6057/6970/1867 3012/7130/580
f 1982/7232/542 542/7231/542 5644/6971/1867 6057/6970/1867
f 2020/190/580 6058/6966/1867 2011/6969/571 61/191/61
f 580/7131/580 5645/6973/1867 6058/6966/1867 2020/190/580
f 5645/6973/1867 1867/6972/1867 5643/6967/1867 6058/6966/1867
f 5640/6959/1866 6059/6962/1866 5642/6965/1866 1866/6960/1866
f 568/7039/568 3000/220/568 6059/6962/1866 5640/6959/1866
f 3000/220/568 57/219/57 3039/6963/607 6059/6962/1866
f 2046/6939/606 6060/6958/1866 5641/6961/1866 606/6940/606
f 58/227/58 2008/7040/568 6060/6958/1866 2046/6939/606
f 2008/7040/568 568/7039/568 5640/6959/1866 6060/6958/1866
f 3038/255/606 6061/6954/1866 2037/6957/597 73/256/73
f 606/6940/606 5641/6961/1866 6061/6954/1866 3038/255/606
f 5641/6961/1866 1866/6960/1866 5639/6955/1866 6061/6954/1866
f 5636/6947/1865 6062/6950/1865 5638/6953/1865 1865/6948/1865
f 576/7027/576 3008/224/576 6062/6950/1865 5636/6947/1865
f 3008/224/576 65/223/65 3041/6951/609 6062/6950/1865
f 2048/7715/608 6063/6946/1865 5637/6949/1865 608/7716/608
f 66/7710/66 2016/7028/576 6063/6946/1865 2048/7715/608
f 2016/7028/576 576/7027/576 5636/6947/1865 6063/6946/1865
f 3040/7717/608 6064/6942/1865 2045/6945/605 81/7718/81
f 608/7716/608 5637/6949/1865 6064/6942/1865 3040/7717/608
f 5637/6949/1865 1865/6948/1865 5635/6943/1865 6064/6942/1865
f 5632/6935/2004 6065/6938/1864 5634/6941/1864 1864/6936/1864
f 569/7015/569 3001/228/569 6065/6938/1864 5632/6935/2004
f 3001/228/569 58/227/58 2046/6939/606 6065/6938/1864
f 2050/6915/610 6066/6934/1864 5633/6937/1864 610/6916/610
f 59/236/59 2009/7016/569 6066/6934/1864 2050/6915/610
f 2009/7016/569 569/7015/569 5632/6935/2004 6066/6934/1864
f 3042/264/610 6067/6930/1864 2038/6933/598 74/265/74
f 610/6916/610 5633/6937/1864 6067/6930/1864 3042/264/610
f 5633/6937/1864 1864/6936/1864 5631/6931/1864 6067/6930/1864
f 5630/6929/2003 3849/7719/1417 1417/7720/1417
f 5630/6929/2003 3847/6928/1415 3849/7719/1417
f 3847/6928/1415 82/7721/82 3849/7719/1417
f 5628/6925/2003 5630/6929/2003 1417/7720/1417
f 5628/6925/2003 5629/6926/2003 5630/6929/2003
f 5629/6926/2003 1415/6927/1415 5630/6929/2003
f 3043/268/611 2857/7722/1417 67/269/67
f 3043/268/611 5628/6925/2003 2857/7722/1417
f 5628/6925/2003 1417/7720/1417 2857/7722/1417
f 5627/6924/2002 2048/7715/608 608/7716/608
f 5627/6924/2002 3848/6923/1416 2048/7715/608
f 3848/6923/1416 66/7710/66 2048/7715/608
f 5625/6919/2002 5627/6924/2002 608/7716/608
f 5625/6919/2002 5626/6921/2002 5627/6924/2002
f 5626/6921/2002 1416/6922/1416 5627/6924/2002
f 3850/6920/1418 3040/7717/608 81/7718/81
f 3850/6920/1418 5625/6919/2002 3040/7717/608
f 5625/6919/2002 608/7716/608 3040/7717/608
f 5622/6911/2001 6068/6914/1863 5624/6917/1863 1863/6912/1863
f 570/6991/570 3002/237/570 6068/6914/1863 5622/6911/2001
f 3002/237/570 59/236/59 2050/6915/610 6068/6914/1863
f 2052/6892/612 6069/6910/1863 5623/6913/1863 612/6893/612
f 60/244/60 2010/6992/570 6069/6910/1863 2052/6892/612
f 2010/6992/570 570/6991/570 5622/6911/2001 6069/6910/1863
f 3044/272/612 6070/6906/1863 2039/6909/599 75/273/75
f 612/6893/612 5623/6913/1863 6070/6906/1863 3044/272/612
f 5623/6913/1863 1863/6912/1863 5621/6907/1863 6070/6906/1863
f 5618/6900/1862 6071/6903/1862 5620/6905/1862 1862/6901/1862
f 563/6980/563 2995/241/563 6071/6903/1862 5618/6900/1862
f 2995/241/563 52/240/52 2051/259/611 6071/6903/1862
f 2053/6880/613 6072/6899/1862 5619/6902/1862 613/6881/613
f 53/187/53 2003/6981/563 6072/6899/1862 2053/6880/613
f 2003/6981/563 563/6980/563 5618/6900/1862 6072/6899/1862
f 3045/276/613 6073/6895/1862 2032/6898/592 68/277/68
f 613/6881/613 5619/6902/1862 6073/6895/1862 3045/276/613
f 5619/6902/1862 1862/6901/1862 5617/6896/1862 6073/6895/1862
f 5614/6888/1861 6074/6891/1861 5616/6894/1861 1861/6889/1861
f 571/6968/571 3003/245/571 6074/6891/1861 5614/6888/1861
f 3003/245/571 60/244/60 2052/6892/612 6074/6891/1861
f 2054/6868/614 6075/6887/1861 5615/6890/1861 614/6869/614
f 61/191/61 2011/6969/571 6075/6887/1861 2054/6868/614
f 2011/6969/571 571/6968/571 5614/6888/1861 6075/6887/1861
f 3046/280/614 6076/6883/1861 2040/6886/600 76/281/76
f 614/6869/614 5615/6890/1861 6076/6883/1861 3046/280/614
f 5615/6890/1861 1861/6889/1861 5613/6884/1861 6076/6883/1861
f 5610/6876/1860 6077/6879/1860 5612/6882/1860 1860/6877/1860
f 564/7135/564 2996/188/564 6077/6879/1860 5610/6876/1860
f 2996/188/564 53/187/53 2053/6880/613 6077/6879/1860
f 2055/6856/615 6078/6875/1860 5611/6878/1860 615/6857/615
f 54/195/54 2004/7136/564 6078/6875/1860 2055/6856/615
f 2004/7136/564 564/7135/564 5610/6876/1860 6078/6875/1860
f 3047/284/615 6079/6871/1860 2033/6874/593 69/285/69
f 615/6857/615 5611/6878/1860 6079/6871/1860 3047/284/615
f 5611/6878/1860 1860/6877/1860 5609/6872/1860 6079/6871/1860
f 5606/6864/1859 6080/6867/1859 5608/6870/1859 1859/6865/1859
f 572/7123/572 3004/192/572 6080/6867/1859 5606/6864/1859
f 3004/192/572 61/191/61 2054/6868/614 6080/6867/1859
f 2056/6844/616 6081/6863/1859 5607/6866/1859 616/6845/616
f 62/199/62 2012/7124/572 6081/6863/1859 2056/6844/616
f 2012/7124/572 572/7123/572 5606/6864/1859 6081/6863/1859
f 3048/288/616 6082/6859/1859 2041/6862/601 77/289/77
f 616/6845/616 5607/6866/1859 6082/6859/1859 3048/288/616
f 5607/6866/1859 1859/6865/1859 5605/6860/1859 6082/6859/1859
f 5602/6852/1858 6083/6855/1858 5604/6858/1858 1858/6853/1858
f 565/7111/565 2997/196/565 6083/6855/1858 5602/6852/1858
f 2997/196/565 54/195/54 2055/6856/615 6083/6855/1858
f 2057/6832/617 6084/6851/1858 5603/6854/1858 617/6833/617
f 55/203/55 2005/7112/565 6084/6851/1858 2057/6832/617
f 2005/7112/565 565/7111/565 5602/6852/1858 6084/6851/1858
f 3049/292/617 6085/6847/1858 2034/6850/594 70/293/70
f 617/6833/617 5603/6854/1858 6085/6847/1858 3049/292/617
f 5603/6854/1858 1858/6853/1858 5601/6848/1858 6085/6847/1858
f 5598/6840/1857 6086/6843/1857 5600/6846/1857 1857/6841/1857
f 573/7099/573 3005/200/573 6086/6843/1857 5598/6840/1857
f 3005/200/573 62/199/62 2056/6844/616 6086/6843/1857
f 2058/6820/618 6087/6839/1857 5599/6842/1857 618/6821/618
f 63/207/63 2013/7100/573 6087/6839/1857 2058/6820/618
f 2013/7100/573 573/7099/573 5598/6840/1857 6087/6839/1857
f 3050/296/618 6088/6835/1857 2042/6838/602 78/297/78
f 618/6821/618 5599/6842/1857 6088/6835/1857 3050/296/618
f 5599/6842/1857 1857/6841/1857 5597/6836/1857 6088/6835/1857
f 5594/6828/1856 6089/6831/1856 5596/6834/1856 1856/6829/1856
f 566/7087/566 2998/204/566 6089/6831/1856 5594/6828/1856
f 2998/204/566 55/203/55 2057/6832/617 6089/6831/1856
f 2059/6808/619 6090/6827/1856 5595/6830/1856 619/6809/619
f 56/211/56 2006/7088/566 6090/6827/1856 2059/6808/619
f 2006/7088/566 566/7087/566 5594/6828/1856 6090/6827/1856
f 3051/300/619 6091/6823/1856 2035/6826/595 71/301/71
f 619/6809/619 5595/6830/1856 6091/6823/1856 3051/300/619
f 5595/6830/1856 1856/6829/1856 5593/6824/1856 6091/6823/1856
f 5590/6816/1855 6092/6819/1855 5592/6822/1855 1855/6817/1855
f 574/7075/574 3006/208/574 6092/6819/1855 5590/6816/1855
f 3006/208/574 63/207/63 2058/6820/618 6092/6819/1855
f 2060/6796/620 6093/6815/1855 5591/6818/1855 620/6797/620
f 64/215/64 2014/7076/574 6093/6815/1855 2060/6796/620
f 2014/7076/574 574/7075/574 5590/6816/1855 6093/6815/1855
f 3052/304/620 6094/6811/1855 2043/6814/603 79/305/79
f 620/6797/620 5591/6818/1855 6094/6811/1855 3052/304/620
f 5591/6818/1855 1855/6817/1855 5589/6812/1855 6094/6811/1855
f 5586/6804/1854 6095/6807/1854 5588/6810/1854 1854/6805/1854
f 567/7063/567 2999/212/567 6095/6807/1854 5586/6804/1854
f 2999/212/567 56/211/56 2059/6808/619 6095/6807/1854
f 3039/6963/607 6096/6803/1854 5587/6806/1854 607/6964/607
f 57/219/57 2007/7064/567 6096/6803/1854 3039/6963/607
f 2007/7064/567 567/7063/567 5586/6804/1854 6096/6803/1854
f 2047/247/607 6097/6799/1854 2036/6802/596 72/248/72
f 607/6964/607 5587/6806/1854 6097/6799/1854 2047/247/607
f 5587/6806/1854 1854/6805/1854 5585/6800/1854 6097/6799/1854
f 5582/6792/1853 6098/6795/1853 5584/6798/1853 1853/6793/1853
f 575/7051/575 3007/216/575 6098/6795/1853 5582/6792/1853
f 3007/216/575 64/215/64 2060/6796/620 6098/6795/1853
f 3041/6951/609 6099/6791/1853 5583/6794/1853 609/6952/609
f 65/223/65 2015/7052/575 6099/6791/1853 3041/6951/609
f 2015/7052/575 575/7051/575 5582/6792/1853 6099/6791/1853
f 2049/251/609 6100/6787/1853 2044/6790/604 80/252/80
f 609/6952/609 5583/6794/1853 6100/6787/1853 2049/251/609
f 5583/6794/1853 1853/6793/1853 5581/6788/1853 6100/6787/1853
f 5578/6780/1852 6101/6783/1852 5580/6786/1852 1852/6781/1852
f 601/6861/601 3033/282/601 6101/6783/1852 5578/6780/1852
f 3033/282/601 76/281/76 3069/6784/637 6101/6783/1852
f 2076/6760/636 6102/6779/1852 5579/6782/1852 636/6761/636
f 77/289/77 2041/6862/601 6102/6779/1852 2076/6760/636
f 2041/6862/601 601/6861/601 5578/6780/1852 6102/6779/1852
f 3068/316/636 6103/6775/1852 2071/6778/631 93/317/93
f 636/6761/636 5579/6782/1852 6103/6775/1852 3068/316/636
f 5579/6782/1852 1852/6781/1852 5577/6776/1852 6103/6775/1852
f 5574/6768/1851 6104/6771/1851 5576/6774/1851 1851/6769/1851
f 594/6849/594 3026/286/594 6104/6771/1851 5574/6768/1851
f 3026/286/594 69/285/69 3071/6772/639 6104/6771/1851
f 2078/6748/638 6105/6767/1851 5575/6770/1851 638/6749/638
f 70/293/70 2034/6850/594 6105/6767/1851 2078/6748/638
f 2034/6850/594 594/6849/594 5574/6768/1851 6105/6767/1851
f 3070/320/638 6106/6763/1851 2064/6766/624 86/321/86
f 638/6749/638 5575/6770/1851 6106/6763/1851 3070/320/638
f 5575/6770/1851 1851/6769/1851 5573/6764/1851 6106/6763/1851
f 5570/6756/1850 6107/6759/1850 5572/6762/1850 1850/6757/1850
f 602/6837/602 3034/290/602 6107/6759/1850 5570/6756/1850
f 3034/290/602 77/289/77 2076/6760/636 6107/6759/1850
f 2080/6736/640 6108/6755/1850 5571/6758/1850 640/6737/640
f 78/297/78 2042/6838/602 6108/6755/1850 2080/6736/640
f 2042/6838/602 602/6837/602 5570/6756/1850 6108/6755/1850
f 3072/324/640 6109/6751/1850 2072/6754/632 94/325/94
f 640/6737/640 5571/6758/1850 6109/6751/1850 3072/324/640
f 5571/6758/1850 1850/6757/1850 5569/6752/1850 6109/6751/1850
f 5566/6744/1849 6110/6747/1849 5568/6750/1849 1849/6745/1849
f 595/6825/595 3027/294/595 6110/6747/1849 5566/6744/1849
f 3027/294/595 70/293/70 2078/6748/638 6110/6747/1849
f 2081/6724/641 6111/6743/1849 5567/6746/1849 641/6725/641
f 71/301/71 2035/6826/595 6111/6743/1849 2081/6724/641
f 2035/6826/595 595/6825/595 5566/6744/1849 6111/6743/1849
f 3073/328/641 6112/6739/1849 2065/6742/625 87/329/87
f 641/6725/641 5567/6746/1849 6112/6739/1849 3073/328/641
f 5567/6746/1849 1849/6745/1849 5565/6740/1849 6112/6739/1849
f 5562/6732/1848 6113/6735/1848 5564/6738/1848 1848/6733/1848
f 603/6813/603 3035/298/603 6113/6735/1848 5562/6732/1848
f 3035/298/603 78/297/78 2080/6736/640 6113/6735/1848
f 2082/6712/642 6114/6731/1848 5563/6734/1848 642/6713/642
f 79/305/79 2043/6814/603 6114/6731/1848 2082/6712/642
f 2043/6814/603 603/6813/603 5562/6732/1848 6114/6731/1848
f 3074/332/642 6115/6727/1848 2073/6730/633 95/333/95
f 642/6713/642 5563/6734/1848 6115/6727/1848 3074/332/642
f 5563/6734/1848 1848/6733/1848 5561/6728/1848 6115/6727/1848
f 5558/6720/1847 6116/6723/1847 5560/6726/1847 1847/6721/1847
f 596/6801/596 3028/302/596 6116/6723/1847 5558/6720/1847
f 3028/302/596 71/301/71 2081/6724/641 6116/6723/1847
f 2083/6700/643 6117/6719/1847 5559/6722/1847 643/6701/643
f 72/248/72 2036/6802/596 6117/6719/1847 2083/6700/643
f 2036/6802/596 596/6801/596 5558/6720/1847 6117/6719/1847
f 3075/336/643 6118/6715/1847 2066/6718/626 88/337/88
f 643/6701/643 5559/6722/1847 6118/6715/1847 3075/336/643
f 5559/6722/1847 1847/6721/1847 5557/6716/1847 6118/6715/1847
f 5554/6708/1846 6119/6711/1846 5556/6714/1846 1846/6709/1846
f 604/6789/604 3036/306/604 6119/6711/1846 5554/6708/1846
f 3036/306/604 79/305/79 2082/6712/642 6119/6711/1846
f 2084/6688/644 6120/6707/1846 5555/6710/1846 644/6689/644
f 80/252/80 2044/6790/604 6120/6707/1846 2084/6688/644
f 2044/6790/604 604/6789/604 5554/6708/1846 6120/6707/1846
f 3076/340/644 6121/6703/1846 2074/6706/634 96/341/96
f 644/6689/644 5555/6710/1846 6121/6703/1846 3076/340/644
f 5555/6710/1846 1846/6709/1846 5553/6704/2000 6121/6703/1846
f 5550/6696/1845 6122/6699/1845 5552/6702/1845 1845/6697/1845
f 597/6956/597 3029/249/597 6122/6699/1845 5550/6696/1845
f 3029/249/597 72/248/72 2083/6700/643 6122/6699/1845
f 2085/6676/645 6123/6695/1845 5551/6698/1845 645/6677/645
f 73/256/73 2037/6957/597 6123/6695/1845 2085/6676/645
f 2037/6957/597 597/6956/597 5550/6696/1845 6123/6695/1845
f 3077/344/645 6124/6691/1845 2067/6694/627 89/345/89
f 645/6677/645 5551/6698/1845 6124/6691/1845 3077/344/645
f 5551/6698/1845 1845/6697/1845 5549/6692/1845 6124/6691/1845
f 5546/6684/1844 6125/6687/1844 5548/6690/1844 1844/6685/1844
f 605/6944/605 3037/253/605 6125/6687/1844 5546/6684/1844
f 3037/253/605 80/252/80 2084/6688/644 6125/6687/1844
f 2086/7723/646 6126/6683/1844 5547/6686/1844 646/7724/646
f 81/7718/81 2045/6945/605 6126/6683/1844 2086/7723/646
f 2045/6945/605 605/6944/605 5546/6684/1844 6126/6683/1844
f 3078/7725/646 6127/6679/1844 2075/6682/635 97/7726/97
f 646/7724/646 5547/6686/1844 6127/6679/1844 3078/7725/646
f 5547/6686/1844 1844/6685/1844 5545/6680/1844 6127/6679/1844
f 5542/6672/1843 6128/6675/1843 5544/6678/1843 1843/6673/1843
f 598/6932/598 3030/257/598 6128/6675/1843 5542/6672/1843
f 3030/257/598 73/256/73 2085/6676/645 6128/6675/1843
f 2087/6652/647 6129/6671/1843 5543/6674/1843 647/6653/647
f 74/265/74 2038/6933/598 6129/6671/1843 2087/6652/647
f 2038/6933/598 598/6932/598 5542/6672/1843 6129/6671/1843
f 3079/353/647 6130/6667/1843 2068/6670/628 90/354/90
f 647/6653/647 5543/6674/1843 6130/6667/1843 3079/353/647
f 5543/6674/1843 1843/6673/1843 5541/6668/1843 6130/6667/1843
f 5540/6666/1999 3053/7727/621 621/7728/621
f 5540/6666/1999 3849/6665/1417 3053/7727/621
f 3849/6665/1417 82/7729/82 3053/7727/621
f 5538/6662/1999 5540/6666/1999 621/7728/621
f 5538/6662/1999 5539/6663/1999 5540/6666/1999
f 5539/6663/1999 1417/6664/1417 5540/6666/1999
f 3080/357/648 2061/7730/621 83/358/83
f 3080/357/648 5538/6662/1999 2061/7730/621
f 5538/6662/1999 621/7728/621 2061/7730/621
f 5537/6661/1998 2086/7723/646 646/7724/646
f 5537/6661/1998 3850/6660/1418 2086/7723/646
f 3850/6660/1418 81/7718/81 2086/7723/646
f 5535/6656/1998 5537/6661/1998 646/7724/646
f 5535/6656/1998 5536/6658/1998 5537/6661/1998
f 5536/6658/1998 1418/6659/1418 5537/6661/1998
f 3851/6657/1419 3078/7725/646 97/7726/97
f 3851/6657/1419 5535/6656/1998 3078/7725/646
f 5535/6656/1998 646/7724/646 3078/7725/646
f 5532/6648/1842 6131/6651/1842 5534/6654/1842 1842/6649/1842
f 599/6908/599 3031/266/599 6131/6651/1842 5532/6648/1842
f 3031/266/599 74/265/74 2087/6652/647 6131/6651/1842
f 2089/6629/649 6132/6647/1842 5533/6650/1842 649/6630/649
f 75/273/75 2039/6909/599 6132/6647/1842 2089/6629/649
f 2039/6909/599 599/6908/599 5532/6648/1842 6132/6647/1842
f 3081/361/649 6133/6643/1842 2069/6646/629 91/362/91
f 649/6630/649 5533/6650/1842 6133/6643/1842 3081/361/649
f 5533/6650/1842 1842/6649/1842 5531/6644/1842 6133/6643/1842
f 5528/6637/1841 6134/6640/1841 5530/6642/1841 1841/6638/1841
f 592/6897/592 3024/270/592 6134/6640/1841 5528/6637/1841
f 3024/270/592 67/269/67 2088/348/648 6134/6640/1841
f 2090/6617/650 6135/6636/1841 5529/6639/1841 650/6618/650
f 68/277/68 2032/6898/592 6135/6636/1841 2090/6617/650
f 2032/6898/592 592/6897/592 5528/6637/1841 6135/6636/1841
f 3082/365/650 6136/6632/1841 2062/6635/622 84/366/84
f 650/6618/650 5529/6639/1841 6136/6632/1841 3082/365/650
f 5529/6639/1841 1841/6638/1841 5527/6633/1841 6136/6632/1841
f 5524/6625/1840 6137/6628/1840 5526/6631/1840 1840/6626/1840
f 600/6885/600 3032/274/600 6137/6628/1840 5524/6625/1840
f 3032/274/600 75/273/75 2089/6629/649 6137/6628/1840
f 3069/6784/637 6138/6624/1840 5525/6627/1840 637/6785/637
f 76/281/76 2040/6886/600 6138/6624/1840 3069/6784/637
f 2040/6886/600 600/6885/600 5524/6625/1840 6138/6624/1840
f 2077/308/637 6139/6620/1840 2070/6623/630 92/309/92
f 637/6785/637 5525/6627/1840 6139/6620/1840 2077/308/637
f 5525/6627/1840 1840/6626/1840 5523/6621/1840 6139/6620/1840
f 5520/6613/1839 6140/6616/1839 5522/6619/1839 1839/6614/1839
f 593/6873/593 3025/278/593 6140/6616/1839 5520/6613/1839
f 3025/278/593 68/277/68 2090/6617/650 6140/6616/1839
f 3071/6772/639 6141/6612/1839 5521/6615/1839 639/6773/639
f 69/285/69 2033/6874/593 6141/6612/1839 3071/6772/639
f 2033/6874/593 593/6873/593 5520/6613/1839 6141/6612/1839
f 2079/312/639 6142/6608/1839 2063/6611/623 85/313/85
f 639/6773/639 5521/6615/1839 6142/6608/1839 2079/312/639
f 5521/6615/1839 1839/6614/1839 5519/6609/1997 6142/6608/1839
f 5516/6601/1838 6143/6604/1838 5518/6607/1838 1838/6602/1838
f 635/6681/635 3067/342/635 6143/6604/1838 5516/6601/1838
f 3067/342/635 96/341/96 3098/6605/666 6143/6604/1838
f 2105/7731/665 6144/6600/1838 5517/6603/1838 665/7732/665
f 97/7726/97 2075/6682/635 6144/6600/1838 2105/7731/665
f 2075/6682/635 635/6681/635 5516/6601/1838 6144/6600/1838
f 3097/7733/665 6145/6596/1838 2104/6599/664 112/7734/112
f 665/7732/665 5517/6603/1838 6145/6596/1838 3097/7733/665
f 5517/6603/1838 1838/6602/1838 5515/6597/1838 6145/6596/1838
f 5512/6589/1837 6146/6592/1837 5514/6595/1837 1837/6590/1837
f 628/6669/628 3060/346/628 6146/6592/1837 5512/6589/1837
f 3060/346/628 89/345/89 3100/6593/668 6146/6592/1837
f 2107/6569/667 6147/6588/1837 5513/6591/1837 667/6570/667
f 90/354/90 2068/6670/628 6147/6588/1837 2107/6569/667
f 2068/6670/628 628/6669/628 5512/6589/1837 6147/6588/1837
f 3099/382/667 6148/6584/1837 2097/6587/657 105/383/105
f 667/6570/667 5513/6591/1837 6148/6584/1837 3099/382/667
f 5513/6591/1837 1837/6590/1837 5511/6585/1837 6148/6584/1837
f 5510/6583/1996 3852/7735/1420 1420/7736/1420
f 5510/6583/1996 3053/6582/621 3852/7735/1420
f 3053/6582/621 82/7737/82 3852/7735/1420
f 5508/6579/1996 5510/6583/1996 1420/7736/1420
f 5508/6579/1996 5509/6580/1996 5510/6583/1996
f 5509/6580/1996 621/6581/621 5510/6583/1996
f 3101/386/669 2860/7738/1420 98/387/98
f 3101/386/669 5508/6579/1996 2860/7738/1420
f 5508/6579/1996 1420/7736/1420 2860/7738/1420
f 5507/6578/1995 2105/7731/665 665/7732/665
f 5507/6578/1995 3851/6577/1419 2105/7731/665
f 3851/6577/1419 97/7726/97 2105/7731/665
f 5505/6573/1995 5507/6578/1995 665/7732/665
f 5505/6573/1995 5506/6575/1995 5507/6578/1995
f 5506/6575/1995 1419/6576/1419 5507/6578/1995
f 3853/6574/1421 3097/7733/665 112/7734/112
f 3853/6574/1421 5505/6573/1995 3097/7733/665
f 5505/6573/1995 665/7732/665 3097/7733/665
f 5502/6565/1836 6149/6568/1836 5504/6571/1836 1836/6566/1836
f 629/6645/629 3061/355/629 6149/6568/1836 5502/6565/1836
f 3061/355/629 90/354/90 2107/6569/667 6149/6568/1836
f 2110/6546/670 6150/6564/1836 5503/6567/1836 670/6547/670
f 91/362/91 2069/6646/629 6150/6564/1836 2110/6546/670
f 2069/6646/629 629/6645/629 5502/6565/1836 6150/6564/1836
f 3102/390/670 6151/6560/1836 2098/6563/658 106/391/106
f 670/6547/670 5503/6567/1836 6151/6560/1836 3102/390/670
f 5503/6567/1836 1836/6566/1836 5501/6561/1836 6151/6560/1836
f 5498/6554/1835 6152/6557/1835 5500/6559/1835 1835/6555/1835
f 622/6634/622 3054/359/622 6152/6557/1835 5498/6554/1835
f 3054/359/622 83/358/83 2109/377/669 6152/6557/1835
f 2111/6534/671 6153/6553/1835 5499/6556/1835 671/6535/671
f 84/366/84 2062/6635/622 6153/6553/1835 2111/6534/671
f 2062/6635/622 622/6634/622 5498/6554/1835 6153/6553/1835
f 3103/394/671 6154/6549/1835 2091/6552/651 99/395/99
f 671/6535/671 5499/6556/1835 6154/6549/1835 3103/394/671
f 5499/6556/1835 1835/6555/1835 5497/6550/1835 6154/6549/1835
f 5494/6542/1834 6155/6545/1834 5496/6548/1834 1834/6543/1834
f 630/6622/630 3062/363/630 6155/6545/1834 5494/6542/1834
f 3062/363/630 91/362/91 2110/6546/670 6155/6545/1834
f 2112/6522/672 6156/6541/1834 5495/6544/1834 672/6523/672
f 92/309/92 2070/6623/630 6156/6541/1834 2112/6522/672
f 2070/6623/630 630/6622/630 5494/6542/1834 6156/6541/1834
f 3104/398/672 6157/6537/1834 2099/6540/659 107/399/107
f 672/6523/672 5495/6544/1834 6157/6537/1834 3104/398/672
f 5495/6544/1834 1834/6543/1834 5493/6538/1834 6157/6537/1834
f 5490/6530/1833 6158/6533/1833 5492/6536/1833 1833/6531/1833
f 623/6610/623 3055/367/623 6158/6533/1833 5490/6530/1833
f 3055/367/623 84/366/84 2111/6534/671 6158/6533/1833
f 2113/6510/673 6159/6529/1833 5491/6532/1833 673/6511/673
f 85/313/85 2063/6611/623 6159/6529/1833 2113/6510/673
f 2063/6611/623 623/6610/623 5490/6530/1833 6159/6529/1833
f 3105/402/673 6160/6525/1833 2092/6528/652 100/403/100
f 673/6511/673 5491/6532/1833 6160/6525/1833 3105/402/673
f 5491/6532/1833 1833/6531/1833 5489/6526/1833 6160/6525/1833
f 5486/6518/1832 6161/6521/1832 5488/6524/1832 1832/6519/1832
f 631/6777/631 3063/310/631 6161/6521/1832 5486/6518/1832
f 3063/310/631 92/309/92 2112/6522/672 6161/6521/1832
f 2114/6498/674 6162/6517/1832 5487/6520/1832 674/6499/674
f 93/317/93 2071/6778/631 6162/6517/1832 2114/6498/674
f 2071/6778/631 631/6777/631 5486/6518/1832 6162/6517/1832
f 3106/406/674 6163/6513/1832 2100/6516/660 108/407/108
f 674/6499/674 5487/6520/1832 6163/6513/1832 3106/406/674
f 5487/6520/1832 1832/6519/1832 5485/6514/1832 6163/6513/1832
f 5482/6506/1831 6164/6509/1831 5484/6512/1831 1831/6507/1831
f 624/6765/624 3056/314/624 6164/6509/1831 5482/6506/1831
f 3056/314/624 85/313/85 2113/6510/673 6164/6509/1831
f 2115/6486/675 6165/6505/1831 5483/6508/1831 675/6487/675
f 86/321/86 2064/6766/624 6165/6505/1831 2115/6486/675
f 2064/6766/624 624/6765/624 5482/6506/1831 6165/6505/1831
f 3107/410/675 6166/6501/1831 2093/6504/653 101/411/101
f 675/6487/675 5483/6508/1831 6166/6501/1831 3107/410/675
f 5483/6508/1831 1831/6507/1831 5481/6502/1831 6166/6501/1831
f 5478/6494/1830 6167/6497/1830 5480/6500/1830 1830/6495/1830
f 632/6753/632 3064/318/632 6167/6497/1830 5478/6494/1830
f 3064/318/632 93/317/93 2114/6498/674 6167/6497/1830
f 2116/6474/676 6168/6493/1830 5479/6496/1830 676/6475/676
f 94/325/94 2072/6754/632 6168/6493/1830 2116/6474/676
f 2072/6754/632 632/6753/632 5478/6494/1830 6168/6493/1830
f 3108/414/676 6169/6489/1830 2101/6492/661 109/415/109
f 676/6475/676 5479/6496/1830 6169/6489/1830 3108/414/676
f 5479/6496/1830 1830/6495/1830 5477/6490/1830 6169/6489/1830
f 5474/6482/1829 6170/6485/1829 5476/6488/1829 1829/6483/1829
f 625/6741/625 3057/322/625 6170/6485/1829 5474/6482/1829
f 3057/322/625 86/321/86 2115/6486/675 6170/6485/1829
f 2117/6462/677 6171/6481/1829 5475/6484/1829 677/6463/677
f 87/329/87 2065/6742/625 6171/6481/1829 2117/6462/677
f 2065/6742/625 625/6741/625 5474/6482/1829 6171/6481/1829
f 3109/418/677 6172/6477/1829 2094/6480/654 102/419/102
f 677/6463/677 5475/6484/1829 6172/6477/1829 3109/418/677
f 5475/6484/1829 1829/6483/1829 5473/6478/1829 6172/6477/1829
f 5470/6470/1828 6173/6473/1828 5472/6476/1828 1828/6471/1828
f 633/6729/633 3065/326/633 6173/6473/1828 5470/6470/1828
f 3065/326/633 94/325/94 2116/6474/676 6173/6473/1828
f 2118/6450/678 6174/6469/1828 5471/6472/1828 678/6451/678
f 95/333/95 2073/6730/633 6174/6469/1828 2118/6450/678
f 2073/6730/633 633/6729/633 5470/6470/1828 6174/6469/1828
f 3110/422/678 6175/6465/1828 2102/6468/662 110/423/110
f 678/6451/678 5471/6472/1828 6175/6465/1828 3110/422/678
f 5471/6472/1828 1828/6471/1828 5469/6466/1828 6175/6465/1828
f 5466/6458/1827 6176/6461/1827 5468/6464/1827 1827/6459/1827
f 626/6717/626 3058/330/626 6176/6461/1827 5466/6458/1827
f 3058/330/626 87/329/87 2117/6462/677 6176/6461/1827
f 2119/6438/679 6177/6457/1827 5467/6460/1827 679/6439/679
f 88/337/88 2066/6718/626 6177/6457/1827 2119/6438/679
f 2066/6718/626 626/6717/626 5466/6458/1827 6177/6457/1827
f 3111/426/679 6178/6453/1827 2095/6456/655 103/427/103
f 679/6439/679 5467/6460/1827 6178/6453/1827 3111/426/679
f 5467/6460/1827 1827/6459/1827 5465/6454/1827 6178/6453/1827
f 5462/6446/1826 6179/6449/1826 5464/6452/1826 1826/6447/1826
f 634/6705/634 3066/334/634 6179/6449/1826 5462/6446/1826
f 3066/334/634 95/333/95 2118/6450/678 6179/6449/1826
f 3098/6605/666 6180/6445/1826 5463/6448/1826 666/6606/666
f 96/341/96 2074/6706/634 6180/6445/1826 3098/6605/666
f 2074/6706/634 634/6705/634 5462/6446/1826 6180/6445/1826
f 2106/369/666 6181/6441/1826 2103/6444/663 111/370/111
f 666/6606/666 5463/6448/1826 6181/6441/1826 2106/369/666
f 5463/6448/1826 1826/6447/1826 5461/6442/1826 6181/6441/1826
f 5458/6434/1825 6182/6437/1825 5460/6440/1825 1825/6435/1825
f 627/6693/627 3059/338/627 6182/6437/1825 5458/6434/1825
f 3059/338/627 88/337/88 2119/6438/679 6182/6437/1825
f 3100/6593/668 6183/6433/1825 5459/6436/1825 668/6594/668
f 89/345/89 2067/6694/627 6183/6433/1825 3100/6593/668
f 2067/6694/627 627/6693/627 5458/6434/1825 6183/6433/1825
f 2108/373/668 6184/6429/1825 2096/6432/656 104/374/104
f 668/6594/668 5459/6436/1825 6184/6429/1825 2108/373/668
f 5459/6436/1825 1825/6435/1825 5457/6430/1825 6184/6429/1825
f 5454/6422/1824 6185/6425/1824 5456/6428/1824 1824/6423/1824
f 653/6503/653 3085/404/653 6185/6425/1824 5454/6422/1824
f 3085/404/653 100/403/100 3127/6426/695 6185/6425/1824
f 2134/6402/694 6186/6421/1824 5455/6424/1824 694/6403/694
f 101/411/101 2093/6504/653 6186/6421/1824 2134/6402/694
f 2093/6504/653 653/6503/653 5454/6422/1824 6186/6421/1824
f 3126/438/694 6187/6417/1824 2122/6420/682 116/439/116
f 694/6403/694 5455/6424/1824 6187/6417/1824 3126/438/694
f 5455/6424/1824 1824/6423/1824 5453/6418/1824 6187/6417/1824
f 5450/6410/1823 6188/6413/1823 5452/6416/1823 1823/6411/1823
f 661/6491/661 3093/408/661 6188/6413/1823 5450/6410/1823
f 3093/408/661 108/407/108 3129/6414/697 6188/6413/1823
f 2136/6390/696 6189/6409/1823 5451/6412/1823 696/6391/696
f 109/415/109 2101/6492/661 6189/6409/1823 2136/6390/696
f 2101/6492/661 661/6491/661 5450/6410/1823 6189/6409/1823
f 3128/442/696 6190/6405/1823 2130/6408/690 124/443/124
f 696/6391/696 5451/6412/1823 6190/6405/1823 3128/442/696
f 5451/6412/1823 1823/6411/1823 5449/6406/1823 6190/6405/1823
f 5446/6398/1822 6191/6401/1822 5448/6404/1822 1822/6399/1822
f 654/6479/654 3086/412/654 6191/6401/1822 5446/6398/1822
f 3086/412/654 101/411/101 2134/6402/694 6191/6401/1822
f 2138/6378/698 6192/6397/1822 5447/6400/1822 698/6379/698
f 102/419/102 2094/6480/654 6192/6397/1822 2138/6378/698
f 2094/6480/654 654/6479/654 5446/6398/1822 6192/6397/1822
f 3130/446/698 6193/6393/1822 2123/6396/683 117/447/117
f 698/6379/698 5447/6400/1822 6193/6393/1822 3130/446/698
f 5447/6400/1822 1822/6399/1822 5445/6394/1822 6193/6393/1822
f 5442/6386/1821 6194/6389/1821 5444/6392/1821 1821/6387/1821
f 662/6467/662 3094/416/662 6194/6389/1821 5442/6386/1821
f 3094/416/662 109/415/109 2136/6390/696 6194/6389/1821
f 2139/6366/699 6195/6385/1821 5443/6388/1821 699/6367/699
f 110/423/110 2102/6468/662 6195/6385/1821 2139/6366/699
f 2102/6468/662 662/6467/662 5442/6386/1821 6195/6385/1821
f 3131/450/699 6196/6381/1821 2131/6384/691 125/451/125
f 699/6367/699 5443/6388/1821 6196/6381/1821 3131/450/699
f 5443/6388/1821 1821/6387/1821 5441/6382/1821 6196/6381/1821
f 5438/6374/1820 6197/6377/1820 5440/6380/1820 1820/6375/1820
f 655/6455/655 3087/420/655 6197/6377/1820 5438/6374/1820
f 3087/420/655 102/419/102 2138/6378/698 6197/6377/1820
f 2140/6354/700 6198/6373/1820 5439/6376/1820 700/6355/700
f 103/427/103 2095/6456/655 6198/6373/1820 2140/6354/700
f 2095/6456/655 655/6455/655 5438/6374/1820 6198/6373/1820
f 3132/454/700 6199/6369/1820 2124/6372/684 118/455/118
f 700/6355/700 5439/6376/1820 6199/6369/1820 3132/454/700
f 5439/6376/1820 1820/6375/1820 5437/6370/1820 6199/6369/1820
f 5434/6362/1819 6200/6365/1819 5436/6368/1819 1819/6363/1819
f 663/6443/663 3095/424/663 6200/6365/1819 5434/6362/1819
f 3095/424/663 110/423/110 2139/6366/699 6200/6365/1819
f 2141/6342/701 6201/6361/1819 5435/6364/1819 701/6343/701
f 111/370/111 2103/6444/663 6201/6361/1819 2141/6342/701
f 2103/6444/663 663/6443/663 5434/6362/1819 6201/6361/1819
f 3133/458/701 6202/6357/1819 2132/6360/692 126/459/126
f 701/6343/701 5435/6364/1819 6202/6357/1819 3133/458/701
f 5435/6364/1819 1819/6363/1819 5433/6358/1819 6202/6357/1819
f 5430/6350/1818 6203/6353/1818 5432/6356/1818 1818/6351/1818
f 656/6431/656 3088/428/656 6203/6353/1818 5430/6350/1818
f 3088/428/656 103/427/103 2140/6354/700 6203/6353/1818
f 2142/6330/702 6204/6349/1818 5431/6352/1818 702/6331/702
f 104/374/104 2096/6432/656 6204/6349/1818 2142/6330/702
f 2096/6432/656 656/6431/656 5430/6350/1818 6204/6349/1818
f 3134/462/702 6205/6345/1818 2125/6348/685 119/463/119
f 702/6331/702 5431/6352/1818 6205/6345/1818 3134/462/702
f 5431/6352/1818 1818/6351/1818 5429/6346/1818 6205/6345/1818
f 5426/6338/1817 6206/6341/1817 5428/6344/1817 1817/6339/1817
f 664/6598/664 3096/371/664 6206/6341/1817 5426/6338/1817
f 3096/371/664 111/370/111 2141/6342/701 6206/6341/1817
f 2143/7739/703 6207/6337/1817 5427/6340/1817 703/7740/703
f 112/7734/112 2104/6599/664 6207/6337/1817 2143/7739/703
f 2104/6599/664 664/6598/664 5426/6338/1817 6207/6337/1817
f 3135/7741/703 6208/6333/1817 2133/6336/693 127/7742/127
f 703/7740/703 5427/6340/1817 6208/6333/1817 3135/7741/703
f 5427/6340/1817 1817/6339/1817 5425/6334/1817 6208/6333/1817
f 5422/6326/1816 6209/6329/1816 5424/6332/1816 1816/6327/1816
f 657/6586/657 3089/375/657 6209/6329/1816 5422/6326/1816
f 3089/375/657 104/374/104 2142/6330/702 6209/6329/1816
f 2144/6306/704 6210/6325/1816 5423/6328/1816 704/6307/704
f 105/383/105 2097/6587/657 6210/6325/1816 2144/6306/704
f 2097/6587/657 657/6586/657 5422/6326/1816 6210/6325/1816
f 3136/471/704 6211/6321/1816 2126/6324/686 120/472/120
f 704/6307/704 5423/6328/1816 6211/6321/1816 3136/471/704
f 5423/6328/1816 1816/6327/1816 5421/6322/1816 6211/6321/1816
f 5420/6320/1994 3854/7743/1422 1422/7744/1422
f 5420/6320/1994 3852/6319/1420 3854/7743/1422
f 3852/6319/1420 82/7745/82 3854/7743/1422
f 5418/6316/1994 5420/6320/1994 1422/7744/1422
f 5418/6316/1994 5419/6317/1994 5420/6320/1994
f 5419/6317/1994 1420/6318/1420 5420/6320/1994
f 3137/475/705 2862/7746/1422 113/476/113
f 3137/475/705 5418/6316/1994 2862/7746/1422
f 5418/6316/1994 1422/7744/1422 2862/7746/1422
f 5417/6315/1993 2143/7739/703 703/7740/703
f 5417/6315/1993 3853/6314/1421 2143/7739/703
f 3853/6314/1421 112/7734/112 2143/7739/703
f 5415/6310/1993 5417/6315/1993 703/7740/703
f 5415/6310/1993 5416/6312/1993 5417/6315/1993
f 5416/6312/1993 1421/6313/1421 5417/6315/1993
f 3855/6311/1423 3135/7741/703 127/7742/127
f 3855/6311/1423 5415/6310/1993 3135/7741/703
f 5415/6310/1993 703/7740/703 3135/7741/703
f 5412/6302/1815 6212/6305/1815 5414/6308/1815 1815/6303/1815
f 658/6562/658 3090/384/658 6212/6305/1815 5412/6302/1815
f 3090/384/658 105/383/105 2144/6306/704 6212/6305/1815
f 2146/6283/706 6213/6301/1815 5413/6304/1815 706/6284/706
f 106/391/106 2098/6563/658 6213/6301/1815 2146/6283/706
f 2098/6563/658 658/6562/658 5412/6302/1815 6213/6301/1815
f 3138/479/706 6214/6297/1815 2127/6300/687 121/480/121
f 706/6284/706 5413/6304/1815 6214/6297/1815 3138/479/706
f 5413/6304/1815 1815/6303/1815 5411/6298/1815 6214/6297/1815
f 5408/6291/1814 6215/6294/1814 5410/6296/1814 1814/6292/1814
f 651/6551/651 3083/388/651 6215/6294/1814 5408/6291/1814
f 3083/388/651 98/387/98 2145/466/705 6215/6294/1814
f 2147/6271/707 6216/6290/1814 5409/6293/1814 707/6272/707
f 99/395/99 2091/6552/651 6216/6290/1814 2147/6271/707
f 2091/6552/651 651/6551/651 5408/6291/1814 6216/6290/1814
f 3139/483/707 6217/6286/1814 2120/6289/680 114/484/114
f 707/6272/707 5409/6293/1814 6217/6286/1814 3139/483/707
f 5409/6293/1814 1814/6292/1814 5407/6287/1814 6217/6286/1814
f 5404/6279/1813 6218/6282/1813 5406/6285/1813 1813/6280/1813
f 659/6539/659 3091/392/659 6218/6282/1813 5404/6279/1813
f 3091/392/659 106/391/106 2146/6283/706 6218/6282/1813
f 2148/6259/708 6219/6278/1813 5405/6281/1813 708/6260/708
f 107/399/107 2099/6540/659 6219/6278/1813 2148/6259/708
f 2099/6540/659 659/6539/659 5404/6279/1813 6219/6278/1813
f 3140/487/708 6220/6274/1813 2128/6277/688 122/488/122
f 708/6260/708 5405/6281/1813 6220/6274/1813 3140/487/708
f 5405/6281/1813 1813/6280/1813 5403/6275/1813 6220/6274/1813
f 5400/6267/1812 6221/6270/1812 5402/6273/1812 1812/6268/1812
f 652/6527/652 3084/396/652 6221/6270/1812 5400/6267/1812
f 3084/396/652 99/395/99 2147/6271/707 6221/6270/1812
f 3127/6426/695 6222/6266/1812 5401/6269/1812 695/6427/695
f 100/403/100 2092/6528/652 6222/6266/1812 3127/6426/695
f 2092/6528/652 652/6527/652 5400/6267/1812 6222/6266/1812
f 2135/430/695 6223/6262/1812 2121/6265/681 115/431/115
f 695/6427/695 5401/6269/1812 6223/6262/1812 2135/430/695
f 5401/6269/1812 1812/6268/1812 5399/6263/1812 6223/6262/1812
f 5396/6255/1811 6224/6258/1811 5398/6261/1811 1811/6256/1811
f 660/6515/660 3092/400/660 6224/6258/1811 5396/6255/1811
f 3092/400/660 107/399/107 2148/6259/708 6224/6258/1811
f 3129/6414/697 6225/6254/1811 5397/6257/1811 697/6415/697
f 108/407/108 2100/6516/660 6225/6254/1811 3129/6414/697
f 2100/6516/660 660/6515/660 5396/6255/1811 6225/6254/1811
f 2137/434/697 6226/6250/1811 2129/6253/689 123/435/123
f 697/6415/697 5397/6257/1811 6226/6250/1811 2137/434/697
f 5397/6257/1811 1811/6256/1811 5395/6251/1811 6226/6250/1811
f 5392/6243/1810 6227/6246/1810 5394/6249/1810 1810/6244/1810
f 686/6323/686 3118/464/686 6227/6246/1810 5392/6243/1810
f 3118/464/686 119/463/119 3156/6247/724 6227/6246/1810
f 2163/6223/723 6228/6242/1810 5393/6245/1992 723/6224/723
f 120/472/120 2126/6324/686 6228/6242/1810 2163/6223/723
f 2126/6324/686 686/6323/686 5392/6243/1810 6228/6242/1810
f 3155/500/723 6229/6238/1810 2155/6241/715 135/501/135
f 723/6224/723 5393/6245/1992 6229/6238/1810 3155/500/723
f 5393/6245/1992 1810/6244/1810 5391/6239/1810 6229/6238/1810
f 5390/6237/1991 3856/7747/1424 1424/7748/1424
f 5390/6237/1991 3854/6236/1422 3856/7747/1424
f 3854/6236/1422 82/7749/82 3856/7747/1424
f 5388/6233/1991 5390/6237/1991 1424/7748/1424
f 5388/6233/1991 5389/6234/1991 5390/6237/1991
f 5389/6234/1991 1422/6235/1422 5390/6237/1991
f 3157/504/725 2864/7750/1424 128/505/128
f 3157/504/725 5388/6233/1991 2864/7750/1424
f 5388/6233/1991 1424/7748/1424 2864/7750/1424
f 5387/6232/1990 3158/7751/726 726/7752/726
f 5387/6232/1990 3855/6231/1423 3158/7751/726
f 3855/6231/1423 127/7742/127 3158/7751/726
f 5385/6227/1990 5387/6232/1990 726/7752/726
f 5385/6227/1990 5386/6229/1990 5387/6232/1990
f 5386/6229/1990 1423/6230/1423 5387/6232/1990
f 3857/6228/1425 2166/7753/726 142/7754/142
f 3857/6228/1425 5385/6227/1990 2166/7753/726
f 5385/6227/1990 726/7752/726 2166/7753/726
f 5382/6219/1809 6230/6222/1809 5384/6225/1989 1809/6220/1809
f 687/6299/687 3119/473/687 6230/6222/1809 5382/6219/1809
f 3119/473/687 120/472/120 2163/6223/723 6230/6222/1809
f 2167/6200/727 6231/6218/1809 5383/6221/1809 727/6201/727
f 121/480/121 2127/6300/687 6231/6218/1809 2167/6200/727
f 2127/6300/687 687/6299/687 5382/6219/1809 6231/6218/1809
f 3159/508/727 6232/6214/1989 2156/6217/716 136/509/136
f 727/6201/727 5383/6221/1809 6232/6214/1989 3159/508/727
f 5383/6221/1809 1809/6220/1809 5381/6215/1809 6232/6214/1989
f 5378/6208/1808 6233/6211/1808 5380/6213/1808 1808/6209/1808
f 680/6288/680 3112/477/680 6233/6211/1808 5378/6208/1808
f 3112/477/680 113/476/113 2165/495/725 6233/6211/1808
f 2168/6188/728 6234/6207/1808 5379/6210/1808 728/6189/728
f 114/484/114 2120/6289/680 6234/6207/1808 2168/6188/728
f 2120/6289/680 680/6288/680 5378/6208/1808 6234/6207/1808
f 3160/512/728 6235/6203/1808 2149/6206/709 129/513/129
f 728/6189/728 5379/6210/1808 6235/6203/1808 3160/512/728
f 5379/6210/1808 1808/6209/1808 5377/6204/1808 6235/6203/1808
f 5374/6196/1807 6236/6199/1807 5376/6202/1807 1807/6197/1807
f 688/6276/688 3120/481/688 6236/6199/1807 5374/6196/1807
f 3120/481/688 121/480/121 2167/6200/727 6236/6199/1807
f 2169/6176/729 6237/6195/1807 5375/6198/1807 729/6177/729
f 122/488/122 2128/6277/688 6237/6195/1807 2169/6176/729
f 2128/6277/688 688/6276/688 5374/6196/1807 6237/6195/1807
f 3161/516/729 6238/6191/1807 2157/6194/717 137/517/137
f 729/6177/729 5375/6198/1807 6238/6191/1807 3161/516/729
f 5375/6198/1807 1807/6197/1807 5373/6192/1807 6238/6191/1807
f 5370/6184/1806 6239/6187/1806 5372/6190/1806 1806/6185/1806
f 681/6264/681 3113/485/681 6239/6187/1806 5370/6184/1806
f 3113/485/681 114/484/114 2168/6188/728 6239/6187/1806
f 2170/6164/730 6240/6183/1806 5371/6186/1806 730/6165/730
f 115/431/115 2121/6265/681 6240/6183/1806 2170/6164/730
f 2121/6265/681 681/6264/681 5370/6184/1806 6240/6183/1806
f 3162/520/730 6241/6179/1806 2150/6182/710 130/521/130
f 730/6165/730 5371/6186/1806 6241/6179/1806 3162/520/730
f 5371/6186/1806 1806/6185/1806 5369/6180/1806 6241/6179/1806
f 5366/6172/1805 6242/6175/1805 5368/6178/1805 1805/6173/1805
f 689/6252/689 3121/489/689 6242/6175/1805 5366/6172/1805
f 3121/489/689 122/488/122 2169/6176/729 6242/6175/1805
f 2171/6152/731 6243/6171/1805 5367/6174/1805 731/6153/731
f 123/435/123 2129/6253/689 6243/6171/1805 2171/6152/731
f 2129/6253/689 689/6252/689 5366/6172/1805 6243/6171/1805
f 3163/524/731 6244/6167/1805 2158/6170/718 138/525/138
f 731/6153/731 5367/6174/1805 6244/6167/1805 3163/524/731
f 5367/6174/1805 1805/6173/1805 5365/6168/1805 6244/6167/1805
f 5362/6160/1804 6245/6163/1804 5364/6166/1804 1804/6161/1804
f 682/6419/682 3114/432/682 6245/6163/1804 5362/6160/1804
f 3114/432/682 115/431/115 2170/6164/730 6245/6163/1804
f 2172/6140/732 6246/6159/1804 5363/6162/1804 732/6141/732
f 116/439/116 2122/6420/682 6246/6159/1804 2172/6140/732
f 2122/6420/682 682/6419/682 5362/6160/1804 6246/6159/1804
f 3164/528/732 6247/6155/1804 2151/6158/711 131/529/131
f 732/6141/732 5363/6162/1804 6247/6155/1804 3164/528/732
f 5363/6162/1804 1804/6161/1804 5361/6156/1804 6247/6155/1804
f 5358/6148/1803 6248/6151/1803 5360/6154/1803 1803/6149/1803
f 690/6407/690 3122/436/690 6248/6151/1803 5358/6148/1803
f 3122/436/690 123/435/123 2171/6152/731 6248/6151/1803
f 2173/6128/733 6249/6147/1803 5359/6150/1803 733/6129/733
f 124/443/124 2130/6408/690 6249/6147/1803 2173/6128/733
f 2130/6408/690 690/6407/690 5358/6148/1803 6249/6147/1803
f 3165/532/733 6250/6143/1803 2159/6146/719 139/533/139
f 733/6129/733 5359/6150/1803 6250/6143/1803 3165/532/733
f 5359/6150/1803 1803/6149/1803 5357/6144/1803 6250/6143/1803
f 5354/6136/1802 6251/6139/1802 5356/6142/1802 1802/6137/1802
f 683/6395/683 3115/440/683 6251/6139/1802 5354/6136/1802
f 3115/440/683 116/439/116 2172/6140/732 6251/6139/1802
f 2174/6116/734 6252/6135/1802 5355/6138/1802 734/6117/734
f 117/447/117 2123/6396/683 6252/6135/1802 2174/6116/734
f 2123/6396/683 683/6395/683 5354/6136/1802 6252/6135/1802
f 3166/536/734 6253/6131/1802 2152/6134/712 132/537/132
f 734/6117/734 5355/6138/1802 6253/6131/1802 3166/536/734
f 5355/6138/1802 1802/6137/1802 5353/6132/1802 6253/6131/1802
f 5350/6124/1801 6254/6127/1801 5352/6130/1801 1801/6125/1801
f 691/6383/691 3123/444/691 6254/6127/1801 5350/6124/1801
f 3123/444/691 124/443/124 2173/6128/733 6254/6127/1801
f 2175/6104/735 6255/6123/1801 5351/6126/1801 735/6105/735
f 125/451/125 2131/6384/691 6255/6123/1801 2175/6104/735
f 2131/6384/691 691/6383/691 5350/6124/1801 6255/6123/1801
f 3167/540/735 6256/6119/1801 2160/6122/720 140/541/140
f 735/6105/735 5351/6126/1801 6256/6119/1801 3167/540/735
f 5351/6126/1801 1801/6125/1801 5349/6120/1801 6256/6119/1801
f 5346/6112/1800 6257/6115/1800 5348/6118/1800 1800/6113/1800
f 684/6371/684 3116/448/684 6257/6115/1800 5346/6112/1800
f 3116/448/684 117/447/117 2174/6116/734 6257/6115/1800
f 2176/6092/736 6258/6111/1800 5347/6114/1800 736/6093/736
f 118/455/118 2124/6372/684 6258/6111/1800 2176/6092/736
f 2124/6372/684 684/6371/684 5346/6112/1800 6258/6111/1800
f 3168/544/736 6259/6107/1800 2153/6110/713 133/545/133
f 736/6093/736 5347/6114/1800 6259/6107/1800 3168/544/736
f 5347/6114/1800 1800/6113/1800 5345/6108/1800 6259/6107/1800
f 5342/6100/1799 6260/6103/1799 5344/6106/1799 1799/6101/1799
f 692/6359/692 3124/452/692 6260/6103/1799 5342/6100/1799
f 3124/452/692 125/451/125 2175/6104/735 6260/6103/1799
f 2177/6080/737 6261/6099/1799 5343/6102/1799 737/6081/737
f 126/459/126 2132/6360/692 6261/6099/1799 2177/6080/737
f 2132/6360/692 692/6359/692 5342/6100/1799 6261/6099/1799
f 3169/548/737 6262/6095/1799 2161/6098/721 141/549/141
f 737/6081/737 5343/6102/1799 6262/6095/1799 3169/548/737
f 5343/6102/1799 1799/6101/1799 5341/6096/1799 6262/6095/1799
f 5338/6088/1798 6263/6091/1798 5340/6094/1798 1798/6089/1798
f 685/6347/685 3117/456/685 6263/6091/1798 5338/6088/1798
f 3117/456/685 118/455/118 2176/6092/736 6263/6091/1798
f 3156/6247/724 6264/6087/1798 5339/6090/1798 724/6248/724
f 119/463/119 2125/6348/685 6264/6087/1798 3156/6247/724
f 2125/6348/685 685/6347/685 5338/6088/1798 6264/6087/1798
f 2164/491/724 6265/6083/1798 2154/6086/714 134/492/134
f 724/6248/724 5339/6090/1798 6265/6083/1798 2164/491/724
f 5339/6090/1798 1798/6089/1798 5337/6084/1798 6265/6083/1798
f 5334/6076/1797 6266/6079/1797 5336/6082/1797 1797/6077/1797
f 693/6335/693 3125/460/693 6266/6079/1797 5334/6076/1797
f 3125/460/693 126/459/126 2177/6080/737 6266/6079/1797
f 3158/7751/726 6267/6075/1797 5335/6078/1797 726/7752/726
f 127/7742/127 2133/6336/693 6267/6075/1797 3158/7751/726
f 2133/6336/693 693/6335/693 5334/6076/1797 6267/6075/1797
f 2166/7753/726 6268/6071/1797 2162/6074/722 142/7754/142
f 726/7752/726 5335/6078/1797 6268/6071/1797 2166/7753/726
f 5335/6078/1797 1797/6077/1797 5333/6072/1797 6268/6071/1797
f 5330/6064/1796 6269/6067/1796 5332/6070/1796 1796/6065/1796
f 719/6145/719 3151/526/719 6269/6067/1796 5330/6064/1796
f 3151/526/719 138/525/138 3185/6068/753 6269/6067/1796
f 2192/6044/752 6270/6063/1796 5331/6066/1796 752/6045/752
f 139/533/139 2159/6146/719 6270/6063/1796 2192/6044/752
f 2159/6146/719 719/6145/719 5330/6064/1796 6270/6063/1796
f 3184/560/752 6271/6059/1796 2188/6062/748 154/561/154
f 752/6045/752 5331/6066/1796 6271/6059/1796 3184/560/752
f 5331/6066/1796 1796/6065/1796 5329/6060/1796 6271/6059/1796
f 5326/6052/1795 6272/6055/1795 5328/6058/1795 1795/6053/1795
f 712/6133/712 3144/530/712 6272/6055/1795 5326/6052/1795
f 3144/530/712 131/529/131 3187/6056/755 6272/6055/1795
f 2194/6032/754 6273/6051/1795 5327/6054/1795 754/6033/754
f 132/537/132 2152/6134/712 6273/6051/1795 2194/6032/754
f 2152/6134/712 712/6133/712 5326/6052/1795 6273/6051/1795
f 3186/564/754 6274/6047/1795 2181/6050/741 147/565/147
f 754/6033/754 5327/6054/1795 6274/6047/1795 3186/564/754
f 5327/6054/1795 1795/6053/1795 5325/6048/1795 6274/6047/1795
f 5322/6040/1794 6275/6043/1794 5324/6046/1794 1794/6041/1794
f 720/6121/720 3152/534/720 6275/6043/1794 5322/6040/1794
f 3152/534/720 139/533/139 2192/6044/752 6275/6043/1794
f 2196/6020/756 6276/6039/1794 5323/6042/1794 756/6021/756
f 140/541/140 2160/6122/720 6276/6039/1794 2196/6020/756
f 2160/6122/720 720/6121/720 5322/6040/1794 6276/6039/1794
f 3188/568/756 6277/6035/1794 2189/6038/749 155/569/155
f 756/6021/756 5323/6042/1794 6277/6035/1794 3188/568/756
f 5323/6042/1794 1794/6041/1794 5321/6036/1794 6277/6035/1794
f 5318/6028/1793 6278/6031/1793 5320/6034/1793 1793/6029/1793
f 713/6109/713 3145/538/713 6278/6031/1793 5318/6028/1793
f 3145/538/713 132/537/132 2194/6032/754 6278/6031/1793
f 2197/6008/757 6279/6027/1793 5319/6030/1793 757/6009/757
f 133/545/133 2153/6110/713 6279/6027/1793 2197/6008/757
f 2153/6110/713 713/6109/713 5318/6028/1793 6279/6027/1793
f 3189/572/757 6280/6023/1793 2182/6026/742 148/573/148
f 757/6009/757 5319/6030/1793 6280/6023/1793 3189/572/757
f 5319/6030/1793 1793/6029/1793 5317/6024/1793 6280/6023/1793
f 5314/6016/1792 6281/6019/1792 5316/6022/1792 1792/6017/1792
f 721/6097/721 3153/542/721 6281/6019/1792 5314/6016/1792
f 3153/542/721 140/541/140 2196/6020/756 6281/6019/1792
f 2198/5996/758 6282/6015/1792 5315/6018/1792 758/5997/758
f 141/549/141 2161/6098/721 6282/6015/1792 2198/5996/758
f 2161/6098/721 721/6097/721 5314/6016/1792 6282/6015/1792
f 3190/576/758 6283/6011/1792 2190/6014/750 156/577/156
f 758/5997/758 5315/6018/1792 6283/6011/1792 3190/576/758
f 5315/6018/1792 1792/6017/1792 5313/6012/1792 6283/6011/1792
f 5310/6004/1791 6284/6007/1791 5312/6010/1791 1791/6005/1791
f 714/6085/714 3146/546/714 6284/6007/1791 5310/6004/1791
f 3146/546/714 133/545/133 2197/6008/757 6284/6007/1791
f 2199/5984/759 6285/6003/1791 5311/6006/1791 759/5985/759
f 134/492/134 2154/6086/714 6285/6003/1791 2199/5984/759
f 2154/6086/714 714/6085/714 5310/6004/1791 6285/6003/1791
f 3191/580/759 6286/5999/1791 2183/6002/743 149/581/149
f 759/5985/759 5311/6006/1791 6286/5999/1791 3191/580/759
f 5311/6006/1791 1791/6005/1791 5309/6000/1791 6286/5999/1791
f 5306/5992/1790 6287/5995/1790 5308/5998/1790 1790/5993/1790
f 722/6073/722 3154/550/722 6287/5995/1790 5306/5992/1790
f 3154/550/722 141/549/141 2198/5996/758 6287/5995/1790
f 2200/7755/760 6288/5991/1790 5307/5994/1790 760/7756/760
f 142/7754/142 2162/6074/722 6288/5991/1790 2200/7755/760
f 2162/6074/722 722/6073/722 5306/5992/1790 6288/5991/1790
f 3192/7757/760 6289/5987/1790 2191/5990/751 157/7758/157
f 760/7756/760 5307/5994/1790 6289/5987/1790 3192/7757/760
f 5307/5994/1790 1790/5993/1790 5305/5988/1790 6289/5987/1790
f 5302/5980/1789 6290/5983/1789 5304/5986/1789 1789/5981/1789
f 715/6240/715 3147/493/715 6290/5983/1789 5302/5980/1789
f 3147/493/715 134/492/134 2199/5984/759 6290/5983/1789
f 2201/5960/761 6291/5979/1789 5303/5982/1789 761/5961/761
f 135/501/135 2155/6241/715 6291/5979/1789 2201/5960/761
f 2155/6241/715 715/6240/715 5302/5980/1789 6291/5979/1789
f 3193/589/761 6292/5975/1789 2184/5978/744 150/590/150
f 761/5961/761 5303/5982/1789 6292/5975/1789 3193/589/761
f 5303/5982/1789 1789/5981/1789 5301/5976/1789 6292/5975/1789
f 5300/5974/1988 3858/7759/1426 1426/7760/1426
f 5300/5974/1988 3856/5973/1424 3858/7759/1426
f 3856/5973/1424 82/7761/82 3858/7759/1426
f 5298/5970/1988 5300/5974/1988 1426/7760/1426
f 5298/5970/1988 5299/5971/1988 5300/5974/1988
f 5299/5971/1988 1424/5972/1424 5300/5974/1988
f 3194/593/762 2866/7762/1426 143/594/143
f 3194/593/762 5298/5970/1988 2866/7762/1426
f 5298/5970/1988 1426/7760/1426 2866/7762/1426
f 5297/5969/1987 2200/7755/760 760/7756/760
f 5297/5969/1987 3857/5968/1425 2200/7755/760
f 3857/5968/1425 142/7754/142 2200/7755/760
f 5295/5964/1987 5297/5969/1987 760/7756/760
f 5295/5964/1987 5296/5966/1987 5297/5969/1987
f 5296/5966/1987 1425/5967/1425 5297/5969/1987
f 3859/5965/1427 3192/7757/760 157/7758/157
f 3859/5965/1427 5295/5964/1987 3192/7757/760
f 5295/5964/1987 760/7756/760 3192/7757/760
f 5292/5956/1788 6293/5959/1788 5294/5962/1788 1788/5957/1788
f 716/6216/716 3148/502/716 6293/5959/1788 5292/5956/1788
f 3148/502/716 135/501/135 2201/5960/761 6293/5959/1788
f 2203/5937/763 6294/5955/1788 5293/5958/1788 763/5938/763
f 136/509/136 2156/6217/716 6294/5955/1788 2203/5937/763
f 2156/6217/716 716/6216/716 5292/5956/1788 6294/5955/1788
f 3195/597/763 6295/5951/1788 2185/5954/745 151/598/151
f 763/5938/763 5293/5958/1788 6295/5951/1788 3195/597/763
f 5293/5958/1788 1788/5957/1788 5291/5952/1788 6295/5951/1788
f 5288/5945/1787 6296/5948/1787 5290/5950/1787 1787/5946/1787
f 709/6205/709 3141/506/709 6296/5948/1787 5288/5945/1787
f 3141/506/709 128/505/128 2202/584/762 6296/5948/1787
f 2204/5925/764 6297/5944/1787 5289/5947/1787 764/5926/764
f 129/513/129 2149/6206/709 6297/5944/1787 2204/5925/764
f 2149/6206/709 709/6205/709 5288/5945/1787 6297/5944/1787
f 3196/601/764 6298/5940/1787 2178/5943/738 144/602/144
f 764/5926/764 5289/5947/1787 6298/5940/1787 3196/601/764
f 5289/5947/1787 1787/5946/1787 5287/5941/1787 6298/5940/1787
f 5284/5933/1786 6299/5936/1786 5286/5939/1786 1786/5934/1786
f 717/6193/717 3149/510/717 6299/5936/1786 5284/5933/1786
f 3149/510/717 136/509/136 2203/5937/763 6299/5936/1786
f 2205/5913/765 6300/5932/1786 5285/5935/1786 765/5914/765
f 137/517/137 2157/6194/717 6300/5932/1786 2205/5913/765
f 2157/6194/717 717/6193/717 5284/5933/1786 6300/5932/1786
f 3197/605/765 6301/5928/1786 2186/5931/746 152/606/152
f 765/5914/765 5285/5935/1786 6301/5928/1786 3197/605/765
f 5285/5935/1786 1786/5934/1786 5283/5929/1786 6301/5928/1786
f 5280/5921/1785 6302/5924/1785 5282/5927/1785 1785/5922/1785
f 710/6181/710 3142/514/710 6302/5924/1785 5280/5921/1785
f 3142/514/710 129/513/129 2204/5925/764 6302/5924/1785
f 2206/5901/766 6303/5920/1785 5281/5923/1785 766/5902/766
f 130/521/130 2150/6182/710 6303/5920/1785 2206/5901/766
f 2150/6182/710 710/6181/710 5280/5921/1785 6303/5920/1785
f 3198/609/766 6304/5916/1785 2179/5919/739 145/610/145
f 766/5902/766 5281/5923/1785 6304/5916/1785 3198/609/766
f 5281/5923/1785 1785/5922/1785 5279/5917/1785 6304/5916/1785
f 5276/5909/1784 6305/5912/1784 5278/5915/1784 1784/5910/1784
f 718/6169/718 3150/518/718 6305/5912/1784 5276/5909/1784
f 3150/518/718 137/517/137 2205/5913/765 6305/5912/1784
f 3185/6068/753 6306/5908/1784 5277/5911/1784 753/6069/753
f 138/525/138 2158/6170/718 6306/5908/1784 3185/6068/753
f 2158/6170/718 718/6169/718 5276/5909/1784 6306/5908/1784
f 2193/552/753 6307/5904/1784 2187/5907/747 153/553/153
f 753/6069/753 5277/5911/1784 6307/5904/1784 2193/552/753
f 5277/5911/1784 1784/5910/1784 5275/5905/1784 6307/5904/1784
f 5272/5897/1783 6308/5900/1783 5274/5903/1783 1783/5898/1783
f 711/6157/711 3143/522/711 6308/5900/1783 5272/5897/1783
f 3143/522/711 130/521/130 2206/5901/766 6308/5900/1783
f 3187/6056/755 6309/5896/1783 5273/5899/1783 755/6057/755
f 131/529/131 2151/6158/711 6309/5896/1783 3187/6056/755
f 2151/6158/711 711/6157/711 5272/5897/1783 6309/5896/1783
f 2195/556/755 6310/5892/1783 2180/5895/740 146/557/146
f 755/6057/755 5273/5899/1783 6310/5892/1783 2195/556/755
f 5273/5899/1783 1783/5898/1783 5271/5893/1783 6310/5892/1783
f 5270/5891/1986 3213/7763/781 781/7764/781
f 5270/5891/1986 3859/5890/1427 3213/7763/781
f 3859/5890/1427 157/7758/157 3213/7763/781
f 5268/5886/1986 5270/5891/1986 781/7764/781
f 5268/5886/1986 5269/5888/1986 5270/5891/1986
f 5269/5888/1986 1427/5889/1427 5270/5891/1986
f 3861/5887/1429 2221/7765/781 172/7766/172
f 3861/5887/1429 5268/5886/1986 2221/7765/781
f 5268/5886/1986 781/7764/781 2221/7765/781
f 5265/5878/1782 6311/5881/1782 5267/5884/1782 1782/5879/1782
f 745/5953/745 3177/591/745 6311/5881/1782 5265/5878/1782
f 3177/591/745 150/590/150 3215/5882/783 6311/5881/1782
f 2222/5860/782 6312/5877/1782 5266/5880/1782 782/5861/782
f 151/598/151 2185/5954/745 6312/5877/1782 2222/5860/782
f 2185/5954/745 745/5953/745 5265/5878/1782 6312/5877/1782
f 3214/624/782 6313/5873/1782 2214/5876/774 166/625/166
f 782/5861/782 5266/5880/1782 6313/5873/1782 3214/624/782
f 5266/5880/1782 1782/5879/1782 5264/5874/1782 6313/5873/1782
f 5261/5868/1781 6314/5871/1781 5263/5872/1781 1781/5869/1781
f 738/5942/738 3170/595/738 6314/5871/1781 5261/5868/1781
f 3170/595/738 143/594/143 3217/672/785 6314/5871/1781
f 2224/5848/784 6315/5867/1781 5262/5870/1781 784/5849/784
f 144/602/144 2178/5943/738 6315/5867/1781 2224/5848/784
f 2178/5943/738 738/5942/738 5261/5868/1781 6315/5867/1781
f 3216/628/784 6316/5863/1781 2207/5866/767 159/629/159
f 784/5849/784 5262/5870/1781 6316/5863/1781 3216/628/784
f 5262/5870/1781 1781/5869/1781 5260/5864/1781 6316/5863/1781
f 5257/5856/1780 6317/5859/1780 5259/5862/1780 1780/5857/1780
f 746/5930/746 3178/599/746 6317/5859/1780 5257/5856/1780
f 3178/599/746 151/598/151 2222/5860/782 6317/5859/1780
f 2226/5836/786 6318/5855/1780 5258/5858/1780 786/5837/786
f 152/606/152 2186/5931/746 6318/5855/1780 2226/5836/786
f 2186/5931/746 746/5930/746 5257/5856/1780 6318/5855/1780
f 3218/632/786 6319/5851/1780 2215/5854/775 167/633/167
f 786/5837/786 5258/5858/1780 6319/5851/1780 3218/632/786
f 5258/5858/1780 1780/5857/1780 5256/5852/1780 6319/5851/1780
f 5253/5844/1985 6320/5847/1985 5255/5850/1985 1779/5845/1779
f 739/5918/739 3171/603/739 6320/5847/1985 5253/5844/1985
f 3171/603/739 144/602/144 2224/5848/784 6320/5847/1985
f 2227/5824/787 6321/5843/1779 5254/5846/1779 787/5825/787
f 145/610/145 2179/5919/739 6321/5843/1779 2227/5824/787
f 2179/5919/739 739/5918/739 5253/5844/1985 6321/5843/1779
f 3219/636/787 6322/5839/1779 2208/5842/768 160/637/160
f 787/5825/787 5254/5846/1779 6322/5839/1779 3219/636/787
f 5254/5846/1779 1779/5845/1779 5252/5840/1779 6322/5839/1779
f 5249/5832/1778 6323/5835/1778 5251/5838/1778 1778/5833/1778
f 747/5906/747 3179/607/747 6323/5835/1778 5249/5832/1778
f 3179/607/747 152/606/152 2226/5836/786 6323/5835/1778
f 2228/5812/788 6324/5831/1778 5250/5834/1778 788/5813/788
f 153/553/153 2187/5907/747 6324/5831/1778 2228/5812/788
f 2187/5907/747 747/5906/747 5249/5832/1778 6324/5831/1778
f 3220/640/788 6325/5827/1778 2216/5830/776 168/641/168
f 788/5813/788 5250/5834/1778 6325/5827/1778 3220/640/788
f 5250/5834/1778 1778/5833/1778 5248/5828/1778 6325/5827/1778
f 5245/5820/1777 6326/5823/1777 5247/5826/1777 1777/5821/1777
f 740/5894/740 3172/611/740 6326/5823/1777 5245/5820/1777
f 3172/611/740 145/610/145 2227/5824/787 6326/5823/1777
f 2229/5800/789 6327/5819/1777 5246/5822/1777 789/5801/789
f 146/557/146 2180/5895/740 6327/5819/1777 2229/5800/789
f 2180/5895/740 740/5894/740 5245/5820/1777 6327/5819/1777
f 3221/644/789 6328/5815/1777 2209/5818/769 161/645/161
f 789/5801/789 5246/5822/1777 6328/5815/1777 3221/644/789
f 5246/5822/1777 1777/5821/1777 5244/5816/1777 6328/5815/1777
f 5241/5808/1776 6329/5811/1776 5243/5814/1776 1776/5809/1776
f 748/6061/748 3180/554/748 6329/5811/1776 5241/5808/1776
f 3180/554/748 153/553/153 2228/5812/788 6329/5811/1776
f 2230/5788/790 6330/5807/1776 5242/5810/1776 790/5789/790
f 154/561/154 2188/6062/748 6330/5807/1776 2230/5788/790
f 2188/6062/748 748/6061/748 5241/5808/1776 6330/5807/1776
f 3222/648/790 6331/5803/1776 2217/5806/777 169/649/169
f 790/5789/790 5242/5810/1776 6331/5803/1776 3222/648/790
f 5242/5810/1776 1776/5809/1776 5240/5804/1776 6331/5803/1776
f 5237/5796/1775 6332/5799/1775 5239/5802/1775 1775/5797/1775
f 741/6049/741 3173/558/741 6332/5799/1775 5237/5796/1775
f 3173/558/741 146/557/146 2229/5800/789 6332/5799/1775
f 2231/5776/791 6333/5795/1775 5238/5798/1775 791/5777/791
f 147/565/147 2181/6050/741 6333/5795/1775 2231/5776/791
f 2181/6050/741 741/6049/741 5237/5796/1775 6333/5795/1775
f 3223/652/791 6334/5791/1775 2210/5794/770 162/653/162
f 791/5777/791 5238/5798/1775 6334/5791/1775 3223/652/791
f 5238/5798/1775 1775/5797/1775 5236/5792/1775 6334/5791/1775
f 5233/5784/1774 6335/5787/1774 5235/5790/1774 1774/5785/1774
f 749/6037/749 3181/562/749 6335/5787/1774 5233/5784/1774
f 3181/562/749 154/561/154 2230/5788/790 6335/5787/1774
f 2232/5764/792 6336/5783/1774 5234/5786/1774 792/5765/792
f 155/569/155 2189/6038/749 6336/5783/1774 2232/5764/792
f 2189/6038/749 749/6037/749 5233/5784/1774 6336/5783/1774
f 3224/656/792 6337/5779/1774 2218/5782/778 170/657/170
f 792/5765/792 5234/5786/1774 6337/5779/1774 3224/656/792
f 5234/5786/1774 1774/5785/1774 5232/5780/1774 6337/5779/1774
f 5229/5772/1773 6338/5775/1773 5231/5778/1773 1773/5773/1773
f 742/6025/742 3174/566/742 6338/5775/1773 5229/5772/1773
f 3174/566/742 147/565/147 2231/5776/791 6338/5775/1773
f 2233/5752/793 6339/5771/1773 5230/5774/1773 793/5753/793
f 148/573/148 2182/6026/742 6339/5771/1773 2233/5752/793
f 2182/6026/742 742/6025/742 5229/5772/1773 6339/5771/1773
f 3225/660/793 6340/5767/1773 2211/5770/771 163/661/163
f 793/5753/793 5230/5774/1773 6340/5767/1773 3225/660/793
f 5230/5774/1773 1773/5773/1773 5228/5768/1773 6340/5767/1773
f 5225/5760/1984 6341/5763/1772 5227/5766/1772 1772/5761/1772
f 750/6013/750 3182/570/750 6341/5763/1772 5225/5760/1984
f 3182/570/750 155/569/155 2232/5764/792 6341/5763/1772
f 2234/5740/794 6342/5759/1984 5226/5762/1984 794/5741/794
f 156/577/156 2190/6014/750 6342/5759/1984 2234/5740/794
f 2190/6014/750 750/6013/750 5225/5760/1984 6342/5759/1984
f 3226/664/794 6343/5755/1772 2219/5758/779 171/665/171
f 794/5741/794 5226/5762/1984 6343/5755/1772 3226/664/794
f 5226/5762/1984 1772/5761/1772 5224/5756/1772 6343/5755/1772
f 5221/5748/1771 6344/5751/1771 5223/5754/1771 1771/5749/1771
f 743/6001/743 3175/574/743 6344/5751/1771 5221/5748/1771
f 3175/574/743 148/573/148 2233/5752/793 6344/5751/1771
f 2235/5728/795 6345/5747/1771 5222/5750/1771 795/5729/795
f 149/581/149 2183/6002/743 6345/5747/1771 2235/5728/795
f 2183/6002/743 743/6001/743 5221/5748/1771 6345/5747/1771
f 3227/668/795 6346/5743/1771 2212/5746/772 164/669/164
f 795/5729/795 5222/5750/1771 6346/5743/1771 3227/668/795
f 5222/5750/1771 1771/5749/1771 5220/5744/1771 6346/5743/1771
f 5217/5736/1770 6347/5739/1770 5219/5742/1770 1770/5737/1770
f 751/5989/751 3183/578/751 6347/5739/1770 5217/5736/1770
f 3183/578/751 156/577/156 2234/5740/794 6347/5739/1770
f 3213/7763/781 6348/5735/1770 5218/5738/1770 781/7764/781
f 157/7758/157 2191/5990/751 6348/5735/1770 3213/7763/781
f 2191/5990/751 751/5989/751 5217/5736/1770 6348/5735/1770
f 2221/7765/781 6349/5731/1770 2220/5734/780 172/7766/172
f 781/7764/781 5218/5738/1770 6349/5731/1770 2221/7765/781
f 5218/5738/1770 1770/5737/1770 5216/5732/1770 6349/5731/1770
f 5213/5724/1769 6350/5727/1769 5215/5730/1769 1769/5725/1769
f 744/5977/744 3176/582/744 6350/5727/1769 5213/5724/1769
f 3176/582/744 149/581/149 2235/5728/795 6350/5727/1769
f 3215/5882/783 6351/5723/1769 5214/5726/1769 783/5883/783
f 150/590/150 2184/5978/744 6351/5723/1769 3215/5882/783
f 2184/5978/744 744/5977/744 5213/5724/1769 6351/5723/1769
f 2223/616/783 6352/5719/1769 2213/5722/773 165/617/165
f 783/5883/783 5214/5726/1769 6352/5719/1769 2223/616/783
f 5214/5726/1769 1769/5725/1769 5212/5720/1769 6352/5719/1769
f 5211/5718/1983 3860/7767/1428 1428/7768/1428
f 5211/5718/1983 3858/5717/1426 3860/7767/1428
f 3858/5717/1426 82/7769/82 3860/7767/1428
f 5209/5714/1983 5211/5718/1983 1428/7768/1428
f 5209/5714/1983 5210/5715/1983 5211/5718/1983
f 5210/5715/1983 1426/5716/1426 5211/5718/1983
f 2225/620/785 2868/7770/1428 158/621/158
f 2225/620/785 5209/5714/1983 2868/7770/1428
f 5209/5714/1983 1428/7768/1428 2868/7770/1428
f 5206/5706/1768 6353/5709/1768 5208/5712/1768 1768/5707/1768
f 778/5781/778 3210/650/778 6353/5709/1768 5206/5706/1768
f 3210/650/778 169/649/169 3243/5710/811 6353/5709/1768
f 2250/5686/810 6354/5705/1768 5207/5708/1768 810/5687/810
f 170/657/170 2218/5782/778 6354/5705/1768 2250/5686/810
f 2218/5782/778 778/5781/778 5206/5706/1768 6354/5705/1768
f 3242/682/810 6355/5701/1768 2247/5704/807 185/683/185
f 810/5687/810 5207/5708/1768 6355/5701/1768 3242/682/810
f 5207/5708/1768 1768/5707/1768 5205/5702/1768 6355/5701/1768
f 5202/5694/1767 6356/5697/1767 5204/5700/1767 1767/5695/1767
f 771/5769/771 3203/654/771 6356/5697/1767 5202/5694/1767
f 3203/654/771 162/653/162 3245/5698/813 6356/5697/1767
f 2252/5674/812 6357/5693/1767 5203/5696/1767 812/5675/812
f 163/661/163 2211/5770/771 6357/5693/1767 2252/5674/812
f 2211/5770/771 771/5769/771 5202/5694/1767 6357/5693/1767
f 3244/686/812 6358/5689/1767 2240/5692/800 178/687/178
f 812/5675/812 5203/5696/1767 6358/5689/1767 3244/686/812
f 5203/5696/1767 1767/5695/1767 5201/5690/1767 6358/5689/1767
f 5198/5682/1766 6359/5685/1766 5200/5688/1766 1766/5683/1766
f 779/5757/779 3211/658/779 6359/5685/1766 5198/5682/1766
f 3211/658/779 170/657/170 2250/5686/810 6359/5685/1766
f 2254/5662/814 6360/5681/1766 5199/5684/1766 814/5663/814
f 171/665/171 2219/5758/779 6360/5681/1766 2254/5662/814
f 2219/5758/779 779/5757/779 5198/5682/1766 6360/5681/1766
f 3246/690/814 6361/5677/1766 2248/5680/808 186/691/186
f 814/5663/814 5199/5684/1766 6361/5677/1766 3246/690/814
f 5199/5684/1766 1766/5683/1766 5197/5678/1766 6361/5677/1766
f 5194/5670/1765 6362/5673/1765 5196/5676/1765 1765/5671/1765
f 772/5745/772 3204/662/772 6362/5673/1765 5194/5670/1765
f 3204/662/772 163/661/163 2252/5674/812 6362/5673/1765
f 2255/5650/815 6363/5669/1765 5195/5672/1765 815/5651/815
f 164/669/164 2212/5746/772 6363/5669/1765 2255/5650/815
f 2212/5746/772 772/5745/772 5194/5670/1765 6363/5669/1765
f 3247/694/815 6364/5665/1765 2241/5668/801 179/695/179
f 815/5651/815 5195/5672/1765 6364/5665/1765 3247/694/815
f 5195/5672/1765 1765/5671/1765 5193/5666/1765 6364/5665/1765
f 5190/5658/1764 6365/5661/1764 5192/5664/1764 1764/5659/1764
f 780/5733/780 3212/666/780 6365/5661/1764 5190/5658/1764
f 3212/666/780 171/665/171 2254/5662/814 6365/5661/1764
f 2256/7771/816 6366/5657/1764 5191/5660/1764 816/7772/816
f 172/7766/172 2220/5734/780 6366/5657/1764 2256/7771/816
f 2220/5734/780 780/5733/780 5190/5658/1764 6366/5657/1764
f 3248/7773/816 6367/5653/1764 2249/5656/809 187/7774/187
f 816/7772/816 5191/5660/1764 6367/5653/1764 3248/7773/816
f 5191/5660/1764 1764/5659/1764 5189/5654/1764 6367/5653/1764
f 5186/5646/1763 6368/5649/1763 5188/5652/1763 1763/5647/1763
f 773/5721/773 3205/670/773 6368/5649/1763 5186/5646/1763
f 3205/670/773 164/669/164 2255/5650/815 6368/5649/1763
f 2257/5626/817 6369/5645/1763 5187/5648/1763 817/5627/817
f 165/617/165 2213/5722/773 6369/5645/1763 2257/5626/817
f 2213/5722/773 773/5721/773 5186/5646/1763 6369/5645/1763
f 3249/703/817 6370/5641/1763 2242/5644/802 180/704/180
f 817/5627/817 5187/5648/1763 6370/5641/1763 3249/703/817
f 5187/5648/1763 1763/5647/1763 5185/5642/1763 6370/5641/1763
f 5184/5640/1982 3862/7775/1430 1430/7776/1430
f 5184/5640/1982 3860/5639/1428 3862/7775/1430
f 3860/5639/1428 82/7777/82 3862/7775/1430
f 5182/5636/1982 5184/5640/1982 1430/7776/1430
f 5182/5636/1982 5183/5637/1982 5184/5640/1982
f 5183/5637/1982 1428/5638/1428 5184/5640/1982
f 3250/707/818 2870/7778/1430 173/708/173
f 3250/707/818 5182/5636/1982 2870/7778/1430
f 5182/5636/1982 1430/7776/1430 2870/7778/1430
f 5181/5635/1981 2256/7771/816 816/7772/816
f 5181/5635/1981 3861/5634/1429 2256/7771/816
f 3861/5634/1429 172/7766/172 2256/7771/816
f 5179/5630/1981 5181/5635/1981 816/7772/816
f 5179/5630/1981 5180/5632/1981 5181/5635/1981
f 5180/5632/1981 1429/5633/1429 5181/5635/1981
f 3863/5631/1431 3248/7773/816 187/7774/187
f 3863/5631/1431 5179/5630/1981 3248/7773/816
f 5179/5630/1981 816/7772/816 3248/7773/816
f 5176/5622/1762 6371/5625/1762 5178/5628/1762 1762/5623/1762
f 774/5875/774 3206/618/774 6371/5625/1762 5176/5622/1762
f 3206/618/774 165/617/165 2257/5626/817 6371/5625/1762
f 2259/5603/819 6372/5621/1762 5177/5624/1762 819/5604/819
f 166/625/166 2214/5876/774 6372/5621/1762 2259/5603/819
f 2214/5876/774 774/5875/774 5176/5622/1762 6372/5621/1762
f 3251/711/819 6373/5617/1762 2243/5620/803 181/712/181
f 819/5604/819 5177/5624/1762 6373/5617/1762 3251/711/819
f 5177/5624/1762 1762/5623/1762 5175/5618/1762 6373/5617/1762
f 5172/5611/1761 6374/5614/1761 5174/5616/1761 1761/5612/1761
f 767/5865/767 3199/622/767 6374/5614/1761 5172/5611/1761
f 3199/622/767 158/621/158 2258/698/818 6374/5614/1761
f 2260/5591/820 6375/5610/1761 5173/5613/1761 820/5592/820
f 159/629/159 2207/5866/767 6375/5610/1761 2260/5591/820
f 2207/5866/767 767/5865/767 5172/5611/1761 6375/5610/1761
f 3252/715/820 6376/5606/1761 2236/5609/796 174/716/174
f 820/5592/820 5173/5613/1761 6376/5606/1761 3252/715/820
f 5173/5613/1761 1761/5612/1761 5171/5607/1761 6376/5606/1761
f 5168/5599/1760 6377/5602/1760 5170/5605/1760 1760/5600/1760
f 775/5853/775 3207/626/775 6377/5602/1760 5168/5599/1760
f 3207/626/775 166/625/166 2259/5603/819 6377/5602/1760
f 2261/5579/821 6378/5598/1760 5169/5601/1760 821/5580/821
f 167/633/167 2215/5854/775 6378/5598/1760 2261/5579/821
f 2215/5854/775 775/5853/775 5168/5599/1760 6378/5598/1760
f 3253/719/821 6379/5594/1760 2244/5597/804 182/720/182
f 821/5580/821 5169/5601/1760 6379/5594/1760 3253/719/821
f 5169/5601/1760 1760/5600/1760 5167/5595/1760 6379/5594/1760
f 5164/5587/1759 6380/5590/1759 5166/5593/1759 1759/5588/1759
f 768/5841/768 3200/630/768 6380/5590/1759 5164/5587/1759
f 3200/630/768 159/629/159 2260/5591/820 6380/5590/1759
f 2262/5567/822 6381/5586/1759 5165/5589/1759 822/5568/822
f 160/637/160 2208/5842/768 6381/5586/1759 2262/5567/822
f 2208/5842/768 768/5841/768 5164/5587/1759 6381/5586/1759
f 3254/723/822 6382/5582/1759 2237/5585/797 175/724/175
f 822/5568/822 5165/5589/1759 6382/5582/1759 3254/723/822
f 5165/5589/1759 1759/5588/1759 5163/5583/1759 6382/5582/1759
f 5160/5575/1758 6383/5578/1758 5162/5581/1758 1758/5576/1758
f 776/5829/776 3208/634/776 6383/5578/1758 5160/5575/1758
f 3208/634/776 167/633/167 2261/5579/821 6383/5578/1758
f 2263/5555/823 6384/5574/1758 5161/5577/1758 823/5556/823
f 168/641/168 2216/5830/776 6384/5574/1758 2263/5555/823
f 2216/5830/776 776/5829/776 5160/5575/1758 6384/5574/1758
f 3255/727/823 6385/5570/1758 2245/5573/805 183/728/183
f 823/5556/823 5161/5577/1758 6385/5570/1758 3255/727/823
f 5161/5577/1758 1758/5576/1758 5159/5571/1758 6385/5570/1758
f 5156/5563/1757 6386/5566/1757 5158/5569/1757 1757/5564/1757
f 769/5817/769 3201/638/769 6386/5566/1757 5156/5563/1757
f 3201/638/769 160/637/160 2262/5567/822 6386/5566/1757
f 2264/5543/824 6387/5562/1757 5157/5565/1757 824/5544/824
f 161/645/161 2209/5818/769 6387/5562/1757 2264/5543/824
f 2209/5818/769 769/5817/769 5156/5563/1757 6387/5562/1757
f 3256/731/824 6388/5558/1757 2238/5561/798 176/732/176
f 824/5544/824 5157/5565/1757 6388/5558/1757 3256/731/824
f 5157/5565/1757 1757/5564/1757 5155/5559/1757 6388/5558/1757
f 5152/5551/1756 6389/5554/1756 5154/5557/1756 1756/5552/1756
f 777/5805/777 3209/642/777 6389/5554/1756 5152/5551/1756
f 3209/642/777 168/641/168 2263/5555/823 6389/5554/1756
f 3243/5710/811 6390/5550/1756 5153/5553/1756 811/5711/811
f 169/649/169 2217/5806/777 6390/5550/1756 3243/5710/811
f 2217/5806/777 777/5805/777 5152/5551/1756 6390/5550/1756
f 2251/674/811 6391/5546/1756 2246/5549/806 184/675/184
f 811/5711/811 5153/5553/1756 6391/5546/1756 2251/674/811
f 5153/5553/1756 1756/5552/1756 5151/5547/1756 6391/5546/1756
f 5148/5539/1755 6392/5542/1755 5150/5545/1755 1755/5540/1755
f 770/5793/770 3202/646/770 6392/5542/1755 5148/5539/1755
f 3202/646/770 161/645/161 2264/5543/824 6392/5542/1755
f 3245/5698/813 6393/5538/1755 5149/5541/1755 813/5699/813
f 162/653/162 2210/5794/770 6393/5538/1755 3245/5698/813
f 2210/5794/770 770/5793/770 5148/5539/1755 6393/5538/1755
f 2253/678/813 6394/5534/1755 2239/5537/799 177/679/177
f 813/5699/813 5149/5541/1755 6394/5534/1755 2253/678/813
f 5149/5541/1755 1755/5540/1755 5147/5535/1755 6394/5534/1755
f 5144/5529/1754 6395/5532/1754 5146/5533/1754 1754/5530/1754
f 796/5608/796 3228/709/796 6395/5532/1754 5144/5529/1754
f 3228/709/796 173/708/173 3272/787/840 6395/5532/1754
f 2279/5509/839 6396/5528/1754 5145/5531/1754 839/5510/839
f 174/716/174 2236/5609/796 6396/5528/1754 2279/5509/839
f 2236/5609/796 796/5608/796 5144/5529/1754 6396/5528/1754
f 3271/743/839 6397/5524/1754 2265/5527/825 189/744/189
f 839/5510/839 5145/5531/1754 6397/5524/1754 3271/743/839
f 5145/5531/1754 1754/5530/1754 5143/5525/1754 6397/5524/1754
f 5140/5517/1753 6398/5520/1753 5142/5523/1753 1753/5518/1753
f 804/5596/804 3236/713/804 6398/5520/1753 5140/5517/1753
f 3236/713/804 181/712/181 3274/5521/842 6398/5520/1753
f 2281/5497/841 6399/5516/1753 5141/5519/1753 841/5498/841
f 182/720/182 2244/5597/804 6399/5516/1753 2281/5497/841
f 2244/5597/804 804/5596/804 5140/5517/1753 6399/5516/1753
f 3273/747/841 6400/5512/1753 2273/5515/833 197/748/197
f 841/5498/841 5141/5519/1753 6400/5512/1753 3273/747/841
f 5141/5519/1753 1753/5518/1753 5139/5513/1753 6400/5512/1753
f 5136/5505/1752 6401/5508/1752 5138/5511/1752 1752/5506/1752
f 797/5584/797 3229/717/797 6401/5508/1752 5136/5505/1752
f 3229/717/797 174/716/174 2279/5509/839 6401/5508/1752
f 2283/5485/843 6402/5504/1752 5137/5507/1752 843/5486/843
f 175/724/175 2237/5585/797 6402/5504/1752 2283/5485/843
f 2237/5585/797 797/5584/797 5136/5505/1752 6402/5504/1752
f 3275/751/843 6403/5500/1752 2266/5503/826 190/752/190
f 843/5486/843 5137/5507/1752 6403/5500/1752 3275/751/843
f 5137/5507/1752 1752/5506/1752 5135/5501/1752 6403/5500/1752
f 5132/5493/1751 6404/5496/1751 5134/5499/1751 1751/5494/1751
f 805/5572/805 3237/721/805 6404/5496/1751 5132/5493/1751
f 3237/721/805 182/720/182 2281/5497/841 6404/5496/1751
f 2284/5473/844 6405/5492/1751 5133/5495/1751 844/5474/844
f 183/728/183 2245/5573/805 6405/5492/1751 2284/5473/844
f 2245/5573/805 805/5572/805 5132/5493/1751 6405/5492/1751
f 3276/755/844 6406/5488/1751 2274/5491/834 198/756/198
f 844/5474/844 5133/5495/1751 6406/5488/1751 3276/755/844
f 5133/5495/1751 1751/5494/1751 5131/5489/1751 6406/5488/1751
f 5128/5481/1750 6407/5484/1750 5130/5487/1750 1750/5482/1750
f 798/5560/798 3230/725/798 6407/5484/1750 5128/5481/1750
f 3230/725/798 175/724/175 2283/5485/843 6407/5484/1750
f 2285/5461/845 6408/5480/1750 5129/5483/1750 845/5462/845
f 176/732/176 2238/5561/798 6408/5480/1750 2285/5461/845
f 2238/5561/798 798/5560/798 5128/5481/1750 6408/5480/1750
f 3277/759/845 6409/5476/1750 2267/5479/1923 191/760/191
f 845/5462/845 5129/5483/1750 6409/5476/1750 3277/759/845
f 5129/5483/1750 1750/5482/1750 5127/5477/1750 6409/5476/1750
f 5124/5469/1749 6410/5472/1749 5126/5475/1749 1749/5470/1749
f 806/5548/806 3238/729/806 6410/5472/1749 5124/5469/1749
f 3238/729/806 183/728/183 2284/5473/844 6410/5472/1749
f 2286/5449/846 6411/5468/1749 5125/5471/1749 846/5450/846
f 184/675/184 2246/5549/806 6411/5468/1749 2286/5449/846
f 2246/5549/806 806/5548/806 5124/5469/1749 6411/5468/1749
f 3278/763/846 6412/5464/1749 2275/5467/835 199/764/199
f 846/5450/846 5125/5471/1749 6412/5464/1749 3278/763/846
f 5125/5471/1749 1749/5470/1749 5123/5465/1749 6412/5464/1749
f 5120/5457/1748 6413/5460/1748 5122/5463/1748 1748/5458/1748
f 799/5536/799 3231/733/799 6413/5460/1748 5120/5457/1748
f 3231/733/799 176/732/176 2285/5461/845 6413/5460/1748
f 2287/5437/847 6414/5456/1748 5121/5459/1748 847/5438/847
f 177/679/177 2239/5537/799 6414/5456/1748 2287/5437/847
f 2239/5537/799 799/5536/799 5120/5457/1748 6414/5456/1748
f 3279/767/847 6415/5452/1748 2268/5455/828 192/768/192
f 847/5438/847 5121/5459/1748 6415/5452/1748 3279/767/847
f 5121/5459/1748 1748/5458/1748 5119/5453/1748 6415/5452/1748
f 5116/5445/1747 6416/5448/1747 5118/5451/1747 1747/5446/1747
f 807/5703/807 3239/676/807 6416/5448/1747 5116/5445/1747
f 3239/676/807 184/675/184 2286/5449/846 6416/5448/1747
f 2288/5425/848 6417/5444/1747 5117/5447/1747 848/5426/848
f 185/683/185 2247/5704/807 6417/5444/1747 2288/5425/848
f 2247/5704/807 807/5703/807 5116/5445/1747 6417/5444/1747
f 3280/771/848 6418/5440/1747 2276/5443/1924 200/772/200
f 848/5426/848 5117/5447/1747 6418/5440/1747 3280/771/848
f 5117/5447/1747 1747/5446/1747 5115/5441/1747 6418/5440/1747
f 5112/5433/1746 6419/5436/1746 5114/5439/1746 1746/5434/1746
f 800/5691/800 3232/680/800 6419/5436/1746 5112/5433/1746
f 3232/680/800 177/679/177 2287/5437/847 6419/5436/1746
f 2289/5413/849 6420/5432/1746 5113/5435/1746 849/5414/849
f 178/687/178 2240/5692/800 6420/5432/1746 2289/5413/849
f 2240/5692/800 800/5691/800 5112/5433/1746 6420/5432/1746
f 3281/775/849 6421/5428/1746 2269/5431/829 193/776/193
f 849/5414/849 5113/5435/1746 6421/5428/1746 3281/775/849
f 5113/5435/1746 1746/5434/1746 5111/5429/1746 6421/5428/1746
f 5108/5421/1745 6422/5424/1745 5110/5427/1745 1745/5422/1745
f 808/5679/808 3240/684/808 6422/5424/1745 5108/5421/1745
f 3240/684/808 185/683/185 2288/5425/848 6422/5424/1745
f 2290/5401/850 6423/5420/1745 5109/5423/1745 850/5402/850
f 186/691/186 2248/5680/808 6423/5420/1745 2290/5401/850
f 2248/5680/808 808/5679/808 5108/5421/1745 6423/5420/1745
f 3282/779/850 6424/5416/1745 2277/5419/837 201/780/201
f 850/5402/850 5109/5423/1745 6424/5416/1745 3282/779/850
f 5109/5423/1745 1745/5422/1745 5107/5417/1745 6424/5416/1745
f 5104/5409/1744 6425/5412/1744 5106/5415/1744 1744/5410/1744
f 801/5667/801 3233/688/801 6425/5412/1744 5104/5409/1744
f 3233/688/801 178/687/178 2289/5413/849 6425/5412/1744
f 2291/5389/851 6426/5408/1744 5105/5411/1744 851/5390/851
f 179/695/179 2241/5668/801 6426/5408/1744 2291/5389/851
f 2241/5668/801 801/5667/801 5104/5409/1744 6426/5408/1744
f 3283/783/851 6427/5404/1744 2270/5407/830 194/784/194
f 851/5390/851 5105/5411/1744 6427/5404/1744 3283/783/851
f 5105/5411/1744 1744/5410/1744 5103/5405/1744 6427/5404/1744
f 5100/5397/1743 6428/5400/1743 5102/5403/1743 1743/5398/1743
f 809/5655/809 3241/692/809 6428/5400/1743 5100/5397/1743
f 3241/692/809 186/691/186 2290/5401/850 6428/5400/1743
f 2292/7779/852 6429/5396/1743 5101/5399/1743 852/7780/852
f 187/7774/187 2249/5656/809 6429/5396/1743 2292/7779/852
f 2249/5656/809 809/5655/809 5100/5397/1743 6429/5396/1743
f 3284/7781/852 6430/5392/1743 2278/5395/838 202/7782/202
f 852/7780/852 5101/5399/1743 6430/5392/1743 3284/7781/852
f 5101/5399/1743 1743/5398/1743 5099/5393/1743 6430/5392/1743
f 5096/5385/1742 6431/5388/1742 5098/5391/1742 1742/5386/1742
f 802/5643/802 3234/696/802 6431/5388/1742 5096/5385/1742
f 3234/696/802 179/695/179 2291/5389/851 6431/5388/1742
f 2293/5364/853 6432/5384/1742 5097/5387/1742 853/5365/853
f 180/704/180 2242/5644/802 6432/5384/1742 2293/5364/853
f 2242/5644/802 802/5643/802 5096/5385/1742 6432/5384/1742
f 3285/792/853 6433/5380/1742 2271/5383/831 195/793/195
f 853/5365/853 5097/5387/1742 6433/5380/1742 3285/792/853
f 5097/5387/1742 1742/5386/1742 5095/5381/1742 6433/5380/1742
f 5094/5379/1980 3864/7783/1432 1432/7784/1432
f 5094/5379/1980 3862/5378/1430 3864/7783/1432
f 3862/5378/1430 82/7785/82 3864/7783/1432
f 5092/5375/1980 5094/5379/1980 1432/7784/1432
f 5092/5375/1980 5093/5376/1980 5094/5379/1980
f 5093/5376/1980 1430/5377/1430 5094/5379/1980
f 2280/735/840 2872/7786/1432 188/736/188
f 2280/735/840 5092/5375/1980 2872/7786/1432
f 5092/5375/1980 1432/7784/1432 2872/7786/1432
f 5091/5373/1979 2292/7779/852 852/7780/852
f 5091/5373/1979 3863/5372/1431 2292/7779/852
f 3863/5372/1431 187/7774/187 2292/7779/852
f 5089/5368/1979 5091/5373/1979 852/7780/852
f 5089/5368/1979 5090/5370/1979 5091/5373/1979
f 5090/5370/1979 1431/5371/1431 5091/5373/1979
f 3865/5369/1433 3284/7781/852 202/7782/202
f 3865/5369/1433 5089/5368/1979 3284/7781/852
f 5089/5368/1979 852/7780/852 3284/7781/852
f 5086/5360/1741 6434/5363/1741 5088/5366/1741 1741/5361/1741
f 803/5619/803 3235/705/803 6434/5363/1741 5086/5360/1741
f 3235/705/803 180/704/180 2293/5364/853 6434/5363/1741
f 3274/5521/842 6435/5359/1741 5087/5362/1741 842/5522/842
f 181/712/181 2243/5620/803 6435/5359/1741 3274/5521/842
f 2243/5620/803 803/5619/803 5086/5360/1741 6435/5359/1741
f 2282/739/842 6436/5355/1741 2272/5358/832 196/740/196
f 842/5522/842 5087/5362/1741 6436/5355/1741 2282/739/842
f 5087/5362/1741 1741/5361/1741 5085/5356/1741 6436/5355/1741
f 5082/5348/1740 6437/5351/1740 5084/5354/1740 1740/5349/1740
f 829/5430/829 3261/769/829 6437/5351/1740 5082/5348/1740
f 3261/769/829 192/768/192 3301/5352/869 6437/5351/1740
f 2308/5328/868 6438/5347/1740 5083/5350/1740 868/5329/868
f 193/776/193 2269/5431/829 6438/5347/1740 2308/5328/868
f 2269/5431/829 829/5430/829 5082/5348/1740 6438/5347/1740
f 3300/804/868 6439/5343/1740 2298/5346/858 208/805/208
f 868/5329/868 5083/5350/1740 6439/5343/1740 3300/804/868
f 5083/5350/1740 1740/5349/1740 5081/5344/1740 6439/5343/1740
f 5078/5336/1739 6440/5339/1978 5080/5342/1978 1739/5337/1739
f 837/5418/837 3269/773/837 6440/5339/1978 5078/5336/1739
f 3269/773/837 200/772/200 3303/5340/871 6440/5339/1978
f 2310/5316/870 6441/5335/1739 5079/5338/1739 870/5317/870
f 201/780/201 2277/5419/837 6441/5335/1739 2310/5316/870
f 2277/5419/837 837/5418/837 5078/5336/1739 6441/5335/1739
f 3302/808/870 6442/5331/1739 2306/5334/866 216/809/216
f 870/5317/870 5079/5338/1739 6442/5331/1739 3302/808/870
f 5079/5338/1739 1739/5337/1739 5077/5332/1978 6442/5331/1739
f 5074/5324/1738 6443/5327/1738 5076/5330/1738 1738/5325/1738
f 830/5406/830 3262/777/830 6443/5327/1738 5074/5324/1738
f 3262/777/830 193/776/193 2308/5328/868 6443/5327/1738
f 2312/5304/872 6444/5323/1738 5075/5326/1738 872/5305/872
f 194/784/194 2270/5407/830 6444/5323/1738 2312/5304/872
f 2270/5407/830 830/5406/830 5074/5324/1738 6444/5323/1738
f 3304/812/872 6445/5319/1738 2299/5322/859 209/813/209
f 872/5305/872 5075/5326/1738 6445/5319/1738 3304/812/872
f 5075/5326/1738 1738/5325/1738 5073/5320/1738 6445/5319/1738
f 5070/5312/1737 6446/5315/1737 5072/5318/1737 1737/5313/1737
f 838/5394/838 3270/781/838 6446/5315/1737 5070/5312/1737
f 3270/781/838 201/780/201 2310/5316/870 6446/5315/1737
f 2313/7787/873 6447/5311/1737 5071/5314/1737 873/7788/873
f 202/7782/202 2278/5395/838 6447/5311/1737 2313/7787/873
f 2278/5395/838 838/5394/838 5070/5312/1737 6447/5311/1737
f 3305/7789/873 6448/5307/1737 2307/5310/867 217/7790/217
f 873/7788/873 5071/5314/1737 6448/5307/1737 3305/7789/873
f 5071/5314/1737 1737/5313/1737 5069/5308/1737 6448/5307/1737
f 5066/5300/1736 6449/5303/1736 5068/5306/1736 1736/5301/1736
f 831/5382/831 3263/785/831 6449/5303/1736 5066/5300/1736
f 3263/785/831 194/784/194 2312/5304/872 6449/5303/1736
f 2314/5280/874 6450/5299/1736 5067/5302/1736 874/5281/874
f 195/793/195 2271/5383/831 6450/5299/1736 2314/5280/874
f 2271/5383/831 831/5382/831 5066/5300/1736 6450/5299/1736
f 3306/821/874 6451/5295/1736 2300/5298/860 210/822/210
f 874/5281/874 5067/5302/1736 6451/5295/1736 3306/821/874
f 5067/5302/1736 1736/5301/1736 5065/5296/1736 6451/5295/1736
f 5064/5294/1977 3866/7791/1434 1434/7792/1434
f 5064/5294/1977 3864/5293/1432 3866/7791/1434
f 3864/5293/1432 82/7793/82 3866/7791/1434
f 5062/5290/1977 5064/5294/1977 1434/7792/1434
f 5062/5290/1977 5063/5291/1977 5064/5294/1977
f 5063/5291/1977 1432/5292/1432 5064/5294/1977
f 3307/825/875 2874/7794/1434 203/826/203
f 3307/825/875 5062/5290/1977 2874/7794/1434
f 5062/5290/1977 1434/7792/1434 2874/7794/1434
f 5061/5289/1976 2313/7787/873 873/7788/873
f 5061/5289/1976 3865/5288/1433 2313/7787/873
f 3865/5288/1433 202/7782/202 2313/7787/873
f 5059/5284/1976 5061/5289/1976 873/7788/873
f 5059/5284/1976 5060/5286/1976 5061/5289/1976
f 5060/5286/1976 1433/5287/1433 5061/5289/1976
f 3867/5285/1435 3305/7789/873 217/7790/217
f 3867/5285/1435 5059/5284/1976 3305/7789/873
f 5059/5284/1976 873/7788/873 3305/7789/873
f 5056/5276/1735 6452/5279/1735 5058/5282/1735 1735/5277/1735
f 832/5357/832 3264/794/832 6452/5279/1735 5056/5276/1735
f 3264/794/832 195/793/195 2314/5280/874 6452/5279/1735
f 2316/5257/876 6453/5275/1735 5057/5278/1735 876/5258/876
f 196/740/196 2272/5358/832 6453/5275/1735 2316/5257/876
f 2272/5358/832 832/5357/832 5056/5276/1735 6453/5275/1735
f 3308/829/876 6454/5271/1735 2301/5274/861 211/830/211
f 876/5258/876 5057/5278/1735 6454/5271/1735 3308/829/876
f 5057/5278/1735 1735/5277/1735 5055/5272/1735 6454/5271/1735
f 5052/5265/1734 6455/5268/1734 5054/5270/1734 1734/5266/1734
f 825/5526/825 3257/737/825 6455/5268/1734 5052/5265/1734
f 3257/737/825 188/736/188 2315/816/875 6455/5268/1734
f 2317/5245/877 6456/5264/1734 5053/5267/1734 877/5246/877
f 189/744/189 2265/5527/825 6456/5264/1734 2317/5245/877
f 2265/5527/825 825/5526/825 5052/5265/1734 6456/5264/1734
f 3309/833/877 6457/5260/1734 2294/5263/854 204/834/204
f 877/5246/877 5053/5267/1734 6457/5260/1734 3309/833/877
f 5053/5267/1734 1734/5266/1734 5051/5261/1734 6457/5260/1734
f 5048/5253/1733 6458/5256/1733 5050/5259/1733 1733/5254/1733
f 833/5514/833 3265/741/833 6458/5256/1733 5048/5253/1733
f 3265/741/833 196/740/196 2316/5257/876 6458/5256/1733
f 2318/5233/878 6459/5252/1733 5049/5255/1733 878/5234/878
f 197/748/197 2273/5515/833 6459/5252/1733 2318/5233/878
f 2273/5515/833 833/5514/833 5048/5253/1733 6459/5252/1733
f 3310/837/878 6460/5248/1733 2302/5251/862 212/838/212
f 878/5234/878 5049/5255/1733 6460/5248/1733 3310/837/878
f 5049/5255/1733 1733/5254/1733 5047/5249/1733 6460/5248/1733
f 5044/5241/1732 6461/5244/1732 5046/5247/1732 1732/5242/1732
f 826/5502/826 3258/745/826 6461/5244/1732 5044/5241/1732
f 3258/745/826 189/744/189 2317/5245/877 6461/5244/1732
f 2319/5221/879 6462/5240/2023 5045/5243/1732 879/5222/879
f 190/752/190 2266/5503/826 6462/5240/2023 2319/5221/879
f 2266/5503/826 826/5502/826 5044/5241/1732 6462/5240/2023
f 3311/841/879 6463/5236/1732 2295/5239/855 205/842/205
f 879/5222/879 5045/5243/1732 6463/5236/1732 3311/841/879
f 5045/5243/1732 1732/5242/1732 5043/5237/1732 6463/5236/1732
f 5040/5229/1731 6464/5232/1731 5042/5235/1731 1731/5230/1731
f 834/5490/834 3266/749/834 6464/5232/1731 5040/5229/1731
f 3266/749/834 197/748/197 2318/5233/878 6464/5232/1731
f 2320/5209/880 6465/5228/1731 5041/5231/1731 880/5210/880
f 198/756/198 2274/5491/834 6465/5228/1731 2320/5209/880
f 2274/5491/834 834/5490/834 5040/5229/1731 6465/5228/1731
f 3312/845/880 6466/5224/1731 2303/5227/863 213/846/213
f 880/5210/880 5041/5231/1731 6466/5224/1731 3312/845/880
f 5041/5231/1731 1731/5230/1731 5039/5225/1731 6466/5224/1731
f 5036/5217/1730 6467/5220/1730 5038/5223/1730 1730/5218/1730
f 827/5478/827 3259/753/827 6467/5220/1730 5036/5217/1730
f 3259/753/827 190/752/190 2319/5221/879 6467/5220/1730
f 2321/5197/881 6468/5216/1730 5037/5219/1730 881/5198/881
f 191/760/191 2267/5479/1923 6468/5216/1730 2321/5197/881
f 2267/5479/1923 827/5478/827 5036/5217/1730 6468/5216/1730
f 3313/849/881 6469/5212/1730 2296/5215/856 206/850/206
f 881/5198/881 5037/5219/1730 6469/5212/1730 3313/849/881
f 5037/5219/1730 1730/5218/1730 5035/5213/1730 6469/5212/1730
f 5032/5205/1729 6470/5208/1729 5034/5211/1729 1729/5206/1729
f 835/5466/835 3267/757/835 6470/5208/1729 5032/5205/1729
f 3267/757/835 198/756/198 2320/5209/880 6470/5208/1729
f 2322/5185/882 6471/5204/1729 5033/5207/1729 882/5186/882
f 199/764/199 2275/5467/835 6471/5204/1729 2322/5185/882
f 2275/5467/835 835/5466/835 5032/5205/1729 6471/5204/1729
f 3314/853/882 6472/5200/1729 2304/5203/864 214/854/214
f 882/5186/882 5033/5207/1729 6472/5200/1729 3314/853/882
f 5033/5207/1729 1729/5206/1729 5031/5201/1729 6472/5200/1729
f 5028/5193/1728 6473/5196/1728 5030/5199/1728 1728/5194/1728
f 828/5454/828 3260/761/828 6473/5196/1728 5028/5193/1728
f 3260/761/828 191/760/191 2321/5197/881 6473/5196/1728
f 3301/5352/869 6474/5192/1728 5029/5195/1728 869/5353/869
f 192/768/192 2268/5455/828 6474/5192/1728 3301/5352/869
f 2268/5455/828 828/5454/828 5028/5193/1728 6474/5192/1728
f 2309/796/869 6475/5188/1728 2297/5191/857 207/797/207
f 869/5353/869 5029/5195/1728 6475/5188/1728 2309/796/869
f 5029/5195/1728 1728/5194/1728 5027/5189/1728 6475/5188/1728
f 5024/5181/1727 6476/5184/1727 5026/5187/1727 1727/5182/1727
f 836/5442/836 3268/765/836 6476/5184/1727 5024/5181/1727
f 3268/765/836 199/764/199 2322/5185/882 6476/5184/1727
f 3303/5340/871 6477/5180/1727 5025/5183/1727 871/5341/871
f 200/772/200 2276/5443/1924 6477/5180/1727 3303/5340/871
f 2276/5443/1924 836/5442/836 5024/5181/1727 6477/5180/1727
f 2311/800/871 6478/5176/1727 2305/5179/865 215/801/215
f 871/5341/871 5025/5183/1727 6478/5176/1727 2311/800/871
f 5025/5183/1727 1727/5182/1727 5023/5177/1727 6478/5176/1727
f 5020/5169/1726 6479/5172/1726 5022/5175/1726 1726/5170/1726
f 862/5250/862 3294/831/862 6479/5172/1726 5020/5169/1726
f 3294/831/862 211/830/211 3330/5173/898 6479/5172/1726
f 2337/5149/897 6480/5168/1726 5021/5171/1726 897/5150/897
f 212/838/212 2302/5251/862 6480/5168/1726 2337/5149/897
f 2302/5251/862 862/5250/862 5020/5169/1726 6480/5168/1726
f 3329/865/897 6481/5164/1726 2331/5167/891 227/866/227
f 897/5150/897 5021/5171/1726 6481/5164/1726 3329/865/897
f 5021/5171/1726 1726/5170/1726 5019/5165/1726 6481/5164/1726
f 5016/5157/1725 6482/5160/1725 5018/5163/1725 1725/5158/1725
f 855/5238/855 3287/835/855 6482/5160/1725 5016/5157/1725
f 3287/835/855 204/834/204 3332/5161/900 6482/5160/1725
f 2339/5137/899 6483/5156/1725 5017/5159/1725 899/5138/899
f 205/842/205 2295/5239/855 6483/5156/1725 2339/5137/899
f 2295/5239/855 855/5238/855 5016/5157/1725 6483/5156/1725
f 3331/869/899 6484/5152/1725 2324/5155/884 220/870/220
f 899/5138/899 5017/5159/1725 6484/5152/1725 3331/869/899
f 5017/5159/1725 1725/5158/1725 5015/5153/1725 6484/5152/1725
f 5012/5145/1724 6485/5148/1724 5014/5151/1724 1724/5146/1724
f 863/5226/863 3295/839/863 6485/5148/1724 5012/5145/1724
f 3295/839/863 212/838/212 2337/5149/897 6485/5148/1724
f 2341/5125/901 6486/5144/1724 5013/5147/1724 901/5126/901
f 213/846/213 2303/5227/863 6486/5144/1724 2341/5125/901
f 2303/5227/863 863/5226/863 5012/5145/1724 6486/5144/1724
f 3333/873/901 6487/5140/1724 2332/5143/892 228/874/228
f 901/5126/901 5013/5147/1724 6487/5140/1724 3333/873/901
f 5013/5147/1724 1724/5146/1724 5011/5141/1724 6487/5140/1724
f 5008/5133/1723 6488/5136/1723 5010/5139/1723 1723/5134/1723
f 856/5214/856 3288/843/856 6488/5136/1723 5008/5133/1723
f 3288/843/856 205/842/205 2339/5137/899 6488/5136/1723
f 2342/5113/902 6489/5132/1723 5009/5135/1723 902/5114/902
f 206/850/206 2296/5215/856 6489/5132/1723 2342/5113/902
f 2296/5215/856 856/5214/856 5008/5133/1723 6489/5132/1723
f 3334/877/902 6490/5128/1723 2325/5131/885 221/878/221
f 902/5114/902 5009/5135/1723 6490/5128/1723 3334/877/902
f 5009/5135/1723 1723/5134/1723 5007/5129/1723 6490/5128/1723
f 5004/5121/1722 6491/5124/1722 5006/5127/1722 1722/5122/1722
f 864/5202/864 3296/847/864 6491/5124/1722 5004/5121/1722
f 3296/847/864 213/846/213 2341/5125/901 6491/5124/1722
f 2343/5101/903 6492/5120/1722 5005/5123/1722 903/5102/903
f 214/854/214 2304/5203/864 6492/5120/1722 2343/5101/903
f 2304/5203/864 864/5202/864 5004/5121/1722 6492/5120/1722
f 3335/881/903 6493/5116/1722 2333/5119/893 229/882/229
f 903/5102/903 5005/5123/1722 6493/5116/1722 3335/881/903
f 5005/5123/1722 1722/5122/1722 5003/5117/1722 6493/5116/1722
f 5000/5109/1721 6494/5112/1721 5002/5115/1721 1721/5110/1721
f 857/5190/857 3289/851/857 6494/5112/1721 5000/5109/1721
f 3289/851/857 206/850/206 2342/5113/902 6494/5112/1721
f 2344/5089/904 6495/5108/1721 5001/5111/1721 904/5090/904
f 207/797/207 2297/5191/857 6495/5108/1721 2344/5089/904
f 2297/5191/857 857/5190/857 5000/5109/1721 6495/5108/1721
f 3336/885/904 6496/5104/1721 2326/5107/886 222/886/222
f 904/5090/904 5001/5111/1721 6496/5104/1721 3336/885/904
f 5001/5111/1721 1721/5110/1721 4999/5105/1721 6496/5104/1721
f 4996/5097/1720 6497/5100/1720 4998/5103/1720 1720/5098/1720
f 865/5178/865 3297/855/865 6497/5100/1720 4996/5097/1720
f 3297/855/865 214/854/214 2343/5101/903 6497/5100/1720
f 2345/5077/905 6498/5096/1720 4997/5099/1720 905/5078/905
f 215/801/215 2305/5179/865 6498/5096/1720 2345/5077/905
f 2305/5179/865 865/5178/865 4996/5097/1720 6498/5096/1720
f 3337/889/905 6499/5092/1720 2334/5095/894 230/890/230
f 905/5078/905 4997/5099/1720 6499/5092/1720 3337/889/905
f 4997/5099/1720 1720/5098/1720 4995/5093/1720 6499/5092/1720
f 4992/5085/1719 6500/5088/1719 4994/5091/1719 1719/5086/1719
f 858/5345/858 3290/798/858 6500/5088/1719 4992/5085/1719
f 3290/798/858 207/797/207 2344/5089/904 6500/5088/1719
f 2346/5065/906 6501/5084/1719 4993/5087/1719 906/5066/906
f 208/805/208 2298/5346/858 6501/5084/1719 2346/5065/906
f 2298/5346/858 858/5345/858 4992/5085/1719 6501/5084/1719
f 3338/893/906 6502/5080/1719 2327/5083/887 223/894/223
f 906/5066/906 4993/5087/1719 6502/5080/1719 3338/893/906
f 4993/5087/1719 1719/5086/1719 4991/5081/1719 6502/5080/1719
f 4988/5073/1718 6503/5076/1718 4990/5079/1718 1718/5074/1718
f 866/5333/866 3298/802/866 6503/5076/1718 4988/5073/1718
f 3298/802/866 215/801/215 2345/5077/905 6503/5076/1718
f 2347/5053/907 6504/5072/1718 4989/5075/1718 907/5054/907
f 216/809/216 2306/5334/866 6504/5072/1718 2347/5053/907
f 2306/5334/866 866/5333/866 4988/5073/1718 6504/5072/1718
f 3339/897/907 6505/5068/1718 2335/5071/895 231/898/231
f 907/5054/907 4989/5075/1718 6505/5068/1718 3339/897/907
f 4989/5075/1718 1718/5074/1718 4987/5069/1718 6505/5068/1718
f 4984/5061/1717 6506/5064/1717 4986/5067/1717 1717/5062/1717
f 859/5321/859 3291/806/859 6506/5064/1717 4984/5061/1717
f 3291/806/859 208/805/208 2346/5065/906 6506/5064/1717
f 2348/5041/908 6507/5060/1717 4985/5063/1717 908/5042/908
f 209/813/209 2299/5322/859 6507/5060/1717 2348/5041/908
f 2299/5322/859 859/5321/859 4984/5061/1717 6507/5060/1717
f 3340/901/908 6508/5056/1717 2328/5059/888 224/902/224
f 908/5042/908 4985/5063/1717 6508/5056/1717 3340/901/908
f 4985/5063/1717 1717/5062/1717 4983/5057/1717 6508/5056/1717
f 4980/5049/1716 6509/5052/1716 4982/5055/1716 1716/5050/1716
f 867/5309/867 3299/810/867 6509/5052/1716 4980/5049/1716
f 3299/810/867 216/809/216 2347/5053/907 6509/5052/1716
f 2349/7795/909 6510/5048/1716 4981/5051/1716 909/7796/909
f 217/7790/217 2307/5310/867 6510/5048/1716 2349/7795/909
f 2307/5310/867 867/5309/867 4980/5049/1716 6510/5048/1716
f 3341/7797/909 6511/5044/1716 2336/5047/896 232/7798/232
f 909/7796/909 4981/5051/1716 6511/5044/1716 3341/7797/909
f 4981/5051/1716 1716/5050/1716 4979/5045/1716 6511/5044/1716
f 4976/5037/1715 6512/5040/1715 4978/5043/1715 1715/5038/1715
f 860/5297/860 3292/814/860 6512/5040/1715 4976/5037/1715
f 3292/814/860 209/813/209 2348/5041/908 6512/5040/1715
f 2350/5017/910 6513/5036/1715 4977/5039/1715 910/5018/910
f 210/822/210 2300/5298/860 6513/5036/1715 2350/5017/910
f 2300/5298/860 860/5297/860 4976/5037/1715 6513/5036/1715
f 3342/910/910 6514/5032/1715 2329/5035/889 225/911/225
f 910/5018/910 4977/5039/1715 6514/5032/1715 3342/910/910
f 4977/5039/1715 1715/5038/1715 4975/5033/1715 6514/5032/1715
f 4974/5031/1975 3868/7799/1436 1436/7800/1436
f 4974/5031/1975 3866/5030/1434 3868/7799/1436
f 3866/5030/1434 82/7801/82 3868/7799/1436
f 4972/5027/1975 4974/5031/1975 1436/7800/1436
f 4972/5027/1975 4973/5028/1975 4974/5031/1975
f 4973/5028/1975 1434/5029/1434 4974/5031/1975
f 3343/914/911 2876/7802/1436 218/915/218
f 3343/914/911 4972/5027/1975 2876/7802/1436
f 4972/5027/1975 1436/7800/1436 2876/7802/1436
f 4971/5026/1974 2349/7795/909 909/7796/909
f 4971/5026/1974 3867/5025/1435 2349/7795/909
f 3867/5025/1435 217/7790/217 2349/7795/909
f 4969/5021/1974 4971/5026/1974 909/7796/909
f 4969/5021/1974 4970/5023/1974 4971/5026/1974
f 4970/5023/1974 1435/5024/1435 4971/5026/1974
f 3869/5022/1437 3341/7797/909 232/7798/232
f 3869/5022/1437 4969/5021/1974 3341/7797/909
f 4969/5021/1974 909/7796/909 3341/7797/909
f 4966/5013/1714 6515/5016/1714 4968/5019/1714 1714/5014/1714
f 861/5273/861 3293/823/861 6515/5016/1714 4966/5013/1714
f 3293/823/861 210/822/210 2350/5017/910 6515/5016/1714
f 3330/5173/898 6516/5012/1714 4967/5015/1714 898/5174/898
f 211/830/211 2301/5274/861 6516/5012/1714 3330/5173/898
f 2301/5274/861 861/5273/861 4966/5013/1714 6516/5012/1714
f 2338/857/898 6517/5008/1714 2330/5011/890 226/858/226
f 898/5174/898 4967/5015/1714 6517/5008/1714 2338/857/898
f 4967/5015/1714 1714/5014/1714 4965/5009/1714 6517/5008/1714
f 4962/5002/1713 6518/5005/1713 4964/5007/1713 1713/5003/1713
f 854/5262/854 3286/827/854 6518/5005/1713 4962/5002/1713
f 3286/827/854 203/826/203 2351/905/911 6518/5005/1713
f 3332/5161/900 6519/5001/1713 4963/5004/1713 900/5162/900
f 204/834/204 2294/5263/854 6519/5001/1713 3332/5161/900
f 2294/5263/854 854/5262/854 4962/5002/1713 6519/5001/1713
f 2340/861/900 6520/4997/1713 2323/5000/883 219/862/219
f 900/5162/900 4963/5004/1713 6520/4997/1713 2340/861/900
f 4963/5004/1713 1713/5003/1713 4961/4998/1713 6520/4997/1713
f 4958/4990/1712 6521/4993/1712 4960/4996/1712 1712/4991/1712
f 895/5070/895 3327/891/895 6521/4993/1712 4958/4990/1712
f 3327/891/895 230/890/230 3359/4994/927 6521/4993/1712
f 2366/4970/926 6522/4989/1712 4959/4992/1712 926/4971/926
f 231/898/231 2335/5071/895 6522/4989/1712 2366/4970/926
f 2335/5071/895 895/5070/895 4958/4990/1712 6522/4989/1712
f 3358/926/926 6523/4985/1712 2364/4988/924 246/927/246
f 926/4971/926 4959/4992/1712 6523/4985/1712 3358/926/926
f 4959/4992/1712 1712/4991/1712 4957/4986/1712 6523/4985/1712
f 4954/4978/1711 6524/4981/1711 4956/4984/1711 1711/4979/1711
f 888/5058/888 3320/895/888 6524/4981/1711 4954/4978/1711
f 3320/895/888 223/894/223 3361/4982/929 6524/4981/1711
f 2368/4958/928 6525/4977/1711 4955/4980/1711 928/4959/928
f 224/902/224 2328/5059/888 6525/4977/1711 2368/4958/928
f 2328/5059/888 888/5058/888 4954/4978/1711 6525/4977/1711
f 3360/930/928 6526/4973/1711 2357/4976/917 239/931/239
f 928/4959/928 4955/4980/1711 6526/4973/1711 3360/930/928
f 4955/4980/1711 1711/4979/1711 4953/4974/1711 6526/4973/1711
f 4950/4966/1710 6527/4969/1710 4952/4972/1710 1710/4967/1710
f 896/5046/896 3328/899/896 6527/4969/1710 4950/4966/1710
f 3328/899/896 231/898/231 2366/4970/926 6527/4969/1710
f 2370/7803/930 6528/4965/1710 4951/4968/1710 930/7804/930
f 232/7798/232 2336/5047/896 6528/4965/1710 2370/7803/930
f 2336/5047/896 896/5046/896 4950/4966/1710 6528/4965/1710
f 3362/7805/930 6529/4961/1710 2365/4964/925 247/7806/247
f 930/7804/930 4951/4968/1710 6529/4961/1710 3362/7805/930
f 4951/4968/1710 1710/4967/1710 4949/4962/1710 6529/4961/1710
f 4946/4954/1709 6530/4957/1709 4948/4960/1709 1709/4955/1709
f 889/5034/889 3321/903/889 6530/4957/1709 4946/4954/1709
f 3321/903/889 224/902/224 2368/4958/928 6530/4957/1709
f 2371/4934/931 6531/4953/1709 4947/4956/1709 931/4935/931
f 225/911/225 2329/5035/889 6531/4953/1709 2371/4934/931
f 2329/5035/889 889/5034/889 4946/4954/1709 6531/4953/1709
f 3363/939/931 6532/4949/1709 2358/4952/918 240/940/240
f 931/4935/931 4947/4956/1709 6532/4949/1709 3363/939/931
f 4947/4956/1709 1709/4955/1709 4945/4950/1709 6532/4949/1709
f 4944/4948/1973 3870/7807/1438 1438/7808/1438
f 4944/4948/1973 3868/4947/1436 3870/7807/1438
f 3868/4947/1436 82/7809/82 3870/7807/1438
f 4942/4944/1972 4944/4948/1973 1438/7808/1438
f 4942/4944/1972 4943/4945/1972 4944/4948/1973
f 4943/4945/1972 1436/4946/1436 4944/4948/1973
f 3364/943/932 2878/7810/1438 233/944/233
f 3364/943/932 4942/4944/1972 2878/7810/1438
f 4942/4944/1972 1438/7808/1438 2878/7810/1438
f 4941/4943/1971 2370/7803/930 930/7804/930
f 4941/4943/1971 3869/4942/1437 2370/7803/930
f 3869/4942/1437 232/7798/232 2370/7803/930
f 4939/4938/1971 4941/4943/1971 930/7804/930
f 4939/4938/1971 4940/4940/1971 4941/4943/1971
f 4940/4940/1971 1437/4941/1437 4941/4943/1971
f 3871/4939/1439 3362/7805/930 247/7806/247
f 3871/4939/1439 4939/4938/1971 3362/7805/930
f 4939/4938/1971 930/7804/930 3362/7805/930
f 4936/4930/1708 6533/4933/1708 4938/4936/1708 1708/4931/1708
f 890/5010/890 3322/912/890 6533/4933/1708 4936/4930/1708
f 3322/912/890 225/911/225 2371/4934/931 6533/4933/1708
f 2373/4911/933 6534/4929/1708 4937/4932/1708 933/4912/933
f 226/858/226 2330/5011/890 6534/4929/1708 2373/4911/933
f 2330/5011/890 890/5010/890 4936/4930/1708 6534/4929/1708
f 3365/947/933 6535/4925/1708 2359/4928/919 241/948/241
f 933/4912/933 4937/4932/1708 6535/4925/1708 3365/947/933
f 4937/4932/1708 1708/4931/1708 4935/4926/1708 6535/4925/1708
f 4932/4919/1707 6536/4922/1707 4934/4924/1707 1707/4920/1707
f 883/4999/883 3315/916/883 6536/4922/1707 4932/4919/1707
f 3315/916/883 218/915/218 2372/934/932 6536/4922/1707
f 2374/4899/934 6537/4918/1707 4933/4921/1707 934/4900/934
f 219/862/219 2323/5000/883 6537/4918/1707 2374/4899/934
f 2323/5000/883 883/4999/883 4932/4919/1707 6537/4918/1707
f 3366/951/934 6538/4914/1707 2352/4917/912 234/952/234
f 934/4900/934 4933/4921/1707 6538/4914/1707 3366/951/934
f 4933/4921/1707 1707/4920/1707 4931/4915/1707 6538/4914/1707
f 4928/4907/1706 6539/4910/1706 4930/4913/1706 1706/4908/1706
f 891/5166/891 3323/859/891 6539/4910/1706 4928/4907/1706
f 3323/859/891 226/858/226 2373/4911/933 6539/4910/1706
f 2375/4887/935 6540/4906/1706 4929/4909/1706 935/4888/935
f 227/866/227 2331/5167/891 6540/4906/1706 2375/4887/935
f 2331/5167/891 891/5166/891 4928/4907/1706 6540/4906/1706
f 3367/955/935 6541/4902/1706 2360/4905/920 242/956/242
f 935/4888/935 4929/4909/1706 6541/4902/1706 3367/955/935
f 4929/4909/1706 1706/4908/1706 4927/4903/1706 6541/4902/1706
f 4924/4895/1705 6542/4898/1705 4926/4901/1705 1705/4896/1705
f 884/5154/884 3316/863/884 6542/4898/1705 4924/4895/1705
f 3316/863/884 219/862/219 2374/4899/934 6542/4898/1705
f 2376/4875/936 6543/4894/1705 4925/4897/1705 936/4876/936
f 220/870/220 2324/5155/884 6543/4894/1705 2376/4875/936
f 2324/5155/884 884/5154/884 4924/4895/1705 6543/4894/1705
f 3368/959/936 6544/4890/1705 2353/4893/913 235/960/235
f 936/4876/936 4925/4897/1705 6544/4890/1705 3368/959/936
f 4925/4897/1705 1705/4896/1705 4923/4891/1705 6544/4890/1705
f 4920/4883/1704 6545/4886/1704 4922/4889/1704 1704/4884/1704
f 892/5142/892 3324/867/892 6545/4886/1704 4920/4883/1704
f 3324/867/892 227/866/227 2375/4887/935 6545/4886/1704
f 2377/4863/937 6546/4882/1704 4921/4885/1704 937/4864/937
f 228/874/228 2332/5143/892 6546/4882/1704 2377/4863/937
f 2332/5143/892 892/5142/892 4920/4883/1704 6546/4882/1704
f 3369/963/937 6547/4878/1704 2361/4881/921 243/964/243
f 937/4864/937 4921/4885/1704 6547/4878/1704 3369/963/937
f 4921/4885/1704 1704/4884/1704 4919/4879/1704 6547/4878/1704
f 4916/4871/1703 6548/4874/1703 4918/4877/1703 1703/4872/1703
f 885/5130/885 3317/871/885 6548/4874/1703 4916/4871/1703
f 3317/871/885 220/870/220 2376/4875/936 6548/4874/1703
f 2378/4851/938 6549/4870/1703 4917/4873/1703 938/4852/938
f 221/878/221 2325/5131/885 6549/4870/1703 2378/4851/938
f 2325/5131/885 885/5130/885 4916/4871/1703 6549/4870/1703
f 3370/967/938 6550/4866/1703 2354/4869/914 236/968/236
f 938/4852/938 4917/4873/1703 6550/4866/1703 3370/967/938
f 4917/4873/1703 1703/4872/1703 4915/4867/1703 6550/4866/1703
f 4912/4859/1702 6551/4862/1702 4914/4865/1702 1702/4860/1702
f 893/5118/893 3325/875/893 6551/4862/1702 4912/4859/1702
f 3325/875/893 228/874/228 2377/4863/937 6551/4862/1702
f 2379/4839/939 6552/4858/1702 4913/4861/1702 939/4840/939
f 229/882/229 2333/5119/893 6552/4858/1702 2379/4839/939
f 2333/5119/893 893/5118/893 4912/4859/1702 6552/4858/1702
f 3371/971/939 6553/4854/1702 2362/4857/922 244/972/244
f 939/4840/939 4913/4861/1702 6553/4854/1702 3371/971/939
f 4913/4861/1702 1702/4860/1702 4911/4855/1702 6553/4854/1702
f 4908/4847/1701 6554/4850/1701 4910/4853/1701 1701/4848/1701
f 886/5106/886 3318/879/886 6554/4850/1701 4908/4847/1701
f 3318/879/886 221/878/221 2378/4851/938 6554/4850/1701
f 2380/4827/940 6555/4846/1701 4909/4849/1701 940/4828/940
f 222/886/222 2326/5107/886 6555/4846/1701 2380/4827/940
f 2326/5107/886 886/5106/886 4908/4847/1701 6555/4846/1701
f 3372/975/940 6556/4842/1701 2355/4845/915 237/976/237
f 940/4828/940 4909/4849/1701 6556/4842/1701 3372/975/940
f 4909/4849/1701 1701/4848/1701 4907/4843/1701 6556/4842/1701
f 4904/4835/1700 6557/4838/1700 4906/4841/1700 1700/4836/1700
f 894/5094/894 3326/883/894 6557/4838/1700 4904/4835/1700
f 3326/883/894 229/882/229 2379/4839/939 6557/4838/1700
f 3359/4994/927 6558/4834/1700 4905/4837/1700 927/4995/927
f 230/890/230 2334/5095/894 6558/4834/1700 3359/4994/927
f 2334/5095/894 894/5094/894 4904/4835/1700 6558/4834/1700
f 2367/918/927 6559/4830/1700 2363/4833/923 245/919/245
f 927/4995/927 4905/4837/1700 6559/4830/1700 2367/918/927
f 4905/4837/1700 1700/4836/1700 4903/4831/1700 6559/4830/1700
f 4900/4823/1699 6560/4826/1699 4902/4829/1699 1699/4824/1699
f 887/5082/887 3319/887/887 6560/4826/1699 4900/4823/1699
f 3319/887/887 222/886/222 2380/4827/940 6560/4826/1699
f 3361/4982/929 6561/4822/1699 4901/4825/1699 929/4983/929
f 223/894/223 2327/5083/887 6561/4822/1699 3361/4982/929
f 2327/5083/887 887/5082/887 4900/4823/1699 6561/4822/1699
f 2369/922/929 6562/4818/1699 2356/4821/916 238/923/238
f 929/4983/929 4901/4825/1699 6562/4818/1699 2369/922/929
f 4901/4825/1699 1699/4824/1699 4899/4819/1699 6562/4818/1699
f 4896/4811/1698 6563/4814/1698 4898/4817/1698 1698/4812/1698
f 913/4892/913 3345/953/913 6563/4814/1698 4896/4811/1698
f 3345/953/913 234/952/234 3388/4815/956 6563/4814/1698
f 2395/4791/955 6564/4810/1698 4897/4813/1698 955/4792/955
f 235/960/235 2353/4893/913 6564/4810/1698 2395/4791/955
f 2353/4893/913 913/4892/913 4896/4811/1698 6564/4810/1698
f 3387/987/955 6565/4806/1698 2382/4809/942 250/988/250
f 955/4792/955 4897/4813/1698 6565/4806/1698 3387/987/955
f 4897/4813/1698 1698/4812/1698 4895/4807/1698 6565/4806/1698
f 4892/4799/1697 6566/4802/1697 4894/4805/1697 1697/4800/1697
f 921/4880/921 3353/957/921 6566/4802/1697 4892/4799/1697
f 3353/957/921 242/956/242 3390/4803/958 6566/4802/1697
f 2397/4779/957 6567/4798/1697 4893/4801/1697 957/4780/957
f 243/964/243 2361/4881/921 6567/4798/1697 2397/4779/957
f 2361/4881/921 921/4880/921 4892/4799/1697 6567/4798/1697
f 3389/991/957 6568/4794/1697 2390/4797/950 258/992/258
f 957/4780/957 4893/4801/1697 6568/4794/1697 3389/991/957
f 4893/4801/1697 1697/4800/1697 4891/4795/1697 6568/4794/1697
f 4888/4787/1696 6569/4790/1696 4890/4793/1696 1696/4788/1696
f 914/4868/914 3346/961/914 6569/4790/1696 4888/4787/1696
f 3346/961/914 235/960/235 2395/4791/955 6569/4790/1696
f 2399/4767/959 6570/4786/1696 4889/4789/1696 959/4768/959
f 236/968/236 2354/4869/914 6570/4786/1696 2399/4767/959
f 2354/4869/914 914/4868/914 4888/4787/1696 6570/4786/1696
f 3391/995/959 6571/4782/1696 2383/4785/943 251/996/251
f 959/4768/959 4889/4789/1696 6571/4782/1696 3391/995/959
f 4889/4789/1696 1696/4788/1696 4887/4783/1696 6571/4782/1696
f 4884/4775/1695 6572/4778/1695 4886/4781/1695 1695/4776/1695
f 922/4856/922 3354/965/922 6572/4778/1695 4884/4775/1695
f 3354/965/922 243/964/243 2397/4779/957 6572/4778/1695
f 2400/4755/960 6573/4774/1695 4885/4777/1695 960/4756/960
f 244/972/244 2362/4857/922 6573/4774/1695 2400/4755/960
f 2362/4857/922 922/4856/922 4884/4775/1695 6573/4774/1695
f 3392/999/960 6574/4770/1695 2391/4773/951 259/1000/259
f 960/4756/960 4885/4777/1695 6574/4770/1695 3392/999/960
f 4885/4777/1695 1695/4776/1695 4883/4771/1695 6574/4770/1695
f 4880/4763/1694 6575/4766/1694 4882/4769/1694 1694/4764/1694
f 915/4844/915 3347/969/915 6575/4766/1694 4880/4763/1694
f 3347/969/915 236/968/236 2399/4767/959 6575/4766/1694
f 2401/4743/961 6576/4762/1694 4881/4765/1694 961/4744/961
f 237/976/237 2355/4845/915 6576/4762/1694 2401/4743/961
f 2355/4845/915 915/4844/915 4880/4763/1694 6576/4762/1694
f 3393/1003/961 6577/4758/1694 2384/4761/944 252/1004/252
f 961/4744/961 4881/4765/1694 6577/4758/1694 3393/1003/961
f 4881/4765/1694 1694/4764/1694 4879/4759/1694 6577/4758/1694
f 4876/4751/1693 6578/4754/1693 4878/4757/1693 1693/4752/1693
f 923/4832/923 3355/973/923 6578/4754/1693 4876/4751/1693
f 3355/973/923 244/972/244 2400/4755/960 6578/4754/1693
f 2402/4731/962 6579/4750/1693 4877/4753/1693 962/4732/962
f 245/919/245 2363/4833/923 6579/4750/1693 2402/4731/962
f 2363/4833/923 923/4832/923 4876/4751/1693 6579/4750/1693
f 3394/1007/962 6580/4746/1693 2392/4749/952 260/1008/260
f 962/4732/962 4877/4753/1693 6580/4746/1693 3394/1007/962
f 4877/4753/1693 1693/4752/1693 4875/4747/1693 6580/4746/1693
f 4872/4739/1692 6581/4742/1692 4874/4745/1692 1692/4740/1692
f 916/4820/916 3348/977/916 6581/4742/1692 4872/4739/1692
f 3348/977/916 237/976/237 2401/4743/961 6581/4742/1692
f 2403/4719/963 6582/4738/1692 4873/4741/1692 963/4720/963
f 238/923/238 2356/4821/916 6582/4738/1692 2403/4719/963
f 2356/4821/916 916/4820/916 4872/4739/1692 6582/4738/1692
f 3395/1011/963 6583/4734/1692 2385/4737/945 253/1012/253
f 963/4720/963 4873/4741/1692 6583/4734/1692 3395/1011/963
f 4873/4741/1692 1692/4740/1692 4871/4735/1692 6583/4734/1692
f 4868/4727/1691 6584/4730/1691 4870/4733/1691 1691/4728/1691
f 924/4987/924 3356/920/924 6584/4730/1691 4868/4727/1691
f 3356/920/924 245/919/245 2402/4731/962 6584/4730/1691
f 2404/4707/964 6585/4726/1691 4869/4729/1691 964/4708/964
f 246/927/246 2364/4988/924 6585/4726/1691 2404/4707/964
f 2364/4988/924 924/4987/924 4868/4727/1691 6585/4726/1691
f 3396/1015/964 6586/4722/1691 2393/4725/953 261/1016/261
f 964/4708/964 4869/4729/1691 6586/4722/1691 3396/1015/964
f 4869/4729/1691 1691/4728/1691 4867/4723/1691 6586/4722/1691
f 4864/4715/1690 6587/4718/1690 4866/4721/1690 1690/4716/1690
f 917/4975/917 3349/924/917 6587/4718/1690 4864/4715/1690
f 3349/924/917 238/923/238 2403/4719/963 6587/4718/1690
f 2405/4695/965 6588/4714/1690 4865/4717/1690 965/4696/965
f 239/931/239 2357/4976/917 6588/4714/1690 2405/4695/965
f 2357/4976/917 917/4975/917 4864/4715/1690 6588/4714/1690
f 3397/1019/965 6589/4710/1690 2386/4713/946 254/1020/254
f 965/4696/965 4865/4717/1690 6589/4710/1690 3397/1019/965
f 4865/4717/1690 1690/4716/1690 4863/4711/1690 6589/4710/1690
f 4860/4703/1689 6590/4706/1689 4862/4709/1689 1689/4704/1689
f 925/4963/925 3357/928/925 6590/4706/1689 4860/4703/1689
f 3357/928/925 246/927/246 2404/4707/964 6590/4706/1689
f 2406/7811/966 6591/4702/1689 4861/4705/1689 966/7812/966
f 247/7806/247 2365/4964/925 6591/4702/1689 2406/7811/966
f 2365/4964/925 925/4963/925 4860/4703/1689 6591/4702/1689
f 3398/7813/966 6592/4698/1689 2394/4701/954 262/7814/262
f 966/7812/966 4861/4705/1689 6592/4698/1689 3398/7813/966
f 4861/4705/1689 1689/4704/1689 4859/4699/1689 6592/4698/1689
f 4856/4691/1970 6593/4694/1688 4858/4697/1688 1688/4692/1688
f 918/4951/918 3350/932/918 6593/4694/1688 4856/4691/1970
f 3350/932/918 239/931/239 2405/4695/965 6593/4694/1688
f 2407/4671/967 6594/4690/1970 4857/4693/1688 967/4672/967
f 240/940/240 2358/4952/918 6594/4690/1970 2407/4671/967
f 2358/4952/918 918/4951/918 4856/4691/1970 6594/4690/1970
f 3399/1028/967 6595/4686/1970 2387/4689/947 255/1029/255
f 967/4672/967 4857/4693/1688 6595/4686/1970 3399/1028/967
f 4857/4693/1688 1688/4692/1688 4855/4687/1688 6595/4686/1970
f 4854/4685/1969 3872/7815/1440 1440/7816/1440
f 4854/4685/1969 3870/4684/1438 3872/7815/1440
f 3870/4684/1438 82/7817/82 3872/7815/1440
f 4852/4681/1968 4854/4685/1969 1440/7816/1440
f 4852/4681/1968 4853/4682/1969 4854/4685/1969
f 4853/4682/1969 1438/4683/1438 4854/4685/1969
f 3400/1032/968 2880/7818/1440 248/1033/248
f 3400/1032/968 4852/4681/1968 2880/7818/1440
f 4852/4681/1968 1440/7816/1440 2880/7818/1440
f 4851/4680/1967 2406/7811/966 966/7812/966
f 4851/4680/1967 3871/4679/1439 2406/7811/966
f 3871/4679/1439 247/7806/247 2406/7811/966
f 4849/4675/1967 4851/4680/1967 966/7812/966
f 4849/4675/1967 4850/4677/1967 4851/4680/1967
f 4850/4677/1967 1439/4678/1439 4851/4680/1967
f 3873/4676/1441 3398/7813/966 262/7814/262
f 3873/4676/1441 4849/4675/1967 3398/7813/966
f 4849/4675/1967 966/7812/966 3398/7813/966
f 4846/4667/1966 6596/4670/1966 4848/4673/1687 1687/4668/1687
f 919/4927/919 3351/941/919 6596/4670/1966 4846/4667/1966
f 3351/941/919 240/940/240 2407/4671/967 6596/4670/1966
f 2409/4648/969 6597/4666/1687 4847/4669/1687 969/4649/969
f 241/948/241 2359/4928/919 6597/4666/1687 2409/4648/969
f 2359/4928/919 919/4927/919 4846/4667/1966 6597/4666/1687
f 3401/1036/969 6598/4662/1687 2388/4665/948 256/1037/256
f 969/4649/969 4847/4669/1687 6598/4662/1687 3401/1036/969
f 4847/4669/1687 1687/4668/1687 4845/4663/1687 6598/4662/1687
f 4842/4656/1686 6599/4659/1686 4844/4661/1686 1686/4657/1686
f 912/4916/912 3344/945/912 6599/4659/1686 4842/4656/1686
f 3344/945/912 233/944/233 2408/1023/968 6599/4659/1686
f 3388/4815/956 6600/4655/1686 4843/4658/1686 956/4816/956
f 234/952/234 2352/4917/912 6600/4655/1686 3388/4815/956
f 2352/4917/912 912/4916/912 4842/4656/1686 6600/4655/1686
f 2396/979/956 6601/4651/1686 2381/4654/941 249/980/249
f 956/4816/956 4843/4658/1686 6601/4651/1686 2396/979/956
f 4843/4658/1686 1686/4657/1686 4841/4652/1686 6601/4651/1686
f 4838/4644/1685 6602/4647/1685 4840/4650/1685 1685/4645/1685
f 920/4904/920 3352/949/920 6602/4647/1685 4838/4644/1685
f 3352/949/920 241/948/241 2409/4648/969 6602/4647/1685
f 3390/4803/958 6603/4643/1685 4839/4646/1685 958/4804/958
f 242/956/242 2360/4905/920 6603/4643/1685 3390/4803/958
f 2360/4905/920 920/4904/920 4838/4644/1685 6603/4643/1685
f 2398/983/958 6604/4639/1685 2389/4642/949 257/984/257
f 958/4804/958 4839/4646/1685 6604/4639/1685 2398/983/958
f 4839/4646/1685 1685/4645/1685 4837/4640/1685 6604/4639/1685
f 4834/4632/1684 6605/4635/1684 4836/4638/1684 1684/4633/1684
f 946/4712/946 3378/1013/946 6605/4635/1684 4834/4632/1684
f 3378/1013/946 253/1012/253 3417/4636/985 6605/4635/1684
f 2424/4612/984 6606/4631/1684 4835/4634/1684 984/4613/984
f 254/1020/254 2386/4713/946 6606/4631/1684 2424/4612/984
f 2386/4713/946 946/4712/946 4834/4632/1684 6606/4631/1684
f 3416/1048/984 6607/4627/1684 2415/4630/975 269/1049/269
f 984/4613/984 4835/4634/1684 6607/4627/1684 3416/1048/984
f 4835/4634/1684 1684/4633/1684 4833/4628/1684 6607/4627/1684
f 4830/4620/1683 6608/4623/1683 4832/4626/1683 1683/4621/1683
f 954/4700/954 3386/1017/954 6608/4623/1683 4830/4620/1683
f 3386/1017/954 261/1016/261 3419/4624/987 6608/4623/1683
f 2426/7819/986 6609/4619/1683 4831/4622/1683 986/7820/986
f 262/7814/262 2394/4701/954 6609/4619/1683 2426/7819/986
f 2394/4701/954 954/4700/954 4830/4620/1683 6609/4619/1683
f 3418/7821/986 6610/4615/1683 2423/4618/983 277/7822/277
f 986/7820/986 4831/4622/1683 6610/4615/1683 3418/7821/986
f 4831/4622/1683 1683/4621/1683 4829/4616/1683 6610/4615/1683
f 4826/4608/1682 6611/4611/1682 4828/4614/1682 1682/4609/1682
f 947/4688/947 3379/1021/947 6611/4611/1682 4826/4608/1682
f 3379/1021/947 254/1020/254 2424/4612/984 6611/4611/1682
f 2428/4588/988 6612/4607/1682 4827/4610/1682 988/4589/988
f 255/1029/255 2387/4689/947 6612/4607/1682 2428/4588/988
f 2387/4689/947 947/4688/947 4826/4608/1682 6612/4607/1682
f 3420/1057/988 6613/4603/1682 2416/4606/976 270/1058/270
f 988/4589/988 4827/4610/1682 6613/4603/1682 3420/1057/988
f 4827/4610/1682 1682/4609/1682 4825/4604/1682 6613/4603/1682
f 4824/4602/1965 3874/7823/1442 1442/7824/1442
f 4824/4602/1965 3872/4601/1440 3874/7823/1442
f 3872/4601/1440 82/7825/82 3874/7823/1442
f 4822/4598/1965 4824/4602/1965 1442/7824/1442
f 4822/4598/1965 4823/4599/1965 4824/4602/1965
f 4823/4599/1965 1440/4600/1440 4824/4602/1965
f 3421/1061/989 2882/7826/1442 263/1062/263
f 3421/1061/989 4822/4598/1965 2882/7826/1442
f 4822/4598/1965 1442/7824/1442 2882/7826/1442
f 4821/4597/1964 2426/7819/986 986/7820/986
f 4821/4597/1964 3873/4596/1441 2426/7819/986
f 3873/4596/1441 262/7814/262 2426/7819/986
f 4819/4592/1964 4821/4597/1964 986/7820/986
f 4819/4592/1964 4820/4594/1964 4821/4597/1964
f 4820/4594/1964 1441/4595/1441 4821/4597/1964
f 3875/4593/1443 3418/7821/986 277/7822/277
f 3875/4593/1443 4819/4592/1964 3418/7821/986
f 4819/4592/1964 986/7820/986 3418/7821/986
f 4816/4584/1681 6614/4587/1681 4818/4590/1681 1681/4585/1681
f 948/4664/948 3380/1030/948 6614/4587/1681 4816/4584/1681
f 3380/1030/948 255/1029/255 2428/4588/988 6614/4587/1681
f 2430/4565/990 6615/4583/1681 4817/4586/1681 990/4566/990
f 256/1037/256 2388/4665/948 6615/4583/1681 2430/4565/990
f 2388/4665/948 948/4664/948 4816/4584/1681 6615/4583/1681
f 3422/1065/990 6616/4579/1681 2417/4582/977 271/1066/271
f 990/4566/990 4817/4586/1681 6616/4579/1681 3422/1065/990
f 4817/4586/1681 1681/4585/1681 4815/4580/1681 6616/4579/1681
f 4812/4573/1680 6617/4576/1680 4814/4578/1680 1680/4574/1680
f 941/4653/941 3373/1034/941 6617/4576/1680 4812/4573/1680
f 3373/1034/941 248/1033/248 2429/1052/989 6617/4576/1680
f 2431/4553/991 6618/4572/1680 4813/4575/1680 991/4554/991
f 249/980/249 2381/4654/941 6618/4572/1680 2431/4553/991
f 2381/4654/941 941/4653/941 4812/4573/1680 6618/4572/1680
f 3423/1069/991 6619/4568/1680 2410/4571/970 264/1070/264
f 991/4554/991 4813/4575/1680 6619/4568/1680 3423/1069/991
f 4813/4575/1680 1680/4574/1680 4811/4569/1680 6619/4568/1680
f 4808/4561/1679 6620/4564/1679 4810/4567/1679 1679/4562/1679
f 949/4641/949 3381/1038/949 6620/4564/1679 4808/4561/1679
f 3381/1038/949 256/1037/256 2430/4565/990 6620/4564/1679
f 2432/4541/992 6621/4560/1679 4809/4563/1679 992/4542/992
f 257/984/257 2389/4642/949 6621/4560/1679 2432/4541/992
f 2389/4642/949 949/4641/949 4808/4561/1679 6621/4560/1679
f 3424/1073/992 6622/4556/1679 2418/4559/978 272/1074/272
f 992/4542/992 4809/4563/1679 6622/4556/1679 3424/1073/992
f 4809/4563/1679 1679/4562/1679 4807/4557/1679 6622/4556/1679
f 4804/4549/1678 6623/4552/1678 4806/4555/1678 1678/4550/1678
f 942/4808/942 3374/981/942 6623/4552/1678 4804/4549/1678
f 3374/981/942 249/980/249 2431/4553/991 6623/4552/1678
f 2433/4529/993 6624/4548/1678 4805/4551/1678 993/4530/993
f 250/988/250 2382/4809/942 6624/4548/1678 2433/4529/993
f 2382/4809/942 942/4808/942 4804/4549/1678 6624/4548/1678
f 3425/1077/993 6625/4544/1678 2411/4547/971 265/1078/265
f 993/4530/993 4805/4551/1678 6625/4544/1678 3425/1077/993
f 4805/4551/1678 1678/4550/1678 4803/4545/1678 6625/4544/1678
f 4800/4537/1677 6626/4540/1677 4802/4543/1677 1677/4538/1677
f 950/4796/950 3382/985/950 6626/4540/1677 4800/4537/1677
f 3382/985/950 257/984/257 2432/4541/992 6626/4540/1677
f 2434/4517/994 6627/4536/1677 4801/4539/1677 994/4518/994
f 258/992/258 2390/4797/950 6627/4536/1677 2434/4517/994
f 2390/4797/950 950/4796/950 4800/4537/1677 6627/4536/1677
f 3426/1081/994 6628/4532/1677 2419/4535/979 273/1082/273
f 994/4518/994 4801/4539/1677 6628/4532/1677 3426/1081/994
f 4801/4539/1677 1677/4538/1677 4799/4533/1677 6628/4532/1677
f 4796/4525/1676 6629/4528/1676 4798/4531/1676 1676/4526/1676
f 943/4784/943 3375/989/943 6629/4528/1676 4796/4525/1676
f 3375/989/943 250/988/250 2433/4529/993 6629/4528/1676
f 2435/4505/995 6630/4524/1676 4797/4527/1676 995/4506/995
f 251/996/251 2383/4785/943 6630/4524/1676 2435/4505/995
f 2383/4785/943 943/4784/943 4796/4525/1676 6630/4524/1676
f 3427/1085/995 6631/4520/1676 2412/4523/972 266/1086/266
f 995/4506/995 4797/4527/1676 6631/4520/1676 3427/1085/995
f 4797/4527/1676 1676/4526/1676 4795/4521/1676 6631/4520/1676
f 4792/4513/1675 6632/4516/1675 4794/4519/1675 1675/4514/1675
f 951/4772/951 3383/993/951 6632/4516/1675 4792/4513/1675
f 3383/993/951 258/992/258 2434/4517/994 6632/4516/1675
f 2436/4493/996 6633/4512/1675 4793/4515/1675 996/4494/996
f 259/1000/259 2391/4773/951 6633/4512/1675 2436/4493/996
f 2391/4773/951 951/4772/951 4792/4513/1675 6633/4512/1675
f 3428/1089/996 6634/4508/1675 2420/4511/980 274/1090/274
f 996/4494/996 4793/4515/1675 6634/4508/1675 3428/1089/996
f 4793/4515/1675 1675/4514/1675 4791/4509/1675 6634/4508/1675
f 4788/4501/1674 6635/4504/1674 4790/4507/1674 1674/4502/1674
f 944/4760/944 3376/997/944 6635/4504/1674 4788/4501/1674
f 3376/997/944 251/996/251 2435/4505/995 6635/4504/1674
f 2437/4481/997 6636/4500/1674 4789/4503/1674 997/4482/997
f 252/1004/252 2384/4761/944 6636/4500/1674 2437/4481/997
f 2384/4761/944 944/4760/944 4788/4501/1674 6636/4500/1674
f 3429/1093/997 6637/4496/1674 2413/4499/973 267/1094/267
f 997/4482/997 4789/4503/1674 6637/4496/1674 3429/1093/997
f 4789/4503/1674 1674/4502/1674 4787/4497/1674 6637/4496/1674
f 4784/4489/1673 6638/4492/1673 4786/4495/1673 1673/4490/1673
f 952/4748/952 3384/1001/952 6638/4492/1673 4784/4489/1673
f 3384/1001/952 259/1000/259 2436/4493/996 6638/4492/1673
f 2438/4469/998 6639/4488/1673 4785/4491/1673 998/4470/998
f 260/1008/260 2392/4749/952 6639/4488/1673 2438/4469/998
f 2392/4749/952 952/4748/952 4784/4489/1673 6639/4488/1673
f 3430/1097/998 6640/4484/1673 2421/4487/981 275/1098/275
f 998/4470/998 4785/4491/1673 6640/4484/1673 3430/1097/998
f 4785/4491/1673 1673/4490/1673 4783/4485/1673 6640/4484/1673
f 4780/4477/1672 6641/4480/1672 4782/4483/1672 1672/4478/1672
f 945/4736/945 3377/1005/945 6641/4480/1672 4780/4477/1672
f 3377/1005/945 252/1004/252 2437/4481/997 6641/4480/1672
f 3417/4636/985 6642/4476/1672 4781/4479/1672 985/4637/985
f 253/1012/253 2385/4737/945 6642/4476/1672 3417/4636/985
f 2385/4737/945 945/4736/945 4780/4477/1672 6642/4476/1672
f 2425/1040/985 6643/4472/1672 2414/4475/974 268/1041/268
f 985/4637/985 4781/4479/1672 6643/4472/1672 2425/1040/985
f 4781/4479/1672 1672/4478/1672 4779/4473/1672 6643/4472/1672
f 4776/4465/1671 6644/4468/1671 4778/4471/1671 1671/4466/1671
f 953/4724/953 3385/1009/953 6644/4468/1671 4776/4465/1671
f 3385/1009/953 260/1008/260 2438/4469/998 6644/4468/1671
f 3419/4624/987 6645/4464/1671 4777/4467/1671 987/4625/987
f 261/1016/261 2393/4725/953 6645/4464/1671 3419/4624/987
f 2393/4725/953 953/4724/953 4776/4465/1671 6645/4464/1671
f 2427/1044/987 6646/4460/1671 2422/4463/982 276/1045/276
f 987/4625/987 4777/4467/1671 6646/4460/1671 2427/1044/987
f 4777/4467/1671 1671/4466/1671 4775/4461/1671 6646/4460/1671
f 4772/4453/1670 6647/4456/1670 4774/4459/1670 1670/4454/1670
f 979/4534/979 3411/1075/979 6647/4456/1670 4772/4453/1670
f 3411/1075/979 272/1074/272 3446/4457/1014 6647/4456/1670
f 2453/4433/1013 6648/4452/1670 4773/4455/1670 1013/4434/1013
f 273/1082/273 2419/4535/979 6648/4452/1670 2453/4433/1013
f 2419/4535/979 979/4534/979 4772/4453/1670 6648/4452/1670
f 3445/1109/1013 6649/4448/1670 2448/4451/1008 288/1110/288
f 1013/4434/1013 4773/4455/1670 6649/4448/1670 3445/1109/1013
f 4773/4455/1670 1670/4454/1670 4771/4449/1670 6649/4448/1670
f 4768/4441/1669 6650/4444/1669 4770/4447/1669 1669/4442/1669
f 972/4522/972 3404/1079/972 6650/4444/1669 4768/4441/1669
f 3404/1079/972 265/1078/265 3448/4445/1016 6650/4444/1669
f 2455/4421/1015 6651/4440/1669 4769/4443/1669 1015/4422/1015
f 266/1086/266 2412/4523/972 6651/4440/1669 2455/4421/1015
f 2412/4523/972 972/4522/972 4768/4441/1669 6651/4440/1669
f 3447/1113/1015 6652/4436/1669 2441/4439/1001 281/1114/281
f 1015/4422/1015 4769/4443/1669 6652/4436/1669 3447/1113/1015
f 4769/4443/1669 1669/4442/1669 4767/4437/1669 6652/4436/1669
f 4764/4429/1668 6653/4432/1668 4766/4435/1668 1668/4430/1668
f 980/4510/980 3412/1083/980 6653/4432/1668 4764/4429/1668
f 3412/1083/980 273/1082/273 2453/4433/1013 6653/4432/1668
f 2457/4409/1017 6654/4428/1668 4765/4431/1668 1017/4410/1017
f 274/1090/274 2420/4511/980 6654/4428/1668 2457/4409/1017
f 2420/4511/980 980/4510/980 4764/4429/1668 6654/4428/1668
f 3449/1117/1017 6655/4424/1668 2449/4427/1009 289/1118/289
f 1017/4410/1017 4765/4431/1668 6655/4424/1668 3449/1117/1017
f 4765/4431/1668 1668/4430/1668 4763/4425/1668 6655/4424/1668
f 4760/4417/1667 6656/4420/1667 4762/4423/1667 1667/4418/1667
f 973/4498/973 3405/1087/973 6656/4420/1667 4760/4417/1667
f 3405/1087/973 266/1086/266 2455/4421/1015 6656/4420/1667
f 2458/4397/1018 6657/4416/1667 4761/4419/1667 1018/4398/1018
f 267/1094/267 2413/4499/973 6657/4416/1667 2458/4397/1018
f 2413/4499/973 973/4498/973 4760/4417/1667 6657/4416/1667
f 3450/1121/1018 6658/4412/1667 2442/4415/1002 282/1122/282
f 1018/4398/1018 4761/4419/1667 6658/4412/1667 3450/1121/1018
f 4761/4419/1667 1667/4418/1667 4759/4413/1667 6658/4412/1667
f 4756/4405/1666 6659/4408/1666 4758/4411/1666 1666/4406/1666
f 981/4486/981 3413/1091/981 6659/4408/1666 4756/4405/1666
f 3413/1091/981 274/1090/274 2457/4409/1017 6659/4408/1666
f 2459/4385/1019 6660/4404/1666 4757/4407/1666 1019/4386/1019
f 275/1098/275 2421/4487/981 6660/4404/1666 2459/4385/1019
f 2421/4487/981 981/4486/981 4756/4405/1666 6660/4404/1666
f 3451/1125/1019 6661/4400/1666 2450/4403/1010 290/1126/290
f 1019/4386/1019 4757/4407/1666 6661/4400/1666 3451/1125/1019
f 4757/4407/1666 1666/4406/1666 4755/4401/1666 6661/4400/1666
f 4752/4393/1665 6662/4396/1665 4754/4399/1665 1665/4394/1665
f 974/4474/974 3406/1095/974 6662/4396/1665 4752/4393/1665
f 3406/1095/974 267/1094/267 2458/4397/1018 6662/4396/1665
f 2460/4373/1020 6663/4392/1665 4753/4395/1665 1020/4374/1020
f 268/1041/268 2414/4475/974 6663/4392/1665 2460/4373/1020
f 2414/4475/974 974/4474/974 4752/4393/1665 6663/4392/1665
f 3452/1129/1020 6664/4388/1665 2443/4391/1003 283/1130/283
f 1020/4374/1020 4753/4395/1665 6664/4388/1665 3452/1129/1020
f 4753/4395/1665 1665/4394/1665 4751/4389/1665 6664/4388/1665
f 4748/4381/1664 6665/4384/1664 4750/4387/1664 1664/4382/1664
f 982/4462/982 3414/1099/982 6665/4384/1664 4748/4381/1664
f 3414/1099/982 275/1098/275 2459/4385/1019 6665/4384/1664
f 2461/4361/1021 6666/4380/2024 4749/4383/1664 1021/4362/1021
f 276/1045/276 2422/4463/982 6666/4380/2024 2461/4361/1021
f 2422/4463/982 982/4462/982 4748/4381/1664 6666/4380/2024
f 3453/1133/1021 6667/4376/2024 2451/4379/1011 291/1134/291
f 1021/4362/1021 4749/4383/1664 6667/4376/2024 3453/1133/1021
f 4749/4383/1664 1664/4382/1664 4747/4377/1664 6667/4376/2024
f 4744/4369/1663 6668/4372/1663 4746/4375/1663 1663/4370/1663
f 975/4629/975 3407/1042/975 6668/4372/1663 4744/4369/1663
f 3407/1042/975 268/1041/268 2460/4373/1020 6668/4372/1663
f 2462/4349/1022 6669/4368/1663 4745/4371/1663 1022/4350/1022
f 269/1049/269 2415/4630/975 6669/4368/1663 2462/4349/1022
f 2415/4630/975 975/4629/975 4744/4369/1663 6669/4368/1663
f 3454/1137/1022 6670/4364/1663 2444/4367/1004 284/1138/284
f 1022/4350/1022 4745/4371/1663 6670/4364/1663 3454/1137/1022
f 4745/4371/1663 1663/4370/1663 4743/4365/1663 6670/4364/1663
f 4740/4357/1662 6671/4360/1662 4742/4363/1662 1662/4358/1662
f 983/4617/983 3415/1046/983 6671/4360/1662 4740/4357/1662
f 3415/1046/983 276/1045/276 2461/4361/1021 6671/4360/1662
f 2463/7827/1023 6672/4356/1662 4741/4359/1662 1023/7828/1023
f 277/7822/277 2423/4618/983 6672/4356/1662 2463/7827/1023
f 2423/4618/983 983/4617/983 4740/4357/1662 6672/4356/1662
f 3455/7829/1023 6673/4352/1662 2452/4355/1012 292/7830/292
f 1023/7828/1023 4741/4359/1662 6673/4352/1662 3455/7829/1023
f 4741/4359/1662 1662/4358/1662 4739/4353/1662 6673/4352/1662
f 4736/4345/1661 6674/4348/1661 4738/4351/1661 1661/4346/1661
f 976/4605/976 3408/1050/976 6674/4348/1661 4736/4345/1661
f 3408/1050/976 269/1049/269 2462/4349/1022 6674/4348/1661
f 2464/4325/1024 6675/4344/1661 4737/4347/1661 1024/4326/1024
f 270/1058/270 2416/4606/976 6675/4344/1661 2464/4325/1024
f 2416/4606/976 976/4605/976 4736/4345/1661 6675/4344/1661
f 3456/1146/1024 6676/4340/1661 2445/4343/1005 285/1147/285
f 1024/4326/1024 4737/4347/1661 6676/4340/1661 3456/1146/1024
f 4737/4347/1661 1661/4346/1661 4735/4341/1661 6676/4340/1661
f 4734/4339/1963 3876/7831/1444 1444/7832/1444
f 4734/4339/1963 3874/4338/1442 3876/7831/1444
f 3874/4338/1442 82/7833/82 3876/7831/1444
f 4732/4335/1963 4734/4339/1963 1444/7832/1444
f 4732/4335/1963 4733/4336/1963 4734/4339/1963
f 4733/4336/1963 1442/4337/1442 4734/4339/1963
f 3457/1150/1025 2884/7834/1444 278/1151/278
f 3457/1150/1025 4732/4335/1963 2884/7834/1444
f 4732/4335/1963 1444/7832/1444 2884/7834/1444
f 4731/4334/1962 2463/7827/1023 1023/7828/1023
f 4731/4334/1962 3875/4333/1443 2463/7827/1023
f 3875/4333/1443 277/7822/277 2463/7827/1023
f 4729/4329/1962 4731/4334/1962 1023/7828/1023
f 4729/4329/1962 4730/4331/1962 4731/4334/1962
f 4730/4331/1962 1443/4332/1443 4731/4334/1962
f 3877/4330/1445 3455/7829/1023 292/7830/292
f 3877/4330/1445 4729/4329/1962 3455/7829/1023
f 4729/4329/1962 1023/7828/1023 3455/7829/1023
f 4726/4321/1660 6677/4324/1660 4728/4327/1660 1660/4322/1660
f 977/4581/977 3409/1059/977 6677/4324/1660 4726/4321/1660
f 3409/1059/977 270/1058/270 2464/4325/1024 6677/4324/1660
f 2466/4302/1026 6678/4320/1660 4727/4323/1660 1026/4303/1026
f 271/1066/271 2417/4582/977 6678/4320/1660 2466/4302/1026
f 2417/4582/977 977/4581/977 4726/4321/1660 6678/4320/1660
f 3458/1154/1026 6679/4316/1660 2446/4319/1006 286/1155/286
f 1026/4303/1026 4727/4323/1660 6679/4316/1660 3458/1154/1026
f 4727/4323/1660 1660/4322/1660 4725/4317/1660 6679/4316/1660
f 4722/4310/1659 6680/4313/1659 4724/4315/1659 1659/4311/1659
f 970/4570/970 3402/1063/970 6680/4313/1659 4722/4310/1659
f 3402/1063/970 263/1062/263 2465/1141/1025 6680/4313/1659
f 2467/4290/1027 6681/4309/1659 4723/4312/1659 1027/4291/1027
f 264/1070/264 2410/4571/970 6681/4309/1659 2467/4290/1027
f 2410/4571/970 970/4570/970 4722/4310/1659 6681/4309/1659
f 3459/1158/1027 6682/4305/1659 2439/4308/999 279/1159/279
f 1027/4291/1027 4723/4312/1659 6682/4305/1659 3459/1158/1027
f 4723/4312/1659 1659/4311/1659 4721/4306/1659 6682/4305/1659
f 4718/4298/1658 6683/4301/1658 4720/4304/1658 1658/4299/1658
f 978/4558/978 3410/1067/978 6683/4301/1658 4718/4298/1658
f 3410/1067/978 271/1066/271 2466/4302/1026 6683/4301/1658
f 3446/4457/1014 6684/4297/1658 4719/4300/1658 1014/4458/1014
f 272/1074/272 2418/4559/978 6684/4297/1658 3446/4457/1014
f 2418/4559/978 978/4558/978 4718/4298/1658 6684/4297/1658
f 2454/1101/1014 6685/4293/1658 2447/4296/1007 287/1102/287
f 1014/4458/1014 4719/4300/1658 6685/4293/1658 2454/1101/1014
f 4719/4300/1658 1658/4299/1658 4717/4294/1658 6685/4293/1658
f 4714/4286/1657 6686/4289/1657 4716/4292/1961 1657/4287/1657
f 971/4546/971 3403/1071/971 6686/4289/1657 4714/4286/1657
f 3403/1071/971 264/1070/264 2467/4290/1027 6686/4289/1657
f 3448/4445/1016 6687/4285/1657 4715/4288/1657 1016/4446/1016
f 265/1078/265 2411/4547/971 6687/4285/1657 3448/4445/1016
f 2411/4547/971 971/4546/971 4714/4286/1657 6687/4285/1657
f 2456/1105/1016 6688/4281/1657 2440/4284/1000 280/1106/280
f 1016/4446/1016 4715/4288/1657 6688/4281/1657 2456/1105/1016
f 4715/4288/1657 1657/4287/1657 4713/4282/1657 6688/4281/1657
f 4710/4274/1656 6689/4277/1656 4712/4280/1656 1656/4275/1656
f 1012/4354/1012 3444/1135/1012 6689/4277/1656 4710/4274/1656
f 3444/1135/1012 291/1134/291 3476/4278/1044 6689/4277/1656
f 2483/7835/1043 6690/4273/1656 4711/4276/1656 1043/7836/1043
f 292/7830/292 2452/4355/1012 6690/4273/1656 2483/7835/1043
f 2452/4355/1012 1012/4354/1012 4710/4274/1656 6690/4273/1656
f 3475/7837/1043 6691/4269/1656 2481/4272/1041 307/7838/307
f 1043/7836/1043 4711/4276/1656 6691/4269/1656 3475/7837/1043
f 4711/4276/1656 1656/4275/1656 4709/4270/1656 6691/4269/1656
f 4706/4262/1655 6692/4265/1655 4708/4268/1655 1655/4263/1655
f 1005/4342/1005 3437/1139/1005 6692/4265/1655 4706/4262/1655
f 3437/1139/1005 284/1138/284 3478/4266/1046 6692/4265/1655
f 2485/4242/1045 6693/4261/1655 4707/4264/1655 1045/4243/1045
f 285/1147/285 2445/4343/1005 6693/4261/1655 2485/4242/1045
f 2445/4343/1005 1005/4342/1005 4706/4262/1655 6693/4261/1655
f 3477/1175/1045 6694/4257/1655 2474/4260/1034 300/1176/300
f 1045/4243/1045 4707/4264/1655 6694/4257/1655 3477/1175/1045
f 4707/4264/1655 1655/4263/1655 4705/4258/1655 6694/4257/1655
f 4704/4256/1960 3878/7839/1446 1446/7840/1446
f 4704/4256/1960 3876/4255/1444 3878/7839/1446
f 3876/4255/1444 82/7841/82 3878/7839/1446
f 4702/4252/1960 4704/4256/1960 1446/7840/1446
f 4702/4252/1960 4703/4253/1960 4704/4256/1960
f 4703/4253/1960 1444/4254/1444 4704/4256/1960
f 3479/1179/1047 2886/7842/1446 293/1180/293
f 3479/1179/1047 4702/4252/1960 2886/7842/1446
f 4702/4252/1960 1446/7840/1446 2886/7842/1446
f 4701/4251/1959 2483/7835/1043 1043/7836/1043
f 4701/4251/1959 3877/4250/1445 2483/7835/1043
f 3877/4250/1445 292/7830/292 2483/7835/1043
f 4699/4246/1959 4701/4251/1959 1043/7836/1043
f 4699/4246/1959 4700/4248/1959 4701/4251/1959
f 4700/4248/1959 1445/4249/1445 4701/4251/1959
f 3474/4247/1042 3475/7837/1043 307/7838/307
f 3474/4247/1042 4699/4246/1959 3475/7837/1043
f 4699/4246/1959 1043/7836/1043 3475/7837/1043
f 4696/4238/1654 6695/4241/1654 4698/4244/1654 1654/4239/1654
f 1006/4318/1006 3438/1148/1006 6695/4241/1654 4696/4238/1654
f 3438/1148/1006 285/1147/285 2485/4242/1045 6695/4241/1654
f 2488/4219/1048 6696/4237/1654 4697/4240/1654 1048/4220/1048
f 286/1155/286 2446/4319/1006 6696/4237/1654 2488/4219/1048
f 2446/4319/1006 1006/4318/1006 4696/4238/1654 6696/4237/1654
f 3480/1183/1048 6697/4233/1654 2475/4236/1035 301/1184/301
f 1048/4220/1048 4697/4240/1654 6697/4233/1654 3480/1183/1048
f 4697/4240/1654 1654/4239/1654 4695/4234/1654 6697/4233/1654
f 4692/4227/1653 6698/4230/1653 4694/4232/1653 1653/4228/1653
f 999/4307/999 3431/1152/999 6698/4230/1653 4692/4227/1653
f 3431/1152/999 278/1151/278 2487/1170/1047 6698/4230/1653
f 2489/4207/1049 6699/4226/1653 4693/4229/1653 1049/4208/1049
f 279/1159/279 2439/4308/999 6699/4226/1653 2489/4207/1049
f 2439/4308/999 999/4307/999 4692/4227/1653 6699/4226/1653
f 3481/1187/1049 6700/4222/1653 2468/4225/1028 294/1188/294
f 1049/4208/1049 4693/4229/1653 6700/4222/1653 3481/1187/1049
f 4693/4229/1653 1653/4228/1653 4691/4223/1653 6700/4222/1653
f 4688/4215/1652 6701/4218/1652 4690/4221/1652 1652/4216/1652
f 1007/4295/1007 3439/1156/1007 6701/4218/1652 4688/4215/1652
f 3439/1156/1007 286/1155/286 2488/4219/1048 6701/4218/1652
f 2490/4195/1050 6702/4214/1652 4689/4217/1652 1050/4196/1050
f 287/1102/287 2447/4296/1007 6702/4214/1652 2490/4195/1050
f 2447/4296/1007 1007/4295/1007 4688/4215/1652 6702/4214/1652
f 3482/1191/1050 6703/4210/1652 2476/4213/1036 302/1192/302
f 1050/4196/1050 4689/4217/1652 6703/4210/1652 3482/1191/1050
f 4689/4217/1652 1652/4216/1652 4687/4211/1652 6703/4210/1652
f 4684/4203/1651 6704/4206/1651 4686/4209/1651 1651/4204/1651
f 1000/4283/1000 3432/1160/1000 6704/4206/1651 4684/4203/1651
f 3432/1160/1000 279/1159/279 2489/4207/1049 6704/4206/1651
f 2491/4183/1051 6705/4202/1651 4685/4205/1651 1051/4184/1051
f 280/1106/280 2440/4284/1000 6705/4202/1651 2491/4183/1051
f 2440/4284/1000 1000/4283/1000 4684/4203/1651 6705/4202/1651
f 3483/1195/1051 6706/4198/1651 2469/4201/1029 295/1196/295
f 1051/4184/1051 4685/4205/1651 6706/4198/1651 3483/1195/1051
f 4685/4205/1651 1651/4204/1651 4683/4199/1651 6706/4198/1651
f 4680/4191/1650 6707/4194/1650 4682/4197/1650 1650/4192/1650
f 1008/4450/1008 3440/1103/1008 6707/4194/1650 4680/4191/1650
f 3440/1103/1008 287/1102/287 2490/4195/1050 6707/4194/1650
f 2492/4171/1052 6708/4190/1650 4681/4193/1650 1052/4172/1052
f 288/1110/288 2448/4451/1008 6708/4190/1650 2492/4171/1052
f 2448/4451/1008 1008/4450/1008 4680/4191/1650 6708/4190/1650
f 3484/1199/1052 6709/4186/1650 2477/4189/1037 303/1200/303
f 1052/4172/1052 4681/4193/1650 6709/4186/1650 3484/1199/1052
f 4681/4193/1650 1650/4192/1650 4679/4187/1650 6709/4186/1650
f 4676/4179/1649 6710/4182/1649 4678/4185/1649 1649/4180/1649
f 1001/4438/1001 3433/1107/1925 6710/4182/1649 4676/4179/1649
f 3433/1107/1925 280/1106/280 2491/4183/1051 6710/4182/1649
f 2493/4159/1053 6711/4178/1649 4677/4181/1649 1053/4160/1053
f 281/1114/281 2441/4439/1001 6711/4178/1649 2493/4159/1053
f 2441/4439/1001 1001/4438/1001 4676/4179/1649 6711/4178/1649
f 3485/1203/1053 6712/4174/1649 2470/4177/1030 296/1204/296
f 1053/4160/1053 4677/4181/1649 6712/4174/1649 3485/1203/1053
f 4677/4181/1649 1649/4180/1649 4675/4175/1649 6712/4174/1649
f 4672/4167/1648 6713/4170/1648 4674/4173/1648 1648/4168/1648
f 1009/4426/1009 3441/1111/1009 6713/4170/1648 4672/4167/1648
f 3441/1111/1009 288/1110/288 2492/4171/1052 6713/4170/1648
f 2494/4147/1054 6714/4166/1648 4673/4169/1648 1054/4148/1054
f 289/1118/289 2449/4427/1009 6714/4166/1648 2494/4147/1054
f 2449/4427/1009 1009/4426/1009 4672/4167/1648 6714/4166/1648
f 3486/1207/1054 6715/4162/1648 2478/4165/1038 304/1208/304
f 1054/4148/1054 4673/4169/1648 6715/4162/1648 3486/1207/1054
f 4673/4169/1648 1648/4168/1648 4671/4163/1648 6715/4162/1648
f 4668/4155/1647 6716/4158/1647 4670/4161/1647 1647/4156/1647
f 1002/4414/1002 3434/1115/1002 6716/4158/1647 4668/4155/1647
f 3434/1115/1002 281/1114/281 2493/4159/1053 6716/4158/1647
f 2495/4135/1055 6717/4154/1647 4669/4157/1647 1055/4136/1055
f 282/1122/282 2442/4415/1002 6717/4154/1647 2495/4135/1055
f 2442/4415/1002 1002/4414/1002 4668/4155/1647 6717/4154/1647
f 3487/1211/1055 6718/4150/1647 2471/4153/1031 297/1212/297
f 1055/4136/1055 4669/4157/1647 6718/4150/1647 3487/1211/1055
f 4669/4157/1647 1647/4156/1647 4667/4151/1647 6718/4150/1647
f 4664/4143/1646 6719/4146/1646 4666/4149/1646 1646/4144/1646
f 1010/4402/1010 3442/1119/1010 6719/4146/1646 4664/4143/1646
f 3442/1119/1010 289/1118/289 2494/4147/1054 6719/4146/1646
f 2496/4123/1056 6720/4142/1646 4665/4145/1646 1056/4124/1056
f 290/1126/290 2450/4403/1010 6720/4142/1646 2496/4123/1056
f 2450/4403/1010 1010/4402/1010 4664/4143/1646 6720/4142/1646
f 3488/1215/1056 6721/4138/1646 2479/4141/1039 305/1216/305
f 1056/4124/1056 4665/4145/1646 6721/4138/1646 3488/1215/1056
f 4665/4145/1646 1646/4144/1646 4663/4139/1646 6721/4138/1646
f 4660/4131/1645 6722/4134/1645 4662/4137/1645 1645/4132/1645
f 1003/4390/1003 3435/1123/1003 6722/4134/1645 4660/4131/1645
f 3435/1123/1003 282/1122/282 2495/4135/1055 6722/4134/1645
f 2497/4111/1057 6723/4130/1645 4661/4133/1645 1057/4112/1057
f 283/1130/283 2443/4391/1003 6723/4130/1645 2497/4111/1057
f 2443/4391/1003 1003/4390/1003 4660/4131/1645 6723/4130/1645
f 3489/1219/1057 6724/4126/1645 2472/4129/1032 298/1220/298
f 1057/4112/1057 4661/4133/1645 6724/4126/1645 3489/1219/1057
f 4661/4133/1645 1645/4132/1645 4659/4127/1645 6724/4126/1645
f 4656/4119/1644 6725/4122/1644 4658/4125/1644 1644/4120/1644
f 1011/4378/1011 3443/1127/1011 6725/4122/1644 4656/4119/1644
f 3443/1127/1011 290/1126/290 2496/4123/1056 6725/4122/1644
f 3476/4278/1044 6726/4118/1644 4657/4121/1644 1044/4279/1044
f 291/1134/291 2451/4379/1011 6726/4118/1644 3476/4278/1044
f 2451/4379/1011 1011/4378/1011 4656/4119/1644 6726/4118/1644
f 2484/1162/1044 6727/4114/1644 2480/4117/1040 306/1163/306
f 1044/4279/1044 4657/4121/1644 6727/4114/1644 2484/1162/1044
f 4657/4121/1644 1644/4120/1644 4655/4115/1644 6727/4114/1644
f 4652/4107/1643 6728/4110/1643 4654/4113/1643 1643/4108/1643
f 1004/4366/1004 3436/1131/1004 6728/4110/1643 4652/4107/1643
f 3436/1131/1004 283/1130/283 2497/4111/1057 6728/4110/1643
f 3478/4266/1046 6729/4106/1643 4653/4109/1643 1046/4267/1046
f 284/1138/284 2444/4367/1004 6729/4106/1643 3478/4266/1046
f 2444/4367/1004 1004/4366/1004 4652/4107/1643 6729/4106/1643
f 2486/1166/1046 6730/4102/1643 2473/4105/1033 299/1167/299
f 1046/4267/1046 4653/4109/1643 6730/4102/1643 2486/1166/1046
f 4653/4109/1643 1643/4108/1643 4651/4103/1643 6730/4102/1643
f 4648/4095/1642 6731/4098/1642 4650/4101/1642 1642/4096/1642
f 1038/4164/1038 3470/1201/1038 6731/4098/1642 4648/4095/1642
f 3470/1201/1038 303/1200/303 3505/4099/1073 6731/4098/1642
f 2512/4075/1072 6732/4094/1642 4649/4097/1642 1072/4076/1072
f 304/1208/304 2478/4165/1038 6732/4094/1642 2512/4075/1072
f 2478/4165/1038 1038/4164/1038 4648/4095/1642 6732/4094/1642
f 3504/1231/1072 6733/4090/1642 2508/4093/1068 320/1232/320
f 1072/4076/1072 4649/4097/1642 6733/4090/1642 3504/1231/1072
f 4649/4097/1642 1642/4096/1642 4647/4091/1642 6733/4090/1642
f 4644/4083/1641 6734/4086/1641 4646/4089/1641 1641/4084/1641
f 1031/4152/1031 3463/1205/1031 6734/4086/1641 4644/4083/1641
f 3463/1205/1031 296/1204/296 3507/4087/1075 6734/4086/1641
f 2514/4063/1074 6735/4082/1641 4645/4085/1641 1074/4064/1074
f 297/1212/297 2471/4153/1031 6735/4082/1641 2514/4063/1074
f 2471/4153/1031 1031/4152/1031 4644/4083/1641 6735/4082/1641
f 3506/1235/1074 6736/4078/1641 2501/4081/1061 313/1236/313
f 1074/4064/1074 4645/4085/1641 6736/4078/1641 3506/1235/1074
f 4645/4085/1641 1641/4084/1641 4643/4079/1641 6736/4078/1641
f 4640/4071/1640 6737/4074/1640 4642/4077/1640 1640/4072/1640
f 1039/4140/1039 3471/1209/1039 6737/4074/1640 4640/4071/1640
f 3471/1209/1039 304/1208/304 2512/4075/1072 6737/4074/1640
f 2516/4051/1076 6738/4070/1640 4641/4073/1640 1076/4052/1076
f 305/1216/305 2479/4141/1039 6738/4070/1640 2516/4051/1076
f 2479/4141/1039 1039/4140/1039 4640/4071/1640 6738/4070/1640
f 3508/1239/1076 6739/4066/1640 2509/4069/1069 321/1240/321
f 1076/4052/1076 4641/4073/1640 6739/4066/1640 3508/1239/1076
f 4641/4073/1640 1640/4072/1640 4639/4067/1640 6739/4066/1640
f 4636/4059/1639 6740/4062/1639 4638/4065/1639 1639/4060/1639
f 1032/4128/1032 3464/1213/1032 6740/4062/1639 4636/4059/1639
f 3464/1213/1032 297/1212/297 2514/4063/1074 6740/4062/1639
f 2517/4039/1077 6741/4058/1639 4637/4061/1639 1077/4040/1077
f 298/1220/298 2472/4129/1032 6741/4058/1639 2517/4039/1077
f 2472/4129/1032 1032/4128/1032 4636/4059/1639 6741/4058/1639
f 3509/1243/1077 6742/4054/1639 2502/4057/1062 314/1244/314
f 1077/4040/1077 4637/4061/1639 6742/4054/1639 3509/1243/1077
f 4637/4061/1639 1639/4060/1639 4635/4055/1639 6742/4054/1639
f 4632/4047/1638 6743/4050/1638 4634/4053/1638 1638/4048/1638
f 1040/4116/1040 3472/1217/1040 6743/4050/1638 4632/4047/1638
f 3472/1217/1040 305/1216/305 2516/4051/1076 6743/4050/1638
f 2518/4027/1078 6744/4046/1638 4633/4049/1638 1078/4028/1078
f 306/1163/306 2480/4117/1040 6744/4046/1638 2518/4027/1078
f 2480/4117/1040 1040/4116/1040 4632/4047/1638 6744/4046/1638
f 3510/1247/1078 6745/4042/1638 2510/4045/1070 322/1248/322
f 1078/4028/1078 4633/4049/1638 6745/4042/1638 3510/1247/1078
f 4633/4049/1638 1638/4048/1638 4631/4043/1638 6745/4042/1638
f 4628/4035/1637 6746/4038/1637 4630/4041/1637 1637/4036/1637
f 1033/4104/1033 3465/1221/1033 6746/4038/1637 4628/4035/1637
f 3465/1221/1033 298/1220/298 2517/4039/1077 6746/4038/1637
f 2519/4015/1079 6747/4034/1637 4629/4037/1637 1079/4016/1079
f 299/1167/299 2473/4105/1033 6747/4034/1637 2519/4015/1079
f 2473/4105/1033 1033/4104/1033 4628/4035/1637 6747/4034/1637
f 3511/1251/1079 6748/4030/1637 2503/4033/1063 315/1252/315
f 1079/4016/1079 4629/4037/1637 6748/4030/1637 3511/1251/1079
f 4629/4037/1637 1637/4036/1637 4627/4031/1637 6748/4030/1637
f 4624/4023/1636 6749/4026/1636 4626/4029/1636 1636/4024/1636
f 1041/4271/1041 3473/1164/1041 6749/4026/1636 4624/4023/1636
f 3473/1164/1041 306/1163/306 2518/4027/1078 6749/4026/1636
f 2520/7843/1080 6750/4022/1636 4625/4025/1636 1080/7844/1080
f 307/7838/307 2481/4272/1041 6750/4022/1636 2520/7843/1080
f 2481/4272/1041 1041/4271/1041 4624/4023/1636 6750/4022/1636
f 3512/7845/1080 6751/4018/1636 2511/4021/1071 323/7846/323
f 1080/7844/1080 4625/4025/1636 6751/4018/1636 3512/7845/1080
f 4625/4025/1636 1636/4024/1636 4623/4019/1636 6751/4018/1636
f 4620/4011/1635 6752/4014/1635 4622/4017/1635 1635/4012/1635
f 1034/4259/1034 3466/1168/1034 6752/4014/1635 4620/4011/1635
f 3466/1168/1034 299/1167/299 2519/4015/1079 6752/4014/1635
f 2521/3991/1081 6753/4010/1635 4621/4013/1635 1081/3992/1081
f 300/1176/300 2474/4260/1034 6753/4010/1635 2521/3991/1081
f 2474/4260/1034 1034/4259/1034 4620/4011/1635 6753/4010/1635
f 3513/1260/1081 6754/4006/1635 2504/4009/1064 316/1261/316
f 1081/3992/1081 4621/4013/1635 6754/4006/1635 3513/1260/1081
f 4621/4013/1635 1635/4012/1635 4619/4007/1635 6754/4006/1635
f 4618/4005/1958 3879/7847/1447 1447/7848/1447
f 4618/4005/1958 3878/4004/1446 3879/7847/1447
f 3878/4004/1446 82/7849/82 3879/7847/1447
f 4616/4001/1958 4618/4005/1958 1447/7848/1447
f 4616/4001/1958 4617/4002/1958 4618/4005/1958
f 4617/4002/1958 1446/4003/1446 4618/4005/1958
f 3514/1264/1082 2887/7850/1447 309/1265/309
f 3514/1264/1082 4616/4001/1958 2887/7850/1447
f 4616/4001/1958 1447/7848/1447 2887/7850/1447
f 4615/4000/1957 2520/7843/1080 1080/7844/1080
f 4615/4000/1957 3474/3999/1042 2520/7843/1080
f 3474/3999/1042 307/7838/307 2520/7843/1080
f 4613/3995/1957 4615/4000/1957 1080/7844/1080
f 4613/3995/1957 4614/3997/1957 4615/4000/1957
f 4614/3997/1957 1042/3998/1042 4615/4000/1957
f 3880/3996/1448 3512/7845/1080 323/7846/323
f 3880/3996/1448 4613/3995/1957 3512/7845/1080
f 4613/3995/1957 1080/7844/1080 3512/7845/1080
f 4610/3987/1634 6755/3990/1634 4612/3993/1634 1634/3988/1634
f 1035/4235/1035 3467/1177/1035 6755/3990/1634 4610/3987/1634
f 3467/1177/1035 300/1176/300 2521/3991/1081 6755/3990/1634
f 2523/3968/1083 6756/3986/1634 4611/3989/1634 1083/3969/1083
f 301/1184/301 2475/4236/1035 6756/3986/1634 2523/3968/1083
f 2475/4236/1035 1035/4235/1035 4610/3987/1634 6756/3986/1634
f 3515/1268/1083 6757/3982/1634 2505/3985/1065 317/1269/317
f 1083/3969/1083 4611/3989/1634 6757/3982/1634 3515/1268/1083
f 4611/3989/1634 1634/3988/1634 4609/3983/1634 6757/3982/1634
f 4606/3976/1633 6758/3979/1633 4608/3981/1633 1633/3977/1633
f 1028/4224/1028 3460/1181/1028 6758/3979/1633 4606/3976/1633
f 3460/1181/1028 293/1180/293 2522/1255/1082 6758/3979/1633
f 2524/3956/1084 6759/3975/1633 4607/3978/1633 1084/3957/1084
f 294/1188/294 2468/4225/1028 6759/3975/1633 2524/3956/1084
f 2468/4225/1028 1028/4224/1028 4606/3976/1633 6759/3975/1633
f 3516/1272/1084 6760/3971/1633 2498/3974/1058 310/1273/310
f 1084/3957/1084 4607/3978/1633 6760/3971/1633 3516/1272/1084
f 4607/3978/1633 1633/3977/1633 4605/3972/1633 6760/3971/1633
f 4602/3964/1632 6761/3967/1632 4604/3970/1632 1632/3965/1632
f 1036/4212/1036 3468/1185/1036 6761/3967/1632 4602/3964/1632
f 3468/1185/1036 301/1184/301 2523/3968/1083 6761/3967/1632
f 2525/3944/1085 6762/3963/1632 4603/3966/1632 1085/3945/1085
f 302/1192/302 2476/4213/1036 6762/3963/1632 2525/3944/1085
f 2476/4213/1036 1036/4212/1036 4602/3964/1632 6762/3963/1632
f 3517/1276/1085 6763/3959/1632 2506/3962/1066 318/1277/318
f 1085/3945/1085 4603/3966/1632 6763/3959/1632 3517/1276/1085
f 4603/3966/1632 1632/3965/1632 4601/3960/1632 6763/3959/1632
f 4598/3952/1631 6764/3955/1631 4600/3958/1631 1631/3953/1631
f 1029/4200/1029 3461/1189/1029 6764/3955/1631 4598/3952/1631
f 3461/1189/1029 294/1188/294 2524/3956/1084 6764/3955/1631
f 2526/3932/1086 6765/3951/1631 4599/3954/1631 1086/3933/1086
f 295/1196/295 2469/4201/1029 6765/3951/1631 2526/3932/1086
f 2469/4201/1029 1029/4200/1029 4598/3952/1631 6765/3951/1631
f 3518/1280/1086 6766/3947/1631 2499/3950/1059 311/1281/311
f 1086/3933/1086 4599/3954/1631 6766/3947/1631 3518/1280/1086
f 4599/3954/1631 1631/3953/1631 4597/3948/1631 6766/3947/1631
f 4594/3940/1630 6767/3943/1630 4596/3946/1630 1630/3941/1630
f 1037/4188/1037 3469/1193/1037 6767/3943/1630 4594/3940/1630
f 3469/1193/1037 302/1192/302 2525/3944/1085 6767/3943/1630
f 3505/4099/1073 6768/3939/1630 4595/3942/1630 1073/4100/1073
f 303/1200/303 2477/4189/1037 6768/3939/1630 3505/4099/1073
f 2477/4189/1037 1037/4188/1037 4594/3940/1630 6768/3939/1630
f 2513/1223/1073 6769/3935/1630 2507/3938/1067 319/1224/319
f 1073/4100/1073 4595/3942/1630 6769/3935/1630 2513/1223/1073
f 4595/3942/1630 1630/3941/1630 4593/3936/1630 6769/3935/1630
f 4590/3928/1629 6770/3931/1629 4592/3934/1629 1629/3929/1629
f 1030/4176/1030 3462/1197/1030 6770/3931/1629 4590/3928/1629
f 3462/1197/1030 295/1196/295 2526/3932/1086 6770/3931/1629
f 3507/4087/1075 6771/3927/1629 4591/3930/1629 1075/4088/1075
f 296/1204/296 2470/4177/1030 6771/3927/1629 3507/4087/1075
f 2470/4177/1030 1030/4176/1030 4590/3928/1629 6771/3927/1629
f 2515/1227/1075 6772/3923/1629 2500/3926/1060 312/1228/312
f 1075/4088/1075 4591/3930/1629 6772/3923/1629 2515/1227/1075
f 4591/3930/1629 1629/3929/1629 4589/3924/1629 6772/3923/1629
f 4588/3922/1956 3881/7851/1449 1449/7852/1449
f 4588/3922/1956 3879/3921/1447 3881/7851/1449
f 3879/3921/1447 82/7853/82 3881/7851/1449
f 4586/3918/1956 4588/3922/1956 1449/7852/1449
f 4586/3918/1956 4587/3919/1956 4588/3922/1956
f 4587/3919/1956 1447/3920/1447 4588/3922/1956
f 3533/1293/1101 2889/7854/1449 324/1294/324
f 3533/1293/1101 4586/3918/1956 2889/7854/1449
f 4586/3918/1956 1449/7852/1449 2889/7854/1449
f 4585/3917/1955 3534/7855/1102 1102/7856/1102
f 4585/3917/1955 3880/3916/1448 3534/7855/1102
f 3880/3916/1448 323/7846/323 3534/7855/1102
f 4583/3912/1955 4585/3917/1955 1102/7856/1102
f 4583/3912/1955 4584/3914/1955 4585/3917/1955
f 4584/3914/1955 1448/3915/1448 4585/3917/1955
f 3882/3913/1450 2542/7857/1102 338/7858/338
f 3882/3913/1450 4583/3912/1955 2542/7857/1102
f 4583/3912/1955 1102/7856/1102 2542/7857/1102
f 4580/3904/1628 6773/3907/1628 4582/3910/1628 1628/3905/1628
f 1065/3984/1065 3497/1262/1065 6773/3907/1628 4580/3904/1628
f 3497/1262/1065 316/1261/316 3536/3908/1104 6773/3907/1628
f 2543/3885/1103 6774/3903/1628 4581/3906/1628 1103/3886/1103
f 317/1269/317 2505/3985/1065 6774/3903/1628 2543/3885/1103
f 2505/3985/1065 1065/3984/1065 4580/3904/1628 6774/3903/1628
f 3535/1297/1103 6775/3899/1628 2534/3902/1094 332/1298/332
f 1103/3886/1103 4581/3906/1628 6775/3899/1628 3535/1297/1103
f 4581/3906/1628 1628/3905/1628 4579/3900/1628 6775/3899/1628
f 4576/3893/1627 6776/3896/1627 4578/3898/1627 1627/3894/1627
f 1058/3973/1058 3490/1266/1058 6776/3896/1627 4576/3893/1627
f 3490/1266/1058 309/1265/309 2541/1284/1101 6776/3896/1627
f 2545/3873/1105 6777/3892/1627 4577/3895/1627 1105/3874/1105
f 310/1273/310 2498/3974/1058 6777/3892/1627 2545/3873/1105
f 2498/3974/1058 1058/3973/1058 4576/3893/1627 6777/3892/1627
f 3537/1301/1105 6778/3888/1627 2527/3891/1087 325/1302/325
f 1105/3874/1105 4577/3895/1627 6778/3888/1627 3537/1301/1105
f 4577/3895/1627 1627/3894/1627 4575/3889/1627 6778/3888/1627
f 4572/3881/1626 6779/3884/1626 4574/3887/1626 1626/3882/1626
f 1066/3961/1066 3498/1270/1066 6779/3884/1626 4572/3881/1626
f 3498/1270/1066 317/1269/317 2543/3885/1103 6779/3884/1626
f 2546/3861/1106 6780/3880/1626 4573/3883/1626 1106/3862/1106
f 318/1277/318 2506/3962/1066 6780/3880/1626 2546/3861/1106
f 2506/3962/1066 1066/3961/1066 4572/3881/1626 6780/3880/1626
f 3538/1305/1106 6781/3876/1626 2535/3879/1095 333/1306/333
f 1106/3862/1106 4573/3883/1626 6781/3876/1626 3538/1305/1106
f 4573/3883/1626 1626/3882/1626 4571/3877/1626 6781/3876/1626
f 4568/3869/1954 6782/3872/1625 4570/3875/1625 1625/3870/1625
f 1059/3949/1059 3491/1274/1059 6782/3872/1625 4568/3869/1954
f 3491/1274/1059 310/1273/310 2545/3873/1105 6782/3872/1625
f 2547/3849/1107 6783/3868/1954 4569/3871/1625 1107/3850/1107
f 311/1281/311 2499/3950/1059 6783/3868/1954 2547/3849/1107
f 2499/3950/1059 1059/3949/1059 4568/3869/1954 6783/3868/1954
f 3539/1309/1107 6784/3864/1625 2528/3867/1088 326/1310/326
f 1107/3850/1107 4569/3871/1625 6784/3864/1625 3539/1309/1107
f 4569/3871/1625 1625/3870/1625 4567/3865/1625 6784/3864/1625
f 4564/3857/1624 6785/3860/1624 4566/3863/1624 1624/3858/1624
f 1067/3937/1067 3499/1278/1067 6785/3860/1624 4564/3857/1624
f 3499/1278/1067 318/1277/318 2546/3861/1106 6785/3860/1624
f 2548/3837/1108 6786/3856/1624 4565/3859/1624 1108/3838/1108
f 319/1224/319 2507/3938/1067 6786/3856/1624 2548/3837/1108
f 2507/3938/1067 1067/3937/1067 4564/3857/1624 6786/3856/1624
f 3540/1313/1108 6787/3852/1624 2536/3855/1096 334/1314/334
f 1108/3838/1108 4565/3859/1624 6787/3852/1624 3540/1313/1108
f 4565/3859/1624 1624/3858/1624 4563/3853/1624 6787/3852/1624
f 4560/3845/1623 6788/3848/1623 4562/3851/1623 1623/3846/1623
f 1060/3925/1060 3492/1282/1060 6788/3848/1623 4560/3845/1623
f 3492/1282/1060 311/1281/311 2547/3849/1107 6788/3848/1623
f 2549/3825/1109 6789/3844/1623 4561/3847/1623 1109/3826/1109
f 312/1228/312 2500/3926/1060 6789/3844/1623 2549/3825/1109
f 2500/3926/1060 1060/3925/1060 4560/3845/1623 6789/3844/1623
f 3541/1317/1109 6790/3840/1623 2529/3843/1089 327/1318/327
f 1109/3826/1109 4561/3847/1623 6790/3840/1623 3541/1317/1109
f 4561/3847/1623 1623/3846/1623 4559/3841/1623 6790/3840/1623
f 4556/3833/1622 6791/3836/1622 4558/3839/1622 1622/3834/1622
f 1068/4092/1068 3500/1225/1068 6791/3836/1622 4556/3833/1622
f 3500/1225/1068 319/1224/319 2548/3837/1108 6791/3836/1622
f 2550/3813/1110 6792/3832/1622 4557/3835/1622 1110/3814/1110
f 320/1232/320 2508/4093/1068 6792/3832/1622 2550/3813/1110
f 2508/4093/1068 1068/4092/1068 4556/3833/1622 6792/3832/1622
f 3542/1321/1110 6793/3828/1622 2537/3831/1097 335/1322/335
f 1110/3814/1110 4557/3835/1622 6793/3828/1622 3542/1321/1110
f 4557/3835/1622 1622/3834/1622 4555/3829/1622 6793/3828/1622
f 4552/3821/1621 6794/3824/1621 4554/3827/1621 1621/3822/1621
f 1061/4080/1061 3493/1229/1061 6794/3824/1621 4552/3821/1621
f 3493/1229/1061 312/1228/312 2549/3825/1109 6794/3824/1621
f 2551/3801/1111 6795/3820/1621 4553/3823/1621 1111/3802/1111
f 313/1236/313 2501/4081/1061 6795/3820/1621 2551/3801/1111
f 2501/4081/1061 1061/4080/1061 4552/3821/1621 6795/3820/1621
f 3543/1325/1111 6796/3816/1621 2530/3819/1090 328/1326/328
f 1111/3802/1111 4553/3823/1621 6796/3816/1621 3543/1325/1111
f 4553/3823/1621 1621/3822/1621 4551/3817/1621 6796/3816/1621
f 4548/3809/1620 6797/3812/1620 4550/3815/1620 1620/3810/1620
f 1069/4068/1069 3501/1233/1069 6797/3812/1620 4548/3809/1620
f 3501/1233/1069 320/1232/320 2550/3813/1110 6797/3812/1620
f 2552/3789/1112 6798/3808/1620 4549/3811/1620 1112/3790/1112
f 321/1240/321 2509/4069/1069 6798/3808/1620 2552/3789/1112
f 2509/4069/1069 1069/4068/1069 4548/3809/1620 6798/3808/1620
f 3544/1329/1112 6799/3804/1620 2538/3807/1098 336/1330/336
f 1112/3790/1112 4549/3811/1620 6799/3804/1620 3544/1329/1112
f 4549/3811/1620 1620/3810/1620 4547/3805/1620 6799/3804/1620
f 4544/3797/1619 6800/3800/1619 4546/3803/1619 1619/3798/1619
f 1062/4056/1062 3494/1237/1062 6800/3800/1619 4544/3797/1619
f 3494/1237/1062 313/1236/313 2551/3801/1111 6800/3800/1619
f 2553/3777/1113 6801/3796/1619 4545/3799/1619 1113/3778/1113
f 314/1244/314 2502/4057/1062 6801/3796/1619 2553/3777/1113
f 2502/4057/1062 1062/4056/1062 4544/3797/1619 6801/3796/1619
f 3545/1333/1113 6802/3792/1619 2531/3795/1091 329/1334/329
f 1113/3778/1113 4545/3799/1619 6802/3792/1619 3545/1333/1113
f 4545/3799/1619 1619/3798/1619 4543/3793/1619 6802/3792/1619
f 4540/3785/1618 6803/3788/1618 4542/3791/1618 1618/3786/1618
f 1070/4044/1070 3502/1241/1070 6803/3788/1618 4540/3785/1618
f 3502/1241/1070 321/1240/321 2552/3789/1112 6803/3788/1618
f 2554/3765/1114 6804/3784/1618 4541/3787/1618 1114/3766/1114
f 322/1248/322 2510/4045/1070 6804/3784/1618 2554/3765/1114
f 2510/4045/1070 1070/4044/1070 4540/3785/1618 6804/3784/1618
f 3546/1337/1114 6805/3780/1618 2539/3783/1099 337/1338/337
f 1114/3766/1114 4541/3787/1618 6805/3780/1618 3546/1337/1114
f 4541/3787/1618 1618/3786/1618 4539/3781/1618 6805/3780/1618
f 4536/3773/1617 6806/3776/1617 4538/3779/1617 1617/3774/1617
f 1063/4032/1063 3495/1245/1063 6806/3776/1617 4536/3773/1617
f 3495/1245/1063 314/1244/314 2553/3777/1113 6806/3776/1617
f 2555/3753/1115 6807/3772/1617 4537/3775/1617 1115/3754/1115
f 315/1252/315 2503/4033/1063 6807/3772/1617 2555/3753/1115
f 2503/4033/1063 1063/4032/1063 4536/3773/1617 6807/3772/1617
f 3547/1341/1115 6808/3768/1617 2532/3771/1092 330/1342/330
f 1115/3754/1115 4537/3775/1617 6808/3768/1617 3547/1341/1115
f 4537/3775/1617 1617/3774/1617 4535/3769/1617 6808/3768/1617
f 4532/3761/1616 6809/3764/1616 4534/3767/1616 1616/3762/1616
f 1071/4020/1071 3503/1249/1071 6809/3764/1616 4532/3761/1616
f 3503/1249/1071 322/1248/322 2554/3765/1114 6809/3764/1616
f 3534/7855/1102 6810/3760/1616 4533/3763/1616 1102/7856/1102
f 323/7846/323 2511/4021/1071 6810/3760/1616 3534/7855/1102
f 2511/4021/1071 1071/4020/1071 4532/3761/1616 6810/3760/1616
f 2542/7857/1102 6811/3756/1616 2540/3759/1100 338/7858/338
f 1102/7856/1102 4533/3763/1616 6811/3756/1616 2542/7857/1102
f 4533/3763/1616 1616/3762/1616 4531/3757/1616 6811/3756/1616
f 4528/3749/1615 6812/3752/1615 4530/3755/1615 1615/3750/1615
f 1064/4008/1064 3496/1253/1064 6812/3752/1615 4528/3749/1615
f 3496/1253/1064 315/1252/315 2555/3753/1115 6812/3752/1615
f 3536/3908/1104 6813/3748/1615 4529/3751/1615 1104/3909/1104
f 316/1261/316 2504/4009/1064 6813/3748/1615 3536/3908/1104
f 2504/4009/1064 1064/4008/1064 4528/3749/1615 6813/3748/1615
f 2544/1289/1104 6814/3744/1615 2533/3747/1093 331/1290/331
f 1104/3909/1104 4529/3751/1615 6814/3744/1615 2544/1289/1104
f 4529/3751/1615 1615/3750/1615 4527/3745/1615 6814/3744/1615
f 4524/3737/1614 6815/3740/1614 4526/3743/1614 1614/3738/1614
f 1090/3818/1090 3522/1319/1090 6815/3740/1614 4524/3737/1614
f 3522/1319/1090 327/1318/327 3563/3741/1131 6815/3740/1614
f 2570/3717/1130 6816/3736/1614 4525/3739/1614 1130/3718/1130
f 328/1326/328 2530/3819/1090 6816/3736/1614 2570/3717/1130
f 2530/3819/1090 1090/3818/1090 4524/3737/1614 6816/3736/1614
f 3562/1353/1130 6817/3732/1614 2559/3735/1119 343/1354/343
f 1130/3718/1130 4525/3739/1614 6817/3732/1614 3562/1353/1130
f 4525/3739/1614 1614/3738/1614 4523/3733/1614 6817/3732/1614
f 4520/3725/1613 6818/3728/1613 4522/3731/1613 1613/3726/1613
f 1098/3806/1098 3530/1323/1098 6818/3728/1613 4520/3725/1613
f 3530/1323/1098 335/1322/335 3565/3729/1133 6818/3728/1613
f 2572/3705/1132 6819/3724/1613 4521/3727/1613 1132/3706/1132
f 336/1330/336 2538/3807/1098 6819/3724/1613 2572/3705/1132
f 2538/3807/1098 1098/3806/1098 4520/3725/1613 6819/3724/1613
f 3564/1357/1132 6820/3720/1613 2567/3723/1127 351/1358/351
f 1132/3706/1132 4521/3727/1613 6820/3720/1613 3564/1357/1132
f 4521/3727/1613 1613/3726/1613 4519/3721/1613 6820/3720/1613
f 4516/3713/1612 6821/3716/1612 4518/3719/1612 1612/3714/1612
f 1091/3794/1091 3523/1327/1091 6821/3716/1612 4516/3713/1612
f 3523/1327/1091 328/1326/328 2570/3717/1130 6821/3716/1612
f 2574/3693/1134 6822/3712/1612 4517/3715/1612 1134/3694/1134
f 329/1334/329 2531/3795/1091 6822/3712/1612 2574/3693/1134
f 2531/3795/1091 1091/3794/1091 4516/3713/1612 6822/3712/1612
f 3566/1361/1134 6823/3708/1612 2560/3711/1120 344/1362/344
f 1134/3694/1134 4517/3715/1612 6823/3708/1612 3566/1361/1134
f 4517/3715/1612 1612/3714/1612 4515/3709/1612 6823/3708/1612
f 4512/3701/1611 6824/3704/1611 4514/3707/1611 1611/3702/1611
f 1099/3782/1099 3531/1331/1099 6824/3704/1611 4512/3701/1611
f 3531/1331/1099 336/1330/336 2572/3705/1132 6824/3704/1611
f 2575/3681/1135 6825/3700/1611 4513/3703/1611 1135/3682/1135
f 337/1338/337 2539/3783/1099 6825/3700/1611 2575/3681/1135
f 2539/3783/1099 1099/3782/1099 4512/3701/1611 6825/3700/1611
f 3567/1365/1135 6826/3696/1611 2568/3699/1128 352/1366/352
f 1135/3682/1135 4513/3703/1611 6826/3696/1611 3567/1365/1135
f 4513/3703/1611 1611/3702/1611 4511/3697/1611 6826/3696/1611
f 4508/3689/1610 6827/3692/1610 4510/3695/1610 1610/3690/1610
f 1092/3770/1092 3524/1335/1092 6827/3692/1610 4508/3689/1610
f 3524/1335/1092 329/1334/329 2574/3693/1134 6827/3692/1610
f 2576/3669/1136 6828/3688/1610 4509/3691/1610 1136/3670/1136
f 330/1342/330 2532/3771/1092 6828/3688/1610 2576/3669/1136
f 2532/3771/1092 1092/3770/1092 4508/3689/1610 6828/3688/1610
f 3568/1369/1136 6829/3684/1610 2561/3687/1121 345/1370/345
f 1136/3670/1136 4509/3691/1610 6829/3684/1610 3568/1369/1136
f 4509/3691/1610 1610/3690/1610 4507/3685/1610 6829/3684/1610
f 4504/3677/1609 6830/3680/1609 4506/3683/1609 1609/3678/1609
f 1100/3758/1100 3532/1339/1100 6830/3680/1609 4504/3677/1609
f 3532/1339/1100 337/1338/337 2575/3681/1135 6830/3680/1609
f 2577/7859/1137 6831/3676/1609 4505/3679/1609 1137/7860/1137
f 338/7858/338 2540/3759/1100 6831/3676/1609 2577/7859/1137
f 2540/3759/1100 1100/3758/1100 4504/3677/1609 6831/3676/1609
f 3569/7861/1137 6832/3672/1609 2569/3675/1129 353/7862/353
f 1137/7860/1137 4505/3679/1609 6832/3672/1609 3569/7861/1137
f 4505/3679/1609 1609/3678/1609 4503/3673/1609 6832/3672/1609
f 4500/3665/1608 6833/3668/1608 4502/3671/1608 1608/3666/1608
f 1093/3746/1093 3525/1343/1093 6833/3668/1608 4500/3665/1608
f 3525/1343/1093 330/1342/330 2576/3669/1136 6833/3668/1608
f 2578/3645/1138 6834/3664/1608 4501/3667/1608 1138/3646/1138
f 331/1290/331 2533/3747/1093 6834/3664/1608 2578/3645/1138
f 2533/3747/1093 1093/3746/1093 4500/3665/1608 6834/3664/1608
f 3570/1378/1138 6835/3660/1608 2562/3663/1122 346/1379/346
f 1138/3646/1138 4501/3667/1608 6835/3660/1608 3570/1378/1138
f 4501/3667/1608 1608/3666/1608 4499/3661/1608 6835/3660/1608
f 4498/3659/1953 3883/7863/1451 1451/7864/1451
f 4498/3659/1953 3881/3658/1449 3883/7863/1451
f 3881/3658/1449 82/7865/82 3883/7863/1451
f 4496/3655/1953 4498/3659/1953 1451/7864/1451
f 4496/3655/1953 4497/3656/1953 4498/3659/1953
f 4497/3656/1953 1449/3657/1449 4498/3659/1953
f 3571/1382/1139 2891/7866/1451 339/1383/339
f 3571/1382/1139 4496/3655/1953 2891/7866/1451
f 4496/3655/1953 1451/7864/1451 2891/7866/1451
f 4495/3654/1952 2577/7859/1137 1137/7860/1137
f 4495/3654/1952 3882/3653/1450 2577/7859/1137
f 3882/3653/1450 338/7858/338 2577/7859/1137
f 4493/3649/1952 4495/3654/1952 1137/7860/1137
f 4493/3649/1952 4494/3651/1952 4495/3654/1952
f 4494/3651/1952 1450/3652/1450 4495/3654/1952
f 3884/3650/1452 3569/7861/1137 353/7862/353
f 3884/3650/1452 4493/3649/1952 3569/7861/1137
f 4493/3649/1952 1137/7860/1137 3569/7861/1137
f 4490/3641/1607 6836/3644/1607 4492/3647/1607 1607/3642/1607
f 1094/3901/1094 3526/1291/1094 6836/3644/1607 4490/3641/1607
f 3526/1291/1094 331/1290/331 2578/3645/1138 6836/3644/1607
f 2580/3622/1140 6837/3640/1607 4491/3643/1607 1140/3623/1140
f 332/1298/332 2534/3902/1094 6837/3640/1607 2580/3622/1140
f 2534/3902/1094 1094/3901/1094 4490/3641/1607 6837/3640/1607
f 3572/1386/1140 6838/3636/1607 2563/3639/1123 347/1387/347
f 1140/3623/1140 4491/3643/1607 6838/3636/1607 3572/1386/1140
f 4491/3643/1607 1607/3642/1607 4489/3637/1607 6838/3636/1607
f 4486/3630/1606 6839/3633/1606 4488/3635/1606 1606/3631/1606
f 1087/3890/1087 3519/1295/1087 6839/3633/1606 4486/3630/1606
f 3519/1295/1087 324/1294/324 2579/1373/1139 6839/3633/1606
f 2581/3610/1141 6840/3629/1606 4487/3632/1606 1141/3611/1141
f 325/1302/325 2527/3891/1087 6840/3629/1606 2581/3610/1141
f 2527/3891/1087 1087/3890/1087 4486/3630/1606 6840/3629/1606
f 3573/1390/1141 6841/3625/1606 2556/3628/1116 340/1391/340
f 1141/3611/1141 4487/3632/1606 6841/3625/1606 3573/1390/1141
f 4487/3632/1606 1606/3631/1606 4485/3626/1606 6841/3625/1606
f 4482/3618/1605 6842/3621/1605 4484/3624/1605 1605/3619/1605
f 1095/3878/1095 3527/1299/1095 6842/3621/1605 4482/3618/1605
f 3527/1299/1095 332/1298/332 2580/3622/1140 6842/3621/1605
f 2582/3598/1142 6843/3617/1605 4483/3620/1605 1142/3599/1142
f 333/1306/333 2535/3879/1095 6843/3617/1605 2582/3598/1142
f 2535/3879/1095 1095/3878/1095 4482/3618/1605 6843/3617/1605
f 3574/1394/1142 6844/3613/1605 2564/3616/1124 348/1395/348
f 1142/3599/1142 4483/3620/1605 6844/3613/1605 3574/1394/1142
f 4483/3620/1605 1605/3619/1605 4481/3614/1605 6844/3613/1605
f 4478/3606/1604 6845/3609/1604 4480/3612/1604 1604/3607/1604
f 1088/3866/1088 3520/1303/1088 6845/3609/1604 4478/3606/1604
f 3520/1303/1088 325/1302/325 2581/3610/1141 6845/3609/1604
f 2583/3586/1143 6846/3605/1604 4479/3608/1604 1143/3587/1143
f 326/1310/326 2528/3867/1088 6846/3605/1604 2583/3586/1143
f 2528/3867/1088 1088/3866/1088 4478/3606/1604 6846/3605/1604
f 3575/1398/1143 6847/3601/1604 2557/3604/1117 341/1399/341
f 1143/3587/1143 4479/3608/1604 6847/3601/1604 3575/1398/1143
f 4479/3608/1604 1604/3607/1604 4477/3602/1604 6847/3601/1604
f 4474/3594/1603 6848/3597/1603 4476/3600/1603 1603/3595/1603
f 1096/3854/1096 3528/1307/1096 6848/3597/1603 4474/3594/1603
f 3528/1307/1096 333/1306/333 2582/3598/1142 6848/3597/1603
f 2584/3574/1144 6849/3593/1603 4475/3596/1603 1144/3575/1144
f 334/1314/334 2536/3855/1096 6849/3593/1603 2584/3574/1144
f 2536/3855/1096 1096/3854/1096 4474/3594/1603 6849/3593/1603
f 3576/1402/1144 6850/3589/1603 2565/3592/1125 349/1403/349
f 1144/3575/1144 4475/3596/1603 6850/3589/1603 3576/1402/1144
f 4475/3596/1603 1603/3595/1603 4473/3590/1603 6850/3589/1603
f 4470/3582/1602 6851/3585/1602 4472/3588/1602 1602/3583/1602
f 1089/3842/1089 3521/1311/1089 6851/3585/1602 4470/3582/1602
f 3521/1311/1089 326/1310/326 2583/3586/1143 6851/3585/1602
f 3563/3741/1131 6852/3581/1602 4471/3584/1602 1131/3742/1131
f 327/1318/327 2529/3843/1089 6852/3581/1602 3563/3741/1131
f 2529/3843/1089 1089/3842/1089 4470/3582/1602 6852/3581/1602
f 2571/1345/1131 6853/3577/1602 2558/3580/1118 342/1346/342
f 1131/3742/1131 4471/3584/1602 6853/3577/1602 2571/1345/1131
f 4471/3584/1602 1602/3583/1602 4469/3578/1602 6853/3577/1602
f 4466/3570/1601 6854/3573/1601 4468/3576/1601 1601/3571/1601
f 1097/3830/1097 3529/1315/1097 6854/3573/1601 4466/3570/1601
f 3529/1315/1097 334/1314/334 2584/3574/1144 6854/3573/1601
f 3565/3729/1133 6855/3569/1601 4467/3572/1601 1133/3730/1133
f 335/1322/335 2537/3831/1097 6855/3569/1601 3565/3729/1133
f 2537/3831/1097 1097/3830/1097 4466/3570/1601 6855/3569/1601
f 2573/1349/1133 6856/3565/1601 2566/3568/1126 350/1350/350
f 1133/3730/1133 4467/3572/1601 6856/3565/1601 2573/1349/1133
f 4467/3572/1601 1601/3571/1601 4465/3566/1601 6856/3565/1601
f 4462/3558/1600 6857/3561/1600 4464/3564/1600 1600/3559/1600
f 1123/3638/1123 3555/1380/1123 6857/3561/1600 4462/3558/1600
f 3555/1380/1123 346/1379/346 3592/3562/1160 6857/3561/1600
f 2599/3540/1159 6858/3557/1600 4463/3560/1600 1159/3541/1159
f 347/1387/347 2563/3639/1123 6858/3557/1600 2599/3540/1159
f 2563/3639/1123 1123/3638/1123 4462/3558/1600 6858/3557/1600
f 3591/1414/1159 6859/3553/1600 2592/3556/1152 362/1415/362
f 1159/3541/1159 4463/3560/1600 6859/3553/1600 3591/1414/1159
f 4463/3560/1600 1600/3559/1600 4461/3554/1600 6859/3553/1600
f 4458/3548/1599 6860/3551/1599 4460/3552/1599 1599/3549/1599
f 1116/3627/1116 3548/1384/1116 6860/3551/1599 4458/3548/1599
f 3548/1384/1116 339/1383/339 3594/1462/1162 6860/3551/1599
f 2601/3528/1161 6861/3547/1599 4459/3550/1599 1161/3529/1161
f 340/1391/340 2556/3628/1116 6861/3547/1599 2601/3528/1161
f 2556/3628/1116 1116/3627/1116 4458/3548/1599 6861/3547/1599
f 3593/1418/1161 6862/3543/1599 2585/3546/1145 355/1419/355
f 1161/3529/1161 4459/3550/1599 6862/3543/1599 3593/1418/1161
f 4459/3550/1599 1599/3549/1599 4457/3544/1599 6862/3543/1599
f 4454/3536/1598 6863/3539/1598 4456/3542/1598 1598/3537/1598
f 1124/3615/1124 3556/1388/1124 6863/3539/1598 4454/3536/1598
f 3556/1388/1124 347/1387/347 2599/3540/1159 6863/3539/1598
f 2603/3516/1163 6864/3535/1598 4455/3538/1598 1163/3517/1163
f 348/1395/348 2564/3616/1124 6864/3535/1598 2603/3516/1163
f 2564/3616/1124 1124/3615/1124 4454/3536/1598 6864/3535/1598
f 3595/1422/1163 6865/3531/1598 2593/3534/1153 363/1423/363
f 1163/3517/1163 4455/3538/1598 6865/3531/1598 3595/1422/1163
f 4455/3538/1598 1598/3537/1598 4453/3532/1598 6865/3531/1598
f 4450/3524/1597 6866/3527/1597 4452/3530/1597 1597/3525/1597
f 1117/3603/1117 3549/1392/1117 6866/3527/1597 4450/3524/1597
f 3549/1392/1117 340/1391/340 2601/3528/1161 6866/3527/1597
f 2604/3504/1164 6867/3523/1597 4451/3526/1597 1164/3505/1164
f 341/1399/341 2557/3604/1117 6867/3523/1597 2604/3504/1164
f 2557/3604/1117 1117/3603/1117 4450/3524/1597 6867/3523/1597
f 3596/1426/1164 6868/3519/1597 2586/3522/1146 356/1427/356
f 1164/3505/1164 4451/3526/1597 6868/3519/1597 3596/1426/1164
f 4451/3526/1597 1597/3525/1597 4449/3520/1597 6868/3519/1597
f 4446/3512/1596 6869/3515/1596 4448/3518/1596 1596/3513/1596
f 1125/3591/1125 3557/1396/1125 6869/3515/1596 4446/3512/1596
f 3557/1396/1125 348/1395/348 2603/3516/1163 6869/3515/1596
f 2605/3492/1165 6870/3511/1596 4447/3514/1596 1165/3493/1165
f 349/1403/349 2565/3592/1125 6870/3511/1596 2605/3492/1165
f 2565/3592/1125 1125/3591/1125 4446/3512/1596 6870/3511/1596
f 3597/1430/1165 6871/3507/1596 2594/3510/1154 364/1431/364
f 1165/3493/1165 4447/3514/1596 6871/3507/1596 3597/1430/1165
f 4447/3514/1596 1596/3513/1596 4445/3508/1596 6871/3507/1596
f 4442/3500/1595 6872/3503/1595 4444/3506/1595 1595/3501/1595
f 1118/3579/1118 3550/1400/1118 6872/3503/1595 4442/3500/1595
f 3550/1400/1118 341/1399/341 2604/3504/1164 6872/3503/1595
f 2606/3480/1166 6873/3499/1595 4443/3502/1595 1166/3481/1166
f 342/1346/342 2558/3580/1118 6873/3499/1595 2606/3480/1166
f 2558/3580/1118 1118/3579/1118 4442/3500/1595 6873/3499/1595
f 3598/1434/1166 6874/3495/1595 2587/3498/1147 357/1435/357
f 1166/3481/1166 4443/3502/1595 6874/3495/1595 3598/1434/1166
f 4443/3502/1595 1595/3501/1595 4441/3496/1595 6874/3495/1595
f 4438/3488/1594 6875/3491/1594 4440/3494/1594 1594/3489/1594
f 1126/3567/1126 3558/1404/1126 6875/3491/1594 4438/3488/1594
f 3558/1404/1126 349/1403/349 2605/3492/1165 6875/3491/1594
f 2607/3468/1167 6876/3487/1594 4439/3490/1594 1167/3469/1167
f 350/1350/350 2566/3568/1126 6876/3487/1594 2607/3468/1167
f 2566/3568/1126 1126/3567/1126 4438/3488/1594 6876/3487/1594
f 3599/1438/1167 6877/3483/1594 2595/3486/1155 365/1439/365
f 1167/3469/1167 4439/3490/1594 6877/3483/1594 3599/1438/1167
f 4439/3490/1594 1594/3489/1594 4437/3484/1594 6877/3483/1594
f 4434/3476/1593 6878/3479/1593 4436/3482/1593 1593/3477/1593
f 1119/3734/1119 3551/1347/1119 6878/3479/1593 4434/3476/1593
f 3551/1347/1119 342/1346/342 2606/3480/1166 6878/3479/1593
f 2608/3456/1168 6879/3475/1593 4435/3478/1593 1168/3457/1168
f 343/1354/343 2559/3735/1119 6879/3475/1593 2608/3456/1168
f 2559/3735/1119 1119/3734/1119 4434/3476/1593 6879/3475/1593
f 3600/1442/1168 6880/3471/1593 2588/3474/1148 358/1443/358
f 1168/3457/1168 4435/3478/1593 6880/3471/1593 3600/1442/1168
f 4435/3478/1593 1593/3477/1593 4433/3472/1593 6880/3471/1593
f 4430/3464/1592 6881/3467/1592 4432/3470/1592 1592/3465/1592
f 1127/3722/1127 3559/1351/1127 6881/3467/1592 4430/3464/1592
f 3559/1351/1127 350/1350/350 2607/3468/1167 6881/3467/1592
f 2609/3444/1169 6882/3463/1592 4431/3466/1592 1169/3445/1169
f 351/1358/351 2567/3723/1127 6882/3463/1592 2609/3444/1169
f 2567/3723/1127 1127/3722/1127 4430/3464/1592 6882/3463/1592
f 3601/1446/1169 6883/3459/1592 2596/3462/1156 366/1447/366
f 1169/3445/1169 4431/3466/1592 6883/3459/1592 3601/1446/1169
f 4431/3466/1592 1592/3465/1592 4429/3460/1592 6883/3459/1592
f 4426/3452/1591 6884/3455/1591 4428/3458/1591 1591/3453/1591
f 1120/3710/1120 3552/1355/1120 6884/3455/1591 4426/3452/1591
f 3552/1355/1120 343/1354/343 2608/3456/1168 6884/3455/1591
f 2610/3432/1170 6885/3451/1591 4427/3454/1591 1170/3433/1170
f 344/1362/344 2560/3711/1120 6885/3451/1591 2610/3432/1170
f 2560/3711/1120 1120/3710/1120 4426/3452/1591 6885/3451/1591
f 3602/1450/1170 6886/3447/1591 2589/3450/1149 359/1451/359
f 1170/3433/1170 4427/3454/1591 6886/3447/1591 3602/1450/1170
f 4427/3454/1591 1591/3453/1591 4425/3448/1591 6886/3447/1591
f 4422/3440/1590 6887/3443/1590 4424/3446/1590 1590/3441/1590
f 1128/3698/1128 3560/1359/1128 6887/3443/1590 4422/3440/1590
f 3560/1359/1128 351/1358/351 2609/3444/1169 6887/3443/1590
f 2611/3420/1171 6888/3439/1590 4423/3442/1590 1171/3421/1171
f 352/1366/352 2568/3699/1128 6888/3439/1590 2611/3420/1171
f 2568/3699/1128 1128/3698/1128 4422/3440/1590 6888/3439/1590
f 3603/1454/1171 6889/3435/1590 2597/3438/1157 367/1455/367
f 1171/3421/1171 4423/3442/1590 6889/3435/1590 3603/1454/1171
f 4423/3442/1590 1590/3441/1590 4421/3436/1590 6889/3435/1590
f 4418/3428/1589 6890/3431/1589 4420/3434/1589 1589/3429/1589
f 1121/3686/1121 3553/1363/1121 6890/3431/1589 4418/3428/1589
f 3553/1363/1121 344/1362/344 2610/3432/1170 6890/3431/1589
f 2612/3408/1172 6891/3427/1589 4419/3430/1589 1172/3409/1172
f 345/1370/345 2561/3687/1121 6891/3427/1589 2612/3408/1172
f 2561/3687/1121 1121/3686/1121 4418/3428/1589 6891/3427/1589
f 3604/1458/1172 6892/3423/1589 2590/3426/1150 360/1459/360
f 1172/3409/1172 4419/3430/1589 6892/3423/1589 3604/1458/1172
f 4419/3430/1589 1589/3429/1589 4417/3424/1589 6892/3423/1589
f 4414/3416/1588 6893/3419/1588 4416/3422/1588 1588/3417/1588
f 1129/3674/1129 3561/1367/1129 6893/3419/1588 4414/3416/1588
f 3561/1367/1129 352/1366/352 2611/3420/1171 6893/3419/1588
f 2613/7867/1173 6894/3415/1588 4415/3418/1588 1173/7868/1173
f 353/7862/353 2569/3675/1129 6894/3415/1588 2613/7867/1173
f 2569/3675/1129 1129/3674/1129 4414/3416/1588 6894/3415/1588
f 3605/7869/1173 6895/3411/1588 2598/3414/1158 368/7870/368
f 1173/7868/1173 4415/3418/1588 6895/3411/1588 3605/7869/1173
f 4415/3418/1588 1588/3417/1588 4413/3412/1588 6895/3411/1588
f 4410/3404/1587 6896/3407/1587 4412/3410/1587 1587/3405/1587
f 1122/3662/1122 3554/1371/1122 6896/3407/1587 4410/3404/1587
f 3554/1371/1122 345/1370/345 2612/3408/1172 6896/3407/1587
f 3592/3562/1160 6897/3403/1587 4411/3406/1587 1160/3563/1160
f 346/1379/346 2562/3663/1122 6897/3403/1587 3592/3562/1160
f 2562/3663/1122 1122/3662/1122 4410/3404/1587 6897/3403/1587
f 2600/1406/1160 6898/3399/1587 2591/3402/1151 361/1407/361
f 1160/3563/1160 4411/3406/1587 6898/3399/1587 2600/1406/1160
f 4411/3406/1587 1587/3405/1587 4409/3400/1587 6898/3399/1587
f 4408/3398/1951 3885/7871/1453 1453/7872/1453
f 4408/3398/1951 3883/3397/1451 3885/7871/1453
f 3883/3397/1451 82/7873/82 3885/7871/1453
f 4406/3394/1951 4408/3398/1951 1453/7872/1453
f 4406/3394/1951 4407/3395/1951 4408/3398/1951
f 4407/3395/1951 1451/3396/1451 4408/3398/1951
f 2602/1410/1162 2893/7874/1453 354/1411/354
f 2602/1410/1162 4406/3394/1951 2893/7874/1453
f 4406/3394/1951 1453/7872/1453 2893/7874/1453
f 4405/3392/1950 2613/7867/1173 1173/7868/1173
f 4405/3392/1950 3884/3391/1452 2613/7867/1173
f 3884/3391/1452 353/7862/353 2613/7867/1173
f 4403/3387/1950 4405/3392/1950 1173/7868/1173
f 4403/3387/1950 4404/3389/1950 4405/3392/1950
f 4404/3389/1950 1452/3390/1452 4405/3392/1950
f 3886/3388/1454 3605/7869/1173 368/7870/368
f 3886/3388/1454 4403/3387/1950 3605/7869/1173
f 4403/3387/1950 1173/7868/1173 3605/7869/1173
f 4400/3379/1586 6899/3382/1586 4402/3385/1586 1586/3380/1586
f 1156/7875/1156 3588/7876/1156 6899/3382/1586 4400/3379/1586
f 3588/7876/1156 365/7877/365 3621/3383/1189 6899/3382/1586
f 2628/3359/1188 6900/3378/1586 4401/3381/1586 1188/3360/1188
f 366/7878/366 2596/7879/1156 6900/3378/1586 2628/3359/1188
f 2596/7879/1156 1156/7875/1156 4400/3379/1586 6900/3378/1586
f 3620/1475/1188 6901/3374/1586 2625/3377/1185 381/1476/381
f 1188/3360/1188 4401/3381/1586 6901/3374/1586 3620/1475/1188
f 4401/3381/1586 1586/3380/1586 4399/3375/1586 6901/3374/1586
f 4396/3367/1585 6902/3370/1585 4398/3373/1585 1585/3368/1585
f 1149/7880/1149 3581/7881/1149 6902/3370/1585 4396/3367/1585
f 3581/7881/1149 358/7882/358 3623/3371/1191 6902/3370/1585
f 2630/3347/1190 6903/3366/1585 4397/3369/1585 1190/3348/1190
f 359/7883/359 2589/7884/1149 6903/3366/1585 2630/3347/1190
f 2589/7884/1149 1149/7880/1149 4396/3367/1585 6903/3366/1585
f 3622/1479/1190 6904/3362/1585 2618/3365/1178 374/1480/374
f 1190/3348/1190 4397/3369/1585 6904/3362/1585 3622/1479/1190
f 4397/3369/1585 1585/3368/1585 4395/3363/1585 6904/3362/1585
f 4392/3355/1584 6905/3358/1584 4394/3361/1584 1584/3356/1584
f 1157/7885/1157 3589/7886/1157 6905/3358/1584 4392/3355/1584
f 3589/7886/1157 366/7878/366 2628/3359/1188 6905/3358/1584
f 2632/3335/1192 6906/3354/1584 4393/3357/1584 1192/3336/1192
f 367/7887/367 2597/7888/1157 6906/3354/1584 2632/3335/1192
f 2597/7888/1157 1157/7885/1157 4392/3355/1584 6906/3354/1584
f 3624/1483/1192 6907/3350/1584 2626/3353/1186 382/1484/382
f 1192/3336/1192 4393/3357/1584 6907/3350/1584 3624/1483/1192
f 4393/3357/1584 1584/3356/1584 4391/3351/1584 6907/3350/1584
f 4388/3343/1583 6908/3346/1583 4390/3349/1583 1583/3344/1583
f 1150/7889/1150 3582/7890/1150 6908/3346/1583 4388/3343/1583
f 3582/7890/1150 359/7883/359 2630/3347/1190 6908/3346/1583
f 2633/3323/1193 6909/3342/1583 4389/3345/1583 1193/3324/1193
f 360/7891/360 2590/7892/1150 6909/3342/1583 2633/3323/1193
f 2590/7892/1150 1150/7889/1150 4388/3343/1583 6909/3342/1583
f 3625/1487/1193 6910/3338/1583 2619/3341/1179 375/1488/375
f 1193/3324/1193 4389/3345/1583 6910/3338/1583 3625/1487/1193
f 4389/3345/1583 1583/3344/1583 4387/3339/1583 6910/3338/1583
f 4384/3331/1582 6911/3334/1582 4386/3337/1582 1582/3332/1582
f 1158/7893/1158 3590/7894/1158 6911/3334/1582 4384/3331/1582
f 3590/7894/1158 367/7887/367 2632/3335/1192 6911/3334/1582
f 2634/7895/1194 6912/3330/1582 4385/3333/1582 1194/7896/1194
f 368/7897/368 2598/7898/1158 6912/3330/1582 2634/7895/1194
f 2598/7898/1158 1158/7893/1158 4384/3331/1582 6912/3330/1582
f 3626/7899/1194 6913/3326/1582 2627/3329/1187 383/7900/383
f 1194/7896/1194 4385/3333/1582 6913/3326/1582 3626/7899/1194
f 4385/3333/1582 1582/3332/1582 4383/3327/1582 6913/3326/1582
f 4380/3319/1581 6914/3322/1581 4382/3325/1581 1581/3320/1581
f 1151/7901/1151 3583/7902/1151 6914/3322/1581 4380/3319/1581
f 3583/7902/1151 360/7891/360 2633/3323/1193 6914/3322/1581
f 2635/3299/1195 6915/3318/1581 4381/3321/1581 1195/3300/1195
f 361/7903/361 2591/7904/1151 6915/3318/1581 2635/3299/1195
f 2591/7904/1151 1151/7901/1151 4380/3319/1581 6915/3318/1581
f 3627/1497/1195 6916/3314/1581 2620/3317/1180 376/1498/376
f 1195/3300/1195 4381/3321/1581 6916/3314/1581 3627/1497/1195
f 4381/3321/1581 1581/3320/1581 4379/3315/1949 6916/3314/1581
f 4378/3313/1948 3887/7905/1455 1455/7906/1455
f 4378/3313/1948 3885/3312/1453 3887/7905/1455
f 3885/3312/1453 82/7907/82 3887/7905/1455
f 4376/3309/1948 4378/3313/1948 1455/7906/1455
f 4376/3309/1948 4377/3310/1948 4378/3313/1948
f 4377/3310/1948 1453/3311/1453 4378/3313/1948
f 3628/1501/1196 2895/7908/1455 369/1502/369
f 3628/1501/1196 4376/3309/1948 2895/7908/1455
f 4376/3309/1948 1455/7906/1455 2895/7908/1455
f 4375/3308/1947 2634/7895/1194 1194/7896/1194
f 4375/3308/1947 3886/3307/1454 2634/7895/1194
f 3886/3307/1454 368/7897/368 2634/7895/1194
f 4373/3303/1947 4375/3308/1947 1194/7896/1194
f 4373/3303/1947 4374/3305/1947 4375/3308/1947
f 4374/3305/1947 1454/3306/1454 4375/3308/1947
f 3888/3304/1456 3626/7899/1194 383/7900/383
f 3888/3304/1456 4373/3303/1947 3626/7899/1194
f 4373/3303/1947 1194/7896/1194 3626/7899/1194
f 4370/3295/1580 6917/3298/1580 4372/3301/1580 1580/3296/1580
f 1152/7909/1152 3584/7910/1152 6917/3298/1580 4370/3295/1580
f 3584/7910/1152 361/7903/361 2635/3299/1195 6917/3298/1580
f 2637/3276/1197 6918/3294/1580 4371/3297/1580 1197/3277/1197
f 362/7911/362 2592/7912/1152 6918/3294/1580 2637/3276/1197
f 2592/7912/1152 1152/7909/1152 4370/3295/1580 6918/3294/1580
f 3629/1505/1197 6919/3290/1946 2621/3293/1181 377/1506/377
f 1197/3277/1197 4371/3297/1580 6919/3290/1946 3629/1505/1197
f 4371/3297/1580 1580/3296/1580 4369/3291/1946 6919/3290/1946
f 4366/3284/1579 6920/3287/1579 4368/3289/1579 1579/3285/1579
f 1145/7913/1145 3577/7914/1145 6920/3287/1579 4366/3284/1579
f 3577/7914/1145 354/1490/354 2636/1492/1196 6920/3287/1579
f 2638/3264/1198 6921/3283/1579 4367/3286/1579 1198/3265/1198
f 355/7915/355 2585/7916/1145 6921/3283/1579 2638/3264/1198
f 2585/7916/1145 1145/7913/1145 4366/3284/1579 6921/3283/1579
f 3630/1509/1198 6922/3279/1579 2614/3282/1174 370/1510/370
f 1198/3265/1198 4367/3286/1579 6922/3279/1579 3630/1509/1198
f 4367/3286/1579 1579/3285/1579 4365/3280/1579 6922/3279/1579
f 4362/3272/1578 6923/3275/1578 4364/3278/1578 1578/3273/1578
f 1153/7917/1153 3585/7918/1153 6923/3275/1578 4362/3272/1578
f 3585/7918/1153 362/7911/362 2637/3276/1197 6923/3275/1578
f 2639/3252/1199 6924/3271/1578 4363/3274/1578 1199/3253/1199
f 363/7919/363 2593/7920/1153 6924/3271/1578 2639/3252/1199
f 2593/7920/1153 1153/7917/1153 4362/3272/1578 6924/3271/1578
f 3631/1513/1199 6925/3267/1578 2622/3270/1182 378/1514/378
f 1199/3253/1199 4363/3274/1578 6925/3267/1578 3631/1513/1199
f 4363/3274/1578 1578/3273/1578 4361/3268/1578 6925/3267/1578
f 4358/3260/1577 6926/3263/1577 4360/3266/1577 1577/3261/1577
f 1146/7921/1146 3578/7922/1146 6926/3263/1577 4358/3260/1577
f 3578/7922/1146 355/7915/355 2638/3264/1198 6926/3263/1577
f 2640/3240/1200 6927/3259/1577 4359/3262/1577 1200/3241/1200
f 356/7923/356 2586/7924/1146 6927/3259/1577 2640/3240/1200
f 2586/7924/1146 1146/7921/1146 4358/3260/1577 6927/3259/1577
f 3632/1517/1200 6928/3255/1577 2615/3258/1175 371/1518/371
f 1200/3241/1200 4359/3262/1577 6928/3255/1577 3632/1517/1200
f 4359/3262/1577 1577/3261/1577 4357/3256/1577 6928/3255/1577
f 4354/3248/1576 6929/3251/1576 4356/3254/1576 1576/3249/1576
f 1154/7925/1154 3586/7926/1154 6929/3251/1576 4354/3248/1576
f 3586/7926/1154 363/7919/363 2639/3252/1199 6929/3251/1576
f 2641/3228/1201 6930/3247/1576 4355/3250/1576 1201/3229/1201
f 364/7927/364 2594/7928/1154 6930/3247/1576 2641/3228/1201
f 2594/7928/1154 1154/7925/1154 4354/3248/1576 6930/3247/1576
f 3633/1521/1201 6931/3243/1576 2623/3246/1183 379/1522/379
f 1201/3229/1201 4355/3250/1576 6931/3243/1576 3633/1521/1201
f 4355/3250/1576 1576/3249/1576 4353/3244/1576 6931/3243/1576
f 4350/3236/1575 6932/3239/1575 4352/3242/1575 1575/3237/1575
f 1147/7929/1147 3579/7930/1147 6932/3239/1575 4350/3236/1575
f 3579/7930/1147 356/7923/356 2640/3240/1200 6932/3239/1575
f 2642/3216/1202 6933/3235/1575 4351/3238/1575 1202/3217/1202
f 357/7931/357 2587/7932/1147 6933/3235/1575 2642/3216/1202
f 2587/7932/1147 1147/7929/1147 4350/3236/1575 6933/3235/1575
f 3634/1525/1202 6934/3231/1575 2616/3234/1176 372/1526/372
f 1202/3217/1202 4351/3238/1575 6934/3231/1575 3634/1525/1202
f 4351/3238/1575 1575/3237/1575 4349/3232/1575 6934/3231/1575
f 4346/3224/1574 6935/3227/1574 4348/3230/1574 1574/3225/1574
f 1155/7933/1155 3587/7934/1155 6935/3227/1574 4346/3224/1574
f 3587/7934/1155 364/7927/364 2641/3228/1201 6935/3227/1574
f 3621/3383/1189 6936/3223/1574 4347/3226/1574 1189/3384/1189
f 365/7877/365 2595/7935/1155 6936/3223/1574 3621/3383/1189
f 2595/7935/1155 1155/7933/1155 4346/3224/1574 6936/3223/1574
f 2629/1467/1189 6937/3219/1574 2624/3222/1184 380/1468/380
f 1189/3384/1189 4347/3226/1574 6937/3219/1574 2629/1467/1189
f 4347/3226/1574 1574/3225/1574 4345/3220/1574 6937/3219/1574
f 4342/3212/1573 6938/3215/1573 4344/3218/1573 1573/3213/1573
f 1148/7936/1148 3580/7937/1148 6938/3215/1573 4342/3212/1573
f 3580/7937/1148 357/7931/357 2642/3216/1202 6938/3215/1573
f 3623/3371/1191 6939/3211/1573 4343/3214/1573 1191/3372/1191
f 358/7882/358 2588/7938/1148 6939/3211/1573 3623/3371/1191
f 2588/7938/1148 1148/7936/1148 4342/3212/1573 6939/3211/1573
f 2631/1471/1191 6940/3207/1573 2617/3210/1177 373/1472/373
f 1191/3372/1191 4343/3214/1573 6940/3207/1573 2631/1471/1191
f 4343/3214/1573 1573/3213/1573 4341/3208/1573 6940/3207/1573
f 4338/3202/1572 6941/3205/1572 4340/3206/1572 1572/3203/1572
f 1174/3281/1174 3606/1503/1174 6941/3205/1572 4338/3202/1572
f 3606/1503/1174 369/1502/369 3650/1581/1218 6941/3205/1572
f 2657/3182/1217 6942/3201/1572 4339/3204/1572 1217/3183/1217
f 370/1510/370 2614/3282/1174 6942/3201/1572 2657/3182/1217
f 2614/3282/1174 1174/3281/1174 4338/3202/1572 6942/3201/1572
f 3649/1537/1217 6943/3197/1572 2643/3200/1203 385/1538/385
f 1217/3183/1217 4339/3204/1572 6943/3197/1572 3649/1537/1217
f 4339/3204/1572 1572/3203/1572 4337/3198/1572 6943/3197/1572
f 4334/3190/1571 6944/3193/1571 4336/3196/1571 1571/3191/1571
f 1182/3269/1182 3614/1507/1182 6944/3193/1571 4334/3190/1571
f 3614/1507/1182 377/1506/377 3652/3194/1220 6944/3193/1571
f 2659/3170/1219 6945/3189/1571 4335/3192/1571 1219/3171/1219
f 378/1514/378 2622/3270/1182 6945/3189/1571 2659/3170/1219
f 2622/3270/1182 1182/3269/1182 4334/3190/1571 6945/3189/1571
f 3651/1541/1219 6946/3185/1571 2651/3188/1211 393/1542/393
f 1219/3171/1219 4335/3192/1571 6946/3185/1571 3651/1541/1219
f 4335/3192/1571 1571/3191/1571 4333/3186/1571 6946/3185/1571
f 4330/3178/1570 6947/3181/1570 4332/3184/1570 1570/3179/1570
f 1175/3257/1175 3607/1511/1175 6947/3181/1570 4330/3178/1570
f 3607/1511/1175 370/1510/370 2657/3182/1217 6947/3181/1570
f 2661/3158/1221 6948/3177/1570 4331/3180/1570 1221/3159/1221
f 371/1518/371 2615/3258/1175 6948/3177/1570 2661/3158/1221
f 2615/3258/1175 1175/3257/1175 4330/3178/1570 6948/3177/1570
f 3653/1545/1221 6949/3173/1570 2644/3176/1204 386/1546/386
f 1221/3159/1221 4331/3180/1570 6949/3173/1570 3653/1545/1221
f 4331/3180/1570 1570/3179/1570 4329/3174/1570 6949/3173/1570
f 4326/3166/1569 6950/3169/1569 4328/3172/1569 1569/3167/1569
f 1183/3245/1183 3615/1515/1183 6950/3169/1569 4326/3166/1569
f 3615/1515/1183 378/1514/378 2659/3170/1219 6950/3169/1569
f 2662/3146/1222 6951/3165/1569 4327/3168/1569 1222/3147/1222
f 379/1522/379 2623/3246/1183 6951/3165/1569 2662/3146/1222
f 2623/3246/1183 1183/3245/1183 4326/3166/1569 6951/3165/1569
f 3654/1549/1222 6952/3161/1569 2652/3164/1212 394/1550/394
f 1222/3147/1222 4327/3168/1569 6952/3161/1569 3654/1549/1222
f 4327/3168/1569 1569/3167/1569 4325/3162/1569 6952/3161/1569
f 4322/3154/1568 6953/3157/1568 4324/3160/1568 1568/3155/1568
f 1176/3233/1176 3608/1519/1176 6953/3157/1568 4322/3154/1568
f 3608/1519/1176 371/1518/371 2661/3158/1221 6953/3157/1568
f 2663/3134/1223 6954/3153/1568 4323/3156/1568 1223/3135/1223
f 372/1526/372 2616/3234/1176 6954/3153/1568 2663/3134/1223
f 2616/3234/1176 1176/3233/1176 4322/3154/1568 6954/3153/1568
f 3655/1553/1223 6955/3149/1568 2645/3152/1205 387/1554/387
f 1223/3135/1223 4323/3156/1568 6955/3149/1568 3655/1553/1223
f 4323/3156/1568 1568/3155/1568 4321/3150/1568 6955/3149/1568
f 4318/3142/1567 6956/3145/1567 4320/3148/1567 1567/3143/1567
f 1184/3221/1184 3616/1523/1184 6956/3145/1567 4318/3142/1567
f 3616/1523/1184 379/1522/379 2662/3146/1222 6956/3145/1567
f 2664/3122/1224 6957/3141/1567 4319/3144/1567 1224/3123/1224
f 380/1468/380 2624/3222/1184 6957/3141/1567 2664/3122/1224
f 2624/3222/1184 1184/3221/1184 4318/3142/1567 6957/3141/1567
f 3656/1557/1224 6958/3137/1567 2653/3140/1213 395/1558/395
f 1224/3123/1224 4319/3144/1567 6958/3137/1567 3656/1557/1224
f 4319/3144/1567 1567/3143/1567 4317/3138/1567 6958/3137/1567
f 4314/3130/1566 6959/3133/1566 4316/3136/1566 1566/3131/1566
f 1177/3209/1177 3609/1527/1177 6959/3133/1566 4314/3130/1566
f 3609/1527/1177 372/1526/372 2663/3134/1223 6959/3133/1566
f 2665/3110/1225 6960/3129/1566 4315/3132/1566 1225/3111/1225
f 373/1472/373 2617/3210/1177 6960/3129/1566 2665/3110/1225
f 2617/3210/1177 1177/3209/1177 4314/3130/1566 6960/3129/1566
f 3657/1561/1225 6961/3125/1566 2646/3128/1206 388/1562/388
f 1225/3111/1225 4315/3132/1566 6961/3125/1566 3657/1561/1225
f 4315/3132/1566 1566/3131/1566 4313/3126/1566 6961/3125/1566
f 4310/3118/1565 6962/3121/1565 4312/3124/1565 1565/3119/1565
f 1185/3376/1185 3617/1469/1185 6962/3121/1565 4310/3118/1565
f 3617/1469/1185 380/1468/380 2664/3122/1224 6962/3121/1565
f 2666/3098/1226 6963/3117/1565 4311/3120/1565 1226/3099/1226
f 381/1476/381 2625/3377/1185 6963/3117/1565 2666/3098/1226
f 2625/3377/1185 1185/3376/1185 4310/3118/1565 6963/3117/1565
f 3658/1565/1226 6964/3113/1565 2654/3116/1214 396/1566/396
f 1226/3099/1226 4311/3120/1565 6964/3113/1565 3658/1565/1226
f 4311/3120/1565 1565/3119/1565 4309/3114/1565 6964/3113/1565
f 4306/3106/1564 6965/3109/1564 4308/3112/1564 1564/3107/1564
f 1178/3364/1178 3610/1473/1178 6965/3109/1564 4306/3106/1564
f 3610/1473/1178 373/1472/373 2665/3110/1225 6965/3109/1564
f 2667/3086/1227 6966/3105/1564 4307/3108/1564 1227/3087/1227
f 374/1480/374 2618/3365/1178 6966/3105/1564 2667/3086/1227
f 2618/3365/1178 1178/3364/1178 4306/3106/1564 6966/3105/1564
f 3659/1569/1227 6967/3101/1564 2647/3104/1207 389/1570/389
f 1227/3087/1227 4307/3108/1564 6967/3101/1564 3659/1569/1227
f 4307/3108/1564 1564/3107/1564 4305/3102/1564 6967/3101/1564
f 4302/3094/1563 6968/3097/1563 4304/3100/1563 1563/3095/1563
f 1186/3352/1186 3618/1477/1186 6968/3097/1563 4302/3094/1563
f 3618/1477/1186 381/1476/381 2666/3098/1226 6968/3097/1563
f 2668/3074/1228 6969/3093/1563 4303/3096/1563 1228/3075/1228
f 382/1484/382 2626/3353/1186 6969/3093/1563 2668/3074/1228
f 2626/3353/1186 1186/3352/1186 4302/3094/1563 6969/3093/1563
f 3660/1573/1228 6970/3089/1563 2655/3092/1215 397/1574/397
f 1228/3075/1228 4303/3096/1563 6970/3089/1563 3660/1573/1228
f 4303/3096/1563 1563/3095/1563 4301/3090/1563 6970/3089/1563
f 4298/3082/1562 6971/3085/1562 4300/3088/1562 1562/3083/1562
f 1179/3340/1179 3611/1481/1179 6971/3085/1562 4298/3082/1562
f 3611/1481/1179 374/1480/374 2667/3086/1227 6971/3085/1562
f 2669/3062/1229 6972/3081/1562 4299/3084/1562 1229/3063/1229
f 375/1488/375 2619/3341/1179 6972/3081/1562 2669/3062/1229
f 2619/3341/1179 1179/3340/1179 4298/3082/1562 6972/3081/1562
f 3661/1577/1229 6973/3077/1562 2648/3080/1208 390/1578/390
f 1229/3063/1229 4299/3084/1562 6973/3077/1562 3661/1577/1229
f 4299/3084/1562 1562/3083/1562 4297/3078/1562 6973/3077/1562
f 4294/3070/1561 6974/3073/1561 4296/3076/1561 1561/3071/1561
f 1187/3328/1187 3619/1485/1187 6974/3073/1561 4294/3070/1561
f 3619/1485/1187 382/1484/382 2668/3074/1228 6974/3073/1561
f 2670/7939/1230 6975/3069/1561 4295/3072/1561 1230/7940/1230
f 383/7900/383 2627/3329/1187 6975/3069/1561 2670/7939/1230
f 2627/3329/1187 1187/3328/1187 4294/3070/1561 6975/3069/1561
f 3662/7941/1230 6976/3065/1561 2656/3068/1216 398/7942/398
f 1230/7940/1230 4295/3072/1561 6976/3065/1561 3662/7941/1230
f 4295/3072/1561 1561/3071/1561 4293/3066/1561 6976/3065/1561
f 4290/3058/1560 6977/3061/1560 4292/3064/1560 1560/3059/1560
f 1180/3316/1180 3612/1489/1180 6977/3061/1560 4290/3058/1560
f 3612/1489/1180 375/1488/375 2669/3062/1229 6977/3061/1560
f 2671/3037/1231 6978/3057/1560 4291/3060/1560 1231/3038/1231
f 376/1498/376 2620/3317/1180 6978/3057/1560 2671/3037/1231
f 2620/3317/1180 1180/3316/1180 4290/3058/1560 6978/3057/1560
f 3663/1586/1231 6979/3053/1560 2649/3056/1209 391/1587/391
f 1231/3038/1231 4291/3060/1560 6979/3053/1560 3663/1586/1231
f 4291/3060/1560 1560/3059/1560 4289/3054/1560 6979/3053/1560
f 4288/3052/1945 3889/7943/1457 1457/7944/1457
f 4288/3052/1945 3887/3051/1455 3889/7943/1457
f 3887/3051/1455 82/7945/82 3889/7943/1457
f 4286/3048/1945 4288/3052/1945 1457/7944/1457
f 4286/3048/1945 4287/3049/1945 4288/3052/1945
f 4287/3049/1945 1455/3050/1455 4288/3052/1945
f 2658/1529/1218 2897/7946/1457 384/1530/384
f 2658/1529/1218 4286/3048/1945 2897/7946/1457
f 4286/3048/1945 1457/7944/1457 2897/7946/1457
f 4285/3046/1944 2670/7939/1230 1230/7940/1230
f 4285/3046/1944 3888/3045/1456 2670/7939/1230
f 3888/3045/1456 383/7900/383 2670/7939/1230
f 4283/3041/1944 4285/3046/1944 1230/7940/1230
f 4283/3041/1944 4284/3043/1944 4285/3046/1944
f 4284/3043/1944 1456/3044/1456 4285/3046/1944
f 3890/3042/1458 3662/7941/1230 398/7942/398
f 3890/3042/1458 4283/3041/1944 3662/7941/1230
f 4283/3041/1944 1230/7940/1230 3662/7941/1230
f 4280/3033/1559 6980/3036/1559 4282/3039/1559 1559/3034/1559
f 1181/3292/1181 3613/1499/1181 6980/3036/1559 4280/3033/1559
f 3613/1499/1181 376/1498/376 2671/3037/1231 6980/3036/1559
f 3652/3194/1220 6981/3032/1559 4281/3035/1559 1220/3195/1220
f 377/1506/377 2621/3293/1181 6981/3032/1559 3652/3194/1220
f 2621/3293/1181 1181/3292/1181 4280/3033/1559 6981/3032/1559
f 2660/1533/1220 6982/3028/1559 2650/3031/1210 392/1534/392
f 1220/3195/1220 4281/3035/1559 6982/3028/1559 2660/1533/1220
f 4281/3035/1559 1559/3034/1559 4279/3029/1559 6982/3028/1559
f 4276/3021/1558 6983/3024/1558 4278/3027/1558 1558/3022/1558
f 1207/3103/1207 3639/1563/1207 6983/3024/1558 4276/3021/1558
f 3639/1563/1207 388/1562/388 3679/3025/1247 6983/3024/1558
f 2686/3001/1246 6984/3020/1558 4277/3023/1558 1246/3002/1246
f 389/1570/389 2647/3104/1207 6984/3020/1558 2686/3001/1246
f 2647/3104/1207 1207/3103/1207 4276/3021/1558 6984/3020/1558
f 3678/1598/1246 6985/3016/1558 2676/3019/1236 404/1599/404
f 1246/3002/1246 4277/3023/1558 6985/3016/1558 3678/1598/1246
f 4277/3023/1558 1558/3022/1558 4275/3017/1558 6985/3016/1558
f 4272/3009/1557 6986/3012/1557 4274/3015/1557 1557/3010/1557
f 1215/3091/1215 3647/1567/1215 6986/3012/1557 4272/3009/1557
f 3647/1567/1215 396/1566/396 3681/3013/1249 6986/3012/1557
f 2688/2989/1248 6987/3008/1557 4273/3011/1557 1248/2990/1248
f 397/1574/397 2655/3092/1215 6987/3008/1557 2688/2989/1248
f 2655/3092/1215 1215/3091/1215 4272/3009/1557 6987/3008/1557
f 3680/1602/1248 6988/3004/1557 2684/3007/1244 412/1603/412
f 1248/2990/1248 4273/3011/1557 6988/3004/1557 3680/1602/1248
f 4273/3011/1557 1557/3010/1557 4271/3005/1557 6988/3004/1557
f 4268/2997/1556 6989/3000/1556 4270/3003/1556 1556/2998/1556
f 1208/3079/1208 3640/1571/1208 6989/3000/1556 4268/2997/1556
f 3640/1571/1208 389/1570/389 2686/3001/1246 6989/3000/1556
f 2690/2977/1250 6990/2996/1556 4269/2999/1556 1250/2978/1250
f 390/1578/390 2648/3080/1208 6990/2996/1556 2690/2977/1250
f 2648/3080/1208 1208/3079/1208 4268/2997/1556 6990/2996/1556
f 3682/1606/1250 6991/2992/1556 2677/2995/1237 405/1607/405
f 1250/2978/1250 4269/2999/1556 6991/2992/1556 3682/1606/1250
f 4269/2999/1556 1556/2998/1556 4267/2993/1556 6991/2992/1556
f 4264/2985/1555 6992/2988/1555 4266/2991/1555 1555/2986/1555
f 1216/3067/1216 3648/1575/1216 6992/2988/1555 4264/2985/1555
f 3648/1575/1216 397/1574/397 2688/2989/1248 6992/2988/1555
f 2691/7947/1251 6993/2984/1555 4265/2987/1555 1251/7948/1251
f 398/7942/398 2656/3068/1216 6993/2984/1555 2691/7947/1251
f 2656/3068/1216 1216/3067/1216 4264/2985/1555 6993/2984/1555
f 3683/7949/1251 6994/2980/1555 2685/2983/1245 413/7950/413
f 1251/7948/1251 4265/2987/1555 6994/2980/1555 3683/7949/1251
f 4265/2987/1555 1555/2986/1555 4263/2981/1555 6994/2980/1555
f 4260/2973/1554 6995/2976/1554 4262/2979/1554 1554/2974/1554
f 1209/3055/1209 3641/1579/1209 6995/2976/1554 4260/2973/1554
f 3641/1579/1209 390/1578/390 2690/2977/1250 6995/2976/1554
f 2692/2953/1252 6996/2972/1554 4261/2975/1554 1252/2954/1252
f 391/1587/391 2649/3056/1209 6996/2972/1554 2692/2953/1252
f 2649/3056/1209 1209/3055/1209 4260/2973/1554 6996/2972/1554
f 3684/1615/1252 6997/2968/1554 2678/2971/1238 406/1616/406
f 1252/2954/1252 4261/2975/1554 6997/2968/1554 3684/1615/1252
f 4261/2975/1554 1554/2974/1554 4259/2969/1554 6997/2968/1554
f 4258/2967/1943 3891/7951/1459 1459/7952/1459
f 4258/2967/1943 3889/2966/1457 3891/7951/1459
f 3889/2966/1457 82/7953/82 3891/7951/1459
f 4256/2963/1943 4258/2967/1943 1459/7952/1459
f 4256/2963/1943 4257/2964/1943 4258/2967/1943
f 4257/2964/1943 1457/2965/1457 4258/2967/1943
f 3685/1619/1253 2899/7954/1459 399/1620/399
f 3685/1619/1253 4256/2963/1943 2899/7954/1459
f 4256/2963/1943 1459/7952/1459 2899/7954/1459
f 4255/2962/1942 2691/7947/1251 1251/7948/1251
f 4255/2962/1942 3890/2961/1458 2691/7947/1251
f 3890/2961/1458 398/7942/398 2691/7947/1251
f 4253/2957/1942 4255/2962/1942 1251/7948/1251
f 4253/2957/1942 4254/2959/1942 4255/2962/1942
f 4254/2959/1942 1458/2960/1458 4255/2962/1942
f 3892/2958/1460 3683/7949/1251 413/7950/413
f 3892/2958/1460 4253/2957/1942 3683/7949/1251
f 4253/2957/1942 1251/7948/1251 3683/7949/1251
f 4250/2949/1553 6998/2952/1553 4252/2955/1553 1553/2950/1553
f 1210/3030/1210 3642/1588/1210 6998/2952/1553 4250/2949/1553
f 3642/1588/1210 391/1587/391 2692/2953/1252 6998/2952/1553
f 2694/2930/1254 6999/2948/1553 4251/2951/1553 1254/2931/1254
f 392/1534/392 2650/3031/1210 6999/2948/1553 2694/2930/1254
f 2650/3031/1210 1210/3030/1210 4250/2949/1553 6999/2948/1553
f 3686/1623/1254 7000/2944/1553 2679/2947/1239 407/1624/407
f 1254/2931/1254 4251/2951/1553 7000/2944/1553 3686/1623/1254
f 4251/2951/1553 1553/2950/1553 4249/2945/1553 7000/2944/1553
f 4246/2938/1552 7001/2941/1552 4248/2943/1552 1552/2939/1552
f 1203/3199/1203 3635/1531/1203 7001/2941/1552 4246/2938/1552
f 3635/1531/1203 384/1530/384 2693/1610/1253 7001/2941/1552
f 2695/2918/1255 7002/2937/1552 4247/2940/1552 1255/2919/1255
f 385/1538/385 2643/3200/1203 7002/2937/1552 2695/2918/1255
f 2643/3200/1203 1203/3199/1203 4246/2938/1552 7002/2937/1552
f 3687/1627/1255 7003/2933/1552 2672/2936/1232 400/1628/400
f 1255/2919/1255 4247/2940/1552 7003/2933/1552 3687/1627/1255
f 4247/2940/1552 1552/2939/1552 4245/2934/1552 7003/2933/1552
f 4242/2926/1551 7004/2929/1551 4244/2932/1551 1551/2927/1551
f 1211/3187/1211 3643/1535/1211 7004/2929/1551 4242/2926/1551
f 3643/1535/1211 392/1534/392 2694/2930/1254 7004/2929/1551
f 2696/2906/1256 7005/2925/1551 4243/2928/1551 1256/2907/1256
f 393/1542/393 2651/3188/1211 7005/2925/1551 2696/2906/1256
f 2651/3188/1211 1211/3187/1211 4242/2926/1551 7005/2925/1551
f 3688/1631/1256 7006/2921/1551 2680/2924/1240 408/1632/408
f 1256/2907/1256 4243/2928/1551 7006/2921/1551 3688/1631/1256
f 4243/2928/1551 1551/2927/1551 4241/2922/1551 7006/2921/1551
f 4238/2914/1550 7007/2917/1550 4240/2920/1550 1550/2915/1550
f 1204/3175/1204 3636/1539/1204 7007/2917/1550 4238/2914/1550
f 3636/1539/1204 385/1538/385 2695/2918/1255 7007/2917/1550
f 2697/2894/1257 7008/2913/1550 4239/2916/1550 1257/2895/1257
f 386/1546/386 2644/3176/1204 7008/2913/1550 2697/2894/1257
f 2644/3176/1204 1204/3175/1204 4238/2914/1550 7008/2913/1550
f 3689/1635/1257 7009/2909/1550 2673/2912/1233 401/1636/401
f 1257/2895/1257 4239/2916/1550 7009/2909/1550 3689/1635/1257
f 4239/2916/1550 1550/2915/1550 4237/2910/1550 7009/2909/1550
f 4234/2902/1549 7010/2905/1549 4236/2908/1549 1549/2903/1549
f 1212/3163/1212 3644/1543/1212 7010/2905/1549 4234/2902/1549
f 3644/1543/1212 393/1542/393 2696/2906/1256 7010/2905/1549
f 2698/2882/1258 7011/2901/1549 4235/2904/1549 1258/2883/1258
f 394/1550/394 2652/3164/1212 7011/2901/1549 2698/2882/1258
f 2652/3164/1212 1212/3163/1212 4234/2902/1549 7011/2901/1549
f 3690/1639/1258 7012/2897/1549 2681/2900/1241 409/1640/409
f 1258/2883/1258 4235/2904/1549 7012/2897/1549 3690/1639/1258
f 4235/2904/1549 1549/2903/1549 4233/2898/1549 7012/2897/1549
f 4230/2890/1548 7013/2893/1548 4232/2896/1548 1548/2891/1548
f 1205/3151/1205 3637/1547/1205 7013/2893/1548 4230/2890/1548
f 3637/1547/1205 386/1546/386 2697/2894/1257 7013/2893/1548
f 2699/2870/1259 7014/2889/1548 4231/2892/1548 1259/2871/1259
f 387/1554/387 2645/3152/1205 7014/2889/1548 2699/2870/1259
f 2645/3152/1205 1205/3151/1205 4230/2890/1548 7014/2889/1548
f 3691/1643/1259 7015/2885/1548 2674/2888/1234 402/1644/402
f 1259/2871/1259 4231/2892/1548 7015/2885/1548 3691/1643/1259
f 4231/2892/1548 1548/2891/1548 4229/2886/1548 7015/2885/1548
f 4226/2878/1547 7016/2881/1547 4228/2884/1547 1547/2879/1547
f 1213/3139/1213 3645/1551/1213 7016/2881/1547 4226/2878/1547
f 3645/1551/1213 394/1550/394 2698/2882/1258 7016/2881/1547
f 2700/2858/1260 7017/2877/1547 4227/2880/1547 1260/2859/1260
f 395/1558/395 2653/3140/1213 7017/2877/1547 2700/2858/1260
f 2653/3140/1213 1213/3139/1213 4226/2878/1547 7017/2877/1547
f 3692/1647/1260 7018/2873/1547 2682/2876/1242 410/1648/410
f 1260/2859/1260 4227/2880/1547 7018/2873/1547 3692/1647/1260
f 4227/2880/1547 1547/2879/1547 4225/2874/1547 7018/2873/1547
f 4222/2866/1546 7019/2869/1546 4224/2872/1546 1546/2867/1546
f 1206/3127/1206 3638/1555/1206 7019/2869/1546 4222/2866/1546
f 3638/1555/1206 387/1554/387 2699/2870/1259 7019/2869/1546
f 3679/3025/1247 7020/2865/1546 4223/2868/1546 1247/3026/1247
f 388/1562/388 2646/3128/1206 7020/2865/1546 3679/3025/1247
f 2646/3128/1206 1206/3127/1206 4222/2866/1546 7020/2865/1546
f 2687/1590/1247 7021/2861/1546 2675/2864/1235 403/1591/403
f 1247/3026/1247 4223/2868/1546 7021/2861/1546 2687/1590/1247
f 4223/2868/1546 1546/2867/1546 4221/2862/1546 7021/2861/1546
f 4218/2854/1545 7022/2857/1545 4220/2860/1545 1545/2855/1545
f 1214/3115/1214 3646/1559/1214 7022/2857/1545 4218/2854/1545
f 3646/1559/1214 395/1558/395 2700/2858/1260 7022/2857/1545
f 3681/3013/1249 7023/2853/1545 4219/2856/1545 1249/3014/1249
f 396/1566/396 2654/3116/1214 7023/2853/1545 3681/3013/1249
f 2654/3116/1214 1214/3115/1214 4218/2854/1545 7023/2853/1545
f 2689/1594/1249 7024/2849/1545 2683/2852/1243 411/1595/411
f 1249/3014/1249 4219/2856/1545 7024/2849/1545 2689/1594/1249
f 4219/2856/1545 1545/2855/1545 4217/2850/1545 7024/2849/1545
f 4214/2842/1544 7025/2845/1544 4216/2848/1544 1544/2843/1544
f 1240/2923/1240 3672/1625/1240 7025/2845/1544 4214/2842/1544
f 3672/1625/1240 407/1624/407 3708/2846/1276 7025/2845/1544
f 2715/2822/1275 7026/2841/1544 4215/2844/1544 1275/2823/1275
f 408/1632/408 2680/2924/1240 7026/2841/1544 2715/2822/1275
f 2680/2924/1240 1240/2923/1240 4214/2842/1544 7026/2841/1544
f 3707/1659/1275 7027/2837/1544 2709/2840/1269 423/1660/423
f 1275/2823/1275 4215/2844/1544 7027/2837/1544 3707/1659/1275
f 4215/2844/1544 1544/2843/1544 4213/2838/1544 7027/2837/1544
f 4210/2830/1543 7028/2833/1543 4212/2836/1543 1543/2831/1543
f 1233/2911/1233 3665/1629/1233 7028/2833/1543 4210/2830/1543
f 3665/1629/1233 400/1628/400 3710/2834/1278 7028/2833/1543
f 2717/2810/1277 7029/2829/1543 4211/2832/1543 1277/2811/1277
f 401/1636/401 2673/2912/1233 7029/2829/1543 2717/2810/1277
f 2673/2912/1233 1233/2911/1233 4210/2830/1543 7029/2829/1543
f 3709/1663/1277 7030/2825/1543 2702/2828/1262 416/1664/416
f 1277/2811/1277 4211/2832/1543 7030/2825/1543 3709/1663/1277
f 4211/2832/1543 1543/2831/1543 4209/2826/1543 7030/2825/1543
f 4206/2818/1542 7031/2821/1542 4208/2824/1542 1542/2819/1542
f 1241/2899/1241 3673/1633/1241 7031/2821/1542 4206/2818/1542
f 3673/1633/1241 408/1632/408 2715/2822/1275 7031/2821/1542
f 2719/2798/1279 7032/2817/1542 4207/2820/1542 1279/2799/1279
f 409/1640/409 2681/2900/1241 7032/2817/1542 2719/2798/1279
f 2681/2900/1241 1241/2899/1241 4206/2818/1542 7032/2817/1542
f 3711/1667/1279 7033/2813/1542 2710/2816/1270 424/1668/424
f 1279/2799/1279 4207/2820/1542 7033/2813/1542 3711/1667/1279
f 4207/2820/1542 1542/2819/1542 4205/2814/1542 7033/2813/1542
f 4202/2806/1541 7034/2809/1541 4204/2812/1541 1541/2807/1541
f 1234/2887/1234 3666/1637/1926 7034/2809/1541 4202/2806/1541
f 3666/1637/1926 401/1636/401 2717/2810/1277 7034/2809/1541
f 2720/2786/1280 7035/2805/1541 4203/2808/1541 1280/2787/1280
f 402/1644/402 2674/2888/1234 7035/2805/1541 2720/2786/1280
f 2674/2888/1234 1234/2887/1234 4202/2806/1541 7035/2805/1541
f 3712/1671/1280 7036/2801/1541 2703/2804/1263 417/1672/417
f 1280/2787/1280 4203/2808/1541 7036/2801/1541 3712/1671/1280
f 4203/2808/1541 1541/2807/1541 4201/2802/1541 7036/2801/1541
f 4198/2794/1540 7037/2797/1540 4200/2800/1540 1540/2795/1540
f 1242/2875/1242 3674/1641/1242 7037/2797/1540 4198/2794/1540
f 3674/1641/1242 409/1640/409 2719/2798/1279 7037/2797/1540
f 2721/2774/1281 7038/2793/1540 4199/2796/1540 1281/2775/1281
f 410/1648/410 2682/2876/1242 7038/2793/1540 2721/2774/1281
f 2682/2876/1242 1242/2875/1242 4198/2794/1540 7038/2793/1540
f 3713/1675/1281 7039/2789/1540 2711/2792/1271 425/1676/425
f 1281/2775/1281 4199/2796/1540 7039/2789/1540 3713/1675/1281
f 4199/2796/1540 1540/2795/1540 4197/2790/1540 7039/2789/1540
f 4194/2782/1539 7040/2785/1539 4196/2788/1539 1539/2783/1539
f 1235/2863/1235 3667/1645/1235 7040/2785/1539 4194/2782/1539
f 3667/1645/1235 402/1644/402 2720/2786/1280 7040/2785/1539
f 2722/2762/1282 7041/2781/1539 4195/2784/1539 1282/2763/1282
f 403/1591/403 2675/2864/1235 7041/2781/1539 2722/2762/1282
f 2675/2864/1235 1235/2863/1235 4194/2782/1539 7041/2781/1539
f 3714/1679/1282 7042/2777/1539 2704/2780/1264 418/1680/418
f 1282/2763/1282 4195/2784/1539 7042/2777/1539 3714/1679/1282
f 4195/2784/1539 1539/2783/1539 4193/2778/1539 7042/2777/1539
f 4190/2770/1538 7043/2773/1538 4192/2776/1538 1538/2771/1538
f 1243/2851/1243 3675/1649/1243 7043/2773/1538 4190/2770/1538
f 3675/1649/1243 410/1648/410 2721/2774/1281 7043/2773/1538
f 2723/2750/1283 7044/2769/1538 4191/2772/1538 1283/2751/1283
f 411/1595/411 2683/2852/1243 7044/2769/1538 2723/2750/1283
f 2683/2852/1243 1243/2851/1243 4190/2770/1538 7044/2769/1538
f 3715/1683/1283 7045/2765/1538 2712/2768/1272 426/1684/426
f 1283/2751/1283 4191/2772/1538 7045/2765/1538 3715/1683/1283
f 4191/2772/1538 1538/2771/1538 4189/2766/1538 7045/2765/1538
f 4186/2758/1537 7046/2761/1537 4188/2764/1537 1537/2759/1537
f 1236/3018/1236 3668/1592/1236 7046/2761/1537 4186/2758/1537
f 3668/1592/1236 403/1591/403 2722/2762/1282 7046/2761/1537
f 2724/2738/1284 7047/2757/1537 4187/2760/1537 1284/2739/1284
f 404/1599/404 2676/3019/1236 7047/2757/1537 2724/2738/1284
f 2676/3019/1236 1236/3018/1236 4186/2758/1537 7047/2757/1537
f 3716/1687/1284 7048/2753/1537 2705/2756/1265 419/1688/419
f 1284/2739/1284 4187/2760/1537 7048/2753/1537 3716/1687/1284
f 4187/2760/1537 1537/2759/1537 4185/2754/1537 7048/2753/1537
f 4182/2746/1536 7049/2749/1536 4184/2752/1536 1536/2747/1536
f 1244/3006/1244 3676/1596/1244 7049/2749/1536 4182/2746/1536
f 3676/1596/1244 411/1595/411 2723/2750/1283 7049/2749/1536
f 2725/2726/1285 7050/2745/1536 4183/2748/1536 1285/2727/1285
f 412/1603/412 2684/3007/1244 7050/2745/1536 2725/2726/1285
f 2684/3007/1244 1244/3006/1244 4182/2746/1536 7050/2745/1536
f 3717/1691/1285 7051/2741/1536 2713/2744/1273 427/1692/427
f 1285/2727/1285 4183/2748/1536 7051/2741/1536 3717/1691/1285
f 4183/2748/1536 1536/2747/1536 4181/2742/1536 7051/2741/1536
f 4178/2734/1535 7052/2737/1535 4180/2740/1535 1535/2735/1535
f 1237/2994/1237 3669/1600/1237 7052/2737/1535 4178/2734/1535
f 3669/1600/1237 404/1599/404 2724/2738/1284 7052/2737/1535
f 2726/2714/1286 7053/2733/1535 4179/2736/1535 1286/2715/1286
f 405/1607/405 2677/2995/1237 7053/2733/1535 2726/2714/1286
f 2677/2995/1237 1237/2994/1237 4178/2734/1535 7053/2733/1535
f 3718/1695/1286 7054/2729/1535 2706/2732/1266 420/1696/420
f 1286/2715/1286 4179/2736/1535 7054/2729/1535 3718/1695/1286
f 4179/2736/1535 1535/2735/1535 4177/2730/1535 7054/2729/1535
f 4174/2722/1534 7055/2725/1534 4176/2728/1534 1534/2723/1534
f 1245/2982/1245 3677/1604/1245 7055/2725/1534 4174/2722/1534
f 3677/1604/1245 412/1603/412 2725/2726/1285 7055/2725/1534
f 2727/7955/1287 7056/2721/1534 4175/2724/1534 1287/7956/1287
f 413/7950/413 2685/2983/1245 7056/2721/1534 2727/7955/1287
f 2685/2983/1245 1245/2982/1245 4174/2722/1534 7056/2721/1534
f 3719/7957/1287 7057/2717/1534 2714/2720/1274 428/7958/428
f 1287/7956/1287 4175/2724/1534 7057/2717/1534 3719/7957/1287
f 4175/2724/1534 1534/2723/1534 4173/2718/1534 7057/2717/1534
f 4170/2710/1533 7058/2713/1533 4172/2716/1533 1533/2711/1533
f 1238/2970/1238 3670/1608/1238 7058/2713/1533 4170/2710/1533
f 3670/1608/1238 405/1607/405 2726/2714/1286 7058/2713/1533
f 2728/2690/1288 7059/2709/1533 4171/2712/1533 1288/2691/1288
f 406/1616/406 2678/2971/1238 7059/2709/1533 2728/2690/1288
f 2678/2971/1238 1238/2970/1238 4170/2710/1533 7059/2709/1533
f 3720/1704/1288 7060/2705/1533 2707/2708/1267 421/1705/421
f 1288/2691/1288 4171/2712/1533 7060/2705/1533 3720/1704/1288
f 4171/2712/1533 1533/2711/1533 4169/2706/1533 7060/2705/1533
f 4168/2704/1941 3893/7959/1461 1461/7960/1461
f 4168/2704/1941 3891/2703/1459 3893/7959/1461
f 3891/2703/1459 82/7961/82 3893/7959/1461
f 4166/2700/1941 4168/2704/1941 1461/7960/1461
f 4166/2700/1941 4167/2701/1941 4168/2704/1941
f 4167/2701/1941 1459/2702/1459 4168/2704/1941
f 3721/1708/1289 2901/7962/1461 414/1709/414
f 3721/1708/1289 4166/2700/1941 2901/7962/1461
f 4166/2700/1941 1461/7960/1461 2901/7962/1461
f 4165/2699/1940 2727/7955/1287 1287/7956/1287
f 4165/2699/1940 3892/2698/1460 2727/7955/1287
f 3892/2698/1460 413/7950/413 2727/7955/1287
f 4163/2694/1940 4165/2699/1940 1287/7956/1287
f 4163/2694/1940 4164/2696/1940 4165/2699/1940
f 4164/2696/1940 1460/2697/1460 4165/2699/1940
f 3894/2695/1462 3719/7957/1287 428/7958/428
f 3894/2695/1462 4163/2694/1940 3719/7957/1287
f 4163/2694/1940 1287/7956/1287 3719/7957/1287
f 4160/2686/1532 7061/2689/1532 4162/2692/1532 1532/2687/1532
f 1239/2946/1239 3671/1617/1239 7061/2689/1532 4160/2686/1532
f 3671/1617/1239 406/1616/406 2728/2690/1288 7061/2689/1532
f 3708/2846/1276 7062/2685/1532 4161/2688/1532 1276/2847/1276
f 407/1624/407 2679/2947/1239 7062/2685/1532 3708/2846/1276
f 2679/2947/1239 1239/2946/1239 4160/2686/1532 7062/2685/1532
f 2716/1651/1276 7063/2681/1532 2708/2684/1268 422/1652/422
f 1276/2847/1276 4161/2688/1532 7063/2681/1532 2716/1651/1276
f 4161/2688/1532 1532/2687/1532 4159/2682/1532 7063/2681/1532
f 4156/2675/1531 7064/2678/1531 4158/2680/1531 1531/2676/1531
f 1232/2935/1232 3664/1621/1232 7064/2678/1531 4156/2675/1531
f 3664/1621/1232 399/1620/399 2729/1699/1289 7064/2678/1531
f 3710/2834/1278 7065/2674/1531 4157/2677/1531 1278/2835/1278
f 400/1628/400 2672/2936/1232 7065/2674/1531 3710/2834/1278
f 2672/2936/1232 1232/2935/1232 4156/2675/1531 7065/2674/1531
f 2718/1655/1278 7066/2670/1531 2701/2673/1261 415/1656/415
f 1278/2835/1278 4157/2677/1531 7066/2670/1531 2718/1655/1278
f 4157/2677/1531 1531/2676/1531 4155/2671/1531 7066/2670/1531
f 4152/2663/1530 7067/2666/1530 4154/2669/1530 1530/2664/1530
f 1273/2743/1273 3705/1685/1273 7067/2666/1530 4152/2663/1530
f 3705/1685/1273 426/1684/426 3737/2667/1305 7067/2666/1530
f 2744/2643/1304 7068/2662/1530 4153/2665/1530 1304/2644/1304
f 427/1692/427 2713/2744/1273 7068/2662/1530 2744/2643/1304
f 2713/2744/1273 1273/2743/1273 4152/2663/1530 7068/2662/1530
f 3736/1720/1304 7069/2658/1530 2742/2661/1302 442/1721/442
f 1304/2644/1304 4153/2665/1530 7069/2658/1530 3736/1720/1304
f 4153/2665/1530 1530/2664/1530 4151/2659/1530 7069/2658/1530
f 4148/2651/1529 7070/2654/1529 4150/2657/1529 1529/2652/1529
f 1266/2731/1266 3698/1689/1266 7070/2654/1529 4148/2651/1529
f 3698/1689/1266 419/1688/419 3739/2655/1307 7070/2654/1529
f 2746/2631/1306 7071/2650/1529 4149/2653/1529 1306/2632/1306
f 420/1696/420 2706/2732/1266 7071/2650/1529 2746/2631/1306
f 2706/2732/1266 1266/2731/1266 4148/2651/1529 7071/2650/1529
f 3738/1724/1306 7072/2646/1529 2735/2649/1295 435/1725/435
f 1306/2632/1306 4149/2653/1529 7072/2646/1529 3738/1724/1306
f 4149/2653/1529 1529/2652/1529 4147/2647/1529 7072/2646/1529
f 4144/2639/1528 7073/2642/1528 4146/2645/1528 1528/2640/1528
f 1274/2719/1274 3706/1693/1274 7073/2642/1528 4144/2639/1528
f 3706/1693/1274 427/1692/427 2744/2643/1304 7073/2642/1528
f 2748/7963/1308 7074/2638/1528 4145/2641/1528 1308/7964/1308
f 428/7958/428 2714/2720/1274 7074/2638/1528 2748/7963/1308
f 2714/2720/1274 1274/2719/1274 4144/2639/1528 7074/2638/1528
f 3740/7965/1308 7075/2634/1528 2743/2637/1303 443/7966/443
f 1308/7964/1308 4145/2641/1528 7075/2634/1528 3740/7965/1308
f 4145/2641/1528 1528/2640/1528 4143/2635/1528 7075/2634/1528
f 4140/2627/1527 7076/2630/1527 4142/2633/1527 1527/2628/1527
f 1267/2707/1267 3699/1697/1267 7076/2630/1527 4140/2627/1527
f 3699/1697/1267 420/1696/420 2746/2631/1306 7076/2630/1527
f 2749/2607/1309 7077/2626/1527 4141/2629/1527 1309/2608/1309
f 421/1705/421 2707/2708/1267 7077/2626/1527 2749/2607/1309
f 2707/2708/1267 1267/2707/1267 4140/2627/1527 7077/2626/1527
f 3741/1733/1309 7078/2622/1527 2736/2625/1296 436/1734/436
f 1309/2608/1309 4141/2629/1527 7078/2622/1527 3741/1733/1309
f 4141/2629/1527 1527/2628/1527 4139/2623/1527 7078/2622/1527
f 4138/2621/1939 3895/7967/1463 1463/7968/1463
f 4138/2621/1939 3893/2620/1461 3895/7967/1463
f 3893/2620/1461 82/7969/82 3895/7967/1463
f 4136/2617/1939 4138/2621/1939 1463/7968/1463
f 4136/2617/1939 4137/2618/1939 4138/2621/1939
f 4137/2618/1939 1461/2619/1461 4138/2621/1939
f 3742/1737/1310 2903/7970/1463 429/1738/429
f 3742/1737/1310 4136/2617/1939 2903/7970/1463
f 4136/2617/1939 1463/7968/1463 2903/7970/1463
f 4135/2616/1938 2748/7963/1308 1308/7964/1308
f 4135/2616/1938 3894/2615/1462 2748/7963/1308
f 3894/2615/1462 428/7958/428 2748/7963/1308
f 4133/2611/1938 4135/2616/1938 1308/7964/1308
f 4133/2611/1938 4134/2613/1938 4135/2616/1938
f 4134/2613/1938 1462/2614/1462 4135/2616/1938
f 3896/2612/1464 3740/7965/1308 443/7966/443
f 3896/2612/1464 4133/2611/1938 3740/7965/1308
f 4133/2611/1938 1308/7964/1308 3740/7965/1308
f 4130/2603/1526 7079/2606/1526 4132/2609/1526 1526/2604/1526
f 1268/2683/1268 3700/1706/1268 7079/2606/1526 4130/2603/1526
f 3700/1706/1268 421/1705/421 2749/2607/1309 7079/2606/1526
f 2751/2584/1311 7080/2602/1526 4131/2605/1526 1311/2585/1311
f 422/1652/422 2708/2684/1268 7080/2602/1526 2751/2584/1311
f 2708/2684/1268 1268/2683/1268 4130/2603/1526 7080/2602/1526
f 3743/1741/1311 7081/2598/1526 2737/2601/1297 437/1742/437
f 1311/2585/1311 4131/2605/1526 7081/2598/1526 3743/1741/1311
f 4131/2605/1526 1526/2604/1526 4129/2599/1526 7081/2598/1526
f 4126/2592/1525 7082/2595/1525 4128/2597/1525 1525/2593/1525
f 1261/2672/1261 3693/1710/1261 7082/2595/1525 4126/2592/1525
f 3693/1710/1261 414/1709/414 2750/1728/1310 7082/2595/1525
f 2752/2572/1312 7083/2591/1525 4127/2594/1525 1312/2573/1312
f 415/1656/415 2701/2673/1261 7083/2591/1525 2752/2572/1312
f 2701/2673/1261 1261/2672/1261 4126/2592/1525 7083/2591/1525
f 3744/1745/1312 7084/2587/1525 2730/2590/1290 430/1746/430
f 1312/2573/1312 4127/2594/1525 7084/2587/1525 3744/1745/1312
f 4127/2594/1525 1525/2593/1525 4125/2588/1525 7084/2587/1525
f 4122/2580/1524 7085/2583/1524 4124/2586/1524 1524/2581/1524
f 1269/2839/1269 3701/1653/1269 7085/2583/1524 4122/2580/1524
f 3701/1653/1269 422/1652/422 2751/2584/1311 7085/2583/1524
f 2753/2560/1313 7086/2579/1524 4123/2582/1524 1313/2561/1313
f 423/1660/423 2709/2840/1269 7086/2579/1524 2753/2560/1313
f 2709/2840/1269 1269/2839/1269 4122/2580/1524 7086/2579/1524
f 3745/1749/1313 7087/2575/1524 2738/2578/1298 438/1750/438
f 1313/2561/1313 4123/2582/1524 7087/2575/1524 3745/1749/1313
f 4123/2582/1524 1524/2581/1524 4121/2576/1524 7087/2575/1524
f 4118/2568/1523 7088/2571/1523 4120/2574/1523 1523/2569/1523
f 1262/2827/1262 3694/1657/1262 7088/2571/1523 4118/2568/1523
f 3694/1657/1262 415/1656/415 2752/2572/1312 7088/2571/1523
f 2754/2548/1314 7089/2567/1523 4119/2570/1523 1314/2549/1314
f 416/1664/416 2702/2828/1262 7089/2567/1523 2754/2548/1314
f 2702/2828/1262 1262/2827/1262 4118/2568/1523 7089/2567/1523
f 3746/1753/1314 7090/2563/1523 2731/2566/1291 431/1754/431
f 1314/2549/1314 4119/2570/1523 7090/2563/1523 3746/1753/1314
f 4119/2570/1523 1523/2569/1523 4117/2564/1523 7090/2563/1523
f 4114/2556/1522 7091/2559/1522 4116/2562/1522 1522/2557/1522
f 1270/2815/1270 3702/1661/1270 7091/2559/1522 4114/2556/1522
f 3702/1661/1270 423/1660/423 2753/2560/1313 7091/2559/1522
f 2755/2536/1315 7092/2555/1522 4115/2558/1522 1315/2537/1315
f 424/1668/424 2710/2816/1270 7092/2555/1522 2755/2536/1315
f 2710/2816/1270 1270/2815/1270 4114/2556/1522 7092/2555/1522
f 3747/1757/1315 7093/2551/1522 2739/2554/1299 439/1758/439
f 1315/2537/1315 4115/2558/1522 7093/2551/1522 3747/1757/1315
f 4115/2558/1522 1522/2557/1522 4113/2552/1522 7093/2551/1522
f 4110/2544/1521 7094/2547/1521 4112/2550/1521 1521/2545/1521
f 1263/2803/1263 3695/1665/1263 7094/2547/1521 4110/2544/1521
f 3695/1665/1263 416/1664/416 2754/2548/1314 7094/2547/1521
f 2756/2524/1316 7095/2543/1521 4111/2546/1521 1316/2525/1316
f 417/1672/417 2703/2804/1263 7095/2543/1521 2756/2524/1316
f 2703/2804/1263 1263/2803/1263 4110/2544/1521 7095/2543/1521
f 3748/1761/1316 7096/2539/1521 2732/2542/1292 432/1762/432
f 1316/2525/1316 4111/2546/1521 7096/2539/1521 3748/1761/1316
f 4111/2546/1521 1521/2545/1521 4109/2540/1521 7096/2539/1521
f 4106/2532/1520 7097/2535/1520 4108/2538/1520 1520/2533/1520
f 1271/2791/1271 3703/1669/1271 7097/2535/1520 4106/2532/1520
f 3703/1669/1271 424/1668/424 2755/2536/1315 7097/2535/1520
f 2757/2512/1317 7098/2531/1520 4107/2534/1520 1317/2513/1317
f 425/1676/425 2711/2792/1271 7098/2531/1520 2757/2512/1317
f 2711/2792/1271 1271/2791/1271 4106/2532/1520 7098/2531/1520
f 3749/1765/1317 7099/2527/1520 2740/2530/1300 440/1766/440
f 1317/2513/1317 4107/2534/1520 7099/2527/1520 3749/1765/1317
f 4107/2534/1520 1520/2533/1520 4105/2528/1520 7099/2527/1520
f 4102/2520/1519 7100/2523/1519 4104/2526/1519 1519/2521/1519
f 1264/2779/1264 3696/1673/1264 7100/2523/1519 4102/2520/1519
f 3696/1673/1264 417/1672/417 2756/2524/1316 7100/2523/1519
f 2758/2500/1318 7101/2519/1519 4103/2522/1519 1318/2501/1318
f 418/1680/418 2704/2780/1264 7101/2519/1519 2758/2500/1318
f 2704/2780/1264 1264/2779/1264 4102/2520/1519 7101/2519/1519
f 3750/1769/1318 7102/2515/1519 2733/2518/1293 433/1770/433
f 1318/2501/1318 4103/2522/1519 7102/2515/1519 3750/1769/1318
f 4103/2522/1519 1519/2521/1519 4101/2516/1519 7102/2515/1519
f 4098/2508/1518 7103/2511/1518 4100/2514/1518 1518/2509/1518
f 1272/2767/1272 3704/1677/1272 7103/2511/1518 4098/2508/1518
f 3704/1677/1272 425/1676/425 2757/2512/1317 7103/2511/1518
f 3737/2667/1305 7104/2507/1518 4099/2510/1518 1305/2668/1305
f 426/1684/426 2712/2768/1272 7104/2507/1518 3737/2667/1305
f 2712/2768/1272 1272/2767/1272 4098/2508/1518 7104/2507/1518
f 2745/1712/1305 7105/2503/1518 2741/2506/1301 441/1713/441
f 1305/2668/1305 4099/2510/1518 7105/2503/1518 2745/1712/1305
f 4099/2510/1518 1518/2509/1518 4097/2504/1518 7105/2503/1518
f 4094/2496/1517 7106/2499/1517 4096/2502/1517 1517/2497/1517
f 1265/2755/1265 3697/1681/1265 7106/2499/1517 4094/2496/1517
f 3697/1681/1265 418/1680/418 2758/2500/1318 7106/2499/1517
f 3739/2655/1307 7107/2495/1517 4095/2498/1517 1307/2656/1307
f 419/1688/419 2705/2756/1265 7107/2495/1517 3739/2655/1307
f 2705/2756/1265 1265/2755/1265 4094/2496/1517 7107/2495/1517
f 2747/1716/1307 7108/2491/1517 2734/2494/1294 434/1717/434
f 1307/2656/1307 4095/2498/1517 7108/2491/1517 2747/1716/1307
f 4095/2498/1517 1517/2497/1517 4093/2492/1517 7108/2491/1517
f 4090/2484/1516 7109/2487/1516 4092/2490/1516 1516/2485/1516
f 1299/2553/1299 3731/1751/1299 7109/2487/1516 4090/2484/1516
f 3731/1751/1299 438/1750/438 3766/2488/1334 7109/2487/1516
f 2773/2464/1333 7110/2483/1516 4091/2486/1516 1333/2465/1333
f 439/1758/439 2739/2554/1299 7110/2483/1516 2773/2464/1333
f 2739/2554/1299 1299/2553/1299 4090/2484/1516 7110/2483/1516
f 3765/1781/1333 7111/2479/1516 2768/2482/1328 454/1782/454
f 1333/2465/1333 4091/2486/1516 7111/2479/1516 3765/1781/1333
f 4091/2486/1516 1516/2485/1516 4089/2480/1516 7111/2479/1516
f 4086/2472/1515 7112/2475/1515 4088/2478/1515 1515/2473/1515
f 1292/2541/1292 3724/1755/1292 7112/2475/1515 4086/2472/1515
f 3724/1755/1292 431/1754/431 3768/2476/1927 7112/2475/1515
f 2775/2452/1335 7113/2471/1515 4087/2474/1515 1335/2453/1335
f 432/1762/432 2732/2542/1292 7113/2471/1515 2775/2452/1335
f 2732/2542/1292 1292/2541/1292 4086/2472/1515 7113/2471/1515
f 3767/1785/1335 7114/2467/1515 2761/2470/1321 447/1786/447
f 1335/2453/1335 4087/2474/1515 7114/2467/1515 3767/1785/1335
f 4087/2474/1515 1515/2473/1515 4085/2468/1515 7114/2467/1515
f 4082/2460/1514 7115/2463/1514 4084/2466/1514 1514/2461/1514
f 1300/2529/1300 3732/1759/1300 7115/2463/1514 4082/2460/1514
f 3732/1759/1300 439/1758/439 2773/2464/1333 7115/2463/1514
f 2777/2440/1337 7116/2459/1514 4083/2462/1514 1337/2441/1337
f 440/1766/440 2740/2530/1300 7116/2459/1514 2777/2440/1337
f 2740/2530/1300 1300/2529/1300 4082/2460/1514 7116/2459/1514
f 3769/1789/1337 7117/2455/1514 2769/2458/1329 455/1790/455
f 1337/2441/1337 4083/2462/1514 7117/2455/1514 3769/1789/1337
f 4083/2462/1514 1514/2461/1514 4081/2456/1514 7117/2455/1514
f 4078/2448/1513 7118/2451/1513 4080/2454/1513 1513/2449/1513
f 1293/2517/1293 3725/1763/1293 7118/2451/1513 4078/2448/1513
f 3725/1763/1293 432/1762/432 2775/2452/1335 7118/2451/1513
f 2778/2428/1338 7119/2447/1513 4079/2450/1513 1338/2429/1338
f 433/1770/433 2733/2518/1293 7119/2447/1513 2778/2428/1338
f 2733/2518/1293 1293/2517/1293 4078/2448/1513 7119/2447/1513
f 3770/1793/1338 7120/2443/1513 2762/2446/1322 448/1794/448
f 1338/2429/1338 4079/2450/1513 7120/2443/1513 3770/1793/1338
f 4079/2450/1513 1513/2449/1513 4077/2444/1513 7120/2443/1513
f 4074/2436/1512 7121/2439/1512 4076/2442/1512 1512/2437/1512
f 1301/2505/1301 3733/1767/1301 7121/2439/1512 4074/2436/1512
f 3733/1767/1301 440/1766/440 2777/2440/1337 7121/2439/1512
f 2779/2416/1339 7122/2435/1512 4075/2438/1512 1339/2417/1339
f 441/1713/441 2741/2506/1301 7122/2435/1512 2779/2416/1339
f 2741/2506/1301 1301/2505/1301 4074/2436/1512 7122/2435/1512
f 3771/1797/1339 7123/2431/1512 2770/2434/1330 456/1798/456
f 1339/2417/1339 4075/2438/1512 7123/2431/1512 3771/1797/1339
f 4075/2438/1512 1512/2437/1512 4073/2432/1512 7123/2431/1512
f 4070/2424/1511 7124/2427/1511 4072/2430/1511 1511/2425/1511
f 1294/2493/1294 3726/1771/1294 7124/2427/1511 4070/2424/1511
f 3726/1771/1294 433/1770/433 2778/2428/1338 7124/2427/1511
f 2780/2404/1340 7125/2423/1511 4071/2426/1511 1340/2405/1340
f 434/1717/434 2734/2494/1294 7125/2423/1511 2780/2404/1340
f 2734/2494/1294 1294/2493/1294 4070/2424/1511 7125/2423/1511
f 3772/1801/1340 7126/2419/1511 2763/2422/1323 449/1802/449
f 1340/2405/1340 4071/2426/1511 7126/2419/1511 3772/1801/1340
f 4071/2426/1511 1511/2425/1511 4069/2420/1511 7126/2419/1511
f 4066/2412/1510 7127/2415/1937 4068/2418/1937 1510/2413/1510
f 1302/2660/1302 3734/1714/1302 7127/2415/1937 4066/2412/1510
f 3734/1714/1302 441/1713/441 2779/2416/1339 7127/2415/1937
f 2781/2392/1341 7128/2411/1937 4067/2414/1510 1341/2393/1341
f 442/1721/442 2742/2661/1302 7128/2411/1937 2781/2392/1341
f 2742/2661/1302 1302/2660/1302 4066/2412/1510 7128/2411/1937
f 3773/1805/1341 7129/2407/1510 2771/2410/1331 457/1806/457
f 1341/2393/1341 4067/2414/1510 7129/2407/1510 3773/1805/1341
f 4067/2414/1510 1510/2413/1510 4065/2408/1937 7129/2407/1510
f 4062/2400/1509 7130/2403/1509 4064/2406/1509 1509/2401/1509
f 1295/2648/1295 3727/1718/1295 7130/2403/1509 4062/2400/1509
f 3727/1718/1295 434/1717/434 2780/2404/1340 7130/2403/1509
f 2782/2380/1342 7131/2399/1509 4063/2402/1509 1342/2381/1342
f 435/1725/435 2735/2649/1295 7131/2399/1509 2782/2380/1342
f 2735/2649/1295 1295/2648/1295 4062/2400/1509 7131/2399/1509
f 3774/1809/1342 7132/2395/1509 2764/2398/1324 450/1810/450
f 1342/2381/1342 4063/2402/1509 7132/2395/1509 3774/1809/1342
f 4063/2402/1509 1509/2401/1509 4061/2396/1509 7132/2395/1509
f 4058/2388/1508 7133/2391/1508 4060/2394/1508 1508/2389/1508
f 1303/2636/1303 3735/1722/1303 7133/2391/1508 4058/2388/1508
f 3735/1722/1303 442/1721/442 2781/2392/1341 7133/2391/1508
f 2783/7971/1343 7134/2387/1508 4059/2390/1508 1343/7972/1343
f 443/7966/443 2743/2637/1303 7134/2387/1508 2783/7971/1343
f 2743/2637/1303 1303/2636/1303 4058/2388/1508 7134/2387/1508
f 3775/7973/1343 7135/2383/1508 2772/2386/1332 458/7974/458
f 1343/7972/1343 4059/2390/1508 7135/2383/1508 3775/7973/1343
f 4059/2390/1508 1508/2389/1508 4057/2384/1508 7135/2383/1508
f 4054/2376/1507 7136/2379/1507 4056/2382/1507 1507/2377/1507
f 1296/2624/1296 3728/1726/1296 7136/2379/1507 4054/2376/1507
f 3728/1726/1296 435/1725/435 2782/2380/1342 7136/2379/1507
f 2784/2356/1344 7137/2375/1507 4055/2378/1507 1344/2357/1344
f 436/1734/436 2736/2625/1296 7137/2375/1507 2784/2356/1344
f 2736/2625/1296 1296/2624/1296 4054/2376/1507 7137/2375/1507
f 3776/1818/1344 7138/2371/1507 2765/2374/1325 451/1819/451
f 1344/2357/1344 4055/2378/1507 7138/2371/1507 3776/1818/1344
f 4055/2378/1507 1507/2377/1507 4053/2372/1507 7138/2371/1507
f 4052/2370/1936 3897/7975/1465 1465/7976/1465
f 4052/2370/1936 3895/2369/1463 3897/7975/1465
f 3895/2369/1463 82/7977/82 3897/7975/1465
f 4050/2366/1936 4052/2370/1936 1465/7976/1465
f 4050/2366/1936 4051/2367/1936 4052/2370/1936
f 4051/2367/1936 1463/2368/1463 4052/2370/1936
f 3777/1822/1345 2905/7978/1465 444/1823/444
f 3777/1822/1345 4050/2366/1936 2905/7978/1465
f 4050/2366/1936 1465/7976/1465 2905/7978/1465
f 4049/2365/1935 2783/7971/1343 1343/7972/1343
f 4049/2365/1935 3896/2364/1464 2783/7971/1343
f 3896/2364/1464 443/7966/443 2783/7971/1343
f 4047/2360/1935 4049/2365/1935 1343/7972/1343
f 4047/2360/1935 4048/2362/1935 4049/2365/1935
f 4048/2362/1935 1464/2363/1464 4049/2365/1935
f 3898/2361/1466 3775/7973/1343 458/7974/458
f 3898/2361/1466 4047/2360/1935 3775/7973/1343
f 4047/2360/1935 1343/7972/1343 3775/7973/1343
f 4044/2352/1506 7139/2355/1506 4046/2358/1506 1506/2353/1506
f 1297/2600/1297 3729/1735/1297 7139/2355/1506 4044/2352/1506
f 3729/1735/1297 436/1734/436 2784/2356/1344 7139/2355/1506
f 2786/2333/1346 7140/2351/1506 4045/2354/1506 1346/2334/1346
f 437/1742/437 2737/2601/1297 7140/2351/1506 2786/2333/1346
f 2737/2601/1297 1297/2600/1297 4044/2352/1506 7140/2351/1506
f 3778/1826/1346 7141/2347/1506 2766/2350/1326 452/1827/452
f 1346/2334/1346 4045/2354/1506 7141/2347/1506 3778/1826/1346
f 4045/2354/1506 1506/2353/1506 4043/2348/1506 7141/2347/1506
f 4040/2341/1505 7142/2344/1505 4042/2346/1505 1505/2342/1505
f 1290/2589/1290 3722/1739/1290 7142/2344/1505 4040/2341/1505
f 3722/1739/1290 429/1738/429 2785/1813/1345 7142/2344/1505
f 2787/2321/1347 7143/2340/1505 4041/2343/1505 1347/2322/1347
f 430/1746/430 2730/2590/1290 7143/2340/1505 2787/2321/1347
f 2730/2590/1290 1290/2589/1290 4040/2341/1505 7143/2340/1505
f 3779/1830/1347 7144/2336/1505 2759/2339/1319 445/1831/445
f 1347/2322/1347 4041/2343/1505 7144/2336/1505 3779/1830/1347
f 4041/2343/1505 1505/2342/1505 4039/2337/1505 7144/2336/1505
f 4036/2329/1504 7145/2332/1504 4038/2335/1504 1504/2330/1504
f 1298/2577/1298 3730/1743/1298 7145/2332/1504 4036/2329/1504
f 3730/1743/1298 437/1742/437 2786/2333/1346 7145/2332/1504
f 3766/2488/1334 7146/2328/1504 4037/2331/1504 1334/2489/1334
f 438/1750/438 2738/2578/1298 7146/2328/1504 3766/2488/1334
f 2738/2578/1298 1298/2577/1298 4036/2329/1504 7146/2328/1504
f 2774/1773/1334 7147/2324/1504 2767/2327/1327 453/1774/453
f 1334/2489/1334 4037/2331/1504 7147/2324/1504 2774/1773/1334
f 4037/2331/1504 1504/2330/1504 4035/2325/1504 7147/2324/1504
f 4032/2317/1503 7148/2320/1934 4034/2323/1503 1503/2318/1503
f 1291/2565/1291 3723/1747/1291 7148/2320/1934 4032/2317/1503
f 3723/1747/1291 430/1746/430 2787/2321/1347 7148/2320/1934
f 3768/2476/1927 7149/2316/1503 4033/2319/1934 1336/2477/1336
f 431/1754/431 2731/2566/1291 7149/2316/1503 3768/2476/1927
f 2731/2566/1291 1291/2565/1291 4032/2317/1503 7149/2316/1503
f 2776/1777/1336 7150/2312/1934 2760/2315/1320 446/1778/446
f 1336/2477/1336 4033/2319/1934 7150/2312/1934 2776/1777/1336
f 4033/2319/1934 1503/2318/1503 4031/2313/1503 7150/2312/1934
f 4028/2305/1502 7151/2308/1502 4030/2311/1502 1502/2306/1502
f 1332/2385/1332 3764/1807/1332 7151/2308/1502 4028/2305/1502
f 3764/1807/1332 457/1806/457 3795/2309/1363 7151/2308/1502
f 2802/7979/1362 7152/2304/1502 4029/2307/1502 1362/7980/1362
f 458/7974/458 2772/2386/1332 7152/2304/1502 2802/7979/1362
f 2772/2386/1332 1332/2385/1332 4028/2305/1502 7152/2304/1502
f 3794/7981/1362 7153/2300/1502 2801/2303/1361 473/7982/473
f 1362/7980/1362 4029/2307/1502 7153/2300/1502 3794/7981/1362
f 4029/2307/1502 1502/2306/1502 4027/2301/1502 7153/2300/1502
f 4024/2293/1501 7154/2296/1501 4026/2299/1501 1501/2294/1501
f 1325/2373/1325 3757/1811/1325 7154/2296/1501 4024/2293/1501
f 3757/1811/1325 450/1810/450 3797/2297/1365 7154/2296/1501
f 2804/2273/1364 7155/2292/1501 4025/2295/1501 1364/2274/1364
f 451/1819/451 2765/2374/1325 7155/2292/1501 2804/2273/1364
f 2765/2374/1325 1325/2373/1325 4024/2293/1501 7155/2292/1501
f 3796/1847/1364 7156/2288/1501 2794/2291/1354 466/1848/466
f 1364/2274/1364 4025/2295/1501 7156/2288/1501 3796/1847/1364
f 4025/2295/1501 1501/2294/1501 4023/2289/1501 7156/2288/1501
f 4022/2287/1933 3899/7983/1467 1467/7984/1467
f 4022/2287/1933 3897/2286/1465 3899/7983/1467
f 3897/2286/1465 82/7985/82 3899/7983/1467
f 4020/2283/1933 4022/2287/1933 1467/7984/1467
f 4020/2283/1933 4021/2284/1933 4022/2287/1933
f 4021/2284/1933 1465/2285/1465 4022/2287/1933
f 3798/1851/1366 2907/7986/1467 459/1852/459
f 3798/1851/1366 4020/2283/1933 2907/7986/1467
f 4020/2283/1933 1467/7984/1467 2907/7986/1467
f 4019/2282/1932 2802/7979/1362 1362/7980/1362
f 4019/2282/1932 3898/2281/1466 2802/7979/1362
f 3898/2281/1466 458/7974/458 2802/7979/1362
f 4017/2277/1932 4019/2282/1932 1362/7980/1362
f 4017/2277/1932 4018/2279/1932 4019/2282/1932
f 4018/2279/1932 1466/2280/1466 4019/2282/1932
f 3900/2278/1468 3794/7981/1362 473/7982/473
f 3900/2278/1468 4017/2277/1932 3794/7981/1362
f 4017/2277/1932 1362/7980/1362 3794/7981/1362
f 4014/2269/1500 7157/2272/1500 4016/2275/1500 1500/2270/1500
f 1326/2349/1326 3758/1820/1326 7157/2272/1500 4014/2269/1500
f 3758/1820/1326 451/1819/451 2804/2273/1364 7157/2272/1500
f 2807/2250/1367 7158/2268/1500 4015/2271/1500 1367/2251/1367
f 452/1827/452 2766/2350/1326 7158/2268/1500 2807/2250/1367
f 2766/2350/1326 1326/2349/1326 4014/2269/1500 7158/2268/1500
f 3799/1855/1367 7159/2264/1500 2795/2267/1355 467/1856/467
f 1367/2251/1367 4015/2271/1500 7159/2264/1500 3799/1855/1367
f 4015/2271/1500 1500/2270/1500 4013/2265/1500 7159/2264/1500
f 4010/2258/1499 7160/2261/1499 4012/2263/1499 1499/2259/1499
f 1319/2338/1319 3751/1824/1319 7160/2261/1499 4010/2258/1499
f 3751/1824/1319 444/1823/444 2806/1842/1366 7160/2261/1499
f 2808/2238/1368 7161/2257/1499 4011/2260/1499 1368/2239/1368
f 445/1831/445 2759/2339/1319 7161/2257/1499 2808/2238/1368
f 2759/2339/1319 1319/2338/1319 4010/2258/1499 7161/2257/1499
f 3800/1859/1368 7162/2253/1499 2788/2256/1348 460/1860/460
f 1368/2239/1368 4011/2260/1499 7162/2253/1499 3800/1859/1368
f 4011/2260/1499 1499/2259/1499 4009/2254/1499 7162/2253/1499
f 4006/2246/1498 7163/2249/1498 4008/2252/1498 1498/2247/1498
f 1327/2326/1327 3759/1828/1327 7163/2249/1498 4006/2246/1498
f 3759/1828/1327 452/1827/452 2807/2250/1367 7163/2249/1498
f 2809/2226/1369 7164/2245/1498 4007/2248/1498 1369/2227/1369
f 453/1774/453 2767/2327/1327 7164/2245/1498 2809/2226/1369
f 2767/2327/1327 1327/2326/1327 4006/2246/1498 7164/2245/1498
f 3801/1863/1369 7165/2241/1498 2796/2244/1356 468/1864/468
f 1369/2227/1369 4007/2248/1498 7165/2241/1498 3801/1863/1369
f 4007/2248/1498 1498/2247/1498 4005/2242/1498 7165/2241/1498
f 4002/2234/1497 7166/2237/1497 4004/2240/1497 1497/2235/1497
f 1320/2314/1320 3752/1832/1320 7166/2237/1497 4002/2234/1497
f 3752/1832/1320 445/1831/445 2808/2238/1368 7166/2237/1497
f 2810/2214/1370 7167/2233/1497 4003/2236/1497 1370/2215/1370
f 446/1778/446 2760/2315/1320 7167/2233/1497 2810/2214/1370
f 2760/2315/1320 1320/2314/1320 4002/2234/1497 7167/2233/1497
f 3802/1867/1370 7168/2229/1497 2789/2232/1349 461/1868/461
f 1370/2215/1370 4003/2236/1497 7168/2229/1497 3802/1867/1370
f 4003/2236/1497 1497/2235/1497 4001/2230/1497 7168/2229/1497
f 3998/2222/1496 7169/2225/1496 4000/2228/1496 1496/2223/1496
f 1328/2481/1328 3760/1775/1328 7169/2225/1496 3998/2222/1496
f 3760/1775/1328 453/1774/453 2809/2226/1369 7169/2225/1496
f 2811/2202/1371 7170/2221/1496 3999/2224/1496 1371/2203/1371
f 454/1782/454 2768/2482/1328 7170/2221/1496 2811/2202/1371
f 2768/2482/1328 1328/2481/1328 3998/2222/1496 7170/2221/1496
f 3803/1871/1371 7171/2217/1496 2797/2220/1357 469/1872/469
f 1371/2203/1371 3999/2224/1496 7171/2217/1496 3803/1871/1371
f 3999/2224/1496 1496/2223/1496 3997/2218/1496 7171/2217/1496
f 3994/2210/1495 7172/2213/1495 3996/2216/1495 1495/2211/1495
f 1321/2469/1321 3753/1779/1321 7172/2213/1495 3994/2210/1495
f 3753/1779/1321 446/1778/446 2810/2214/1370 7172/2213/1495
f 2812/2190/1372 7173/2209/1495 3995/2212/1495 1372/2191/1372
f 447/1786/447 2761/2470/1321 7173/2209/1495 2812/2190/1372
f 2761/2470/1321 1321/2469/1321 3994/2210/1495 7173/2209/1495
f 3804/1875/1372 7174/2205/1495 2790/2208/1350 462/1876/462
f 1372/2191/1372 3995/2212/1495 7174/2205/1495 3804/1875/1372
f 3995/2212/1495 1495/2211/1495 3993/2206/1495 7174/2205/1495
f 3990/2198/1494 7175/2201/1494 3992/2204/1494 1494/2199/1494
f 1329/2457/1329 3761/1783/1329 7175/2201/1494 3990/2198/1494
f 3761/1783/1329 454/1782/454 2811/2202/1371 7175/2201/1494
f 2813/2178/1373 7176/2197/1494 3991/2200/1494 1373/2179/1373
f 455/1790/455 2769/2458/1329 7176/2197/1494 2813/2178/1373
f 2769/2458/1329 1329/2457/1329 3990/2198/1494 7176/2197/1494
f 3805/1879/1373 7177/2193/1494 2798/2196/1358 470/1880/470
f 1373/2179/1373 3991/2200/1494 7177/2193/1494 3805/1879/1373
f 3991/2200/1494 1494/2199/1494 3989/2194/1494 7177/2193/1494
f 3986/2186/1493 7178/2189/1493 3988/2192/1493 1493/2187/1493
f 1322/2445/1322 3754/1787/1322 7178/2189/1493 3986/2186/1493
f 3754/1787/1322 447/1786/447 2812/2190/1372 7178/2189/1493
f 2814/2166/1374 7179/2185/1493 3987/2188/1493 1374/2167/1374
f 448/1794/448 2762/2446/1322 7179/2185/1493 2814/2166/1374
f 2762/2446/1322 1322/2445/1322 3986/2186/1493 7179/2185/1493
f 3806/1883/1374 7180/2181/1493 2791/2184/1351 463/1884/463
f 1374/2167/1374 3987/2188/1493 7180/2181/1493 3806/1883/1374
f 3987/2188/1493 1493/2187/1493 3985/2182/1493 7180/2181/1493
f 3982/2174/1492 7181/2177/1492 3984/2180/1492 1492/2175/1492
f 1330/2433/1330 3762/1791/1330 7181/2177/1492 3982/2174/1492
f 3762/1791/1330 455/1790/455 2813/2178/1373 7181/2177/1492
f 2815/2154/1375 7182/2173/1492 3983/2176/1492 1375/2155/1375
f 456/1798/456 2770/2434/1330 7182/2173/1492 2815/2154/1375
f 2770/2434/1330 1330/2433/1330 3982/2174/1492 7182/2173/1492
f 3807/1887/1375 7183/2169/1492 2799/2172/1359 471/1888/471
f 1375/2155/1375 3983/2176/1492 7183/2169/1492 3807/1887/1375
f 3983/2176/1492 1492/2175/1492 3981/2170/1492 7183/2169/1492
f 3978/2162/1491 7184/2165/1491 3980/2168/1491 1491/2163/1491
f 1323/2421/1323 3755/1795/1323 7184/2165/1491 3978/2162/1491
f 3755/1795/1323 448/1794/448 2814/2166/1374 7184/2165/1491
f 2816/2142/1376 7185/2161/1491 3979/2164/1491 1376/2143/1376
f 449/1802/449 2763/2422/1323 7185/2161/1491 2816/2142/1376
f 2763/2422/1323 1323/2421/1323 3978/2162/1491 7185/2161/1491
f 3808/1891/1376 7186/2157/1491 2792/2160/1352 464/1892/464
f 1376/2143/1376 3979/2164/1491 7186/2157/1491 3808/1891/1376
f 3979/2164/1491 1491/2163/1491 3977/2158/1491 7186/2157/1491
f 3974/2150/1490 7187/2153/1490 3976/2156/1490 1490/2151/1490
f 1331/2409/1331 3763/1799/1331 7187/2153/1490 3974/2150/1490
f 3763/1799/1331 456/1798/456 2815/2154/1375 7187/2153/1490
f 3795/2309/1363 7188/2149/1490 3975/2152/1490 1363/2310/1363
f 457/1806/457 2771/2410/1331 7188/2149/1490 3795/2309/1363
f 2771/2410/1331 1331/2409/1331 3974/2150/1490 7188/2149/1490
f 2803/1834/1363 7189/2145/1490 2800/2148/1360 472/1835/472
f 1363/2310/1363 3975/2152/1490 7189/2145/1490 2803/1834/1363
f 3975/2152/1490 1490/2151/1490 3973/2146/1490 7189/2145/1490
f 3970/2138/1489 7190/2141/1489 3972/2144/1489 1489/2139/1489
f 1324/2397/1324 3756/1803/1324 7190/2141/1489 3970/2138/1489
f 3756/1803/1324 449/1802/449 2816/2142/1376 7190/2141/1489
f 3797/2297/1365 7191/2137/1489 3971/2140/1489 1365/2298/1365
f 450/1810/450 2764/2398/1324 7191/2137/1489 3797/2297/1365
f 2764/2398/1324 1324/2397/1324 3970/2138/1489 7191/2137/1489
f 2805/1838/1365 7192/2133/1489 2793/2136/1353 465/1839/465
f 1365/2298/1365 3971/2140/1489 7192/2133/1489 2805/1838/1365
f 3971/2140/1489 1489/2139/1489 3969/2134/1489 7192/2133/1489
f 3966/2126/1488 7193/2129/1488 3968/2132/1488 1488/2127/1488
f 1350/2207/1350 3782/1869/1350 7193/2129/1488 3966/2126/1488
f 3782/1869/1350 461/1868/461 3901/2130/1469 7193/2129/1488
f 2821/2106/1381 7194/2125/1488 3967/2128/1488 1381/2107/1381
f 462/1876/462 2790/2208/1350 7194/2125/1488 2821/2106/1381
f 2790/2208/1350 1350/2207/1350 3966/2126/1488 7194/2125/1488
f 3813/1903/1381 7195/2121/1488 2832/2124/1392 476/1904/476
f 1381/2107/1381 3967/2128/1488 7195/2121/1488 3813/1903/1381
f 3967/2128/1488 1488/2127/1488 3965/2122/1488 7195/2121/1488
f 3962/2114/1487 7196/2117/1487 3964/2120/1487 1487/2115/1487
f 1358/2195/1358 3790/1873/1358 7196/2117/1487 3962/2114/1487
f 3790/1873/1358 469/1872/469 3902/2118/1470 7196/2117/1487
f 2822/2094/1382 7197/2113/1487 3963/2116/1487 1382/2095/1382
f 470/1880/470 2798/2196/1358 7197/2113/1487 2822/2094/1382
f 2798/2196/1358 1358/2195/1358 3962/2114/1487 7197/2113/1487
f 3814/1907/1382 7198/2109/1487 2838/2112/1398 479/1908/479
f 1382/2095/1382 3963/2116/1487 7198/2109/1487 3814/1907/1382
f 3963/2116/1487 1487/2115/1487 3961/2110/1487 7198/2109/1487
f 3958/2102/1486 7199/2105/1486 3960/2108/1486 1486/2103/1486
f 1351/2183/1351 3783/1877/1351 7199/2105/1486 3958/2102/1486
f 3783/1877/1351 462/1876/462 2821/2106/1381 7199/2105/1486
f 2911/2082/1471 7200/2101/1486 3959/2104/1486 1471/2083/1471
f 463/1884/463 2791/2184/1351 7200/2101/1486 2911/2082/1471
f 2791/2184/1351 1351/2183/1351 3958/2102/1486 7200/2101/1486
f 3903/1911/1471 7201/2097/1486 2833/2100/1393 2/1912/2
f 1471/2083/1471 3959/2104/1486 7201/2097/1486 3903/1911/1471
f 3959/2104/1486 1486/2103/1486 3957/2098/1486 7201/2097/1486
f 3954/2090/1485 7202/2093/1485 3956/2096/1485 1485/2091/1485
f 1359/2171/1359 3791/1881/1359 7202/2093/1485 3954/2090/1485
f 3791/1881/1359 470/1880/470 2822/2094/1382 7202/2093/1485
f 2823/2070/1383 7203/2089/1485 3955/2092/1485 1383/2071/1383
f 471/1888/471 2799/2172/1359 7203/2089/1485 2823/2070/1383
f 2799/2172/1359 1359/2171/1359 3954/2090/1485 7203/2089/1485
f 3815/1915/1383 7204/2085/1485 2818/2088/1378 480/1916/480
f 1383/2071/1383 3955/2092/1485 7204/2085/1485 3815/1915/1383
f 3955/2092/1485 1485/2091/1485 3953/2086/1485 7204/2085/1485
f 3950/2078/1484 7205/2081/1484 3952/2084/1484 1484/2079/1484
f 1352/2159/1352 3784/1885/1352 7205/2081/1484 3950/2078/1484
f 3784/1885/1352 463/1884/463 2911/2082/1471 7205/2081/1484
f 2824/2058/1384 7206/2077/1484 3951/2080/1484 1384/2059/1384
f 464/1892/464 2792/2160/1352 7206/2077/1484 2824/2058/1384
f 2792/2160/1352 1352/2159/1352 3950/2078/1484 7206/2077/1484
f 3816/1919/1384 7207/2073/1484 2834/2076/1394 477/1920/477
f 1384/2059/1384 3951/2080/1484 7207/2073/1484 3816/1919/1384
f 3951/2080/1484 1484/2079/1484 3949/2074/1484 7207/2073/1484
f 3946/2066/1483 7208/2069/1483 3948/2072/1483 1483/2067/1483
f 1360/2147/1360 3792/1889/1360 7208/2069/1483 3946/2066/1483
f 3792/1889/1360 471/1888/471 2823/2070/1383 7208/2069/1483
f 2825/2046/1385 7209/2065/1483 3947/2068/1483 1385/2047/1385
f 472/1835/472 2800/2148/1360 7209/2065/1483 2825/2046/1385
f 2800/2148/1360 1360/2147/1360 3946/2066/1483 7209/2065/1483
f 3817/1923/1385 7210/2061/1483 2819/2064/1379 481/1924/481
f 1385/2047/1385 3947/2068/1483 7210/2061/1483 3817/1923/1385
f 3947/2068/1483 1483/2067/1483 3945/2062/1483 7210/2061/1483
f 3942/2054/1482 7211/2057/1482 3944/2060/1482 1482/2055/1482
f 1353/2135/1353 3785/1893/1353 7211/2057/1482 3942/2054/1482
f 3785/1893/1353 464/1892/464 2824/2058/1384 7211/2057/1482
f 2912/2034/1472 7212/2053/1482 3943/2056/1482 1472/2035/1472
f 465/1839/465 2793/2136/1353 7212/2053/1482 2912/2034/1472
f 2793/2136/1353 1353/2135/1353 3942/2054/1482 7212/2053/1482
f 3904/1927/1472 7213/2049/1482 2835/2052/1395 3/1928/3
f 1472/2035/1472 3943/2056/1482 7213/2049/1482 3904/1927/1472
f 3943/2056/1482 1482/2055/1482 3941/2050/1482 7213/2049/1482
f 3938/2042/1481 7214/2045/1481 3940/2048/1481 1481/2043/1481
f 1361/2302/1361 3793/1836/1361 7214/2045/1481 3938/2042/1481
f 3793/1836/1361 472/1835/472 2825/2046/1385 7214/2045/1481
f 2826/7987/1386 7215/2041/1481 3939/2044/1481 1386/7988/1386
f 473/7982/473 2801/2303/1361 7215/2041/1481 2826/7987/1386
f 2801/2303/1361 1361/2302/1361 3938/2042/1481 7215/2041/1481
f 3818/7989/1386 7216/2037/1481 2820/2040/1380 482/7684/482
f 1386/7988/1386 3939/2044/1481 7216/2037/1481 3818/7989/1386
f 3939/2044/1481 1481/2043/1481 3937/2038/1481 7216/2037/1481
f 3934/2030/1480 7217/2033/1480 3936/2036/1480 1480/2031/1480
f 1354/2290/1354 3786/1840/1354 7217/2033/1480 3934/2030/1480
f 3786/1840/1354 465/1839/465 2912/2034/1472 7217/2033/1480
f 2913/2010/1473 7218/2029/1480 3935/2032/1480 1473/2011/1473
f 466/1848/466 2794/2291/1354 7218/2029/1480 2913/2010/1473
f 2794/2291/1354 1354/2290/1354 3934/2030/1480 7218/2029/1480
f 3905/1936/1473 7219/2025/1480 1923/2028/483 4/1937/4
f 1473/2011/1473 3935/2032/1480 7219/2025/1480 3905/1936/1473
f 3935/2032/1480 1480/2031/1480 3933/2026/1480 7219/2025/1480
f 3932/2024/1931 3822/7990/1390 1390/7991/1390
f 3932/2024/1931 3899/2023/1467 3822/7990/1390
f 3899/2023/1467 82/7992/82 3822/7990/1390
f 3930/2020/1930 3932/2024/1931 1390/7991/1390
f 3930/2020/1930 3931/2021/1930 3932/2024/1931
f 3931/2021/1930 1467/2022/1467 3932/2024/1931
f 3819/1940/1387 2830/7993/1390 474/41/474
f 3819/1940/1387 3930/2020/1930 2830/7993/1390
f 3930/2020/1930 1390/7991/1390 2830/7993/1390
f 3929/2019/1928 2826/7987/1386 1386/7988/1386
f 3929/2019/1928 3900/2018/1468 2826/7987/1386
f 3900/2018/1468 473/7982/473 2826/7987/1386
f 3927/2014/1928 3929/2019/1928 1386/7988/1386
f 3927/2014/1928 3928/2016/1929 3929/2019/1928
f 3928/2016/1929 1468/2017/1468 3929/2019/1928
f 3831/2015/1399 3818/7989/1386 482/7684/482
f 3831/2015/1399 3927/2014/1928 3818/7989/1386
f 3927/2014/1928 1386/7988/1386 3818/7989/1386
f 3924/2006/1479 7220/2009/1479 3926/2012/1479 1479/2007/1479
f 1355/2266/1355 3787/1849/1355 7220/2009/1479 3924/2006/1479
f 3787/1849/1355 466/1848/466 2913/2010/1473 7220/2009/1479
f 2914/1987/1474 7221/2005/1479 3925/2008/1479 1474/1988/1474
f 467/1856/467 2795/2267/1355 7221/2005/1479 2914/1987/1474
f 2795/2267/1355 1355/2266/1355 3924/2006/1479 7221/2005/1479
f 3906/1943/1474 7222/2001/1479 1924/2004/484 5/1944/5
f 1474/1988/1474 3925/2008/1479 7222/2001/1479 3906/1943/1474
f 3925/2008/1479 1479/2007/1479 3923/2002/1479 7222/2001/1479
f 3920/1995/1478 7223/1998/1478 3922/2000/1478 1478/1996/1478
f 1348/2255/1348 3780/1853/1348 7223/1998/1478 3920/1995/1478
f 3780/1853/1348 459/1852/459 2827/1931/1387 7223/1998/1478
f 2828/1975/1388 7224/1994/1478 3921/1997/1478 1388/1976/1388
f 460/1860/460 2788/2256/1348 7224/1994/1478 2828/1975/1388
f 2788/2256/1348 1348/2255/1348 3920/1995/1478 7224/1994/1478
f 3820/1947/1388 7225/1990/1478 2817/1993/1377 475/1948/475
f 1388/1976/1388 3921/1997/1478 7225/1990/1478 3820/1947/1388
f 3921/1997/1478 1478/1996/1478 3919/1991/1478 7225/1990/1478
f 3916/1983/1477 7226/1986/1477 3918/1989/1477 1477/1984/1477
f 1356/2243/1356 3788/1857/1356 7226/1986/1477 3916/1983/1477
f 3788/1857/1356 467/1856/467 2914/1987/1474 7226/1986/1477
f 2829/1963/1389 7227/1982/1477 3917/1985/1477 1389/1964/1389
f 468/1864/468 2796/2244/1356 7227/1982/1477 2829/1963/1389
f 2796/2244/1356 1356/2243/1356 3916/1983/1477 7227/1982/1477
f 3821/1951/1389 7228/1978/1477 2836/1981/1396 478/1952/478
f 1389/1964/1389 3917/1985/1477 7228/1978/1477 3821/1951/1389
f 3917/1985/1477 1477/1984/1477 3915/1979/1477 7228/1978/1477
f 3912/1971/1476 7229/1974/1476 3914/1977/1476 1476/1972/1476
f 1349/2231/1349 3781/1861/1349 7229/1974/1476 3912/1971/1476
f 3781/1861/1349 460/1860/460 2828/1975/1388 7229/1974/1476
f 3901/2130/1469 7230/1970/1476 3913/1973/1476 1469/2131/1469
f 461/1868/461 2789/2232/1349 7230/1970/1476 3901/2130/1469
f 2789/2232/1349 1349/2231/1349 3912/1971/1476 7230/1970/1476
f 2909/1895/1469 7231/1966/1476 2831/1969/1391 1/1896/1
f 1469/2131/1469 3913/1973/1476 7231/1966/1476 2909/1895/1469
f 3913/1973/1476 1476/1972/1476 3911/1967/1476 7231/1966/1476
f 3908/1959/1475 7232/1962/1475 3910/1965/1475 1475/1960/1475
f 1357/2219/1357 3789/1865/1357 7232/1962/1475 3908/1959/1475
f 3789/1865/1357 468/1864/468 2829/1963/1389 7232/1962/1475
f 3902/2118/1470 7233/1958/1475 3909/1961/1475 1470/2119/1470
f 469/1872/469 2797/2220/1357 7233/1958/1475 3902/2118/1470
f 2797/2220/1357 1357/2219/1357 3908/1959/1475 7233/1958/1475
f 2910/1899/1470 7234/1954/1475 2837/1957/1397 6/1900/6
f 1470/2119/1470 3909/1961/1475 7234/1954/1475 2910/1899/1470
f 3909/1961/1475 1475/1960/1475 3907/1955/1475 7234/1954/1475
f 3907/1955/1475 7235/1950/1475 3829/1953/1397 1397/1956/1397
f 1475/1960/1475 3910/1965/1475 7235/1950/1475 3907/1955/1475
f 3910/1965/1475 1389/1964/1389 3821/1951/1389 7235/1950/1475
f 3911/1967/1476 7236/1946/1476 3823/1949/1391 1391/1968/1391
f 1476/1972/1476 3914/1977/1476 7236/1946/1476 3911/1967/1476
f 3914/1977/1476 1388/1976/1388 3820/1947/1388 7236/1946/1476
f 3915/1979/1477 7237/1942/1477 3828/1945/1396 1396/1980/1396
f 1477/1984/1477 3918/1989/1477 7237/1942/1477 3915/1979/1477
f 3918/1989/1477 1474/1988/1474 3906/1943/1474 7237/1942/1477
f 3919/1991/1478 7238/1939/1478 3809/1941/1377 1377/1992/1377
f 1478/1996/1478 3922/2000/1478 7238/1939/1478 3919/1991/1478
f 3922/2000/1478 1387/1999/1387 3819/1940/1387 7238/1939/1478
f 3923/2002/1479 7239/1935/1479 2916/1938/484 484/2003/484
f 1479/2007/1479 3926/2012/1479 7239/1935/1479 3923/2002/1479
f 3926/2012/1479 1473/2011/1473 3905/1936/1473 7239/1935/1479
f 2839/1934/1399 3928/2016/1929 1399/2013/1399
f 2839/1934/1399 2908/1933/1468 3928/2016/1929
f 2908/1933/1468 1468/2017/1468 3928/2016/1929
f 2827/1931/1387 3931/2021/1930 1387/1999/1387
f 2827/1931/1387 2907/1930/1467 3931/2021/1930
f 2907/1930/1467 1467/2022/1467 3931/2021/1930
f 3933/2026/1480 7240/1926/1480 2915/1929/483 483/2027/483
f 1480/2031/1480 3936/2036/1480 7240/1926/1480 3933/2026/1480
f 3936/2036/1480 1472/2035/1472 3904/1927/1472 7240/1926/1480
f 3937/2038/1481 7241/1922/1481 3812/1925/1380 1380/2039/1380
f 1481/2043/1481 3940/2048/1481 7241/1922/1481 3937/2038/1481
f 3940/2048/1481 1385/2047/1385 3817/1923/1385 7241/1922/1481
f 3941/2050/1482 7242/1918/1482 3827/1921/1395 1395/2051/1395
f 1482/2055/1482 3944/2060/1482 7242/1918/1482 3941/2050/1482
f 3944/2060/1482 1384/2059/1384 3816/1919/1384 7242/1918/1482
f 3945/2062/1483 7243/1914/1483 3811/1917/1379 1379/2063/1379
f 1483/2067/1483 3948/2072/1483 7243/1914/1483 3945/2062/1483
f 3948/2072/1483 1383/2071/1383 3815/1915/1383 7243/1914/1483
f 3949/2074/1484 7244/1910/1484 3826/1913/1394 1394/2075/1394
f 1484/2079/1484 3952/2084/1484 7244/1910/1484 3949/2074/1484
f 3952/2084/1484 1471/2083/1471 3903/1911/1471 7244/1910/1484
f 3953/2086/1485 7245/1906/1485 3810/1909/1378 1378/2087/1378
f 1485/2091/1485 3956/2096/1485 7245/1906/1485 3953/2086/1485
f 3956/2096/1485 1382/2095/1382 3814/1907/1382 7245/1906/1485
f 3957/2098/1486 7246/1902/1486 3825/1905/1393 1393/2099/1393
f 1486/2103/1486 3960/2108/1486 7246/1902/1486 3957/2098/1486
f 3960/2108/1486 1381/2107/1381 3813/1903/1381 7246/1902/1486
f 3961/2110/1487 7247/1898/1487 3830/1901/1398 1398/2111/1398
f 1487/2115/1487 3964/2120/1487 7247/1898/1487 3961/2110/1487
f 3964/2120/1487 1470/2119/1470 2910/1899/1470 7247/1898/1487
f 3965/2122/1488 7248/1894/1488 3824/1897/1392 1392/2123/1392
f 1488/2127/1488 3968/2132/1488 7248/1894/1488 3965/2122/1488
f 3968/2132/1488 1469/2131/1469 2909/1895/1469 7248/1894/1488
f 3969/2134/1489 7249/1890/1489 3785/1893/1353 1353/2135/1353
f 1489/2139/1489 3972/2144/1489 7249/1890/1489 3969/2134/1489
f 3972/2144/1489 1376/2143/1376 3808/1891/1376 7249/1890/1489
f 3973/2146/1490 7250/1886/1490 3792/1889/1360 1360/2147/1360
f 1490/2151/1490 3976/2156/1490 7250/1886/1490 3973/2146/1490
f 3976/2156/1490 1375/2155/1375 3807/1887/1375 7250/1886/1490
f 3977/2158/1491 7251/1882/1491 3784/1885/1352 1352/2159/1352
f 1491/2163/1491 3980/2168/1491 7251/1882/1491 3977/2158/1491
f 3980/2168/1491 1374/2167/1374 3806/1883/1374 7251/1882/1491
f 3981/2170/1492 7252/1878/1492 3791/1881/1359 1359/2171/1359
f 1492/2175/1492 3984/2180/1492 7252/1878/1492 3981/2170/1492
f 3984/2180/1492 1373/2179/1373 3805/1879/1373 7252/1878/1492
f 3985/2182/1493 7253/1874/1493 3783/1877/1351 1351/2183/1351
f 1493/2187/1493 3988/2192/1493 7253/1874/1493 3985/2182/1493
f 3988/2192/1493 1372/2191/1372 3804/1875/1372 7253/1874/1493
f 3989/2194/1494 7254/1870/1494 3790/1873/1358 1358/2195/1358
f 1494/2199/1494 3992/2204/1494 7254/1870/1494 3989/2194/1494
f 3992/2204/1494 1371/2203/1371 3803/1871/1371 7254/1870/1494
f 3993/2206/1495 7255/1866/1495 3782/1869/1350 1350/2207/1350
f 1495/2211/1495 3996/2216/1495 7255/1866/1495 3993/2206/1495
f 3996/2216/1495 1370/2215/1370 3802/1867/1370 7255/1866/1495
f 3997/2218/1496 7256/1862/1496 3789/1865/1357 1357/2219/1357
f 1496/2223/1496 4000/2228/1496 7256/1862/1496 3997/2218/1496
f 4000/2228/1496 1369/2227/1369 3801/1863/1369 7256/1862/1496
f 4001/2230/1497 7257/1858/1497 3781/1861/1349 1349/2231/1349
f 1497/2235/1497 4004/2240/1497 7257/1858/1497 4001/2230/1497
f 4004/2240/1497 1368/2239/1368 3800/1859/1368 7257/1858/1497
f 4005/2242/1498 7258/1854/1498 3788/1857/1356 1356/2243/1356
f 1498/2247/1498 4008/2252/1498 7258/1854/1498 4005/2242/1498
f 4008/2252/1498 1367/2251/1367 3799/1855/1367 7258/1854/1498
f 4009/2254/1499 7259/1850/1499 3780/1853/1348 1348/2255/1348
f 1499/2259/1499 4012/2263/1499 7259/1850/1499 4009/2254/1499
f 4012/2263/1499 1366/2262/1366 3798/1851/1366 7259/1850/1499
f 4013/2265/1500 7260/1846/1500 3787/1849/1355 1355/2266/1355
f 1500/2270/1500 4016/2275/1500 7260/1846/1500 4013/2265/1500
f 4016/2275/1500 1364/2274/1364 3796/1847/1364 7260/1846/1500
f 2908/1845/1468 4018/2279/1932 1468/2276/1468
f 2908/1845/1468 2906/1844/1466 4018/2279/1932
f 2906/1844/1466 1466/2280/1466 4018/2279/1932
f 2806/1842/1366 4021/2284/1933 1366/2262/1366
f 2806/1842/1366 2905/1841/1465 4021/2284/1933
f 2905/1841/1465 1465/2285/1465 4021/2284/1933
f 4023/2289/1501 7261/1837/1501 3786/1840/1354 1354/2290/1354
f 1501/2294/1501 4026/2299/1501 7261/1837/1501 4023/2289/1501
f 4026/2299/1501 1365/2298/1365 2805/1838/1365 7261/1837/1501
f 4027/2301/1502 7262/1833/1502 3793/1836/1361 1361/2302/1361
f 1502/2306/1502 4030/2311/1502 7262/1833/1502 4027/2301/1502
f 4030/2311/1502 1363/2310/1363 2803/1834/1363 7262/1833/1502
f 4031/2313/1503 7263/1829/1934 3752/1832/1320 1320/2314/1320
f 1503/2318/1503 4034/2323/1503 7263/1829/1934 4031/2313/1503
f 4034/2323/1503 1347/2322/1347 3779/1830/1347 7263/1829/1934
f 4035/2325/1504 7264/1825/1504 3759/1828/1327 1327/2326/1327
f 1504/2330/1504 4038/2335/1504 7264/1825/1504 4035/2325/1504
f 4038/2335/1504 1346/2334/1346 3778/1826/1346 7264/1825/1504
f 4039/2337/1505 7265/1821/1505 3751/1824/1319 1319/2338/1319
f 1505/2342/1505 4042/2346/1505 7265/1821/1505 4039/2337/1505
f 4042/2346/1505 1345/2345/1345 3777/1822/1345 7265/1821/1505
f 4043/2348/1506 7266/1817/1506 3758/1820/1326 1326/2349/1326
f 1506/2353/1506 4046/2358/1506 7266/1817/1506 4043/2348/1506
f 4046/2358/1506 1344/2357/1344 3776/1818/1344 7266/1817/1506
f 2906/1816/1466 4048/2362/1935 1466/2359/1466
f 2906/1816/1466 2904/1815/1464 4048/2362/1935
f 2904/1815/1464 1464/2363/1464 4048/2362/1935
f 2785/1813/1345 4051/2367/1936 1345/2345/1345
f 2785/1813/1345 2903/1812/1463 4051/2367/1936
f 2903/1812/1463 1463/2368/1463 4051/2367/1936
f 4053/2372/1507 7267/1808/1507 3757/1811/1325 1325/2373/1325
f 1507/2377/1507 4056/2382/1507 7267/1808/1507 4053/2372/1507
f 4056/2382/1507 1342/2381/1342 3774/1809/1342 7267/1808/1507
f 4057/2384/1508 7268/1804/1508 3764/1807/1332 1332/2385/1332
f 1508/2389/1508 4060/2394/1508 7268/1804/1508 4057/2384/1508
f 4060/2394/1508 1341/2393/1341 3773/1805/1341 7268/1804/1508
f 4061/2396/1509 7269/1800/1509 3756/1803/1324 1324/2397/1324
f 1509/2401/1509 4064/2406/1509 7269/1800/1509 4061/2396/1509
f 4064/2406/1509 1340/2405/1340 3772/1801/1340 7269/1800/1509
f 4065/2408/1937 7270/1796/1937 3763/1799/1331 1331/2409/1331
f 1510/2413/1510 4068/2418/1937 7270/1796/1937 4065/2408/1937
f 4068/2418/1937 1339/2417/1339 3771/1797/1339 7270/1796/1937
f 4069/2420/1511 7271/1792/1511 3755/1795/1323 1323/2421/1323
f 1511/2425/1511 4072/2430/1511 7271/1792/1511 4069/2420/1511
f 4072/2430/1511 1338/2429/1338 3770/1793/1338 7271/1792/1511
f 4073/2432/1512 7272/1788/1512 3762/1791/1330 1330/2433/1330
f 1512/2437/1512 4076/2442/1512 7272/1788/1512 4073/2432/1512
f 4076/2442/1512 1337/2441/1337 3769/1789/1337 7272/1788/1512
f 4077/2444/1513 7273/1784/1513 3754/1787/1322 1322/2445/1322
f 1513/2449/1513 4080/2454/1513 7273/1784/1513 4077/2444/1513
f 4080/2454/1513 1335/2453/1335 3767/1785/1335 7273/1784/1513
f 4081/2456/1514 7274/1780/1514 3761/1783/1329 1329/2457/1329
f 1514/2461/1514 4084/2466/1514 7274/1780/1514 4081/2456/1514
f 4084/2466/1514 1333/2465/1333 3765/1781/1333 7274/1780/1514
f 4085/2468/1515 7275/1776/1515 3753/1779/1321 1321/2469/1321
f 1515/2473/1515 4088/2478/1515 7275/1776/1515 4085/2468/1515
f 4088/2478/1515 1336/2477/1336 2776/1777/1336 7275/1776/1515
f 4089/2480/1516 7276/1772/1516 3760/1775/1328 1328/2481/1328
f 1516/2485/1516 4092/2490/1516 7276/1772/1516 4089/2480/1516
f 4092/2490/1516 1334/2489/1334 2774/1773/1334 7276/1772/1516
f 4093/2492/1517 7277/1768/1517 3726/1771/1294 1294/2493/1294
f 1517/2497/1517 4096/2502/1517 7277/1768/1517 4093/2492/1517
f 4096/2502/1517 1318/2501/1318 3750/1769/1318 7277/1768/1517
f 4097/2504/1518 7278/1764/1518 3733/1767/1301 1301/2505/1301
f 1518/2509/1518 4100/2514/1518 7278/1764/1518 4097/2504/1518
f 4100/2514/1518 1317/2513/1317 3749/1765/1317 7278/1764/1518
f 4101/2516/1519 7279/1760/1519 3725/1763/1293 1293/2517/1293
f 1519/2521/1519 4104/2526/1519 7279/1760/1519 4101/2516/1519
f 4104/2526/1519 1316/2525/1316 3748/1761/1316 7279/1760/1519
f 4105/2528/1520 7280/1756/1520 3732/1759/1300 1300/2529/1300
f 1520/2533/1520 4108/2538/1520 7280/1756/1520 4105/2528/1520
f 4108/2538/1520 1315/2537/1315 3747/1757/1315 7280/1756/1520
f 4109/2540/1521 7281/1752/1521 3724/1755/1292 1292/2541/1292
f 1521/2545/1521 4112/2550/1521 7281/1752/1521 4109/2540/1521
f 4112/2550/1521 1314/2549/1314 3746/1753/1314 7281/1752/1521
f 4113/2552/1522 7282/1748/1522 3731/1751/1299 1299/2553/1299
f 1522/2557/1522 4116/2562/1522 7282/1748/1522 4113/2552/1522
f 4116/2562/1522 1313/2561/1313 3745/1749/1313 7282/1748/1522
f 4117/2564/1523 7283/1744/1523 3723/1747/1291 1291/2565/1291
f 1523/2569/1523 4120/2574/1523 7283/1744/1523 4117/2564/1523
f 4120/2574/1523 1312/2573/1312 3744/1745/1312 7283/1744/1523
f 4121/2576/1524 7284/1740/1524 3730/1743/1298 1298/2577/1298
f 1524/2581/1524 4124/2586/1524 7284/1740/1524 4121/2576/1524
f 4124/2586/1524 1311/2585/1311 3743/1741/1311 7284/1740/1524
f 4125/2588/1525 7285/1736/1525 3722/1739/1290 1290/2589/1290
f 1525/2593/1525 4128/2597/1525 7285/1736/1525 4125/2588/1525
f 4128/2597/1525 1310/2596/1310 3742/1737/1310 7285/1736/1525
f 4129/2599/1526 7286/1732/1526 3729/1735/1297 1297/2600/1297
f 1526/2604/1526 4132/2609/1526 7286/1732/1526 4129/2599/1526
f 4132/2609/1526 1309/2608/1309 3741/1733/1309 7286/1732/1526
f 2904/1731/1464 4134/2613/1938 1464/2610/1464
f 2904/1731/1464 2902/1730/1462 4134/2613/1938
f 2902/1730/1462 1462/2614/1462 4134/2613/1938
f 2750/1728/1310 4137/2618/1939 1310/2596/1310
f 2750/1728/1310 2901/1727/1461 4137/2618/1939
f 2901/1727/1461 1461/2619/1461 4137/2618/1939
f 4139/2623/1527 7287/1723/1527 3728/1726/1296 1296/2624/1296
f 1527/2628/1527 4142/2633/1527 7287/1723/1527 4139/2623/1527
f 4142/2633/1527 1306/2632/1306 3738/1724/1306 7287/1723/1527
f 4143/2635/1528 7288/1719/1528 3735/1722/1303 1303/2636/1303
f 1528/2640/1528 4146/2645/1528 7288/1719/1528 4143/2635/1528
f 4146/2645/1528 1304/2644/1304 3736/1720/1304 7288/1719/1528
f 4147/2647/1529 7289/1715/1529 3727/1718/1295 1295/2648/1295
f 1529/2652/1529 4150/2657/1529 7289/1715/1529 4147/2647/1529
f 4150/2657/1529 1307/2656/1307 2747/1716/1307 7289/1715/1529
f 4151/2659/1530 7290/1711/1530 3734/1714/1302 1302/2660/1302
f 1530/2664/1530 4154/2669/1530 7290/1711/1530 4151/2659/1530
f 4154/2669/1530 1305/2668/1305 2745/1712/1305 7290/1711/1530
f 4155/2671/1531 7291/1707/1531 3693/1710/1261 1261/2672/1261
f 1531/2676/1531 4158/2680/1531 7291/1707/1531 4155/2671/1531
f 4158/2680/1531 1289/2679/1289 3721/1708/1289 7291/1707/1531
f 4159/2682/1532 7292/1703/1532 3700/1706/1268 1268/2683/1268
f 1532/2687/1532 4162/2692/1532 7292/1703/1532 4159/2682/1532
f 4162/2692/1532 1288/2691/1288 3720/1704/1288 7292/1703/1532
f 2902/1702/1462 4164/2696/1940 1462/2693/1462
f 2902/1702/1462 2900/1701/1460 4164/2696/1940
f 2900/1701/1460 1460/2697/1460 4164/2696/1940
f 2729/1699/1289 4167/2701/1941 1289/2679/1289
f 2729/1699/1289 2899/1698/1459 4167/2701/1941
f 2899/1698/1459 1459/2702/1459 4167/2701/1941
f 4169/2706/1533 7293/1694/1533 3699/1697/1267 1267/2707/1267
f 1533/2711/1533 4172/2716/1533 7293/1694/1533 4169/2706/1533
f 4172/2716/1533 1286/2715/1286 3718/1695/1286 7293/1694/1533
f 4173/2718/1534 7294/1690/1534 3706/1693/1274 1274/2719/1274
f 1534/2723/1534 4176/2728/1534 7294/1690/1534 4173/2718/1534
f 4176/2728/1534 1285/2727/1285 3717/1691/1285 7294/1690/1534
f 4177/2730/1535 7295/1686/1535 3698/1689/1266 1266/2731/1266
f 1535/2735/1535 4180/2740/1535 7295/1686/1535 4177/2730/1535
f 4180/2740/1535 1284/2739/1284 3716/1687/1284 7295/1686/1535
f 4181/2742/1536 7296/1682/1536 3705/1685/1273 1273/2743/1273
f 1536/2747/1536 4184/2752/1536 7296/1682/1536 4181/2742/1536
f 4184/2752/1536 1283/2751/1283 3715/1683/1283 7296/1682/1536
f 4185/2754/1537 7297/1678/1537 3697/1681/1265 1265/2755/1265
f 1537/2759/1537 4188/2764/1537 7297/1678/1537 4185/2754/1537
f 4188/2764/1537 1282/2763/1282 3714/1679/1282 7297/1678/1537
f 4189/2766/1538 7298/1674/1538 3704/1677/1272 1272/2767/1272
f 1538/2771/1538 4192/2776/1538 7298/1674/1538 4189/2766/1538
f 4192/2776/1538 1281/2775/1281 3713/1675/1281 7298/1674/1538
f 4193/2778/1539 7299/1670/1539 3696/1673/1264 1264/2779/1264
f 1539/2783/1539 4196/2788/1539 7299/1670/1539 4193/2778/1539
f 4196/2788/1539 1280/2787/1280 3712/1671/1280 7299/1670/1539
f 4197/2790/1540 7300/1666/1540 3703/1669/1271 1271/2791/1271
f 1540/2795/1540 4200/2800/1540 7300/1666/1540 4197/2790/1540
f 4200/2800/1540 1279/2799/1279 3711/1667/1279 7300/1666/1540
f 4201/2802/1541 7301/1662/1541 3695/1665/1263 1263/2803/1263
f 1541/2807/1541 4204/2812/1541 7301/1662/1541 4201/2802/1541
f 4204/2812/1541 1277/2811/1277 3709/1663/1277 7301/1662/1541
f 4205/2814/1542 7302/1658/1542 3702/1661/1270 1270/2815/1270
f 1542/2819/1542 4208/2824/1542 7302/1658/1542 4205/2814/1542
f 4208/2824/1542 1275/2823/1275 3707/1659/1275 7302/1658/1542
f 4209/2826/1543 7303/1654/1543 3694/1657/1262 1262/2827/1262
f 1543/2831/1543 4212/2836/1543 7303/1654/1543 4209/2826/1543
f 4212/2836/1543 1278/2835/1278 2718/1655/1278 7303/1654/1543
f 4213/2838/1544 7304/1650/1544 3701/1653/1269 1269/2839/1269
f 1544/2843/1544 4216/2848/1544 7304/1650/1544 4213/2838/1544
f 4216/2848/1544 1276/2847/1276 2716/1651/1276 7304/1650/1544
f 4217/2850/1545 7305/1646/1545 3675/1649/1243 1243/2851/1243
f 1545/2855/1545 4220/2860/1545 7305/1646/1545 4217/2850/1545
f 4220/2860/1545 1260/2859/1260 3692/1647/1260 7305/1646/1545
f 4221/2862/1546 7306/1642/1546 3667/1645/1235 1235/2863/1235
f 1546/2867/1546 4224/2872/1546 7306/1642/1546 4221/2862/1546
f 4224/2872/1546 1259/2871/1259 3691/1643/1259 7306/1642/1546
f 4225/2874/1547 7307/1638/1547 3674/1641/1242 1242/2875/1242
f 1547/2879/1547 4228/2884/1547 7307/1638/1547 4225/2874/1547
f 4228/2884/1547 1258/2883/1258 3690/1639/1258 7307/1638/1547
f 4229/2886/1548 7308/1634/1548 3666/1637/1926 1234/2887/1234
f 1548/2891/1548 4232/2896/1548 7308/1634/1548 4229/2886/1548
f 4232/2896/1548 1257/2895/1257 3689/1635/1257 7308/1634/1548
f 4233/2898/1549 7309/1630/1549 3673/1633/1241 1241/2899/1241
f 1549/2903/1549 4236/2908/1549 7309/1630/1549 4233/2898/1549
f 4236/2908/1549 1256/2907/1256 3688/1631/1256 7309/1630/1549
f 4237/2910/1550 7310/1626/1550 3665/1629/1233 1233/2911/1233
f 1550/2915/1550 4240/2920/1550 7310/1626/1550 4237/2910/1550
f 4240/2920/1550 1255/2919/1255 3687/1627/1255 7310/1626/1550
f 4241/2922/1551 7311/1622/1551 3672/1625/1240 1240/2923/1240
f 1551/2927/1551 4244/2932/1551 7311/1622/1551 4241/2922/1551
f 4244/2932/1551 1254/2931/1254 3686/1623/1254 7311/1622/1551
f 4245/2934/1552 7312/1618/1552 3664/1621/1232 1232/2935/1232
f 1552/2939/1552 4248/2943/1552 7312/1618/1552 4245/2934/1552
f 4248/2943/1552 1253/2942/1253 3685/1619/1253 7312/1618/1552
f 4249/2945/1553 7313/1614/1553 3671/1617/1239 1239/2946/1239
f 1553/2950/1553 4252/2955/1553 7313/1614/1553 4249/2945/1553
f 4252/2955/1553 1252/2954/1252 3684/1615/1252 7313/1614/1553
f 2900/1613/1460 4254/2959/1942 1460/2956/1460
f 2900/1613/1460 2898/1612/1458 4254/2959/1942
f 2898/1612/1458 1458/2960/1458 4254/2959/1942
f 2693/1610/1253 4257/2964/1943 1253/2942/1253
f 2693/1610/1253 2897/1609/1457 4257/2964/1943
f 2897/1609/1457 1457/2965/1457 4257/2964/1943
f 4259/2969/1554 7314/1605/1554 3670/1608/1238 1238/2970/1238
f 1554/2974/1554 4262/2979/1554 7314/1605/1554 4259/2969/1554
f 4262/2979/1554 1250/2978/1250 3682/1606/1250 7314/1605/1554
f 4263/2981/1555 7315/1601/1555 3677/1604/1245 1245/2982/1245
f 1555/2986/1555 4266/2991/1555 7315/1601/1555 4263/2981/1555
f 4266/2991/1555 1248/2990/1248 3680/1602/1248 7315/1601/1555
f 4267/2993/1556 7316/1597/1556 3669/1600/1237 1237/2994/1237
f 1556/2998/1556 4270/3003/1556 7316/1597/1556 4267/2993/1556
f 4270/3003/1556 1246/3002/1246 3678/1598/1246 7316/1597/1556
f 4271/3005/1557 7317/1593/1557 3676/1596/1244 1244/3006/1244
f 1557/3010/1557 4274/3015/1557 7317/1593/1557 4271/3005/1557
f 4274/3015/1557 1249/3014/1249 2689/1594/1249 7317/1593/1557
f 4275/3017/1558 7318/1589/1558 3668/1592/1236 1236/3018/1236
f 1558/3022/1558 4278/3027/1558 7318/1589/1558 4275/3017/1558
f 4278/3027/1558 1247/3026/1247 2687/1590/1247 7318/1589/1558
f 4279/3029/1559 7319/1585/1559 3642/1588/1210 1210/3030/1210
f 1559/3034/1559 4282/3039/1559 7319/1585/1559 4279/3029/1559
f 4282/3039/1559 1231/3038/1231 3663/1586/1231 7319/1585/1559
f 2898/1584/1458 4284/3043/1944 1458/3040/1458
f 2898/1584/1458 2896/1583/1456 4284/3043/1944
f 2896/1583/1456 1456/3044/1456 4284/3043/1944
f 3650/1581/1218 4287/3049/1945 1218/3047/1218
f 3650/1581/1218 2895/1580/1455 4287/3049/1945
f 2895/1580/1455 1455/3050/1455 4287/3049/1945
f 4289/3054/1560 7320/1576/1560 3641/1579/1209 1209/3055/1209
f 1560/3059/1560 4292/3064/1560 7320/1576/1560 4289/3054/1560
f 4292/3064/1560 1229/3063/1229 3661/1577/1229 7320/1576/1560
f 4293/3066/1561 7321/1572/1561 3648/1575/1216 1216/3067/1216
f 1561/3071/1561 4296/3076/1561 7321/1572/1561 4293/3066/1561
f 4296/3076/1561 1228/3075/1228 3660/1573/1228 7321/1572/1561
f 4297/3078/1562 7322/1568/1562 3640/1571/1208 1208/3079/1208
f 1562/3083/1562 4300/3088/1562 7322/1568/1562 4297/3078/1562
f 4300/3088/1562 1227/3087/1227 3659/1569/1227 7322/1568/1562
f 4301/3090/1563 7323/1564/1563 3647/1567/1215 1215/3091/1215
f 1563/3095/1563 4304/3100/1563 7323/1564/1563 4301/3090/1563
f 4304/3100/1563 1226/3099/1226 3658/1565/1226 7323/1564/1563
f 4305/3102/1564 7324/1560/1564 3639/1563/1207 1207/3103/1207
f 1564/3107/1564 4308/3112/1564 7324/1560/1564 4305/3102/1564
f 4308/3112/1564 1225/3111/1225 3657/1561/1225 7324/1560/1564
f 4309/3114/1565 7325/1556/1565 3646/1559/1214 1214/3115/1214
f 1565/3119/1565 4312/3124/1565 7325/1556/1565 4309/3114/1565
f 4312/3124/1565 1224/3123/1224 3656/1557/1224 7325/1556/1565
f 4313/3126/1566 7326/1552/1566 3638/1555/1206 1206/3127/1206
f 1566/3131/1566 4316/3136/1566 7326/1552/1566 4313/3126/1566
f 4316/3136/1566 1223/3135/1223 3655/1553/1223 7326/1552/1566
f 4317/3138/1567 7327/1548/1567 3645/1551/1213 1213/3139/1213
f 1567/3143/1567 4320/3148/1567 7327/1548/1567 4317/3138/1567
f 4320/3148/1567 1222/3147/1222 3654/1549/1222 7327/1548/1567
f 4321/3150/1568 7328/1544/1568 3637/1547/1205 1205/3151/1205
f 1568/3155/1568 4324/3160/1568 7328/1544/1568 4321/3150/1568
f 4324/3160/1568 1221/3159/1221 3653/1545/1221 7328/1544/1568
f 4325/3162/1569 7329/1540/1569 3644/1543/1212 1212/3163/1212
f 1569/3167/1569 4328/3172/1569 7329/1540/1569 4325/3162/1569
f 4328/3172/1569 1219/3171/1219 3651/1541/1219 7329/1540/1569
f 4329/3174/1570 7330/1536/1570 3636/1539/1204 1204/3175/1204
f 1570/3179/1570 4332/3184/1570 7330/1536/1570 4329/3174/1570
f 4332/3184/1570 1217/3183/1217 3649/1537/1217 7330/1536/1570
f 4333/3186/1571 7331/1532/1571 3643/1535/1211 1211/3187/1211
f 1571/3191/1571 4336/3196/1571 7331/1532/1571 4333/3186/1571
f 4336/3196/1571 1220/3195/1220 2660/1533/1220 7331/1532/1571
f 4337/3198/1572 7332/1528/1572 3635/1531/1203 1203/3199/1203
f 1572/3203/1572 4340/3206/1572 7332/1528/1572 4337/3198/1572
f 4340/3206/1572 1218/3047/1218 2658/1529/1218 7332/1528/1572
f 4341/3208/1573 7333/1524/1573 3609/1527/1177 1177/3209/1177
f 1573/3213/1573 4344/3218/1573 7333/1524/1573 4341/3208/1573
f 4344/3218/1573 1202/3217/1202 3634/1525/1202 7333/1524/1573
f 4345/3220/1574 7334/1520/1574 3616/1523/1184 1184/3221/1184
f 1574/3225/1574 4348/3230/1574 7334/1520/1574 4345/3220/1574
f 4348/3230/1574 1201/3229/1201 3633/1521/1201 7334/1520/1574
f 4349/3232/1575 7335/1516/1575 3608/1519/1176 1176/3233/1176
f 1575/3237/1575 4352/3242/1575 7335/1516/1575 4349/3232/1575
f 4352/3242/1575 1200/3241/1200 3632/1517/1200 7335/1516/1575
f 4353/3244/1576 7336/1512/1576 3615/1515/1183 1183/3245/1183
f 1576/3249/1576 4356/3254/1576 7336/1512/1576 4353/3244/1576
f 4356/3254/1576 1199/3253/1199 3631/1513/1199 7336/1512/1576
f 4357/3256/1577 7337/1508/1577 3607/1511/1175 1175/3257/1175
f 1577/3261/1577 4360/3266/1577 7337/1508/1577 4357/3256/1577
f 4360/3266/1577 1198/3265/1198 3630/1509/1198 7337/1508/1577
f 4361/3268/1578 7338/1504/1578 3614/1507/1182 1182/3269/1182
f 1578/3273/1578 4364/3278/1578 7338/1504/1578 4361/3268/1578
f 4364/3278/1578 1197/3277/1197 3629/1505/1197 7338/1504/1578
f 4365/3280/1579 7339/1500/1579 3606/1503/1174 1174/3281/1174
f 1579/3285/1579 4368/3289/1579 7339/1500/1579 4365/3280/1579
f 4368/3289/1579 1196/3288/1196 3628/1501/1196 7339/1500/1579
f 4369/3291/1946 7340/1496/1580 3613/1499/1181 1181/3292/1181
f 1580/3296/1580 4372/3301/1580 7340/1496/1580 4369/3291/1946
f 4372/3301/1580 1195/3300/1195 3627/1497/1195 7340/1496/1580
f 2896/1495/1456 4374/3305/1947 1456/3302/1456
f 2896/1495/1456 2894/1494/1454 4374/3305/1947
f 2894/1494/1454 1454/3306/1454 4374/3305/1947
f 2636/1492/1196 4377/3310/1948 1196/3288/1196
f 2636/1492/1196 2893/1491/1453 4377/3310/1948
f 2893/1491/1453 1453/3311/1453 4377/3310/1948
f 4379/3315/1949 7341/1486/1949 3612/1489/1180 1180/3316/1180
f 1581/3320/1581 4382/3325/1581 7341/1486/1949 4379/3315/1949
f 4382/3325/1581 1193/3324/1193 3625/1487/1193 7341/1486/1949
f 4383/3327/1582 7342/1482/1582 3619/1485/1187 1187/3328/1187
f 1582/3332/1582 4386/3337/1582 7342/1482/1582 4383/3327/1582
f 4386/3337/1582 1192/3336/1192 3624/1483/1192 7342/1482/1582
f 4387/3339/1583 7343/1478/1583 3611/1481/1179 1179/3340/1179
f 1583/3344/1583 4390/3349/1583 7343/1478/1583 4387/3339/1583
f 4390/3349/1583 1190/3348/1190 3622/1479/1190 7343/1478/1583
f 4391/3351/1584 7344/1474/1584 3618/1477/1186 1186/3352/1186
f 1584/3356/1584 4394/3361/1584 7344/1474/1584 4391/3351/1584
f 4394/3361/1584 1188/3360/1188 3620/1475/1188 7344/1474/1584
f 4395/3363/1585 7345/1470/1585 3610/1473/1178 1178/3364/1178
f 1585/3368/1585 4398/3373/1585 7345/1470/1585 4395/3363/1585
f 4398/3373/1585 1191/3372/1191 2631/1471/1191 7345/1470/1585
f 4399/3375/1586 7346/1466/1586 3617/1469/1185 1185/3376/1185
f 1586/3380/1586 4402/3385/1586 7346/1466/1586 4399/3375/1586
f 4402/3385/1586 1189/3384/1189 2629/1467/1189 7346/1466/1586
f 2894/1465/1454 4404/3389/1950 1454/3386/1454
f 2894/1465/1454 2892/1464/1452 4404/3389/1950
f 2892/1464/1452 1452/3390/1452 4404/3389/1950
f 3594/1462/1162 4407/3395/1951 1162/3393/1162
f 3594/1462/1162 2891/1461/1451 4407/3395/1951
f 2891/1461/1451 1451/3396/1451 4407/3395/1951
f 4409/3400/1587 7347/1457/1587 3583/1460/1151 1151/3401/1151
f 1587/3405/1587 4412/3410/1587 7347/1457/1587 4409/3400/1587
f 4412/3410/1587 1172/3409/1172 3604/1458/1172 7347/1457/1587
f 4413/3412/1588 7348/1453/1588 3590/1456/1158 1158/3413/1158
f 1588/3417/1588 4416/3422/1588 7348/1453/1588 4413/3412/1588
f 4416/3422/1588 1171/3421/1171 3603/1454/1171 7348/1453/1588
f 4417/3424/1589 7349/1449/1589 3582/1452/1150 1150/3425/1150
f 1589/3429/1589 4420/3434/1589 7349/1449/1589 4417/3424/1589
f 4420/3434/1589 1170/3433/1170 3602/1450/1170 7349/1449/1589
f 4421/3436/1590 7350/1445/1590 3589/1448/1157 1157/3437/1157
f 1590/3441/1590 4424/3446/1590 7350/1445/1590 4421/3436/1590
f 4424/3446/1590 1169/3445/1169 3601/1446/1169 7350/1445/1590
f 4425/3448/1591 7351/1441/1591 3581/1444/1149 1149/3449/1149
f 1591/3453/1591 4428/3458/1591 7351/1441/1591 4425/3448/1591
f 4428/3458/1591 1168/3457/1168 3600/1442/1168 7351/1441/1591
f 4429/3460/1592 7352/1437/1592 3588/1440/1156 1156/3461/1156
f 1592/3465/1592 4432/3470/1592 7352/1437/1592 4429/3460/1592
f 4432/3470/1592 1167/3469/1167 3599/1438/1167 7352/1437/1592
f 4433/3472/1593 7353/1433/1593 3580/1436/1148 1148/3473/1148
f 1593/3477/1593 4436/3482/1593 7353/1433/1593 4433/3472/1593
f 4436/3482/1593 1166/3481/1166 3598/1434/1166 7353/1433/1593
f 4437/3484/1594 7354/1429/1594 3587/1432/1155 1155/3485/1155
f 1594/3489/1594 4440/3494/1594 7354/1429/1594 4437/3484/1594
f 4440/3494/1594 1165/3493/1165 3597/1430/1165 7354/1429/1594
f 4441/3496/1595 7355/1425/1595 3579/1428/1147 1147/3497/1147
f 1595/3501/1595 4444/3506/1595 7355/1425/1595 4441/3496/1595
f 4444/3506/1595 1164/3505/1164 3596/1426/1164 7355/1425/1595
f 4445/3508/1596 7356/1421/1596 3586/1424/1154 1154/3509/1154
f 1596/3513/1596 4448/3518/1596 7356/1421/1596 4445/3508/1596
f 4448/3518/1596 1163/3517/1163 3595/1422/1163 7356/1421/1596
f 4449/3520/1597 7357/1417/1597 3578/1420/1146 1146/3521/1146
f 1597/3525/1597 4452/3530/1597 7357/1417/1597 4449/3520/1597
f 4452/3530/1597 1161/3529/1161 3593/1418/1161 7357/1417/1597
f 4453/3532/1598 7358/1413/1598 3585/1416/1153 1153/3533/1153
f 1598/3537/1598 4456/3542/1598 7358/1413/1598 4453/3532/1598
f 4456/3542/1598 1159/3541/1159 3591/1414/1159 7358/1413/1598
f 4457/3544/1599 7359/1409/1599 3577/1412/1145 1145/3545/1145
f 1599/3549/1599 4460/3552/1599 7359/1409/1599 4457/3544/1599
f 4460/3552/1599 1162/3393/1162 2602/1410/1162 7359/1409/1599
f 4461/3554/1600 7360/1405/1600 3584/1408/1152 1152/3555/1152
f 1600/3559/1600 4464/3564/1600 7360/1405/1600 4461/3554/1600
f 4464/3564/1600 1160/3563/1160 2600/1406/1160 7360/1405/1600
f 4465/3566/1601 7361/1401/1601 3558/1404/1126 1126/3567/1126
f 1601/3571/1601 4468/3576/1601 7361/1401/1601 4465/3566/1601
f 4468/3576/1601 1144/3575/1144 3576/1402/1144 7361/1401/1601
f 4469/3578/1602 7362/1397/1602 3550/1400/1118 1118/3579/1118
f 1602/3583/1602 4472/3588/1602 7362/1397/1602 4469/3578/1602
f 4472/3588/1602 1143/3587/1143 3575/1398/1143 7362/1397/1602
f 4473/3590/1603 7363/1393/1603 3557/1396/1125 1125/3591/1125
f 1603/3595/1603 4476/3600/1603 7363/1393/1603 4473/3590/1603
f 4476/3600/1603 1142/3599/1142 3574/1394/1142 7363/1393/1603
f 4477/3602/1604 7364/1389/1604 3549/1392/1117 1117/3603/1117
f 1604/3607/1604 4480/3612/1604 7364/1389/1604 4477/3602/1604
f 4480/3612/1604 1141/3611/1141 3573/1390/1141 7364/1389/1604
f 4481/3614/1605 7365/1385/1605 3556/1388/1124 1124/3615/1124
f 1605/3619/1605 4484/3624/1605 7365/1385/1605 4481/3614/1605
f 4484/3624/1605 1140/3623/1140 3572/1386/1140 7365/1385/1605
f 4485/3626/1606 7366/1381/1606 3548/1384/1116 1116/3627/1116
f 1606/3631/1606 4488/3635/1606 7366/1381/1606 4485/3626/1606
f 4488/3635/1606 1139/3634/1139 3571/1382/1139 7366/1381/1606
f 4489/3637/1607 7367/1377/1607 3555/1380/1123 1123/3638/1123
f 1607/3642/1607 4492/3647/1607 7367/1377/1607 4489/3637/1607
f 4492/3647/1607 1138/3646/1138 3570/1378/1138 7367/1377/1607
f 2892/1376/1452 4494/3651/1952 1452/3648/1452
f 2892/1376/1452 2890/1375/1450 4494/3651/1952
f 2890/1375/1450 1450/3652/1450 4494/3651/1952
f 2579/1373/1139 4497/3656/1953 1139/3634/1139
f 2579/1373/1139 2889/1372/1449 4497/3656/1953
f 2889/1372/1449 1449/3657/1449 4497/3656/1953
f 4499/3661/1608 7368/1368/1608 3554/1371/1122 1122/3662/1122
f 1608/3666/1608 4502/3671/1608 7368/1368/1608 4499/3661/1608
f 4502/3671/1608 1136/3670/1136 3568/1369/1136 7368/1368/1608
f 4503/3673/1609 7369/1364/1609 3561/1367/1129 1129/3674/1129
f 1609/3678/1609 4506/3683/1609 7369/1364/1609 4503/3673/1609
f 4506/3683/1609 1135/3682/1135 3567/1365/1135 7369/1364/1609
f 4507/3685/1610 7370/1360/1610 3553/1363/1121 1121/3686/1121
f 1610/3690/1610 4510/3695/1610 7370/1360/1610 4507/3685/1610
f 4510/3695/1610 1134/3694/1134 3566/1361/1134 7370/1360/1610
f 4511/3697/1611 7371/1356/1611 3560/1359/1128 1128/3698/1128
f 1611/3702/1611 4514/3707/1611 7371/1356/1611 4511/3697/1611
f 4514/3707/1611 1132/3706/1132 3564/1357/1132 7371/1356/1611
f 4515/3709/1612 7372/1352/1612 3552/1355/1120 1120/3710/1120
f 1612/3714/1612 4518/3719/1612 7372/1352/1612 4515/3709/1612
f 4518/3719/1612 1130/3718/1130 3562/1353/1130 7372/1352/1612
f 4519/3721/1613 7373/1348/1613 3559/1351/1127 1127/3722/1127
f 1613/3726/1613 4522/3731/1613 7373/1348/1613 4519/3721/1613
f 4522/3731/1613 1133/3730/1133 2573/1349/1133 7373/1348/1613
f 4523/3733/1614 7374/1344/1614 3551/1347/1119 1119/3734/1119
f 1614/3738/1614 4526/3743/1614 7374/1344/1614 4523/3733/1614
f 4526/3743/1614 1131/3742/1131 2571/1345/1131 7374/1344/1614
f 4527/3745/1615 7375/1340/1615 3525/1343/1093 1093/3746/1093
f 1615/3750/1615 4530/3755/1615 7375/1340/1615 4527/3745/1615
f 4530/3755/1615 1115/3754/1115 3547/1341/1115 7375/1340/1615
f 4531/3757/1616 7376/1336/1616 3532/1339/1100 1100/3758/1100
f 1616/3762/1616 4534/3767/1616 7376/1336/1616 4531/3757/1616
f 4534/3767/1616 1114/3766/1114 3546/1337/1114 7376/1336/1616
f 4535/3769/1617 7377/1332/1617 3524/1335/1092 1092/3770/1092
f 1617/3774/1617 4538/3779/1617 7377/1332/1617 4535/3769/1617
f 4538/3779/1617 1113/3778/1113 3545/1333/1113 7377/1332/1617
f 4539/3781/1618 7378/1328/1618 3531/1331/1099 1099/3782/1099
f 1618/3786/1618 4542/3791/1618 7378/1328/1618 4539/3781/1618
f 4542/3791/1618 1112/3790/1112 3544/1329/1112 7378/1328/1618
f 4543/3793/1619 7379/1324/1619 3523/1327/1091 1091/3794/1091
f 1619/3798/1619 4546/3803/1619 7379/1324/1619 4543/3793/1619
f 4546/3803/1619 1111/3802/1111 3543/1325/1111 7379/1324/1619
f 4547/3805/1620 7380/1320/1620 3530/1323/1098 1098/3806/1098
f 1620/3810/1620 4550/3815/1620 7380/1320/1620 4547/3805/1620
f 4550/3815/1620 1110/3814/1110 3542/1321/1110 7380/1320/1620
f 4551/3817/1621 7381/1316/1621 3522/1319/1090 1090/3818/1090
f 1621/3822/1621 4554/3827/1621 7381/1316/1621 4551/3817/1621
f 4554/3827/1621 1109/3826/1109 3541/1317/1109 7381/1316/1621
f 4555/3829/1622 7382/1312/1622 3529/1315/1097 1097/3830/1097
f 1622/3834/1622 4558/3839/1622 7382/1312/1622 4555/3829/1622
f 4558/3839/1622 1108/3838/1108 3540/1313/1108 7382/1312/1622
f 4559/3841/1623 7383/1308/1623 3521/1311/1089 1089/3842/1089
f 1623/3846/1623 4562/3851/1623 7383/1308/1623 4559/3841/1623
f 4562/3851/1623 1107/3850/1107 3539/1309/1107 7383/1308/1623
f 4563/3853/1624 7384/1304/1624 3528/1307/1096 1096/3854/1096
f 1624/3858/1624 4566/3863/1624 7384/1304/1624 4563/3853/1624
f 4566/3863/1624 1106/3862/1106 3538/1305/1106 7384/1304/1624
f 4567/3865/1625 7385/1300/1625 3520/1303/1088 1088/3866/1088
f 1625/3870/1625 4570/3875/1625 7385/1300/1625 4567/3865/1625
f 4570/3875/1625 1105/3874/1105 3537/1301/1105 7385/1300/1625
f 4571/3877/1626 7386/1296/1626 3527/1299/1095 1095/3878/1095
f 1626/3882/1626 4574/3887/1626 7386/1296/1626 4571/3877/1626
f 4574/3887/1626 1103/3886/1103 3535/1297/1103 7386/1296/1626
f 4575/3889/1627 7387/1292/1627 3519/1295/1087 1087/3890/1087
f 1627/3894/1627 4578/3898/1627 7387/1292/1627 4575/3889/1627
f 4578/3898/1627 1101/3897/1101 3533/1293/1101 7387/1292/1627
f 4579/3900/1628 7388/1288/1628 3526/1291/1094 1094/3901/1094
f 1628/3905/1628 4582/3910/1628 7388/1288/1628 4579/3900/1628
f 4582/3910/1628 1104/3909/1104 2544/1289/1104 7388/1288/1628
f 2890/1287/1450 4584/3914/1955 1450/3911/1450
f 2890/1287/1450 2888/1286/1448 4584/3914/1955
f 2888/1286/1448 1448/3915/1448 4584/3914/1955
f 2541/1284/1101 4587/3919/1956 1101/3897/1101
f 2541/1284/1101 2887/1283/1447 4587/3919/1956
f 2887/1283/1447 1447/3920/1447 4587/3919/1956
f 4589/3924/1629 7389/1279/1629 3492/1282/1060 1060/3925/1060
f 1629/3929/1629 4592/3934/1629 7389/1279/1629 4589/3924/1629
f 4592/3934/1629 1086/3933/1086 3518/1280/1086 7389/1279/1629
f 4593/3936/1630 7390/1275/1630 3499/1278/1067 1067/3937/1067
f 1630/3941/1630 4596/3946/1630 7390/1275/1630 4593/3936/1630
f 4596/3946/1630 1085/3945/1085 3517/1276/1085 7390/1275/1630
f 4597/3948/1631 7391/1271/1631 3491/1274/1059 1059/3949/1059
f 1631/3953/1631 4600/3958/1631 7391/1271/1631 4597/3948/1631
f 4600/3958/1631 1084/3957/1084 3516/1272/1084 7391/1271/1631
f 4601/3960/1632 7392/1267/1632 3498/1270/1066 1066/3961/1066
f 1632/3965/1632 4604/3970/1632 7392/1267/1632 4601/3960/1632
f 4604/3970/1632 1083/3969/1083 3515/1268/1083 7392/1267/1632
f 4605/3972/1633 7393/1263/1633 3490/1266/1058 1058/3973/1058
f 1633/3977/1633 4608/3981/1633 7393/1263/1633 4605/3972/1633
f 4608/3981/1633 1082/3980/1082 3514/1264/1082 7393/1263/1633
f 4609/3983/1634 7394/1259/1634 3497/1262/1065 1065/3984/1065
f 1634/3988/1634 4612/3993/1634 7394/1259/1634 4609/3983/1634
f 4612/3993/1634 1081/3992/1081 3513/1260/1081 7394/1259/1634
f 2888/1258/1448 4614/3997/1957 1448/3994/1448
f 2888/1258/1448 2482/1257/1042 4614/3997/1957
f 2482/1257/1042 1042/3998/1042 4614/3997/1957
f 2522/1255/1082 4617/4002/1958 1082/3980/1082
f 2522/1255/1082 2886/1254/1446 4617/4002/1958
f 2886/1254/1446 1446/4003/1446 4617/4002/1958
f 4619/4007/1635 7395/1250/1635 3496/1253/1064 1064/4008/1064
f 1635/4012/1635 4622/4017/1635 7395/1250/1635 4619/4007/1635
f 4622/4017/1635 1079/4016/1079 3511/1251/1079 7395/1250/1635
f 4623/4019/1636 7396/1246/1636 3503/1249/1071 1071/4020/1071
f 1636/4024/1636 4626/4029/1636 7396/1246/1636 4623/4019/1636
f 4626/4029/1636 1078/4028/1078 3510/1247/1078 7396/1246/1636
f 4627/4031/1637 7397/1242/1637 3495/1245/1063 1063/4032/1063
f 1637/4036/1637 4630/4041/1637 7397/1242/1637 4627/4031/1637
f 4630/4041/1637 1077/4040/1077 3509/1243/1077 7397/1242/1637
f 4631/4043/1638 7398/1238/1638 3502/1241/1070 1070/4044/1070
f 1638/4048/1638 4634/4053/1638 7398/1238/1638 4631/4043/1638
f 4634/4053/1638 1076/4052/1076 3508/1239/1076 7398/1238/1638
f 4635/4055/1639 7399/1234/1639 3494/1237/1062 1062/4056/1062
f 1639/4060/1639 4638/4065/1639 7399/1234/1639 4635/4055/1639
f 4638/4065/1639 1074/4064/1074 3506/1235/1074 7399/1234/1639
f 4639/4067/1640 7400/1230/1640 3501/1233/1069 1069/4068/1069
f 1640/4072/1640 4642/4077/1640 7400/1230/1640 4639/4067/1640
f 4642/4077/1640 1072/4076/1072 3504/1231/1072 7400/1230/1640
f 4643/4079/1641 7401/1226/1641 3493/1229/1061 1061/4080/1061
f 1641/4084/1641 4646/4089/1641 7401/1226/1641 4643/4079/1641
f 4646/4089/1641 1075/4088/1075 2515/1227/1075 7401/1226/1641
f 4647/4091/1642 7402/1222/1642 3500/1225/1068 1068/4092/1068
f 1642/4096/1642 4650/4101/1642 7402/1222/1642 4647/4091/1642
f 4650/4101/1642 1073/4100/1073 2513/1223/1073 7402/1222/1642
f 4651/4103/1643 7403/1218/1643 3465/1221/1033 1033/4104/1033
f 1643/4108/1643 4654/4113/1643 7403/1218/1643 4651/4103/1643
f 4654/4113/1643 1057/4112/1057 3489/1219/1057 7403/1218/1643
f 4655/4115/1644 7404/1214/1644 3472/1217/1040 1040/4116/1040
f 1644/4120/1644 4658/4125/1644 7404/1214/1644 4655/4115/1644
f 4658/4125/1644 1056/4124/1056 3488/1215/1056 7404/1214/1644
f 4659/4127/1645 7405/1210/1645 3464/1213/1032 1032/4128/1032
f 1645/4132/1645 4662/4137/1645 7405/1210/1645 4659/4127/1645
f 4662/4137/1645 1055/4136/1055 3487/1211/1055 7405/1210/1645
f 4663/4139/1646 7406/1206/1646 3471/1209/1039 1039/4140/1039
f 1646/4144/1646 4666/4149/1646 7406/1206/1646 4663/4139/1646
f 4666/4149/1646 1054/4148/1054 3486/1207/1054 7406/1206/1646
f 4667/4151/1647 7407/1202/1647 3463/1205/1031 1031/4152/1031
f 1647/4156/1647 4670/4161/1647 7407/1202/1647 4667/4151/1647
f 4670/4161/1647 1053/4160/1053 3485/1203/1053 7407/1202/1647
f 4671/4163/1648 7408/1198/1648 3470/1201/1038 1038/4164/1038
f 1648/4168/1648 4674/4173/1648 7408/1198/1648 4671/4163/1648
f 4674/4173/1648 1052/4172/1052 3484/1199/1052 7408/1198/1648
f 4675/4175/1649 7409/1194/1649 3462/1197/1030 1030/4176/1030
f 1649/4180/1649 4678/4185/1649 7409/1194/1649 4675/4175/1649
f 4678/4185/1649 1051/4184/1051 3483/1195/1051 7409/1194/1649
f 4679/4187/1650 7410/1190/1650 3469/1193/1037 1037/4188/1037
f 1650/4192/1650 4682/4197/1650 7410/1190/1650 4679/4187/1650
f 4682/4197/1650 1050/4196/1050 3482/1191/1050 7410/1190/1650
f 4683/4199/1651 7411/1186/1651 3461/1189/1029 1029/4200/1029
f 1651/4204/1651 4686/4209/1651 7411/1186/1651 4683/4199/1651
f 4686/4209/1651 1049/4208/1049 3481/1187/1049 7411/1186/1651
f 4687/4211/1652 7412/1182/1652 3468/1185/1036 1036/4212/1036
f 1652/4216/1652 4690/4221/1652 7412/1182/1652 4687/4211/1652
f 4690/4221/1652 1048/4220/1048 3480/1183/1048 7412/1182/1652
f 4691/4223/1653 7413/1178/1653 3460/1181/1028 1028/4224/1028
f 1653/4228/1653 4694/4232/1653 7413/1178/1653 4691/4223/1653
f 4694/4232/1653 1047/4231/1047 3479/1179/1047 7413/1178/1653
f 4695/4234/1654 7414/1174/1654 3467/1177/1035 1035/4235/1035
f 1654/4239/1654 4698/4244/1654 7414/1174/1654 4695/4234/1654
f 4698/4244/1654 1045/4243/1045 3477/1175/1045 7414/1174/1654
f 2482/1173/1042 4700/4248/1959 1042/4245/1042
f 2482/1173/1042 2885/1172/1445 4700/4248/1959
f 2885/1172/1445 1445/4249/1445 4700/4248/1959
f 2487/1170/1047 4703/4253/1960 1047/4231/1047
f 2487/1170/1047 2884/1169/1444 4703/4253/1960
f 2884/1169/1444 1444/4254/1444 4703/4253/1960
f 4705/4258/1655 7415/1165/1655 3466/1168/1034 1034/4259/1034
f 1655/4263/1655 4708/4268/1655 7415/1165/1655 4705/4258/1655
f 4708/4268/1655 1046/4267/1046 2486/1166/1046 7415/1165/1655
f 4709/4270/1656 7416/1161/1656 3473/1164/1041 1041/4271/1041
f 1656/4275/1656 4712/4280/1656 7416/1161/1656 4709/4270/1656
f 4712/4280/1656 1044/4279/1044 2484/1162/1044 7416/1161/1656
f 4713/4282/1657 7417/1157/1657 3432/1160/1000 1000/4283/1000
f 1657/4287/1657 4716/4292/1961 7417/1157/1657 4713/4282/1657
f 4716/4292/1961 1027/4291/1027 3459/1158/1027 7417/1157/1657
f 4717/4294/1658 7418/1153/1658 3439/1156/1007 1007/4295/1007
f 1658/4299/1658 4720/4304/1658 7418/1153/1658 4717/4294/1658
f 4720/4304/1658 1026/4303/1026 3458/1154/1026 7418/1153/1658
f 4721/4306/1659 7419/1149/1659 3431/1152/999 999/4307/999
f 1659/4311/1659 4724/4315/1659 7419/1149/1659 4721/4306/1659
f 4724/4315/1659 1025/4314/1025 3457/1150/1025 7419/1149/1659
f 4725/4317/1660 7420/1145/1660 3438/1148/1006 1006/4318/1006
f 1660/4322/1660 4728/4327/1660 7420/1145/1660 4725/4317/1660
f 4728/4327/1660 1024/4326/1024 3456/1146/1024 7420/1145/1660
f 2885/1144/1445 4730/4331/1962 1445/4328/1445
f 2885/1144/1445 2883/1143/1443 4730/4331/1962
f 2883/1143/1443 1443/4332/1443 4730/4331/1962
f 2465/1141/1025 4733/4336/1963 1025/4314/1025
f 2465/1141/1025 2882/1140/1442 4733/4336/1963
f 2882/1140/1442 1442/4337/1442 4733/4336/1963
f 4735/4341/1661 7421/1136/1661 3437/1139/1005 1005/4342/1005
f 1661/4346/1661 4738/4351/1661 7421/1136/1661 4735/4341/1661
f 4738/4351/1661 1022/4350/1022 3454/1137/1022 7421/1136/1661
f 4739/4353/1662 7422/1132/1662 3444/1135/1012 1012/4354/1012
f 1662/4358/1662 4742/4363/1662 7422/1132/1662 4739/4353/1662
f 4742/4363/1662 1021/4362/1021 3453/1133/1021 7422/1132/1662
f 4743/4365/1663 7423/1128/1663 3436/1131/1004 1004/4366/1004
f 1663/4370/1663 4746/4375/1663 7423/1128/1663 4743/4365/1663
f 4746/4375/1663 1020/4374/1020 3452/1129/1020 7423/1128/1663
f 4747/4377/1664 7424/1124/2024 3443/1127/1011 1011/4378/1011
f 1664/4382/1664 4750/4387/1664 7424/1124/2024 4747/4377/1664
f 4750/4387/1664 1019/4386/1019 3451/1125/1019 7424/1124/2024
f 4751/4389/1665 7425/1120/1665 3435/1123/1003 1003/4390/1003
f 1665/4394/1665 4754/4399/1665 7425/1120/1665 4751/4389/1665
f 4754/4399/1665 1018/4398/1018 3450/1121/1018 7425/1120/1665
f 4755/4401/1666 7426/1116/1666 3442/1119/1010 1010/4402/1010
f 1666/4406/1666 4758/4411/1666 7426/1116/1666 4755/4401/1666
f 4758/4411/1666 1017/4410/1017 3449/1117/1017 7426/1116/1666
f 4759/4413/1667 7427/1112/1667 3434/1115/1002 1002/4414/1002
f 1667/4418/1667 4762/4423/1667 7427/1112/1667 4759/4413/1667
f 4762/4423/1667 1015/4422/1015 3447/1113/1015 7427/1112/1667
f 4763/4425/1668 7428/1108/1668 3441/1111/1009 1009/4426/1009
f 1668/4430/1668 4766/4435/1668 7428/1108/1668 4763/4425/1668
f 4766/4435/1668 1013/4434/1013 3445/1109/1013 7428/1108/1668
f 4767/4437/1669 7429/1104/1669 3433/1107/1925 1001/4438/1001
f 1669/4442/1669 4770/4447/1669 7429/1104/1669 4767/4437/1669
f 4770/4447/1669 1016/4446/1016 2456/1105/1016 7429/1104/1669
f 4771/4449/1670 7430/1100/1670 3440/1103/1008 1008/4450/1008
f 1670/4454/1670 4774/4459/1670 7430/1100/1670 4771/4449/1670
f 4774/4459/1670 1014/4458/1014 2454/1101/1014 7430/1100/1670
f 4775/4461/1671 7431/1096/1671 3414/1099/982 982/4462/982
f 1671/4466/1671 4778/4471/1671 7431/1096/1671 4775/4461/1671
f 4778/4471/1671 998/4470/998 3430/1097/998 7431/1096/1671
f 4779/4473/1672 7432/1092/1672 3406/1095/974 974/4474/974
f 1672/4478/1672 4782/4483/1672 7432/1092/1672 4779/4473/1672
f 4782/4483/1672 997/4482/997 3429/1093/997 7432/1092/1672
f 4783/4485/1673 7433/1088/1673 3413/1091/981 981/4486/981
f 1673/4490/1673 4786/4495/1673 7433/1088/1673 4783/4485/1673
f 4786/4495/1673 996/4494/996 3428/1089/996 7433/1088/1673
f 4787/4497/1674 7434/1084/1674 3405/1087/973 973/4498/973
f 1674/4502/1674 4790/4507/1674 7434/1084/1674 4787/4497/1674
f 4790/4507/1674 995/4506/995 3427/1085/995 7434/1084/1674
f 4791/4509/1675 7435/1080/1675 3412/1083/980 980/4510/980
f 1675/4514/1675 4794/4519/1675 7435/1080/1675 4791/4509/1675
f 4794/4519/1675 994/4518/994 3426/1081/994 7435/1080/1675
f 4795/4521/1676 7436/1076/1676 3404/1079/972 972/4522/972
f 1676/4526/1676 4798/4531/1676 7436/1076/1676 4795/4521/1676
f 4798/4531/1676 993/4530/993 3425/1077/993 7436/1076/1676
f 4799/4533/1677 7437/1072/1677 3411/1075/979 979/4534/979
f 1677/4538/1677 4802/4543/1677 7437/1072/1677 4799/4533/1677
f 4802/4543/1677 992/4542/992 3424/1073/992 7437/1072/1677
f 4803/4545/1678 7438/1068/1678 3403/1071/971 971/4546/971
f 1678/4550/1678 4806/4555/1678 7438/1068/1678 4803/4545/1678
f 4806/4555/1678 991/4554/991 3423/1069/991 7438/1068/1678
f 4807/4557/1679 7439/1064/1679 3410/1067/978 978/4558/978
f 1679/4562/1679 4810/4567/1679 7439/1064/1679 4807/4557/1679
f 4810/4567/1679 990/4566/990 3422/1065/990 7439/1064/1679
f 4811/4569/1680 7440/1060/1680 3402/1063/970 970/4570/970
f 1680/4574/1680 4814/4578/1680 7440/1060/1680 4811/4569/1680
f 4814/4578/1680 989/4577/989 3421/1061/989 7440/1060/1680
f 4815/4580/1681 7441/1056/1681 3409/1059/977 977/4581/977
f 1681/4585/1681 4818/4590/1681 7441/1056/1681 4815/4580/1681
f 4818/4590/1681 988/4589/988 3420/1057/988 7441/1056/1681
f 2883/1055/1443 4820/4594/1964 1443/4591/1443
f 2883/1055/1443 2881/1054/1441 4820/4594/1964
f 2881/1054/1441 1441/4595/1441 4820/4594/1964
f 2429/1052/989 4823/4599/1965 989/4577/989
f 2429/1052/989 2880/1051/1440 4823/4599/1965
f 2880/1051/1440 1440/4600/1440 4823/4599/1965
f 4825/4604/1682 7442/1047/1682 3408/1050/976 976/4605/976
f 1682/4609/1682 4828/4614/1682 7442/1047/1682 4825/4604/1682
f 4828/4614/1682 984/4613/984 3416/1048/984 7442/1047/1682
f 4829/4616/1683 7443/1043/1683 3415/1046/983 983/4617/983
f 1683/4621/1683 4832/4626/1683 7443/1043/1683 4829/4616/1683
f 4832/4626/1683 987/4625/987 2427/1044/987 7443/1043/1683
f 4833/4628/1684 7444/1039/1684 3407/1042/975 975/4629/975
f 1684/4633/1684 4836/4638/1684 7444/1039/1684 4833/4628/1684
f 4836/4638/1684 985/4637/985 2425/1040/985 7444/1039/1684
f 4837/4640/1685 7445/1035/1685 3381/1038/949 949/4641/949
f 1685/4645/1685 4840/4650/1685 7445/1035/1685 4837/4640/1685
f 4840/4650/1685 969/4649/969 3401/1036/969 7445/1035/1685
f 4841/4652/1686 7446/1031/1686 3373/1034/941 941/4653/941
f 1686/4657/1686 4844/4661/1686 7446/1031/1686 4841/4652/1686
f 4844/4661/1686 968/4660/968 3400/1032/968 7446/1031/1686
f 4845/4663/1687 7447/1027/1966 3380/1030/948 948/4664/948
f 1687/4668/1687 4848/4673/1687 7447/1027/1966 4845/4663/1687
f 4848/4673/1687 967/4672/967 3399/1028/967 7447/1027/1966
f 2881/1026/1441 4850/4677/1967 1441/4674/1441
f 2881/1026/1441 2879/1025/1439 4850/4677/1967
f 2879/1025/1439 1439/4678/1439 4850/4677/1967
f 2408/1023/968 4853/4682/1969 968/4660/968
f 2408/1023/968 2878/1022/1438 4853/4682/1969
f 2878/1022/1438 1438/4683/1438 4853/4682/1969
f 4855/4687/1688 7448/1018/1688 3379/1021/947 947/4688/947
f 1688/4692/1688 4858/4697/1688 7448/1018/1688 4855/4687/1688
f 4858/4697/1688 965/4696/965 3397/1019/965 7448/1018/1688
f 4859/4699/1689 7449/1014/1689 3386/1017/954 954/4700/954
f 1689/4704/1689 4862/4709/1689 7449/1014/1689 4859/4699/1689
f 4862/4709/1689 964/4708/964 3396/1015/964 7449/1014/1689
f 4863/4711/1690 7450/1010/1690 3378/1013/946 946/4712/946
f 1690/4716/1690 4866/4721/1690 7450/1010/1690 4863/4711/1690
f 4866/4721/1690 963/4720/963 3395/1011/963 7450/1010/1690
f 4867/4723/1691 7451/1006/1691 3385/1009/953 953/4724/953
f 1691/4728/1691 4870/4733/1691 7451/1006/1691 4867/4723/1691
f 4870/4733/1691 962/4732/962 3394/1007/962 7451/1006/1691
f 4871/4735/1692 7452/1002/1692 3377/1005/945 945/4736/945
f 1692/4740/1692 4874/4745/1692 7452/1002/1692 4871/4735/1692
f 4874/4745/1692 961/4744/961 3393/1003/961 7452/1002/1692
f 4875/4747/1693 7453/998/1693 3384/1001/952 952/4748/952
f 1693/4752/1693 4878/4757/1693 7453/998/1693 4875/4747/1693
f 4878/4757/1693 960/4756/960 3392/999/960 7453/998/1693
f 4879/4759/1694 7454/994/1694 3376/997/944 944/4760/944
f 1694/4764/1694 4882/4769/1694 7454/994/1694 4879/4759/1694
f 4882/4769/1694 959/4768/959 3391/995/959 7454/994/1694
f 4883/4771/1695 7455/990/1695 3383/993/951 951/4772/951
f 1695/4776/1695 4886/4781/1695 7455/990/1695 4883/4771/1695
f 4886/4781/1695 957/4780/957 3389/991/957 7455/990/1695
f 4887/4783/1696 7456/986/1696 3375/989/943 943/4784/943
f 1696/4788/1696 4890/4793/1696 7456/986/1696 4887/4783/1696
f 4890/4793/1696 955/4792/955 3387/987/955 7456/986/1696
f 4891/4795/1697 7457/982/1697 3382/985/950 950/4796/950
f 1697/4800/1697 4894/4805/1697 7457/982/1697 4891/4795/1697
f 4894/4805/1697 958/4804/958 2398/983/958 7457/982/1697
f 4895/4807/1698 7458/978/1698 3374/981/942 942/4808/942
f 1698/4812/1698 4898/4817/1698 7458/978/1698 4895/4807/1698
f 4898/4817/1698 956/4816/956 2396/979/956 7458/978/1698
f 4899/4819/1699 7459/974/1699 3348/977/916 916/4820/916
f 1699/4824/1699 4902/4829/1699 7459/974/1699 4899/4819/1699
f 4902/4829/1699 940/4828/940 3372/975/940 7459/974/1699
f 4903/4831/1700 7460/970/1700 3355/973/923 923/4832/923
f 1700/4836/1700 4906/4841/1700 7460/970/1700 4903/4831/1700
f 4906/4841/1700 939/4840/939 3371/971/939 7460/970/1700
f 4907/4843/1701 7461/966/1701 3347/969/915 915/4844/915
f 1701/4848/1701 4910/4853/1701 7461/966/1701 4907/4843/1701
f 4910/4853/1701 938/4852/938 3370/967/938 7461/966/1701
f 4911/4855/1702 7462/962/1702 3354/965/922 922/4856/922
f 1702/4860/1702 4914/4865/1702 7462/962/1702 4911/4855/1702
f 4914/4865/1702 937/4864/937 3369/963/937 7462/962/1702
f 4915/4867/1703 7463/958/1703 3346/961/914 914/4868/914
f 1703/4872/1703 4918/4877/1703 7463/958/1703 4915/4867/1703
f 4918/4877/1703 936/4876/936 3368/959/936 7463/958/1703
f 4919/4879/1704 7464/954/1704 3353/957/921 921/4880/921
f 1704/4884/1704 4922/4889/1704 7464/954/1704 4919/4879/1704
f 4922/4889/1704 935/4888/935 3367/955/935 7464/954/1704
f 4923/4891/1705 7465/950/1705 3345/953/913 913/4892/913
f 1705/4896/1705 4926/4901/1705 7465/950/1705 4923/4891/1705
f 4926/4901/1705 934/4900/934 3366/951/934 7465/950/1705
f 4927/4903/1706 7466/946/1706 3352/949/920 920/4904/920
f 1706/4908/1706 4930/4913/1706 7466/946/1706 4927/4903/1706
f 4930/4913/1706 933/4912/933 3365/947/933 7466/946/1706
f 4931/4915/1707 7467/942/1707 3344/945/912 912/4916/912
f 1707/4920/1707 4934/4924/1707 7467/942/1707 4931/4915/1707
f 4934/4924/1707 932/4923/932 3364/943/932 7467/942/1707
f 4935/4926/1708 7468/938/1708 3351/941/919 919/4927/919
f 1708/4931/1708 4938/4936/1708 7468/938/1708 4935/4926/1708
f 4938/4936/1708 931/4935/931 3363/939/931 7468/938/1708
f 2879/937/1439 4940/4940/1971 1439/4937/1439
f 2879/937/1439 2877/936/1437 4940/4940/1971
f 2877/936/1437 1437/4941/1437 4940/4940/1971
f 2372/934/932 4943/4945/1972 932/4923/932
f 2372/934/932 2876/933/1436 4943/4945/1972
f 2876/933/1436 1436/4946/1436 4943/4945/1972
f 4945/4950/1709 7469/929/1709 3350/932/918 918/4951/918
f 1709/4955/1709 4948/4960/1709 7469/929/1709 4945/4950/1709
f 4948/4960/1709 928/4959/928 3360/930/928 7469/929/1709
f 4949/4962/1710 7470/925/1710 3357/928/925 925/4963/925
f 1710/4967/1710 4952/4972/1710 7470/925/1710 4949/4962/1710
f 4952/4972/1710 926/4971/926 3358/926/926 7470/925/1710
f 4953/4974/1711 7471/921/1711 3349/924/917 917/4975/917
f 1711/4979/1711 4956/4984/1711 7471/921/1711 4953/4974/1711
f 4956/4984/1711 929/4983/929 2369/922/929 7471/921/1711
f 4957/4986/1712 7472/917/1712 3356/920/924 924/4987/924
f 1712/4991/1712 4960/4996/1712 7472/917/1712 4957/4986/1712
f 4960/4996/1712 927/4995/927 2367/918/927 7472/917/1712
f 4961/4998/1713 7473/913/1713 3315/916/883 883/4999/883
f 1713/5003/1713 4964/5007/1713 7473/913/1713 4961/4998/1713
f 4964/5007/1713 911/5006/911 3343/914/911 7473/913/1713
f 4965/5009/1714 7474/909/1714 3322/912/890 890/5010/890
f 1714/5014/1714 4968/5019/1714 7474/909/1714 4965/5009/1714
f 4968/5019/1714 910/5018/910 3342/910/910 7474/909/1714
f 2877/908/1437 4970/5023/1974 1437/5020/1437
f 2877/908/1437 2875/907/1435 4970/5023/1974
f 2875/907/1435 1435/5024/1435 4970/5023/1974
f 2351/905/911 4973/5028/1975 911/5006/911
f 2351/905/911 2874/904/1434 4973/5028/1975
f 2874/904/1434 1434/5029/1434 4973/5028/1975
f 4975/5033/1715 7475/900/1715 3321/903/889 889/5034/889
f 1715/5038/1715 4978/5043/1715 7475/900/1715 4975/5033/1715
f 4978/5043/1715 908/5042/908 3340/901/908 7475/900/1715
f 4979/5045/1716 7476/896/1716 3328/899/896 896/5046/896
f 1716/5050/1716 4982/5055/1716 7476/896/1716 4979/5045/1716
f 4982/5055/1716 907/5054/907 3339/897/907 7476/896/1716
f 4983/5057/1717 7477/892/1717 3320/895/888 888/5058/888
f 1717/5062/1717 4986/5067/1717 7477/892/1717 4983/5057/1717
f 4986/5067/1717 906/5066/906 3338/893/906 7477/892/1717
f 4987/5069/1718 7478/888/1718 3327/891/895 895/5070/895
f 1718/5074/1718 4990/5079/1718 7478/888/1718 4987/5069/1718
f 4990/5079/1718 905/5078/905 3337/889/905 7478/888/1718
f 4991/5081/1719 7479/884/1719 3319/887/887 887/5082/887
f 1719/5086/1719 4994/5091/1719 7479/884/1719 4991/5081/1719
f 4994/5091/1719 904/5090/904 3336/885/904 7479/884/1719
f 4995/5093/1720 7480/880/1720 3326/883/894 894/5094/894
f 1720/5098/1720 4998/5103/1720 7480/880/1720 4995/5093/1720
f 4998/5103/1720 903/5102/903 3335/881/903 7480/880/1720
f 4999/5105/1721 7481/876/1721 3318/879/886 886/5106/886
f 1721/5110/1721 5002/5115/1721 7481/876/1721 4999/5105/1721
f 5002/5115/1721 902/5114/902 3334/877/902 7481/876/1721
f 5003/5117/1722 7482/872/1722 3325/875/893 893/5118/893
f 1722/5122/1722 5006/5127/1722 7482/872/1722 5003/5117/1722
f 5006/5127/1722 901/5126/901 3333/873/901 7482/872/1722
f 5007/5129/1723 7483/868/1723 3317/871/885 885/5130/885
f 1723/5134/1723 5010/5139/1723 7483/868/1723 5007/5129/1723
f 5010/5139/1723 899/5138/899 3331/869/899 7483/868/1723
f 5011/5141/1724 7484/864/1724 3324/867/892 892/5142/892
f 1724/5146/1724 5014/5151/1724 7484/864/1724 5011/5141/1724
f 5014/5151/1724 897/5150/897 3329/865/897 7484/864/1724
f 5015/5153/1725 7485/860/1725 3316/863/884 884/5154/884
f 1725/5158/1725 5018/5163/1725 7485/860/1725 5015/5153/1725
f 5018/5163/1725 900/5162/900 2340/861/900 7485/860/1725
f 5019/5165/1726 7486/856/1726 3323/859/891 891/5166/891
f 1726/5170/1726 5022/5175/1726 7486/856/1726 5019/5165/1726
f 5022/5175/1726 898/5174/898 2338/857/898 7486/856/1726
f 5023/5177/1727 7487/852/1727 3297/855/865 865/5178/865
f 1727/5182/1727 5026/5187/1727 7487/852/1727 5023/5177/1727
f 5026/5187/1727 882/5186/882 3314/853/882 7487/852/1727
f 5027/5189/1728 7488/848/1728 3289/851/857 857/5190/857
f 1728/5194/1728 5030/5199/1728 7488/848/1728 5027/5189/1728
f 5030/5199/1728 881/5198/881 3313/849/881 7488/848/1728
f 5031/5201/1729 7489/844/1729 3296/847/864 864/5202/864
f 1729/5206/1729 5034/5211/1729 7489/844/1729 5031/5201/1729
f 5034/5211/1729 880/5210/880 3312/845/880 7489/844/1729
f 5035/5213/1730 7490/840/1730 3288/843/856 856/5214/856
f 1730/5218/1730 5038/5223/1730 7490/840/1730 5035/5213/1730
f 5038/5223/1730 879/5222/879 3311/841/879 7490/840/1730
f 5039/5225/1731 7491/836/1731 3295/839/863 863/5226/863
f 1731/5230/1731 5042/5235/1731 7491/836/1731 5039/5225/1731
f 5042/5235/1731 878/5234/878 3310/837/878 7491/836/1731
f 5043/5237/1732 7492/832/2023 3287/835/855 855/5238/855
f 1732/5242/1732 5046/5247/1732 7492/832/2023 5043/5237/1732
f 5046/5247/1732 877/5246/877 3309/833/877 7492/832/2023
f 5047/5249/1733 7493/828/1733 3294/831/862 862/5250/862
f 1733/5254/1733 5050/5259/1733 7493/828/1733 5047/5249/1733
f 5050/5259/1733 876/5258/876 3308/829/876 7493/828/1733
f 5051/5261/1734 7494/824/1734 3286/827/854 854/5262/854
f 1734/5266/1734 5054/5270/1734 7494/824/1734 5051/5261/1734
f 5054/5270/1734 875/5269/875 3307/825/875 7494/824/1734
f 5055/5272/1735 7495/820/1735 3293/823/861 861/5273/861
f 1735/5277/1735 5058/5282/1735 7495/820/1735 5055/5272/1735
f 5058/5282/1735 874/5281/874 3306/821/874 7495/820/1735
f 2875/819/1435 5060/5286/1976 1435/5283/1435
f 2875/819/1435 2873/818/1433 5060/5286/1976
f 2873/818/1433 1433/5287/1433 5060/5286/1976
f 2315/816/875 5063/5291/1977 875/5269/875
f 2315/816/875 2872/815/1432 5063/5291/1977
f 2872/815/1432 1432/5292/1432 5063/5291/1977
f 5065/5296/1736 7496/811/1736 3292/814/860 860/5297/860
f 1736/5301/1736 5068/5306/1736 7496/811/1736 5065/5296/1736
f 5068/5306/1736 872/5305/872 3304/812/872 7496/811/1736
f 5069/5308/1737 7497/807/1737 3299/810/867 867/5309/867
f 1737/5313/1737 5072/5318/1737 7497/807/1737 5069/5308/1737
f 5072/5318/1737 870/5317/870 3302/808/870 7497/807/1737
f 5073/5320/1738 7498/803/1738 3291/806/859 859/5321/859
f 1738/5325/1738 5076/5330/1738 7498/803/1738 5073/5320/1738
f 5076/5330/1738 868/5329/868 3300/804/868 7498/803/1738
f 5077/5332/1978 7499/799/1978 3298/802/866 866/5333/866
f 1739/5337/1739 5080/5342/1978 7499/799/1978 5077/5332/1978
f 5080/5342/1978 871/5341/871 2311/800/871 7499/799/1978
f 5081/5344/1740 7500/795/1740 3290/798/858 858/5345/858
f 1740/5349/1740 5084/5354/1740 7500/795/1740 5081/5344/1740
f 5084/5354/1740 869/5353/869 2309/796/869 7500/795/1740
f 5085/5356/1741 7501/791/1741 3264/794/832 832/5357/832
f 1741/5361/1741 5088/5366/1741 7501/791/1741 5085/5356/1741
f 5088/5366/1741 853/5365/853 3285/792/853 7501/791/1741
f 2873/790/1433 5090/5370/1979 1433/5367/1433
f 2873/790/1433 2871/789/1431 5090/5370/1979
f 2871/789/1431 1431/5371/1431 5090/5370/1979
f 3272/787/840 5093/5376/1980 840/5374/840
f 3272/787/840 2870/786/1430 5093/5376/1980
f 2870/786/1430 1430/5377/1430 5093/5376/1980
f 5095/5381/1742 7502/782/1742 3263/785/831 831/5382/831
f 1742/5386/1742 5098/5391/1742 7502/782/1742 5095/5381/1742
f 5098/5391/1742 851/5390/851 3283/783/851 7502/782/1742
f 5099/5393/1743 7503/778/1743 3270/781/838 838/5394/838
f 1743/5398/1743 5102/5403/1743 7503/778/1743 5099/5393/1743
f 5102/5403/1743 850/5402/850 3282/779/850 7503/778/1743
f 5103/5405/1744 7504/774/1744 3262/777/830 830/5406/830
f 1744/5410/1744 5106/5415/1744 7504/774/1744 5103/5405/1744
f 5106/5415/1744 849/5414/849 3281/775/849 7504/774/1744
f 5107/5417/1745 7505/770/1745 3269/773/837 837/5418/837
f 1745/5422/1745 5110/5427/1745 7505/770/1745 5107/5417/1745
f 5110/5427/1745 848/5426/848 3280/771/848 7505/770/1745
f 5111/5429/1746 7506/766/1746 3261/769/829 829/5430/829
f 1746/5434/1746 5114/5439/1746 7506/766/1746 5111/5429/1746
f 5114/5439/1746 847/5438/847 3279/767/847 7506/766/1746
f 5115/5441/1747 7507/762/1747 3268/765/836 836/5442/836
f 1747/5446/1747 5118/5451/1747 7507/762/1747 5115/5441/1747
f 5118/5451/1747 846/5450/846 3278/763/846 7507/762/1747
f 5119/5453/1748 7508/758/1748 3260/761/828 828/5454/828
f 1748/5458/1748 5122/5463/1748 7508/758/1748 5119/5453/1748
f 5122/5463/1748 845/5462/845 3277/759/845 7508/758/1748
f 5123/5465/1749 7509/754/1749 3267/757/835 835/5466/835
f 1749/5470/1749 5126/5475/1749 7509/754/1749 5123/5465/1749
f 5126/5475/1749 844/5474/844 3276/755/844 7509/754/1749
f 5127/5477/1750 7510/750/1750 3259/753/827 827/5478/827
f 1750/5482/1750 5130/5487/1750 7510/750/1750 5127/5477/1750
f 5130/5487/1750 843/5486/843 3275/751/843 7510/750/1750
f 5131/5489/1751 7511/746/1751 3266/749/834 834/5490/834
f 1751/5494/1751 5134/5499/1751 7511/746/1751 5131/5489/1751
f 5134/5499/1751 841/5498/841 3273/747/841 7511/746/1751
f 5135/5501/1752 7512/742/1752 3258/745/826 826/5502/826
f 1752/5506/1752 5138/5511/1752 7512/742/1752 5135/5501/1752
f 5138/5511/1752 839/5510/839 3271/743/839 7512/742/1752
f 5139/5513/1753 7513/738/1753 3265/741/833 833/5514/833
f 1753/5518/1753 5142/5523/1753 7513/738/1753 5139/5513/1753
f 5142/5523/1753 842/5522/842 2282/739/842 7513/738/1753
f 5143/5525/1754 7514/734/1754 3257/737/825 825/5526/825
f 1754/5530/1754 5146/5533/1754 7514/734/1754 5143/5525/1754
f 5146/5533/1754 840/5374/840 2280/735/840 7514/734/1754
f 5147/5535/1755 7515/730/1755 3231/733/799 799/5536/799
f 1755/5540/1755 5150/5545/1755 7515/730/1755 5147/5535/1755
f 5150/5545/1755 824/5544/824 3256/731/824 7515/730/1755
f 5151/5547/1756 7516/726/1756 3238/729/806 806/5548/806
f 1756/5552/1756 5154/5557/1756 7516/726/1756 5151/5547/1756
f 5154/5557/1756 823/5556/823 3255/727/823 7516/726/1756
f 5155/5559/1757 7517/722/1757 3230/725/798 798/5560/798
f 1757/5564/1757 5158/5569/1757 7517/722/1757 5155/5559/1757
f 5158/5569/1757 822/5568/822 3254/723/822 7517/722/1757
f 5159/5571/1758 7518/718/1758 3237/721/805 805/5572/805
f 1758/5576/1758 5162/5581/1758 7518/718/1758 5159/5571/1758
f 5162/5581/1758 821/5580/821 3253/719/821 7518/718/1758
f 5163/5583/1759 7519/714/1759 3229/717/797 797/5584/797
f 1759/5588/1759 5166/5593/1759 7519/714/1759 5163/5583/1759
f 5166/5593/1759 820/5592/820 3252/715/820 7519/714/1759
f 5167/5595/1760 7520/710/1760 3236/713/804 804/5596/804
f 1760/5600/1760 5170/5605/1760 7520/710/1760 5167/5595/1760
f 5170/5605/1760 819/5604/819 3251/711/819 7520/710/1760
f 5171/5607/1761 7521/706/1761 3228/709/796 796/5608/796
f 1761/5612/1761 5174/5616/1761 7521/706/1761 5171/5607/1761
f 5174/5616/1761 818/5615/818 3250/707/818 7521/706/1761
f 5175/5618/1762 7522/702/1762 3235/705/803 803/5619/803
f 1762/5623/1762 5178/5628/1762 7522/702/1762 5175/5618/1762
f 5178/5628/1762 817/5627/817 3249/703/817 7522/702/1762
f 2871/701/1431 5180/5632/1981 1431/5629/1431
f 2871/701/1431 2869/700/1429 5180/5632/1981
f 2869/700/1429 1429/5633/1429 5180/5632/1981
f 2258/698/818 5183/5637/1982 818/5615/818
f 2258/698/818 2868/697/1428 5183/5637/1982
f 2868/697/1428 1428/5638/1428 5183/5637/1982
f 5185/5642/1763 7523/693/1763 3234/696/802 802/5643/802
f 1763/5647/1763 5188/5652/1763 7523/693/1763 5185/5642/1763
f 5188/5652/1763 815/5651/815 3247/694/815 7523/693/1763
f 5189/5654/1764 7524/689/1764 3241/692/809 809/5655/809
f 1764/5659/1764 5192/5664/1764 7524/689/1764 5189/5654/1764
f 5192/5664/1764 814/5663/814 3246/690/814 7524/689/1764
f 5193/5666/1765 7525/685/1765 3233/688/801 801/5667/801
f 1765/5671/1765 5196/5676/1765 7525/685/1765 5193/5666/1765
f 5196/5676/1765 812/5675/812 3244/686/812 7525/685/1765
f 5197/5678/1766 7526/681/1766 3240/684/808 808/5679/808
f 1766/5683/1766 5200/5688/1766 7526/681/1766 5197/5678/1766
f 5200/5688/1766 810/5687/810 3242/682/810 7526/681/1766
f 5201/5690/1767 7527/677/1767 3232/680/800 800/5691/800
f 1767/5695/1767 5204/5700/1767 7527/677/1767 5201/5690/1767
f 5204/5700/1767 813/5699/813 2253/678/813 7527/677/1767
f 5205/5702/1768 7528/673/1768 3239/676/807 807/5703/807
f 1768/5707/1768 5208/5712/1768 7528/673/1768 5205/5702/1768
f 5208/5712/1768 811/5711/811 2251/674/811 7528/673/1768
f 3217/672/785 5210/5715/1983 785/5713/785
f 3217/672/785 2866/671/1426 5210/5715/1983
f 2866/671/1426 1426/5716/1426 5210/5715/1983
f 5212/5720/1769 7529/667/1769 3205/670/773 773/5721/773
f 1769/5725/1769 5215/5730/1769 7529/667/1769 5212/5720/1769
f 5215/5730/1769 795/5729/795 3227/668/795 7529/667/1769
f 5216/5732/1770 7530/663/1770 3212/666/780 780/5733/780
f 1770/5737/1770 5219/5742/1770 7530/663/1770 5216/5732/1770
f 5219/5742/1770 794/5741/794 3226/664/794 7530/663/1770
f 5220/5744/1771 7531/659/1771 3204/662/772 772/5745/772
f 1771/5749/1771 5223/5754/1771 7531/659/1771 5220/5744/1771
f 5223/5754/1771 793/5753/793 3225/660/793 7531/659/1771
f 5224/5756/1772 7532/655/1772 3211/658/779 779/5757/779
f 1772/5761/1772 5227/5766/1772 7532/655/1772 5224/5756/1772
f 5227/5766/1772 792/5765/792 3224/656/792 7532/655/1772
f 5228/5768/1773 7533/651/1773 3203/654/771 771/5769/771
f 1773/5773/1773 5231/5778/1773 7533/651/1773 5228/5768/1773
f 5231/5778/1773 791/5777/791 3223/652/791 7533/651/1773
f 5232/5780/1774 7534/647/1774 3210/650/778 778/5781/778
f 1774/5785/1774 5235/5790/1774 7534/647/1774 5232/5780/1774
f 5235/5790/1774 790/5789/790 3222/648/790 7534/647/1774
f 5236/5792/1775 7535/643/1775 3202/646/770 770/5793/770
f 1775/5797/1775 5239/5802/1775 7535/643/1775 5236/5792/1775
f 5239/5802/1775 789/5801/789 3221/644/789 7535/643/1775
f 5240/5804/1776 7536/639/1776 3209/642/777 777/5805/777
f 1776/5809/1776 5243/5814/1776 7536/639/1776 5240/5804/1776
f 5243/5814/1776 788/5813/788 3220/640/788 7536/639/1776
f 5244/5816/1777 7537/635/1777 3201/638/769 769/5817/769
f 1777/5821/1777 5247/5826/1777 7537/635/1777 5244/5816/1777
f 5247/5826/1777 787/5825/787 3219/636/787 7537/635/1777
f 5248/5828/1778 7538/631/1778 3208/634/776 776/5829/776
f 1778/5833/1778 5251/5838/1778 7538/631/1778 5248/5828/1778
f 5251/5838/1778 786/5837/786 3218/632/786 7538/631/1778
f 5252/5840/1779 7539/627/1985 3200/630/768 768/5841/768
f 1779/5845/1779 5255/5850/1985 7539/627/1985 5252/5840/1779
f 5255/5850/1985 784/5849/784 3216/628/784 7539/627/1985
f 5256/5852/1780 7540/623/1780 3207/626/775 775/5853/775
f 1780/5857/1780 5259/5862/1780 7540/623/1780 5256/5852/1780
f 5259/5862/1780 782/5861/782 3214/624/782 7540/623/1780
f 5260/5864/1781 7541/619/1781 3199/622/767 767/5865/767
f 1781/5869/1781 5263/5872/1781 7541/619/1781 5260/5864/1781
f 5263/5872/1781 785/5713/785 2225/620/785 7541/619/1781
f 5264/5874/1782 7542/615/1782 3206/618/774 774/5875/774
f 1782/5879/1782 5267/5884/1782 7542/615/1782 5264/5874/1782
f 5267/5884/1782 783/5883/783 2223/616/783 7542/615/1782
f 2869/614/1429 5269/5888/1986 1429/5885/1429
f 2869/614/1429 2867/613/1427 5269/5888/1986
f 2867/613/1427 1427/5889/1427 5269/5888/1986
f 5271/5893/1783 7543/608/1783 3172/611/740 740/5894/740
f 1783/5898/1783 5274/5903/1783 7543/608/1783 5271/5893/1783
f 5274/5903/1783 766/5902/766 3198/609/766 7543/608/1783
f 5275/5905/1784 7544/604/1784 3179/607/747 747/5906/747
f 1784/5910/1784 5278/5915/1784 7544/604/1784 5275/5905/1784
f 5278/5915/1784 765/5914/765 3197/605/765 7544/604/1784
f 5279/5917/1785 7545/600/1785 3171/603/739 739/5918/739
f 1785/5922/1785 5282/5927/1785 7545/600/1785 5279/5917/1785
f 5282/5927/1785 764/5926/764 3196/601/764 7545/600/1785
f 5283/5929/1786 7546/596/1786 3178/599/746 746/5930/746
f 1786/5934/1786 5286/5939/1786 7546/596/1786 5283/5929/1786
f 5286/5939/1786 763/5938/763 3195/597/763 7546/596/1786
f 5287/5941/1787 7547/592/1787 3170/595/738 738/5942/738
f 1787/5946/1787 5290/5950/1787 7547/592/1787 5287/5941/1787
f 5290/5950/1787 762/5949/762 3194/593/762 7547/592/1787
f 5291/5952/1788 7548/588/1788 3177/591/745 745/5953/745
f 1788/5957/1788 5294/5962/1788 7548/588/1788 5291/5952/1788
f 5294/5962/1788 761/5961/761 3193/589/761 7548/588/1788
f 2867/587/1427 5296/5966/1987 1427/5963/1427
f 2867/587/1427 2865/586/1425 5296/5966/1987
f 2865/586/1425 1425/5967/1425 5296/5966/1987
f 2202/584/762 5299/5971/1988 762/5949/762
f 2202/584/762 2864/583/1424 5299/5971/1988
f 2864/583/1424 1424/5972/1424 5299/5971/1988
f 5301/5976/1789 7549/579/1789 3176/582/744 744/5977/744
f 1789/5981/1789 5304/5986/1789 7549/579/1789 5301/5976/1789
f 5304/5986/1789 759/5985/759 3191/580/759 7549/579/1789
f 5305/5988/1790 7550/575/1790 3183/578/751 751/5989/751
f 1790/5993/1790 5308/5998/1790 7550/575/1790 5305/5988/1790
f 5308/5998/1790 758/5997/758 3190/576/758 7550/575/1790
f 5309/6000/1791 7551/571/1791 3175/574/743 743/6001/743
f 1791/6005/1791 5312/6010/1791 7551/571/1791 5309/6000/1791
f 5312/6010/1791 757/6009/757 3189/572/757 7551/571/1791
f 5313/6012/1792 7552/567/1792 3182/570/750 750/6013/750
f 1792/6017/1792 5316/6022/1792 7552/567/1792 5313/6012/1792
f 5316/6022/1792 756/6021/756 3188/568/756 7552/567/1792
f 5317/6024/1793 7553/563/1793 3174/566/742 742/6025/742
f 1793/6029/1793 5320/6034/1793 7553/563/1793 5317/6024/1793
f 5320/6034/1793 754/6033/754 3186/564/754 7553/563/1793
f 5321/6036/1794 7554/559/1794 3181/562/749 749/6037/749
f 1794/6041/1794 5324/6046/1794 7554/559/1794 5321/6036/1794
f 5324/6046/1794 752/6045/752 3184/560/752 7554/559/1794
f 5325/6048/1795 7555/555/1795 3173/558/741 741/6049/741
f 1795/6053/1795 5328/6058/1795 7555/555/1795 5325/6048/1795
f 5328/6058/1795 755/6057/755 2195/556/755 7555/555/1795
f 5329/6060/1796 7556/551/1796 3180/554/748 748/6061/748
f 1796/6065/1796 5332/6070/1796 7556/551/1796 5329/6060/1796
f 5332/6070/1796 753/6069/753 2193/552/753 7556/551/1796
f 5333/6072/1797 7557/547/1797 3154/550/722 722/6073/722
f 1797/6077/1797 5336/6082/1797 7557/547/1797 5333/6072/1797
f 5336/6082/1797 737/6081/737 3169/548/737 7557/547/1797
f 5337/6084/1798 7558/543/1798 3146/546/714 714/6085/714
f 1798/6089/1798 5340/6094/1798 7558/543/1798 5337/6084/1798
f 5340/6094/1798 736/6093/736 3168/544/736 7558/543/1798
f 5341/6096/1799 7559/539/1799 3153/542/721 721/6097/721
f 1799/6101/1799 5344/6106/1799 7559/539/1799 5341/6096/1799
f 5344/6106/1799 735/6105/735 3167/540/735 7559/539/1799
f 5345/6108/1800 7560/535/1800 3145/538/713 713/6109/713
f 1800/6113/1800 5348/6118/1800 7560/535/1800 5345/6108/1800
f 5348/6118/1800 734/6117/734 3166/536/734 7560/535/1800
f 5349/6120/1801 7561/531/1801 3152/534/720 720/6121/720
f 1801/6125/1801 5352/6130/1801 7561/531/1801 5349/6120/1801
f 5352/6130/1801 733/6129/733 3165/532/733 7561/531/1801
f 5353/6132/1802 7562/527/1802 3144/530/712 712/6133/712
f 1802/6137/1802 5356/6142/1802 7562/527/1802 5353/6132/1802
f 5356/6142/1802 732/6141/732 3164/528/732 7562/527/1802
f 5357/6144/1803 7563/523/1803 3151/526/719 719/6145/719
f 1803/6149/1803 5360/6154/1803 7563/523/1803 5357/6144/1803
f 5360/6154/1803 731/6153/731 3163/524/731 7563/523/1803
f 5361/6156/1804 7564/519/1804 3143/522/711 711/6157/711
f 1804/6161/1804 5364/6166/1804 7564/519/1804 5361/6156/1804
f 5364/6166/1804 730/6165/730 3162/520/730 7564/519/1804
f 5365/6168/1805 7565/515/1805 3150/518/718 718/6169/718
f 1805/6173/1805 5368/6178/1805 7565/515/1805 5365/6168/1805
f 5368/6178/1805 729/6177/729 3161/516/729 7565/515/1805
f 5369/6180/1806 7566/511/1806 3142/514/710 710/6181/710
f 1806/6185/1806 5372/6190/1806 7566/511/1806 5369/6180/1806
f 5372/6190/1806 728/6189/728 3160/512/728 7566/511/1806
f 5373/6192/1807 7567/507/1807 3149/510/717 717/6193/717
f 1807/6197/1807 5376/6202/1807 7567/507/1807 5373/6192/1807
f 5376/6202/1807 727/6201/727 3159/508/727 7567/507/1807
f 5377/6204/1808 7568/503/1808 3141/506/709 709/6205/709
f 1808/6209/1808 5380/6213/1808 7568/503/1808 5377/6204/1808
f 5380/6213/1808 725/6212/725 3157/504/725 7568/503/1808
f 5381/6215/1809 7569/499/1809 3148/502/716 716/6216/716
f 1809/6220/1809 5384/6225/1989 7569/499/1809 5381/6215/1809
f 5384/6225/1989 723/6224/723 3155/500/723 7569/499/1809
f 2865/498/1425 5386/6229/1990 1425/6226/1425
f 2865/498/1425 2863/497/1423 5386/6229/1990
f 2863/497/1423 1423/6230/1423 5386/6229/1990
f 2165/495/725 5389/6234/1991 725/6212/725
f 2165/495/725 2862/494/1422 5389/6234/1991
f 2862/494/1422 1422/6235/1422 5389/6234/1991
f 5391/6239/1810 7570/490/1992 3147/493/715 715/6240/715
f 1810/6244/1810 5394/6249/1810 7570/490/1992 5391/6239/1810
f 5394/6249/1810 724/6248/724 2164/491/724 7570/490/1992
f 5395/6251/1811 7571/486/1811 3121/489/689 689/6252/689
f 1811/6256/1811 5398/6261/1811 7571/486/1811 5395/6251/1811
f 5398/6261/1811 708/6260/708 3140/487/708 7571/486/1811
f 5399/6263/1812 7572/482/1812 3113/485/681 681/6264/681
f 1812/6268/1812 5402/6273/1812 7572/482/1812 5399/6263/1812
f 5402/6273/1812 707/6272/707 3139/483/707 7572/482/1812
f 5403/6275/1813 7573/478/1813 3120/481/688 688/6276/688
f 1813/6280/1813 5406/6285/1813 7573/478/1813 5403/6275/1813
f 5406/6285/1813 706/6284/706 3138/479/706 7573/478/1813
f 5407/6287/1814 7574/474/1814 3112/477/680 680/6288/680
f 1814/6292/1814 5410/6296/1814 7574/474/1814 5407/6287/1814
f 5410/6296/1814 705/6295/705 3137/475/705 7574/474/1814
f 5411/6298/1815 7575/470/1815 3119/473/687 687/6299/687
f 1815/6303/1815 5414/6308/1815 7575/470/1815 5411/6298/1815
f 5414/6308/1815 704/6307/704 3136/471/704 7575/470/1815
f 2863/469/1423 5416/6312/1993 1423/6309/1423
f 2863/469/1423 2861/468/1421 5416/6312/1993
f 2861/468/1421 1421/6313/1421 5416/6312/1993
f 2145/466/705 5419/6317/1994 705/6295/705
f 2145/466/705 2860/465/1420 5419/6317/1994
f 2860/465/1420 1420/6318/1420 5419/6317/1994
f 5421/6322/1816 7576/461/1816 3118/464/686 686/6323/686
f 1816/6327/1816 5424/6332/1816 7576/461/1816 5421/6322/1816
f 5424/6332/1816 702/6331/702 3134/462/702 7576/461/1816
f 5425/6334/1817 7577/457/1817 3125/460/693 693/6335/693
f 1817/6339/1817 5428/6344/1817 7577/457/1817 5425/6334/1817
f 5428/6344/1817 701/6343/701 3133/458/701 7577/457/1817
f 5429/6346/1818 7578/453/1818 3117/456/685 685/6347/685
f 1818/6351/1818 5432/6356/1818 7578/453/1818 5429/6346/1818
f 5432/6356/1818 700/6355/700 3132/454/700 7578/453/1818
f 5433/6358/1819 7579/449/1819 3124/452/692 692/6359/692
f 1819/6363/1819 5436/6368/1819 7579/449/1819 5433/6358/1819
f 5436/6368/1819 699/6367/699 3131/450/699 7579/449/1819
f 5437/6370/1820 7580/445/1820 3116/448/684 684/6371/684
f 1820/6375/1820 5440/6380/1820 7580/445/1820 5437/6370/1820
f 5440/6380/1820 698/6379/698 3130/446/698 7580/445/1820
f 5441/6382/1821 7581/441/1821 3123/444/691 691/6383/691
f 1821/6387/1821 5444/6392/1821 7581/441/1821 5441/6382/1821
f 5444/6392/1821 696/6391/696 3128/442/696 7581/441/1821
f 5445/6394/1822 7582/437/1822 3115/440/683 683/6395/683
f 1822/6399/1822 5448/6404/1822 7582/437/1822 5445/6394/1822
f 5448/6404/1822 694/6403/694 3126/438/694 7582/437/1822
f 5449/6406/1823 7583/433/1823 3122/436/690 690/6407/690
f 1823/6411/1823 5452/6416/1823 7583/433/1823 5449/6406/1823
f 5452/6416/1823 697/6415/697 2137/434/697 7583/433/1823
f 5453/6418/1824 7584/429/1824 3114/432/682 682/6419/682
f 1824/6423/1824 5456/6428/1824 7584/429/1824 5453/6418/1824
f 5456/6428/1824 695/6427/695 2135/430/695 7584/429/1824
f 5457/6430/1825 7585/425/1825 3088/428/656 656/6431/656
f 1825/6435/1825 5460/6440/1825 7585/425/1825 5457/6430/1825
f 5460/6440/1825 679/6439/679 3111/426/679 7585/425/1825
f 5461/6442/1826 7586/421/1826 3095/424/663 663/6443/663
f 1826/6447/1826 5464/6452/1826 7586/421/1826 5461/6442/1826
f 5464/6452/1826 678/6451/678 3110/422/678 7586/421/1826
f 5465/6454/1827 7587/417/1827 3087/420/655 655/6455/655
f 1827/6459/1827 5468/6464/1827 7587/417/1827 5465/6454/1827
f 5468/6464/1827 677/6463/677 3109/418/677 7587/417/1827
f 5469/6466/1828 7588/413/1828 3094/416/662 662/6467/662
f 1828/6471/1828 5472/6476/1828 7588/413/1828 5469/6466/1828
f 5472/6476/1828 676/6475/676 3108/414/676 7588/413/1828
f 5473/6478/1829 7589/409/1829 3086/412/654 654/6479/654
f 1829/6483/1829 5476/6488/1829 7589/409/1829 5473/6478/1829
f 5476/6488/1829 675/6487/675 3107/410/675 7589/409/1829
f 5477/6490/1830 7590/405/1830 3093/408/661 661/6491/661
f 1830/6495/1830 5480/6500/1830 7590/405/1830 5477/6490/1830
f 5480/6500/1830 674/6499/674 3106/406/674 7590/405/1830
f 5481/6502/1831 7591/401/1831 3085/404/653 653/6503/653
f 1831/6507/1831 5484/6512/1831 7591/401/1831 5481/6502/1831
f 5484/6512/1831 673/6511/673 3105/402/673 7591/401/1831
f 5485/6514/1832 7592/397/1832 3092/400/660 660/6515/660
f 1832/6519/1832 5488/6524/1832 7592/397/1832 5485/6514/1832
f 5488/6524/1832 672/6523/672 3104/398/672 7592/397/1832
f 5489/6526/1833 7593/393/1833 3084/396/652 652/6527/652
f 1833/6531/1833 5492/6536/1833 7593/393/1833 5489/6526/1833
f 5492/6536/1833 671/6535/671 3103/394/671 7593/393/1833
f 5493/6538/1834 7594/389/1834 3091/392/659 659/6539/659
f 1834/6543/1834 5496/6548/1834 7594/389/1834 5493/6538/1834
f 5496/6548/1834 670/6547/670 3102/390/670 7594/389/1834
f 5497/6550/1835 7595/385/1835 3083/388/651 651/6551/651
f 1835/6555/1835 5500/6559/1835 7595/385/1835 5497/6550/1835
f 5500/6559/1835 669/6558/669 3101/386/669 7595/385/1835
f 5501/6561/1836 7596/381/1836 3090/384/658 658/6562/658
f 1836/6566/1836 5504/6571/1836 7596/381/1836 5501/6561/1836
f 5504/6571/1836 667/6570/667 3099/382/667 7596/381/1836
f 2861/380/1421 5506/6575/1995 1421/6572/1421
f 2861/380/1421 2859/379/1419 5506/6575/1995
f 2859/379/1419 1419/6576/1419 5506/6575/1995
f 2109/377/669 5509/6580/1996 669/6558/669
f 2109/377/669 2061/376/621 5509/6580/1996
f 2061/376/621 621/6581/621 5509/6580/1996
f 5511/6585/1837 7597/372/1837 3089/375/657 657/6586/657
f 1837/6590/1837 5514/6595/1837 7597/372/1837 5511/6585/1837
f 5514/6595/1837 668/6594/668 2108/373/668 7597/372/1837
f 5515/6597/1838 7598/368/1838 3096/371/664 664/6598/664
f 1838/6602/1838 5518/6607/1838 7598/368/1838 5515/6597/1838
f 5518/6607/1838 666/6606/666 2106/369/666 7598/368/1838
f 5519/6609/1997 7599/364/1839 3055/367/623 623/6610/623
f 1839/6614/1839 5522/6619/1839 7599/364/1839 5519/6609/1997
f 5522/6619/1839 650/6618/650 3082/365/650 7599/364/1839
f 5523/6621/1840 7600/360/1840 3062/363/630 630/6622/630
f 1840/6626/1840 5526/6631/1840 7600/360/1840 5523/6621/1840
f 5526/6631/1840 649/6630/649 3081/361/649 7600/360/1840
f 5527/6633/1841 7601/356/1841 3054/359/622 622/6634/622
f 1841/6638/1841 5530/6642/1841 7601/356/1841 5527/6633/1841
f 5530/6642/1841 648/6641/648 3080/357/648 7601/356/1841
f 5531/6644/1842 7602/352/1842 3061/355/629 629/6645/629
f 1842/6649/1842 5534/6654/1842 7602/352/1842 5531/6644/1842
f 5534/6654/1842 647/6653/647 3079/353/647 7602/352/1842
f 2859/351/1419 5536/6658/1998 1419/6655/1419
f 2859/351/1419 2858/350/1418 5536/6658/1998
f 2858/350/1418 1418/6659/1418 5536/6658/1998
f 2088/348/648 5539/6663/1999 648/6641/648
f 2088/348/648 2857/347/1417 5539/6663/1999
f 2857/347/1417 1417/6664/1417 5539/6663/1999
f 5541/6668/1843 7603/343/1843 3060/346/628 628/6669/628
f 1843/6673/1843 5544/6678/1843 7603/343/1843 5541/6668/1843
f 5544/6678/1843 645/6677/645 3077/344/645 7603/343/1843
f 5545/6680/1844 7604/339/1844 3067/342/635 635/6681/635
f 1844/6685/1844 5548/6690/1844 7604/339/1844 5545/6680/1844
f 5548/6690/1844 644/6689/644 3076/340/644 7604/339/1844
f 5549/6692/1845 7605/335/1845 3059/338/627 627/6693/627
f 1845/6697/1845 5552/6702/1845 7605/335/1845 5549/6692/1845
f 5552/6702/1845 643/6701/643 3075/336/643 7605/335/1845
f 5553/6704/2000 7606/331/1846 3066/334/634 634/6705/634
f 1846/6709/1846 5556/6714/1846 7606/331/1846 5553/6704/2000
f 5556/6714/1846 642/6713/642 3074/332/642 7606/331/1846
f 5557/6716/1847 7607/327/1847 3058/330/626 626/6717/626
f 1847/6721/1847 5560/6726/1847 7607/327/1847 5557/6716/1847
f 5560/6726/1847 641/6725/641 3073/328/641 7607/327/1847
f 5561/6728/1848 7608/323/1848 3065/326/633 633/6729/633
f 1848/6733/1848 5564/6738/1848 7608/323/1848 5561/6728/1848
f 5564/6738/1848 640/6737/640 3072/324/640 7608/323/1848
f 5565/6740/1849 7609/319/1849 3057/322/625 625/6741/625
f 1849/6745/1849 5568/6750/1849 7609/319/1849 5565/6740/1849
f 5568/6750/1849 638/6749/638 3070/320/638 7609/319/1849
f 5569/6752/1850 7610/315/1850 3064/318/632 632/6753/632
f 1850/6757/1850 5572/6762/1850 7610/315/1850 5569/6752/1850
f 5572/6762/1850 636/6761/636 3068/316/636 7610/315/1850
f 5573/6764/1851 7611/311/1851 3056/314/624 624/6765/624
f 1851/6769/1851 5576/6774/1851 7611/311/1851 5573/6764/1851
f 5576/6774/1851 639/6773/639 2079/312/639 7611/311/1851
f 5577/6776/1852 7612/307/1852 3063/310/631 631/6777/631
f 1852/6781/1852 5580/6786/1852 7612/307/1852 5577/6776/1852
f 5580/6786/1852 637/6785/637 2077/308/637 7612/307/1852
f 5581/6788/1853 7613/303/1853 3036/306/604 604/6789/604
f 1853/6793/1853 5584/6798/1853 7613/303/1853 5581/6788/1853
f 5584/6798/1853 620/6797/620 3052/304/620 7613/303/1853
f 5585/6800/1854 7614/299/1854 3028/302/596 596/6801/596
f 1854/6805/1854 5588/6810/1854 7614/299/1854 5585/6800/1854
f 5588/6810/1854 619/6809/619 3051/300/619 7614/299/1854
f 5589/6812/1855 7615/295/1855 3035/298/603 603/6813/603
f 1855/6817/1855 5592/6822/1855 7615/295/1855 5589/6812/1855
f 5592/6822/1855 618/6821/618 3050/296/618 7615/295/1855
f 5593/6824/1856 7616/291/1856 3027/294/595 595/6825/595
f 1856/6829/1856 5596/6834/1856 7616/291/1856 5593/6824/1856
f 5596/6834/1856 617/6833/617 3049/292/617 7616/291/1856
f 5597/6836/1857 7617/287/1857 3034/290/602 602/6837/602
f 1857/6841/1857 5600/6846/1857 7617/287/1857 5597/6836/1857
f 5600/6846/1857 616/6845/616 3048/288/616 7617/287/1857
f 5601/6848/1858 7618/283/1858 3026/286/594 594/6849/594
f 1858/6853/1858 5604/6858/1858 7618/283/1858 5601/6848/1858
f 5604/6858/1858 615/6857/615 3047/284/615 7618/283/1858
f 5605/6860/1859 7619/279/1859 3033/282/601 601/6861/601
f 1859/6865/1859 5608/6870/1859 7619/279/1859 5605/6860/1859
f 5608/6870/1859 614/6869/614 3046/280/614 7619/279/1859
f 5609/6872/1860 7620/275/1860 3025/278/593 593/6873/593
f 1860/6877/1860 5612/6882/1860 7620/275/1860 5609/6872/1860
f 5612/6882/1860 613/6881/613 3045/276/613 7620/275/1860
f 5613/6884/1861 7621/271/1861 3032/274/600 600/6885/600
f 1861/6889/1861 5616/6894/1861 7621/271/1861 5613/6884/1861
f 5616/6894/1861 612/6893/612 3044/272/612 7621/271/1861
f 5617/6896/1862 7622/267/1862 3024/270/592 592/6897/592
f 1862/6901/1862 5620/6905/1862 7622/267/1862 5617/6896/1862
f 5620/6905/1862 611/6904/611 3043/268/611 7622/267/1862
f 5621/6907/1863 7623/263/1863 3031/266/599 599/6908/599
f 1863/6912/1863 5624/6917/1863 7623/263/1863 5621/6907/1863
f 5624/6917/1863 610/6916/610 3042/264/610 7623/263/1863
f 2858/262/1418 5626/6921/2002 1418/6918/1418
f 2858/262/1418 2856/261/1416 5626/6921/2002
f 2856/261/1416 1416/6922/1416 5626/6921/2002
f 2051/259/611 5629/6926/2003 611/6904/611
f 2051/259/611 2855/258/1415 5629/6926/2003
f 2855/258/1415 1415/6927/1415 5629/6926/2003
f 5631/6931/1864 7624/254/1864 3030/257/598 598/6932/598
f 1864/6936/1864 5634/6941/1864 7624/254/1864 5631/6931/1864
f 5634/6941/1864 606/6940/606 3038/255/606 7624/254/1864
f 5635/6943/1865 7625/250/1865 3037/253/605 605/6944/605
f 1865/6948/1865 5638/6953/1865 7625/250/1865 5635/6943/1865
f 5638/6953/1865 609/6952/609 2049/251/609 7625/250/1865
f 5639/6955/1866 7626/246/1866 3029/249/597 597/6956/597
f 1866/6960/1866 5642/6965/1866 7626/246/1866 5639/6955/1866
f 5642/6965/1866 607/6964/607 2047/247/607 7626/246/1866
f 5643/6967/1867 7627/242/1867 3003/245/571 571/6968/571
f 1867/6972/1867 5646/6977/1867 7627/242/1867 5643/6967/1867
f 5646/6977/1867 591/6976/591 3023/243/591 7627/242/1867
f 5647/6979/1868 7628/238/1868 2995/241/563 563/6980/563
f 1868/6984/1868 5650/6988/1868 7628/238/1868 5647/6979/1868
f 5650/6988/1868 590/6987/590 3022/239/590 7628/238/1868
f 5651/6990/1869 7629/234/1869 3002/237/570 570/6991/570
f 1869/6995/1869 5654/7000/1869 7629/234/1869 5651/6990/1869
f 5654/7000/1869 589/6999/589 3021/235/589 7629/234/1869
f 2856/233/1416 5656/7004/2005 1416/7001/1416
f 2856/233/1416 2854/232/1414 5656/7004/2005
f 2854/232/1414 1414/7005/1414 5656/7004/2005
f 2030/230/590 5659/7009/2006 590/6987/590
f 2030/230/590 2853/229/1413 5659/7009/2006
f 2853/229/1413 1413/7010/1413 5659/7009/2006
f 5661/7014/1870 7630/225/1870 3001/228/569 569/7015/569
f 1870/7019/1870 5664/7024/1870 7630/225/1870 5661/7014/1870
f 5664/7024/1870 587/7023/587 3019/226/587 7630/225/1870
f 5665/7026/1871 7631/221/1871 3008/224/576 576/7027/576
f 1871/7031/1871 5668/7036/1871 7631/221/1871 5665/7026/1871
f 5668/7036/1871 586/7035/586 3018/222/586 7631/221/1871
f 5669/7038/1872 7632/217/1872 3000/220/568 568/7039/568
f 1872/7043/1872 5672/7048/1872 7632/217/1872 5669/7038/1872
f 5672/7048/1872 585/7047/585 3017/218/585 7632/217/1872
f 5673/7050/1873 7633/213/1873 3007/216/575 575/7051/575
f 1873/7055/1873 5676/7060/1873 7633/213/1873 5673/7050/1873
f 5676/7060/1873 584/7059/584 3016/214/584 7633/213/1873
f 5677/7062/1874 7634/209/1874 2999/212/567 567/7063/567
f 1874/7067/1874 5680/7072/1874 7634/209/1874 5677/7062/1874
f 5680/7072/1874 583/7071/583 3015/210/583 7634/209/1874
f 5681/7074/1875 7635/205/1875 3006/208/574 574/7075/574
f 1875/7079/1875 5684/7084/1875 7635/205/1875 5681/7074/1875
f 5684/7084/1875 582/7083/582 3014/206/582 7635/205/1875
f 5685/7086/1876 7636/201/1876 2998/204/566 566/7087/566
f 1876/7091/1876 5688/7096/1876 7636/201/1876 5685/7086/1876
f 5688/7096/1876 581/7095/581 3013/202/581 7636/201/1876
f 5689/7098/1877 7637/197/1877 3005/200/573 573/7099/573
f 1877/7103/1877 5692/7108/1877 7637/197/1877 5689/7098/1877
f 5692/7108/1877 579/7107/579 3011/198/579 7637/197/1877
f 5693/7110/1878 7638/193/1878 2997/196/565 565/7111/565
f 1878/7115/1878 5696/7120/1878 7638/193/1878 5693/7110/1878
f 5696/7120/1878 577/7119/577 3009/194/577 7638/193/1878
f 5697/7122/1879 7639/189/1879 3004/192/572 572/7123/572
f 1879/7127/1879 5700/7132/1879 7639/189/1879 5697/7122/1879
f 5700/7132/1879 580/7131/580 2020/190/580 7639/189/1879
f 5701/7134/1880 7640/185/1880 2996/188/564 564/7135/564
f 1880/7139/1880 5704/7144/1880 7640/185/1880 5701/7134/1880
f 5704/7144/1880 578/7143/578 2018/186/578 7640/185/1880
f 5705/7146/1881 7641/181/1881 2970/184/538 538/7147/538
f 1881/7151/1881 5708/7156/1881 7641/181/1881 5705/7146/1881
f 5708/7156/1881 562/7155/562 2994/182/562 7641/181/1881
f 5709/7158/1882 7642/177/1882 2977/180/545 545/7159/545
f 1882/7163/1882 5712/7168/1882 7642/177/1882 5709/7158/1882
f 5712/7168/1882 561/7167/561 2993/178/561 7642/177/1882
f 5713/7170/1883 7643/173/1883 2969/176/537 537/7171/537
f 1883/7175/1883 5716/7180/1883 7643/173/1883 5713/7170/1883
f 5716/7180/1883 560/7179/560 2992/174/560 7643/173/1883
f 5717/7182/1884 7644/169/1884 2976/172/544 544/7183/544
f 1884/7187/1884 5720/7192/1884 7644/169/1884 5717/7182/1884
f 5720/7192/1884 559/7191/559 2991/170/559 7644/169/1884
f 5721/7194/1885 7645/165/1885 2968/168/536 536/7195/536
f 1885/7199/1885 5724/7204/1885 7645/165/1885 5721/7194/1885
f 5724/7204/1885 558/7203/558 2990/166/558 7645/165/1885
f 5725/7206/1886 7646/161/1886 2975/164/543 543/7207/543
f 1886/7211/1886 5728/7216/1886 7646/161/1886 5725/7206/1886
f 5728/7216/1886 557/7215/557 2989/162/557 7646/161/1886
f 5729/7218/1887 7647/157/1887 2967/160/535 535/7219/535
f 1887/7223/1887 5732/7228/1887 7647/157/1887 5729/7218/1887
f 5732/7228/1887 556/7227/556 2988/158/556 7647/157/1887
f 5733/7230/1888 7648/153/1888 2974/156/542 542/7231/542
f 1888/7235/1888 5736/7240/1888 7648/153/1888 5733/7230/1888
f 5736/7240/1888 555/7239/555 2987/154/555 7648/153/1888
f 5737/7242/1889 7649/149/1889 2966/152/534 534/7243/534
f 1889/7247/1889 5740/7251/1889 7649/149/1889 5737/7242/1889
f 5740/7251/1889 554/7250/554 2986/150/554 7649/149/1889
f 5741/7253/1890 7650/145/1890 2973/148/541 541/7254/541
f 1890/7258/1890 5744/7263/1890 7650/145/1890 5741/7253/1890
f 5744/7263/1890 553/7262/553 2985/146/553 7650/145/1890
f 2854/144/1414 5746/7267/2007 1414/7264/1414
f 2854/144/1414 2852/143/1412 5746/7267/2007
f 2852/143/1412 1412/7268/1412 5746/7267/2007
f 1994/141/554 5749/7272/2008 554/7250/554
f 1994/141/554 2851/140/1411 5749/7272/2008
f 2851/140/1411 1411/7273/1411 5749/7272/2008
f 5751/7277/1891 7651/136/1891 2972/139/540 540/7278/540
f 1891/7282/1891 5754/7287/1891 7651/136/1891 5751/7277/1891
f 5754/7287/1891 550/7286/550 2982/137/550 7651/136/1891
f 5755/7289/1892 7652/132/1892 2979/135/547 547/7290/547
f 1892/7294/1892 5758/7299/1892 7652/132/1892 5755/7289/1892
f 5758/7299/1892 548/7298/548 2980/133/548 7652/132/1892
f 5759/7301/1893 7653/128/1893 2971/131/539 539/7302/539
f 1893/7306/1893 5762/7311/1893 7653/128/1893 5759/7301/1893
f 5762/7311/1893 551/7310/551 1991/129/551 7653/128/1893
f 5763/7313/1894 7654/124/2009 2978/127/546 546/7314/546
f 1894/7318/1894 5766/7323/2009 7654/124/2009 5763/7313/1894
f 5766/7323/2009 549/7322/549 1989/125/549 7654/124/2009
f 5767/7325/1895 7655/120/1895 2937/123/505 505/7326/505
f 1895/7330/1895 5770/7334/1895 7655/120/1895 5767/7325/1895
f 5770/7334/1895 533/7333/533 2965/121/533 7655/120/1895
f 5771/7336/2010 7656/116/2010 2944/119/512 512/7337/512
f 1896/7341/1896 5774/7346/2010 7656/116/2010 5771/7336/2010
f 5774/7346/2010 532/7345/532 2964/117/532 7656/116/2010
f 2852/115/1412 5776/7350/2011 1412/7347/1412
f 2852/115/1412 2841/114/1401 5776/7350/2011
f 2841/114/1401 1401/7351/1401 5776/7350/2011
f 1973/112/533 5779/7355/2012 533/7333/533
f 1973/112/533 2840/111/1400 5779/7355/2012
f 2840/111/1400 1400/7356/1400 5779/7355/2012
f 5781/7360/2013 7657/107/1897 2943/110/511 511/7361/511
f 1897/7365/1897 5784/7370/1897 7657/107/1897 5781/7360/2013
f 5784/7370/1897 530/7369/530 2962/108/530 7657/107/1897
f 5785/7372/1898 7658/103/1898 2950/106/518 518/7373/518
f 1898/7377/1898 5788/7382/1898 7658/103/1898 5785/7372/1898
f 5788/7382/1898 529/7381/529 2961/104/529 7658/103/1898
f 5789/7384/1899 7659/99/1899 2942/102/510 510/7385/510
f 1899/7389/1899 5792/7394/1899 7659/99/1899 5789/7384/1899
f 5792/7394/1899 528/7393/528 2960/100/528 7659/99/1899
f 5793/7396/1900 7660/95/1900 2949/98/517 517/7397/517
f 1900/7401/1900 5796/7406/1900 7660/95/1900 5793/7396/1900
f 5796/7406/1900 527/7405/527 2959/96/527 7660/95/1900
f 5797/7408/1901 7661/91/1901 2941/94/509 509/7409/509
f 1901/7413/1901 5800/7418/1901 7661/91/1901 5797/7408/1901
f 5800/7418/1901 526/7417/526 2958/92/526 7661/91/1901
f 5801/7420/1902 7662/87/1902 2948/90/516 516/7421/516
f 1902/7425/1902 5804/7430/1902 7662/87/1902 5801/7420/1902
f 5804/7430/1902 525/7429/525 2957/88/525 7662/87/1902
f 5805/7432/1903 7663/83/1903 2940/86/508 508/7433/508
f 1903/7437/1903 5808/7442/1903 7663/83/1903 5805/7432/1903
f 5808/7442/1903 524/7441/524 2956/84/524 7663/83/1903
f 5809/7444/1904 7664/79/1904 2947/82/515 515/7445/515
f 1904/7449/1904 5812/7454/1904 7664/79/1904 5809/7444/1904
f 5812/7454/1904 523/7453/523 2955/80/523 7664/79/1904
f 5813/7456/1905 7665/75/1905 2939/78/507 507/7457/507
f 1905/7461/1905 5816/7466/1905 7665/75/1905 5813/7456/1905
f 5816/7466/1905 521/7465/521 2953/76/521 7665/75/1905
f 5817/7468/1906 7666/71/1906 2946/74/514 514/7469/514
f 1906/7473/1906 5820/7478/1906 7666/71/1906 5817/7468/1906
f 5820/7478/1906 519/7477/519 2951/72/519 7666/71/1906
f 5821/7480/1907 7667/67/1907 2938/70/506 506/7481/506
f 1907/7485/1907 5824/7490/1907 7667/67/1907 5821/7480/1907
f 5824/7490/1907 522/7489/522 1962/68/522 7667/67/1907
f 5825/7492/1908 7668/63/1908 2945/66/513 513/7493/513
f 1908/7497/1908 5828/7502/1908 7668/63/1908 5825/7492/1908
f 5828/7502/1908 520/7501/520 1960/64/520 7668/63/1908
f 5829/7504/1909 7669/59/1909 2918/62/486 486/7505/486
f 1909/7509/1909 5832/7514/1909 7669/59/1909 5829/7504/1909
f 5832/7514/1909 1410/7513/1410 3842/60/1410 7669/59/1909
f 5833/7516/1910 7670/55/1910 2925/58/493 493/7517/493
f 1910/7521/1910 5836/7526/1910 7670/55/1910 5833/7516/1910
f 5836/7526/1910 504/7525/504 2936/56/504 7670/55/1910
f 5837/7528/1911 7671/51/1911 2917/54/485 485/7529/485
f 1911/7533/1911 5840/7537/1911 7671/51/1911 5837/7528/1911
f 5840/7537/1911 1409/7536/1409 3841/52/1409 7671/51/1911
f 5841/7539/1912 7672/47/1912 2924/50/492 492/7540/492
f 1912/7544/1912 5844/7549/2015 7672/47/1912 5841/7539/1912
f 5844/7549/2015 503/7548/503 2935/48/503 7672/47/1912
f 2841/46/1401 5846/7553/2016 1401/7550/1401
f 2841/46/1401 2839/45/1399 5846/7553/2016
f 2839/45/1399 1399/7554/1399 5846/7553/2016
f 2849/43/1409 5849/7558/2017 1409/7536/1409
f 2849/43/1409 2830/42/1390 5849/7558/2017
f 2830/42/1390 1390/7559/1390 5849/7558/2017
f 5851/7563/1913 7673/37/1913 2923/40/491 491/7564/491
f 1913/7568/1913 5854/7573/1913 7673/37/1913 5851/7563/1913
f 5854/7573/1913 502/7572/502 2934/38/502 7673/37/1913
f 5855/7575/1914 7674/33/1914 2930/36/498 498/7576/498
f 1914/7580/1914 5858/7585/1914 7674/33/1914 5855/7575/1914
f 5858/7585/1914 1407/7584/1407 3839/34/1407 7674/33/1914
f 5859/7587/1915 7675/29/1915 2922/32/490 490/7588/490
f 1915/7592/1915 5862/7597/1915 7675/29/1915 5859/7587/1915
f 5862/7597/1915 1406/7596/1406 3838/30/1406 7675/29/1915
f 5863/7599/1916 7676/25/1916 2929/28/497 497/7600/497
f 1916/7604/1916 5866/7609/1916 7676/25/1916 5863/7599/1916
f 5866/7609/1916 1405/7608/1405 3837/26/1405 7676/25/1916
f 5867/7611/1917 7677/21/1917 2921/24/489 489/7612/489
f 1917/7616/1917 5870/7621/1917 7677/21/1917 5867/7611/1917
f 5870/7621/1917 501/7620/501 2933/22/501 7677/21/1917
f 5871/7623/1918 7678/17/1918 2928/20/496 496/7624/496
f 1918/7628/1918 5874/7633/1918 7678/17/1918 5871/7623/1918
f 5874/7633/1918 1404/7632/1404 3836/18/1404 7678/17/1918
f 5875/7635/1919 7679/13/1919 2920/16/488 488/7636/488
f 1919/7640/1919 5878/7645/1919 7679/13/1919 5875/7635/1919
f 5878/7645/1919 1403/7644/1403 3835/14/1403 7679/13/1919
f 5879/7647/1920 7680/9/1920 2927/12/495 495/7648/495
f 1920/7652/1920 5882/7657/1920 7680/9/1920 5879/7647/1920
f 5882/7657/1920 499/7656/499 2931/10/499 7680/9/1920
f 5883/7659/1921 7681/5/1921 2919/8/487 487/7660/487
f 1921/7664/1921 5886/7669/1921 7681/5/1921 5883/7659/1921
f 5886/7669/1921 500/7668/500 1940/6/500 7681/5/1921
f 5887/7671/1922 7682/1/1922 2926/4/494 494/7672/494
f 1922/7676/1922 5890/7681/1922 7682/1/1922 5887/7671/1922
f 5890/7681/1922 1402/7680/1402 2842/2/1402 7682/1/1922
